CustomerID,SignupDate,Location,AcquisitionChannel
5438,2020-08-01,TX,Email
27619,2020-08-01,TX,Organic Search
13897,2020-08-01,IL,Paid Social
23869,2020-08-01,,Organic Search
29534,2020-08-01,CA,Paid Social
2538,2020-08-01,CA,Organic Search
7249,2020-08-01,CA,Organic Search
7252,2020-08-01,IL,Affiliate
8395,2020-08-01,GA,Email
18152,2020-08-01,CA,Referral
20027,2020-08-01,FL,Organic Search
8036,2020-08-01,GA,Organic Search
20444,2020-08-01,,Paid Social
27307,2020-08-01,GA,Affiliate
14491,2020-08-01,IL,Referral
25187,2020-08-01,GA,Paid Social
8963,2020-08-01,FL,Paid Social
23042,2020-08-01,,Organic Search
23519,2020-08-01,CA,Paid Social
25283,2020-08-01,CA,Paid Social
5384,2020-08-02,CA,Organic Search
23805,2020-08-02,IL,Paid Social
9799,2020-08-02,TX,Paid Social
15386,2020-08-02,WA,Paid Social
23945,2020-08-02,TX,Organic Search
16464,2020-08-02,IL,Paid Social
24308,2020-08-02,CA,Paid Social
1623,2020-08-02,WA,Paid Social
25731,2020-08-02,WA,Paid Social
12960,2020-08-02,NY,Affiliate
21940,2020-08-02,TX,Email
10122,2020-08-02,CA,Organic Search
6352,2020-08-02,IL,Paid Social
19352,2020-08-02,TX,Organic Search
10272,2020-08-02,FL,Paid Social
19366,2020-08-02,,Paid Social
19878,2020-08-02,,Paid Social
2902,2020-08-02,WA,Email
7327,2020-08-02,NY,Organic Search
3032,2020-08-02,CA,Paid Social
23342,2020-08-02,NY,Paid Social
28946,2020-08-02,TX,Paid Social
1414,2020-08-02,GA,Organic Search
16364,2020-08-02,FL,Paid Social
11153,2020-08-02,GA,Paid Social
9839,2020-08-03,TX,Email
27347,2020-08-03,TX,Paid Social
16940,2020-08-03,GA,Paid Social
27889,2020-08-03,,Organic Search
27432,2020-08-03,,Paid Social
12078,2020-08-03,TX,Paid Social
21657,2020-08-03,,Paid Social
1424,2020-08-03,FL,Organic Search
9723,2020-08-03,IL,Email
26532,2020-08-03,TX,Paid Social
8757,2020-08-03,FL,Organic Search
23600,2020-08-03,NY,Paid Social
7935,2020-08-03,NY,Organic Search
28311,2020-08-03,NY,Organic Search
9489,2020-08-03,,Organic Search
1529,2020-08-03,GA,Email
15101,2020-08-03,CA,Paid Social
4809,2020-08-03,WA,Organic Search
10775,2020-08-03,TX,Organic Search
15315,2020-08-03,IL,Organic Search
9310,2020-08-03,TX,Paid Social
7996,2020-08-03,,Organic Search
22145,2020-08-03,TX,Affiliate
29068,2020-08-04,,Affiliate
27252,2020-08-04,GA,Paid Social
29616,2020-08-04,,Paid Social
27238,2020-08-04,TX,Paid Social
19618,2020-08-04,IL,Organic Search
13811,2020-08-04,IL,Email
22002,2020-08-04,WA,Organic Search
24591,2020-08-04,FL,Paid Social
27505,2020-08-04,CA,Organic Search
22144,2020-08-04,NY,Email
20192,2020-08-04,IL,Paid Social
18939,2020-08-04,IL,Organic Search
25391,2020-08-04,NY,Organic Search
9225,2020-08-04,,Referral
14270,2020-08-04,IL,Paid Social
20108,2020-08-04,FL,Email
2768,2020-08-04,NY,Organic Search
4424,2020-08-04,NY,Email
24117,2020-08-04,FL,Organic Search
25713,2020-08-04,FL,Organic Search
17303,2020-08-04,GA,Organic Search
10056,2020-08-04,FL,Paid Social
12283,2020-08-04,TX,Organic Search
4024,2020-08-05,GA,Email
21060,2020-08-05,WA,Paid Social
29159,2020-08-05,,Organic Search
26585,2020-08-05,FL,Referral
12792,2020-08-05,CA,Organic Search
18899,2020-08-05,CA,Organic Search
19834,2020-08-05,CA,Affiliate
25549,2020-08-05,,Email
18936,2020-08-05,TX,Email
19866,2020-08-05,NY,Email
25746,2020-08-05,GA,Paid Social
24190,2020-08-05,NY,Paid Social
20660,2020-08-05,,Organic Search
3991,2020-08-05,,Organic Search
7724,2020-08-05,,Email
10720,2020-08-05,CA,Organic Search
23837,2020-08-05,TX,Paid Social
12605,2020-08-05,TX,Email
26025,2020-08-05,TX,Organic Search
23754,2020-08-05,TX,Paid Social
26014,2020-08-05,TX,Paid Social
23141,2020-08-05,,Organic Search
4677,2020-08-05,GA,Organic Search
8443,2020-08-05,GA,Paid Social
19984,2020-08-05,NY,Paid Social
3904,2020-08-05,NY,Organic Search
15273,2020-08-06,,Paid Social
452,2020-08-06,IL,Paid Social
14197,2020-08-06,,Organic Search
8675,2020-08-06,TX,Organic Search
12802,2020-08-06,,Organic Search
9284,2020-08-06,TX,Organic Search
14389,2020-08-06,,Paid Social
15300,2020-08-06,FL,Paid Social
29383,2020-08-06,IL,Affiliate
1883,2020-08-06,CA,Paid Social
9443,2020-08-06,GA,Organic Search
15619,2020-08-06,NY,Affiliate
11766,2020-08-06,WA,Paid Social
23749,2020-08-06,,Affiliate
11698,2020-08-06,CA,Affiliate
28597,2020-08-06,WA,Organic Search
28360,2020-08-06,CA,Affiliate
25468,2020-08-06,IL,Paid Social
13464,2020-08-06,NY,Email
18231,2020-08-06,IL,Organic Search
26983,2020-08-06,IL,Organic Search
5942,2020-08-06,FL,Organic Search
21685,2020-08-06,,Organic Search
10874,2020-08-06,GA,Organic Search
22882,2020-08-06,FL,Paid Social
13930,2020-08-06,FL,Paid Social
24520,2020-08-06,WA,Affiliate
3303,2020-08-06,TX,Paid Social
25589,2020-08-06,NY,Organic Search
8122,2020-08-06,IL,Paid Social
8804,2020-08-06,NY,Affiliate
25523,2020-08-06,IL,Organic Search
29670,2020-08-06,NY,Paid Social
12322,2020-08-06,TX,Affiliate
10730,2020-08-06,CA,Paid Social
28251,2020-08-07,IL,Organic Search
21706,2020-08-07,,Email
24191,2020-08-07,FL,Paid Social
22045,2020-08-07,,Email
10727,2020-08-07,NY,Paid Social
5320,2020-08-07,NY,Paid Social
28227,2020-08-07,WA,Paid Social
1072,2020-08-07,FL,Organic Search
21787,2020-08-07,GA,Paid Social
20664,2020-08-07,TX,Paid Social
28232,2020-08-07,WA,Paid Social
7525,2020-08-07,FL,Paid Social
9688,2020-08-07,NY,Organic Search
29978,2020-08-07,,Paid Social
3040,2020-08-07,GA,Paid Social
7962,2020-08-07,GA,Paid Social
9413,2020-08-07,IL,Email
66,2020-08-07,IL,Paid Social
22911,2020-08-07,WA,Paid Social
22893,2020-08-07,,Paid Social
10329,2020-08-07,FL,Paid Social
22878,2020-08-07,FL,Paid Social
22766,2020-08-07,FL,Paid Social
25970,2020-08-07,WA,Affiliate
17753,2020-08-07,,Paid Social
13544,2020-08-07,CA,Referral
3574,2020-08-07,GA,Affiliate
6231,2020-08-07,WA,Paid Social
28891,2020-08-07,NY,Paid Social
5783,2020-08-07,GA,Paid Social
7486,2020-08-07,NY,Paid Social
18853,2020-08-07,GA,Organic Search
24097,2020-08-07,TX,Paid Social
14024,2020-08-08,CA,Organic Search
19558,2020-08-08,CA,Organic Search
29815,2020-08-08,,Paid Social
20374,2020-08-08,IL,Paid Social
14661,2020-08-08,IL,Email
23213,2020-08-08,FL,Paid Social
16262,2020-08-08,CA,Email
9212,2020-08-08,WA,Affiliate
4794,2020-08-08,TX,Organic Search
10837,2020-08-08,GA,Paid Social
9209,2020-08-08,FL,Email
15038,2020-08-08,FL,Paid Social
7864,2020-08-08,WA,Paid Social
166,2020-08-08,WA,Email
15582,2020-08-08,IL,Paid Social
4103,2020-08-08,FL,Paid Social
12637,2020-08-08,GA,Email
28421,2020-08-08,WA,Email
6904,2020-08-08,CA,Paid Social
12004,2020-08-08,,Email
13148,2020-08-08,IL,Paid Social
10161,2020-08-08,WA,Paid Social
11931,2020-08-08,FL,Paid Social
23868,2020-08-08,FL,Paid Social
22797,2020-08-08,WA,Paid Social
11918,2020-08-08,GA,Affiliate
25086,2020-08-08,,Email
13908,2020-08-08,TX,Organic Search
29546,2020-08-08,TX,Paid Social
28398,2020-08-09,FL,Affiliate
14950,2020-08-09,TX,Paid Social
18134,2020-08-09,FL,Paid Social
26563,2020-08-09,TX,Paid Social
20997,2020-08-09,FL,Email
18448,2020-08-09,IL,Paid Social
13228,2020-08-09,TX,Email
15322,2020-08-09,CA,Email
12572,2020-08-09,TX,Email
3992,2020-08-09,CA,Organic Search
3256,2020-08-09,WA,Organic Search
19918,2020-08-09,WA,Organic Search
25396,2020-08-09,,Paid Social
11634,2020-08-09,NY,Referral
17611,2020-08-09,,Organic Search
27977,2020-08-09,CA,Affiliate
7808,2020-08-09,FL,Referral
14442,2020-08-09,GA,Paid Social
2818,2020-08-09,IL,Organic Search
25299,2020-08-09,TX,Paid Social
17058,2020-08-09,CA,Affiliate
11837,2020-08-09,NY,Paid Social
25182,2020-08-09,GA,Paid Social
19230,2020-08-09,NY,Email
19311,2020-08-09,NY,Email
25073,2020-08-09,GA,Affiliate
13028,2020-08-09,FL,Organic Search
15415,2020-08-09,,Paid Social
23781,2020-08-09,IL,Paid Social
9499,2020-08-09,WA,Affiliate
10894,2020-08-09,FL,Paid Social
22870,2020-08-09,TX,Organic Search
21757,2020-08-09,TX,Email
13286,2020-08-10,IL,Affiliate
18247,2020-08-10,CA,Organic Search
19739,2020-08-10,IL,Email
11225,2020-08-10,TX,Paid Social
16085,2020-08-10,NY,Email
28973,2020-08-10,,Paid Social
19451,2020-08-10,,Paid Social
23607,2020-08-10,TX,Affiliate
13042,2020-08-10,,Paid Social
28564,2020-08-10,GA,Paid Social
13315,2020-08-10,IL,Paid Social
14469,2020-08-10,WA,Paid Social
13308,2020-08-10,FL,Affiliate
6776,2020-08-10,WA,Organic Search
18667,2020-08-10,TX,Paid Social
13748,2020-08-10,CA,Paid Social
10512,2020-08-10,WA,Paid Social
24254,2020-08-10,GA,Affiliate
25108,2020-08-10,IL,Paid Social
21648,2020-08-10,GA,Organic Search
10967,2020-08-10,,Organic Search
26888,2020-08-10,TX,Paid Social
29613,2020-08-10,TX,Paid Social
20026,2020-08-10,TX,Paid Social
3625,2020-08-11,IL,Organic Search
1010,2020-08-11,TX,Paid Social
16400,2020-08-11,NY,Affiliate
12632,2020-08-11,GA,Organic Search
22481,2020-08-11,NY,Paid Social
26303,2020-08-11,NY,Organic Search
5510,2020-08-11,WA,Paid Social
6084,2020-08-11,,Organic Search
15142,2020-08-11,FL,Affiliate
2235,2020-08-11,NY,Paid Social
1230,2020-08-11,IL,Paid Social
8716,2020-08-11,GA,Email
18183,2020-08-11,WA,Organic Search
4685,2020-08-11,WA,Email
27976,2020-08-11,CA,Email
26090,2020-08-11,FL,Organic Search
4577,2020-08-11,,Paid Social
25985,2020-08-11,GA,Affiliate
19726,2020-08-11,,Email
28023,2020-08-11,CA,Paid Social
2085,2020-08-11,GA,Paid Social
11675,2020-08-11,,Organic Search
8597,2020-08-12,WA,Paid Social
9465,2020-08-12,GA,Email
21584,2020-08-12,,Paid Social
21564,2020-08-12,,Organic Search
22533,2020-08-12,CA,Affiliate
21489,2020-08-12,NY,Email
5886,2020-08-12,IL,Paid Social
7382,2020-08-12,GA,Organic Search
28454,2020-08-12,WA,Organic Search
20863,2020-08-12,WA,Paid Social
2211,2020-08-12,CA,Email
22125,2020-08-12,,Email
3733,2020-08-12,GA,Paid Social
21213,2020-08-12,CA,Email
2021,2020-08-12,WA,Affiliate
5973,2020-08-12,IL,Email
25023,2020-08-12,TX,Paid Social
2779,2020-08-13,NY,Paid Social
10199,2020-08-13,NY,Organic Search
26930,2020-08-13,NY,Email
5422,2020-08-13,,Paid Social
11064,2020-08-13,WA,Email
25975,2020-08-13,TX,Paid Social
17755,2020-08-13,IL,Organic Search
11773,2020-08-13,FL,Organic Search
17321,2020-08-13,,Paid Social
19624,2020-08-13,IL,Email
15334,2020-08-13,WA,Paid Social
11532,2020-08-13,NY,Organic Search
29820,2020-08-13,,Organic Search
24528,2020-08-13,WA,Organic Search
25350,2020-08-13,TX,Paid Social
4356,2020-08-13,NY,Paid Social
9768,2020-08-13,,Email
22120,2020-08-13,TX,Email
23663,2020-08-13,IL,Email
22597,2020-08-13,,Affiliate
15824,2020-08-13,,Paid Social
18660,2020-08-13,TX,Affiliate
6903,2020-08-13,GA,Organic Search
9305,2020-08-13,,Email
631,2020-08-13,TX,Email
4682,2020-08-13,,Organic Search
6363,2020-08-14,WA,Organic Search
22765,2020-08-14,FL,Affiliate
17439,2020-08-14,IL,Paid Social
1038,2020-08-14,IL,Email
19732,2020-08-14,NY,Paid Social
22918,2020-08-14,CA,Affiliate
13491,2020-08-14,WA,Referral
1167,2020-08-14,GA,Email
26780,2020-08-14,IL,Paid Social
27960,2020-08-14,TX,Organic Search
3097,2020-08-14,CA,Affiliate
15507,2020-08-14,,Email
26707,2020-08-14,CA,Paid Social
6457,2020-08-14,GA,Paid Social
1258,2020-08-14,GA,Paid Social
6747,2020-08-14,CA,Paid Social
13,2020-08-14,TX,Email
13029,2020-08-14,TX,Organic Search
5753,2020-08-14,,Organic Search
20681,2020-08-14,WA,Organic Search
1175,2020-08-14,GA,Paid Social
8347,2020-08-14,GA,Email
16653,2020-08-14,NY,Paid Social
8031,2020-08-14,,Paid Social
14995,2020-08-14,GA,Email
21914,2020-08-14,CA,Organic Search
24055,2020-08-15,,Organic Search
12167,2020-08-15,GA,Referral
2404,2020-08-15,WA,Paid Social
4661,2020-08-15,GA,Paid Social
6497,2020-08-15,GA,Paid Social
10492,2020-08-15,WA,Organic Search
10941,2020-08-15,TX,Paid Social
10825,2020-08-15,WA,Paid Social
7213,2020-08-15,WA,Organic Search
20790,2020-08-15,TX,Referral
28623,2020-08-15,,Email
14647,2020-08-15,NY,Referral
16378,2020-08-15,FL,Paid Social
13678,2020-08-15,IL,Referral
20485,2020-08-15,,Email
23034,2020-08-15,FL,Paid Social
26982,2020-08-15,GA,Organic Search
15153,2020-08-15,CA,Affiliate
11751,2020-08-15,,Paid Social
16305,2020-08-15,IL,Paid Social
23433,2020-08-15,IL,Email
29655,2020-08-15,,Paid Social
26949,2020-08-15,NY,Organic Search
4448,2020-08-15,CA,Email
28913,2020-08-15,,Paid Social
10581,2020-08-15,IL,Paid Social
17752,2020-08-15,,Organic Search
12024,2020-08-15,CA,Affiliate
9838,2020-08-15,CA,Organic Search
6134,2020-08-15,WA,Organic Search
92,2020-08-15,NY,Email
15398,2020-08-15,,Email
6260,2020-08-15,CA,Organic Search
23518,2020-08-15,FL,Organic Search
4012,2020-08-15,FL,Paid Social
8619,2020-08-15,IL,Organic Search
22448,2020-08-16,FL,Paid Social
7867,2020-08-16,WA,Organic Search
12642,2020-08-16,,Paid Social
654,2020-08-16,FL,Email
18764,2020-08-16,NY,Paid Social
26819,2020-08-16,FL,Organic Search
20853,2020-08-16,NY,Organic Search
11248,2020-08-16,IL,Paid Social
12667,2020-08-16,GA,Email
26749,2020-08-16,TX,Organic Search
9037,2020-08-16,CA,Organic Search
24680,2020-08-16,IL,Email
8534,2020-08-16,FL,Email
20917,2020-08-16,NY,Paid Social
12783,2020-08-16,TX,Organic Search
26305,2020-08-16,,Organic Search
29852,2020-08-16,FL,Paid Social
8787,2020-08-16,FL,Paid Social
27264,2020-08-16,FL,Paid Social
7777,2020-08-16,TX,Paid Social
5105,2020-08-16,WA,Paid Social
17356,2020-08-16,CA,Paid Social
1786,2020-08-16,WA,Referral
4243,2020-08-16,TX,Email
17165,2020-08-16,IL,Referral
18680,2020-08-16,CA,Email
27404,2020-08-16,IL,Organic Search
9866,2020-08-17,TX,Organic Search
511,2020-08-17,CA,Paid Social
22364,2020-08-17,CA,Email
1518,2020-08-17,WA,Referral
2426,2020-08-17,FL,Affiliate
9900,2020-08-17,,Organic Search
5774,2020-08-17,FL,Email
3557,2020-08-17,GA,Organic Search
9447,2020-08-17,FL,Affiliate
16642,2020-08-17,WA,Organic Search
29767,2020-08-17,NY,Paid Social
29525,2020-08-17,GA,Organic Search
27239,2020-08-17,,Paid Social
26321,2020-08-17,NY,Organic Search
14095,2020-08-17,IL,Paid Social
13684,2020-08-17,IL,Paid Social
19994,2020-08-17,CA,Paid Social
8622,2020-08-17,NY,Organic Search
21752,2020-08-17,IL,Paid Social
3759,2020-08-17,NY,Paid Social
28371,2020-08-17,,Organic Search
24469,2020-08-17,FL,Paid Social
3842,2020-08-17,IL,Organic Search
4088,2020-08-17,TX,Paid Social
11784,2020-08-17,NY,Email
21457,2020-08-17,,Organic Search
18560,2020-08-18,TX,Affiliate
20373,2020-08-18,WA,Email
27316,2020-08-18,,Organic Search
11780,2020-08-18,WA,Paid Social
19448,2020-08-18,TX,Paid Social
9483,2020-08-18,TX,Paid Social
13447,2020-08-18,FL,Paid Social
7720,2020-08-18,TX,Affiliate
14601,2020-08-18,FL,Organic Search
13943,2020-08-18,TX,Organic Search
29053,2020-08-18,CA,Paid Social
10567,2020-08-18,CA,Referral
17898,2020-08-18,TX,Referral
2617,2020-08-18,NY,Paid Social
6958,2020-08-18,CA,Paid Social
13640,2020-08-18,,Paid Social
4187,2020-08-18,IL,Organic Search
4001,2020-08-18,NY,Paid Social
21807,2020-08-18,FL,Organic Search
12949,2020-08-18,WA,Referral
24128,2020-08-18,WA,Organic Search
28022,2020-08-18,CA,Referral
13057,2020-08-18,,Organic Search
10116,2020-08-18,NY,Organic Search
5371,2020-08-18,,Paid Social
24633,2020-08-18,IL,Paid Social
2995,2020-08-18,NY,Organic Search
14072,2020-08-19,IL,Organic Search
1775,2020-08-19,,Email
20218,2020-08-19,IL,Paid Social
9068,2020-08-19,GA,Paid Social
11071,2020-08-19,WA,Organic Search
28674,2020-08-19,GA,Paid Social
13484,2020-08-19,,Organic Search
17915,2020-08-19,IL,Organic Search
4512,2020-08-19,,Paid Social
20677,2020-08-19,WA,Paid Social
14830,2020-08-19,CA,Email
1170,2020-08-19,FL,Organic Search
18930,2020-08-19,GA,Paid Social
2458,2020-08-19,CA,Paid Social
17000,2020-08-19,WA,Organic Search
5635,2020-08-19,,Organic Search
5470,2020-08-19,TX,Paid Social
29209,2020-08-20,FL,Organic Search
21421,2020-08-20,TX,Email
24973,2020-08-20,IL,Email
10968,2020-08-20,FL,Paid Social
29572,2020-08-20,,Affiliate
13580,2020-08-20,GA,Paid Social
27610,2020-08-20,CA,Paid Social
4849,2020-08-20,NY,Email
14705,2020-08-20,NY,Affiliate
22467,2020-08-20,WA,Email
29879,2020-08-20,WA,Paid Social
4004,2020-08-20,FL,Organic Search
7028,2020-08-20,CA,Affiliate
9370,2020-08-20,CA,Paid Social
1428,2020-08-20,CA,Affiliate
9971,2020-08-20,TX,Organic Search
26168,2020-08-20,NY,Organic Search
24196,2020-08-20,CA,Paid Social
1897,2020-08-20,TX,Paid Social
20967,2020-08-20,GA,Email
5203,2020-08-20,WA,Paid Social
1528,2020-08-20,WA,Paid Social
15940,2020-08-20,TX,Referral
9409,2020-08-20,GA,Organic Search
5916,2020-08-21,WA,Organic Search
9535,2020-08-21,TX,Paid Social
10622,2020-08-21,WA,Organic Search
5059,2020-08-21,FL,Paid Social
27422,2020-08-21,CA,Paid Social
29032,2020-08-21,NY,Organic Search
17235,2020-08-21,TX,Email
11233,2020-08-21,WA,Organic Search
10978,2020-08-21,IL,Email
23526,2020-08-21,,Paid Social
23806,2020-08-21,IL,Email
7505,2020-08-21,NY,Paid Social
5157,2020-08-21,TX,Organic Search
10250,2020-08-21,WA,Organic Search
27601,2020-08-21,IL,Organic Search
25369,2020-08-21,CA,Paid Social
9976,2020-08-21,FL,Organic Search
4816,2020-08-22,WA,Affiliate
17407,2020-08-22,IL,Organic Search
17012,2020-08-22,FL,Email
21598,2020-08-22,TX,Affiliate
4274,2020-08-22,IL,Paid Social
20245,2020-08-22,,Paid Social
26540,2020-08-22,FL,Paid Social
9983,2020-08-22,,Paid Social
11828,2020-08-22,IL,Affiliate
28101,2020-08-22,WA,Organic Search
8215,2020-08-22,TX,Paid Social
15873,2020-08-22,GA,Paid Social
12543,2020-08-22,IL,Affiliate
3364,2020-08-22,NY,Organic Search
11046,2020-08-22,,Email
10466,2020-08-22,FL,Paid Social
2396,2020-08-22,CA,Paid Social
26783,2020-08-22,NY,Email
4655,2020-08-22,GA,Paid Social
7341,2020-08-22,IL,Affiliate
11321,2020-08-22,CA,Paid Social
24786,2020-08-22,TX,Paid Social
5204,2020-08-23,WA,Email
25174,2020-08-23,WA,Paid Social
9195,2020-08-23,NY,Email
5465,2020-08-23,IL,Organic Search
11785,2020-08-23,FL,Paid Social
27367,2020-08-23,GA,Paid Social
4937,2020-08-23,GA,Affiliate
11579,2020-08-23,GA,Paid Social
9449,2020-08-23,NY,Paid Social
7251,2020-08-23,IL,Referral
11406,2020-08-23,IL,Paid Social
13661,2020-08-23,TX,Email
7645,2020-08-23,NY,Organic Search
16309,2020-08-23,IL,Paid Social
17832,2020-08-23,FL,Organic Search
18695,2020-08-23,TX,Paid Social
26693,2020-08-23,TX,Email
4287,2020-08-23,IL,Referral
22910,2020-08-23,,Organic Search
25573,2020-08-23,TX,Organic Search
7414,2020-08-23,WA,Email
26417,2020-08-23,GA,Organic Search
2915,2020-08-24,NY,Organic Search
14727,2020-08-24,NY,Paid Social
10813,2020-08-24,,Organic Search
11621,2020-08-24,WA,Paid Social
15995,2020-08-24,FL,Affiliate
23254,2020-08-24,CA,Paid Social
8021,2020-08-24,GA,Paid Social
16581,2020-08-24,WA,Paid Social
16352,2020-08-24,GA,Email
12510,2020-08-24,FL,Referral
29001,2020-08-24,IL,Organic Search
21792,2020-08-24,CA,Organic Search
19762,2020-08-24,FL,Affiliate
1925,2020-08-24,TX,Email
29101,2020-08-24,CA,Email
24096,2020-08-24,,Email
5130,2020-08-24,TX,Referral
2775,2020-08-24,FL,Paid Social
19356,2020-08-24,GA,Email
22523,2020-08-24,CA,Organic Search
18121,2020-08-25,TX,Referral
14864,2020-08-25,,Paid Social
23205,2020-08-25,NY,Email
11375,2020-08-25,CA,Affiliate
16156,2020-08-25,NY,Paid Social
4842,2020-08-25,NY,Affiliate
18741,2020-08-25,WA,Paid Social
1176,2020-08-25,CA,Paid Social
7667,2020-08-25,TX,Paid Social
2314,2020-08-25,FL,Email
10062,2020-08-25,IL,Organic Search
12930,2020-08-25,GA,Email
2982,2020-08-25,IL,Organic Search
21092,2020-08-25,WA,Organic Search
15249,2020-08-25,FL,Email
11823,2020-08-25,FL,Paid Social
10757,2020-08-25,NY,Organic Search
7066,2020-08-25,NY,Paid Social
22378,2020-08-25,FL,Organic Search
19244,2020-08-25,GA,Paid Social
2996,2020-08-25,GA,Referral
15649,2020-08-25,TX,Organic Search
15642,2020-08-25,WA,Paid Social
20344,2020-08-25,WA,Organic Search
22402,2020-08-26,WA,Organic Search
11331,2020-08-26,IL,Email
4073,2020-08-26,NY,Paid Social
1919,2020-08-26,FL,Paid Social
9130,2020-08-26,CA,Affiliate
6708,2020-08-26,IL,Paid Social
26361,2020-08-26,,Paid Social
2439,2020-08-26,NY,Paid Social
1724,2020-08-26,GA,Organic Search
27503,2020-08-26,IL,Referral
18553,2020-08-26,CA,Paid Social
25599,2020-08-26,,Organic Search
11593,2020-08-26,IL,Paid Social
11701,2020-08-26,IL,Organic Search
17640,2020-08-26,TX,Email
313,2020-08-26,GA,Organic Search
17694,2020-08-26,TX,Paid Social
17441,2020-08-26,,Paid Social
2726,2020-08-26,,Paid Social
16770,2020-08-26,CA,Paid Social
4410,2020-08-26,NY,Paid Social
27140,2020-08-26,,Paid Social
29886,2020-08-26,TX,Organic Search
12377,2020-08-26,GA,Organic Search
9536,2020-08-27,TX,Paid Social
22669,2020-08-27,,Organic Search
19265,2020-08-27,FL,Affiliate
2008,2020-08-27,IL,Email
4389,2020-08-27,WA,Organic Search
5270,2020-08-27,FL,Paid Social
29423,2020-08-27,CA,Organic Search
15571,2020-08-27,GA,Referral
15294,2020-08-27,FL,Paid Social
27220,2020-08-27,IL,Affiliate
2507,2020-08-27,FL,Referral
13142,2020-08-27,NY,Organic Search
19473,2020-08-27,GA,Organic Search
12814,2020-08-27,NY,Organic Search
11651,2020-08-27,CA,Paid Social
19399,2020-08-27,CA,Paid Social
6645,2020-08-27,NY,Organic Search
24245,2020-08-27,TX,Paid Social
10271,2020-08-27,CA,Paid Social
5327,2020-08-27,,Organic Search
9221,2020-08-27,GA,Organic Search
4845,2020-08-28,CA,Organic Search
11289,2020-08-28,GA,Paid Social
21214,2020-08-28,CA,Email
20685,2020-08-28,,Organic Search
13879,2020-08-28,CA,Paid Social
4932,2020-08-28,IL,Paid Social
9649,2020-08-28,,Paid Social
5836,2020-08-28,CA,Paid Social
25020,2020-08-28,FL,Email
12185,2020-08-28,,Organic Search
16026,2020-08-28,WA,Paid Social
20823,2020-08-28,,Referral
14929,2020-08-28,FL,Organic Search
5346,2020-08-28,WA,Paid Social
10904,2020-08-28,FL,Paid Social
21861,2020-08-28,NY,Paid Social
16232,2020-08-29,FL,Organic Search
22314,2020-08-29,FL,Paid Social
15581,2020-08-29,,Affiliate
25002,2020-08-29,,Organic Search
23929,2020-08-29,CA,Organic Search
21581,2020-08-29,NY,Affiliate
20981,2020-08-29,IL,Affiliate
20191,2020-08-29,CA,Organic Search
25400,2020-08-29,FL,Referral
1465,2020-08-29,IL,Affiliate
23117,2020-08-29,FL,Paid Social
21858,2020-08-29,,Email
24365,2020-08-29,FL,Paid Social
1030,2020-08-29,WA,Email
23496,2020-08-29,CA,Organic Search
13366,2020-08-29,CA,Paid Social
29102,2020-08-29,TX,Email
10602,2020-08-29,IL,Organic Search
10565,2020-08-29,IL,Organic Search
28998,2020-08-29,IL,Email
27807,2020-08-29,WA,Paid Social
3599,2020-08-29,GA,Paid Social
8421,2020-08-29,TX,Paid Social
9738,2020-08-29,,Organic Search
11949,2020-08-29,CA,Paid Social
9572,2020-08-29,CA,Organic Search
7948,2020-08-29,GA,Email
28671,2020-08-29,FL,Organic Search
27450,2020-08-29,WA,Organic Search
534,2020-08-29,IL,Paid Social
18306,2020-08-30,,Paid Social
5062,2020-08-30,TX,Affiliate
9049,2020-08-30,IL,Affiliate
3161,2020-08-30,GA,Paid Social
21616,2020-08-30,CA,Paid Social
26029,2020-08-30,FL,Paid Social
15490,2020-08-30,GA,Paid Social
10717,2020-08-30,WA,Organic Search
7822,2020-08-30,GA,Paid Social
16418,2020-08-30,IL,Paid Social
10269,2020-08-30,TX,Paid Social
13670,2020-08-30,NY,Referral
2960,2020-08-30,NY,Email
19425,2020-08-30,IL,Paid Social
24622,2020-08-30,WA,Email
23096,2020-08-30,IL,Organic Search
6560,2020-08-30,TX,Affiliate
15258,2020-08-30,CA,Organic Search
27137,2020-08-30,GA,Paid Social
27207,2020-08-30,NY,Affiliate
3073,2020-08-30,TX,Paid Social
18442,2020-08-30,FL,Organic Search
18523,2020-08-30,CA,Paid Social
10434,2020-08-30,WA,Paid Social
12362,2020-08-31,,Paid Social
25132,2020-08-31,FL,Affiliate
8334,2020-08-31,,Paid Social
10850,2020-08-31,CA,Organic Search
8450,2020-08-31,WA,Email
10946,2020-08-31,TX,Paid Social
12707,2020-08-31,GA,Organic Search
8892,2020-08-31,NY,Email
12747,2020-08-31,TX,Organic Search
576,2020-08-31,WA,Affiliate
29853,2020-08-31,GA,Organic Search
9322,2020-08-31,CA,Referral
26122,2020-08-31,CA,Paid Social
23846,2020-08-31,CA,Organic Search
22660,2020-08-31,FL,Paid Social
22658,2020-08-31,GA,Paid Social
6531,2020-08-31,WA,Paid Social
5570,2020-08-31,FL,Affiliate
26905,2020-08-31,,Paid Social
22396,2020-08-31,IL,Paid Social
4315,2020-08-31,GA,Affiliate
25622,2020-08-31,TX,Paid Social
29255,2020-08-31,NY,Affiliate
15193,2020-08-31,FL,Organic Search
2428,2020-08-31,,Affiliate
24066,2020-08-31,FL,Email
16671,2020-09-01,CA,Paid Social
14413,2020-09-01,FL,Paid Social
8442,2020-09-01,WA,Organic Search
27990,2020-09-01,NY,Email
469,2020-09-01,TX,Organic Search
20066,2020-09-01,GA,Paid Social
28475,2020-09-01,TX,Paid Social
28741,2020-09-01,NY,Paid Social
10656,2020-09-01,TX,Affiliate
21307,2020-09-01,WA,Organic Search
9461,2020-09-01,CA,Paid Social
21120,2020-09-01,WA,Paid Social
1137,2020-09-01,FL,Referral
21494,2020-09-01,CA,Affiliate
10981,2020-09-01,WA,Paid Social
24725,2020-09-01,NY,Affiliate
5111,2020-09-01,CA,Affiliate
9238,2020-09-01,FL,Organic Search
16141,2020-09-01,GA,Paid Social
23632,2020-09-01,WA,Organic Search
26953,2020-09-01,CA,Paid Social
15139,2020-09-01,NY,Organic Search
9155,2020-09-01,WA,Organic Search
11521,2020-09-01,CA,Paid Social
22640,2020-09-01,TX,Organic Search
4301,2020-09-02,GA,Organic Search
22213,2020-09-02,NY,Organic Search
20384,2020-09-02,WA,Paid Social
7622,2020-09-02,FL,Paid Social
578,2020-09-02,TX,Affiliate
17577,2020-09-02,IL,Organic Search
6688,2020-09-02,NY,Paid Social
3990,2020-09-02,TX,Referral
13408,2020-09-02,GA,Referral
1204,2020-09-02,FL,Paid Social
6994,2020-09-02,GA,Organic Search
20473,2020-09-02,WA,Organic Search
11831,2020-09-02,TX,Paid Social
14169,2020-09-02,WA,Organic Search
2916,2020-09-02,TX,Paid Social
4819,2020-09-02,NY,Referral
8531,2020-09-02,WA,Affiliate
14044,2020-09-02,GA,Organic Search
3743,2020-09-02,FL,Email
8290,2020-09-02,,Paid Social
28071,2020-09-03,NY,Organic Search
11770,2020-09-03,TX,Organic Search
29261,2020-09-03,TX,Referral
11556,2020-09-03,FL,Paid Social
9188,2020-09-03,NY,Organic Search
25959,2020-09-03,GA,Referral
6438,2020-09-03,GA,Organic Search
17809,2020-09-03,GA,Organic Search
11978,2020-09-03,CA,Affiliate
7627,2020-09-03,FL,Referral
19334,2020-09-03,CA,Affiliate
25533,2020-09-03,IL,Paid Social
5077,2020-09-03,IL,Paid Social
12570,2020-09-03,TX,Organic Search
9972,2020-09-03,TX,Affiliate
24010,2020-09-03,GA,Organic Search
24108,2020-09-03,NY,Paid Social
7090,2020-09-03,GA,Organic Search
7334,2020-09-03,CA,Paid Social
7815,2020-09-03,IL,Organic Search
798,2020-09-03,WA,Paid Social
3061,2020-09-03,CA,Organic Search
26671,2020-09-03,WA,Organic Search
27324,2020-09-03,WA,Paid Social
14899,2020-09-03,CA,Organic Search
20819,2020-09-04,IL,Paid Social
8760,2020-09-04,NY,Paid Social
23171,2020-09-04,CA,Email
7918,2020-09-04,,Organic Search
9210,2020-09-04,,Paid Social
29596,2020-09-04,NY,Paid Social
19239,2020-09-04,WA,Affiliate
25340,2020-09-04,GA,Affiliate
25362,2020-09-04,TX,Paid Social
8143,2020-09-04,TX,Paid Social
17125,2020-09-04,,Paid Social
12041,2020-09-04,FL,Paid Social
1464,2020-09-04,NY,Paid Social
6589,2020-09-04,FL,Organic Search
15812,2020-09-04,FL,Organic Search
13235,2020-09-04,TX,Paid Social
16648,2020-09-04,WA,Paid Social
10660,2020-09-04,IL,Paid Social
11523,2020-09-04,FL,Organic Search
22936,2020-09-04,GA,Referral
20562,2020-09-04,IL,Organic Search
26026,2020-09-04,GA,Organic Search
13905,2020-09-04,NY,Paid Social
13933,2020-09-04,TX,Organic Search
10138,2020-09-05,IL,Paid Social
8835,2020-09-05,GA,Affiliate
7980,2020-09-05,FL,Email
28347,2020-09-05,WA,Organic Search
8754,2020-09-05,FL,Organic Search
6148,2020-09-05,,Paid Social
28029,2020-09-05,,Paid Social
10867,2020-09-05,GA,Organic Search
13131,2020-09-05,WA,Paid Social
14010,2020-09-05,CA,Affiliate
13078,2020-09-05,WA,Paid Social
10786,2020-09-05,CA,Organic Search
1179,2020-09-05,GA,Email
16517,2020-09-05,,Paid Social
5634,2020-09-05,,Organic Search
10080,2020-09-05,GA,Affiliate
7865,2020-09-05,WA,Paid Social
19360,2020-09-05,FL,Organic Search
27086,2020-09-05,CA,Organic Search
9892,2020-09-05,TX,Organic Search
22668,2020-09-05,WA,Referral
29638,2020-09-06,WA,Organic Search
8285,2020-09-06,CA,Paid Social
14622,2020-09-06,NY,Paid Social
28163,2020-09-06,CA,Organic Search
13237,2020-09-06,NY,Organic Search
20768,2020-09-06,GA,Email
1939,2020-09-06,NY,Paid Social
11267,2020-09-06,IL,Paid Social
21445,2020-09-06,,Paid Social
4283,2020-09-06,NY,Organic Search
28967,2020-09-06,,Paid Social
27584,2020-09-06,NY,Affiliate
4331,2020-09-06,,Organic Search
28606,2020-09-06,WA,Affiliate
14938,2020-09-06,,Email
1841,2020-09-06,CA,Paid Social
26566,2020-09-06,NY,Email
5556,2020-09-07,,Email
23150,2020-09-07,WA,Paid Social
15286,2020-09-07,WA,Email
7847,2020-09-07,NY,Email
24515,2020-09-07,FL,Paid Social
23562,2020-09-07,TX,Referral
9665,2020-09-07,CA,Paid Social
24551,2020-09-07,WA,Organic Search
21642,2020-09-07,,Paid Social
21321,2020-09-07,NY,Organic Search
9800,2020-09-07,IL,Affiliate
15335,2020-09-07,GA,Paid Social
2611,2020-09-07,GA,Email
27177,2020-09-07,WA,Affiliate
11704,2020-09-07,FL,Paid Social
731,2020-09-07,WA,Organic Search
11942,2020-09-07,GA,Organic Search
3792,2020-09-07,WA,Organic Search
15380,2020-09-07,IL,Organic Search
22197,2020-09-07,,Organic Search
2632,2020-09-07,WA,Email
10257,2020-09-07,TX,Paid Social
14906,2020-09-07,FL,Email
14271,2020-09-07,,Paid Social
26804,2020-09-07,NY,Paid Social
23039,2020-09-08,WA,Organic Search
665,2020-09-08,,Organic Search
23084,2020-09-08,WA,Paid Social
22329,2020-09-08,CA,Organic Search
22738,2020-09-08,CA,Organic Search
28060,2020-09-08,,Email
12383,2020-09-08,WA,Paid Social
22133,2020-09-08,,Paid Social
6458,2020-09-08,CA,Paid Social
21224,2020-09-08,IL,Paid Social
12075,2020-09-08,WA,Paid Social
3928,2020-09-08,IL,Paid Social
22663,2020-09-08,NY,Email
18635,2020-09-08,FL,Organic Search
6181,2020-09-08,GA,Paid Social
15318,2020-09-08,GA,Organic Search
3498,2020-09-08,TX,Referral
13781,2020-09-08,IL,Affiliate
8852,2020-09-08,CA,Paid Social
3357,2020-09-08,,Paid Social
14605,2020-09-09,WA,Email
15572,2020-09-09,GA,Paid Social
7131,2020-09-09,WA,Organic Search
29857,2020-09-09,IL,Paid Social
14672,2020-09-09,,Referral
28644,2020-09-09,CA,Paid Social
29436,2020-09-09,WA,Affiliate
10285,2020-09-09,NY,Organic Search
16136,2020-09-09,FL,Paid Social
2421,2020-09-09,TX,Organic Search
21209,2020-09-09,NY,Organic Search
27230,2020-09-09,NY,Affiliate
12393,2020-09-09,NY,Paid Social
24091,2020-09-09,GA,Organic Search
22345,2020-09-09,CA,Organic Search
26286,2020-09-09,WA,Referral
3070,2020-09-09,,Paid Social
1854,2020-09-09,FL,Email
29294,2020-09-09,WA,Affiliate
9431,2020-09-09,GA,Email
2620,2020-09-09,IL,Paid Social
25805,2020-09-09,FL,Paid Social
16223,2020-09-09,TX,Paid Social
24838,2020-09-10,NY,Email
4005,2020-09-10,IL,Organic Search
28004,2020-09-10,FL,Paid Social
28316,2020-09-10,GA,Paid Social
13253,2020-09-10,TX,Paid Social
14777,2020-09-10,,Organic Search
3525,2020-09-10,CA,Organic Search
29535,2020-09-10,FL,Paid Social
1622,2020-09-10,,Organic Search
29568,2020-09-10,FL,Paid Social
18255,2020-09-10,CA,Email
4377,2020-09-10,GA,Paid Social
25177,2020-09-10,,Affiliate
11351,2020-09-10,NY,Paid Social
10957,2020-09-10,GA,Paid Social
23713,2020-09-10,WA,Paid Social
14498,2020-09-10,WA,Paid Social
22037,2020-09-10,GA,Paid Social
10463,2020-09-10,NY,Affiliate
13773,2020-09-10,NY,Email
29690,2020-09-10,CA,Email
21273,2020-09-10,CA,Paid Social
6908,2020-09-10,,Email
14187,2020-09-10,,Paid Social
24256,2020-09-10,GA,Paid Social
8863,2020-09-10,IL,Referral
24116,2020-09-10,IL,Organic Search
10583,2020-09-10,CA,Paid Social
25918,2020-09-11,CA,Paid Social
6771,2020-09-11,CA,Organic Search
22352,2020-09-11,NY,Affiliate
19699,2020-09-11,WA,Organic Search
21969,2020-09-11,FL,Affiliate
5849,2020-09-11,CA,Paid Social
26939,2020-09-11,NY,Paid Social
5837,2020-09-11,NY,Referral
16558,2020-09-11,GA,Paid Social
8071,2020-09-11,FL,Paid Social
13563,2020-09-11,NY,Paid Social
11409,2020-09-11,IL,Paid Social
22084,2020-09-11,CA,Paid Social
7554,2020-09-11,,Paid Social
1740,2020-09-11,WA,Paid Social
27512,2020-09-12,IL,Paid Social
22554,2020-09-12,IL,Paid Social
23298,2020-09-12,FL,Organic Search
6920,2020-09-12,GA,Paid Social
10721,2020-09-12,CA,Paid Social
671,2020-09-12,WA,Organic Search
23411,2020-09-12,GA,Organic Search
20653,2020-09-12,FL,Paid Social
25974,2020-09-12,NY,Organic Search
11727,2020-09-12,CA,Organic Search
17842,2020-09-12,IL,Organic Search
26442,2020-09-12,FL,Organic Search
28600,2020-09-12,NY,Email
4125,2020-09-12,TX,Email
28791,2020-09-12,FL,Paid Social
23589,2020-09-12,NY,Referral
5329,2020-09-12,TX,Paid Social
7825,2020-09-12,NY,Paid Social
18048,2020-09-12,NY,Organic Search
4844,2020-09-12,NY,Organic Search
3773,2020-09-12,TX,Paid Social
25796,2020-09-12,TX,Paid Social
12701,2020-09-12,IL,Paid Social
3589,2020-09-12,CA,Organic Search
7393,2020-09-12,WA,Email
10552,2020-09-13,GA,Paid Social
10049,2020-09-13,WA,Email
24030,2020-09-13,WA,Affiliate
26655,2020-09-13,GA,Paid Social
14813,2020-09-13,WA,Paid Social
28458,2020-09-13,,Organic Search
5598,2020-09-13,,Paid Social
15898,2020-09-13,TX,Referral
22699,2020-09-13,,Paid Social
21381,2020-09-13,NY,Organic Search
4859,2020-09-13,CA,Affiliate
22254,2020-09-13,GA,Paid Social
18365,2020-09-13,GA,Paid Social
27080,2020-09-13,GA,Paid Social
2472,2020-09-13,GA,Affiliate
8249,2020-09-13,WA,Affiliate
23586,2020-09-13,CA,Organic Search
29532,2020-09-13,TX,Paid Social
3223,2020-09-13,IL,Organic Search
11311,2020-09-13,TX,Organic Search
6455,2020-09-13,GA,Affiliate
4834,2020-09-13,IL,Organic Search
27520,2020-09-13,NY,Paid Social
27431,2020-09-13,WA,Organic Search
17437,2020-09-13,,Paid Social
5826,2020-09-13,GA,Paid Social
19788,2020-09-13,WA,Organic Search
3551,2020-09-13,CA,Email
14610,2020-09-13,TX,Email
11438,2020-09-14,IL,Affiliate
17916,2020-09-14,IL,Organic Search
5452,2020-09-14,TX,Organic Search
3751,2020-09-14,NY,Referral
8987,2020-09-14,TX,Paid Social
20747,2020-09-14,GA,Paid Social
17970,2020-09-14,FL,Organic Search
4123,2020-09-14,TX,Paid Social
7551,2020-09-14,GA,Affiliate
13735,2020-09-14,WA,Email
27668,2020-09-14,NY,Organic Search
21243,2020-09-14,,Organic Search
28502,2020-09-14,,Paid Social
17288,2020-09-14,WA,Organic Search
12891,2020-09-14,IL,Paid Social
6424,2020-09-14,TX,Organic Search
6056,2020-09-14,,Paid Social
12793,2020-09-14,TX,Email
9977,2020-09-14,FL,Paid Social
19056,2020-09-14,IL,Affiliate
21369,2020-09-14,,Paid Social
14786,2020-09-14,WA,Email
2544,2020-09-14,IL,Paid Social
13542,2020-09-14,FL,Referral
11157,2020-09-14,TX,Affiliate
11420,2020-09-15,GA,Paid Social
9638,2020-09-15,CA,Organic Search
6167,2020-09-15,TX,Paid Social
7260,2020-09-15,IL,Paid Social
18050,2020-09-15,IL,Affiliate
8908,2020-09-15,IL,Paid Social
3225,2020-09-15,FL,Organic Search
21942,2020-09-15,GA,Email
17956,2020-09-15,IL,Email
24620,2020-09-15,WA,Paid Social
22960,2020-09-15,IL,Paid Social
6733,2020-09-15,,Affiliate
28111,2020-09-15,,Email
12945,2020-09-16,TX,Organic Search
21216,2020-09-16,IL,Organic Search
6240,2020-09-16,WA,Referral
6244,2020-09-16,GA,Email
8708,2020-09-16,TX,Paid Social
10451,2020-09-16,TX,Email
16003,2020-09-16,FL,Paid Social
8747,2020-09-16,GA,Organic Search
15232,2020-09-16,FL,Paid Social
13116,2020-09-16,FL,Paid Social
28934,2020-09-16,FL,Organic Search
13856,2020-09-16,,Referral
9558,2020-09-16,TX,Paid Social
12688,2020-09-16,GA,Organic Search
14007,2020-09-16,GA,Paid Social
5525,2020-09-16,FL,Paid Social
25273,2020-09-16,WA,Paid Social
15276,2020-09-16,IL,Paid Social
8435,2020-09-16,,Affiliate
28629,2020-09-16,,Referral
24286,2020-09-16,NY,Paid Social
25880,2020-09-16,IL,Paid Social
1312,2020-09-16,WA,Referral
2823,2020-09-16,IL,Paid Social
29832,2020-09-16,,Affiliate
3270,2020-09-16,NY,Paid Social
1089,2020-09-16,IL,Affiliate
24162,2020-09-17,CA,Affiliate
20179,2020-09-17,CA,Paid Social
18740,2020-09-17,IL,Paid Social
10571,2020-09-17,TX,Paid Social
12485,2020-09-17,,Email
20046,2020-09-17,,Referral
28561,2020-09-17,CA,Organic Search
29298,2020-09-17,CA,Organic Search
26282,2020-09-17,,Paid Social
25286,2020-09-17,,Organic Search
7512,2020-09-17,WA,Affiliate
7022,2020-09-17,TX,Email
29487,2020-09-17,GA,Email
7534,2020-09-17,IL,Paid Social
13480,2020-09-17,WA,Referral
11152,2020-09-17,,Paid Social
23451,2020-09-17,WA,Organic Search
17924,2020-09-17,IL,Paid Social
25424,2020-09-17,TX,Organic Search
20569,2020-09-17,GA,Paid Social
5141,2020-09-17,NY,Paid Social
4564,2020-09-17,,Organic Search
15525,2020-09-17,GA,Paid Social
10744,2020-09-17,IL,Paid Social
29653,2020-09-17,CA,Paid Social
24501,2020-09-17,IL,Organic Search
8178,2020-09-17,NY,Email
21838,2020-09-17,IL,Paid Social
6815,2020-09-18,,Paid Social
23965,2020-09-18,GA,Referral
28900,2020-09-18,TX,Paid Social
23083,2020-09-18,TX,Affiliate
2057,2020-09-18,,Paid Social
23311,2020-09-18,TX,Organic Search
15529,2020-09-18,NY,Paid Social
6145,2020-09-18,IL,Email
4977,2020-09-18,GA,Organic Search
6947,2020-09-18,FL,Organic Search
9384,2020-09-18,GA,Paid Social
28302,2020-09-18,FL,Email
21880,2020-09-18,NY,Organic Search
22996,2020-09-18,TX,Organic Search
29753,2020-09-18,WA,Affiliate
24608,2020-09-18,FL,Paid Social
16914,2020-09-18,WA,Organic Search
27413,2020-09-18,GA,Paid Social
18759,2020-09-18,,Paid Social
7620,2020-09-18,WA,Paid Social
192,2020-09-18,FL,Referral
15880,2020-09-19,WA,Organic Search
21762,2020-09-19,IL,Paid Social
2769,2020-09-19,,Paid Social
8711,2020-09-19,NY,Email
7403,2020-09-19,TX,Paid Social
19647,2020-09-19,TX,Organic Search
23265,2020-09-19,IL,Email
5711,2020-09-19,TX,Organic Search
25135,2020-09-19,IL,Organic Search
18177,2020-09-19,CA,Organic Search
18051,2020-09-19,,Organic Search
22460,2020-09-19,GA,Affiliate
7283,2020-09-19,IL,Organic Search
3936,2020-09-19,WA,Paid Social
14841,2020-09-19,CA,Organic Search
23418,2020-09-19,TX,Affiliate
20495,2020-09-19,WA,Email
21830,2020-09-19,,Organic Search
18450,2020-09-19,CA,Paid Social
6663,2020-09-19,WA,Paid Social
17032,2020-09-19,FL,Paid Social
12835,2020-09-19,GA,Paid Social
16057,2020-09-19,FL,Paid Social
12920,2020-09-19,FL,Paid Social
12952,2020-09-19,WA,Email
7549,2020-09-19,FL,Email
27713,2020-09-19,CA,Organic Search
15216,2020-09-19,CA,Paid Social
7650,2020-09-19,,Paid Social
9693,2020-09-20,WA,Paid Social
15548,2020-09-20,,Organic Search
5443,2020-09-20,,Organic Search
23307,2020-09-20,IL,Affiliate
23645,2020-09-20,GA,Affiliate
183,2020-09-20,TX,Affiliate
9488,2020-09-20,TX,Organic Search
9038,2020-09-20,IL,Email
2045,2020-09-20,WA,Referral
19537,2020-09-20,FL,Paid Social
25377,2020-09-20,GA,Email
12219,2020-09-20,FL,Organic Search
3921,2020-09-20,IL,Affiliate
13190,2020-09-20,NY,Affiliate
13260,2020-09-20,WA,Organic Search
25696,2020-09-20,IL,Organic Search
18446,2020-09-20,TX,Organic Search
18271,2020-09-20,,Organic Search
25804,2020-09-20,CA,Paid Social
25828,2020-09-20,WA,Email
7083,2020-09-20,TX,Paid Social
232,2020-09-20,CA,Paid Social
27382,2020-09-20,TX,Paid Social
25760,2020-09-20,NY,Organic Search
4173,2020-09-20,TX,Paid Social
17181,2020-09-20,NY,Affiliate
10641,2020-09-21,IL,Paid Social
23184,2020-09-21,WA,Organic Search
27661,2020-09-21,NY,Organic Search
2706,2020-09-21,TX,Email
16736,2020-09-21,CA,Affiliate
13513,2020-09-21,WA,Email
1993,2020-09-21,GA,Paid Social
13211,2020-09-21,FL,Paid Social
5965,2020-09-21,WA,Paid Social
18707,2020-09-21,WA,Paid Social
19956,2020-09-21,CA,Affiliate
25017,2020-09-21,CA,Referral
26708,2020-09-21,GA,Paid Social
9680,2020-09-21,GA,Paid Social
10822,2020-09-21,NY,Organic Search
22036,2020-09-21,WA,Email
12545,2020-09-21,CA,Organic Search
22724,2020-09-21,,Paid Social
5133,2020-09-21,TX,Organic Search
540,2020-09-21,WA,Organic Search
8354,2020-09-22,CA,Paid Social
1687,2020-09-22,FL,Affiliate
24069,2020-09-22,NY,Affiliate
1797,2020-09-22,,Email
8771,2020-09-22,TX,Organic Search
407,2020-09-22,NY,Paid Social
8953,2020-09-22,IL,Organic Search
18588,2020-09-22,,Paid Social
20317,2020-09-22,GA,Email
19400,2020-09-22,NY,Paid Social
26556,2020-09-22,FL,Paid Social
22417,2020-09-22,FL,Affiliate
20540,2020-09-22,WA,Email
24002,2020-09-22,IL,Paid Social
18911,2020-09-22,NY,Paid Social
20342,2020-09-22,WA,Organic Search
28608,2020-09-22,GA,Email
5129,2020-09-22,GA,Paid Social
27016,2020-09-22,,Paid Social
21150,2020-09-22,FL,Organic Search
15449,2020-09-22,CA,Paid Social
11065,2020-09-22,TX,Organic Search
11222,2020-09-22,GA,Paid Social
6661,2020-09-22,FL,Paid Social
8528,2020-09-22,,Email
6480,2020-09-22,,Organic Search
29073,2020-09-22,GA,Paid Social
15934,2020-09-22,TX,Organic Search
26392,2020-09-22,GA,Email
24188,2020-09-22,FL,Paid Social
5754,2020-09-22,WA,Email
575,2020-09-22,TX,Referral
7887,2020-09-23,IL,Organic Search
6469,2020-09-23,CA,Affiliate
22623,2020-09-23,TX,Organic Search
21310,2020-09-23,WA,Email
6289,2020-09-23,FL,Affiliate
17778,2020-09-23,GA,Organic Search
8895,2020-09-23,FL,Organic Search
13764,2020-09-23,FL,Affiliate
12626,2020-09-23,IL,Organic Search
4918,2020-09-23,GA,Paid Social
23908,2020-09-23,FL,Paid Social
27222,2020-09-23,NY,Paid Social
2372,2020-09-23,GA,Email
25408,2020-09-23,FL,Affiliate
16490,2020-09-23,TX,Paid Social
12320,2020-09-23,FL,Affiliate
22240,2020-09-23,IL,Organic Search
20786,2020-09-23,CA,Organic Search
8481,2020-09-23,,Organic Search
23309,2020-09-23,,Paid Social
5612,2020-09-23,WA,Paid Social
29368,2020-09-23,FL,Paid Social
19693,2020-09-23,GA,Organic Search
24444,2020-09-23,FL,Organic Search
28443,2020-09-23,IL,Paid Social
10629,2020-09-23,,Organic Search
14450,2020-09-23,TX,Affiliate
3668,2020-09-23,IL,Organic Search
17813,2020-09-23,CA,Organic Search
16017,2020-09-23,FL,Affiliate
1451,2020-09-24,IL,Paid Social
15496,2020-09-24,WA,Email
966,2020-09-24,,Paid Social
3424,2020-09-24,TX,Organic Search
12825,2020-09-24,TX,Affiliate
27973,2020-09-24,TX,Email
9702,2020-09-24,IL,Organic Search
8808,2020-09-24,GA,Email
4223,2020-09-24,TX,Referral
3744,2020-09-24,FL,Organic Search
12166,2020-09-24,,Paid Social
29506,2020-09-24,CA,Paid Social
20087,2020-09-24,GA,Organic Search
28203,2020-09-24,GA,Organic Search
15596,2020-09-24,CA,Organic Search
15689,2020-09-24,GA,Organic Search
24595,2020-09-24,WA,Organic Search
22013,2020-09-24,CA,Paid Social
16035,2020-09-24,,Email
13538,2020-09-25,IL,Email
24500,2020-09-25,GA,Paid Social
24118,2020-09-25,TX,Paid Social
26805,2020-09-25,TX,Referral
8039,2020-09-25,NY,Paid Social
8769,2020-09-25,IL,Paid Social
15951,2020-09-25,IL,Affiliate
24892,2020-09-25,CA,Paid Social
21653,2020-09-25,CA,Paid Social
25666,2020-09-25,TX,Email
25576,2020-09-25,IL,Organic Search
11835,2020-09-25,NY,Paid Social
8098,2020-09-25,CA,Organic Search
8260,2020-09-25,GA,Email
25390,2020-09-25,NY,Referral
12301,2020-09-25,TX,Affiliate
26668,2020-09-25,GA,Paid Social
12937,2020-09-25,CA,Paid Social
21159,2020-09-26,GA,Affiliate
12405,2020-09-26,NY,Affiliate
5614,2020-09-26,WA,Organic Search
10930,2020-09-26,NY,Referral
13488,2020-09-26,WA,Paid Social
26778,2020-09-26,CA,Referral
9918,2020-09-26,TX,Organic Search
21482,2020-09-26,,Organic Search
16838,2020-09-26,CA,Paid Social
6778,2020-09-26,WA,Paid Social
24905,2020-09-26,WA,Referral
5131,2020-09-26,NY,Paid Social
28438,2020-09-26,GA,Paid Social
10084,2020-09-26,WA,Paid Social
13850,2020-09-26,FL,Organic Search
5751,2020-09-26,CA,Organic Search
23710,2020-09-26,WA,Organic Search
6739,2020-09-26,,Organic Search
14580,2020-09-26,TX,Organic Search
198,2020-09-26,NY,Referral
8995,2020-09-27,GA,Organic Search
29145,2020-09-27,CA,Email
10594,2020-09-27,,Organic Search
19561,2020-09-27,FL,Paid Social
8686,2020-09-27,NY,Paid Social
28164,2020-09-27,CA,Organic Search
10509,2020-09-27,TX,Email
17474,2020-09-27,,Paid Social
22035,2020-09-27,,Affiliate
27594,2020-09-27,FL,Paid Social
25527,2020-09-27,WA,Organic Search
20505,2020-09-27,TX,Paid Social
29356,2020-09-27,NY,Affiliate
4956,2020-09-27,FL,Email
11930,2020-09-27,,Organic Search
4302,2020-09-27,CA,Affiliate
4043,2020-09-27,,Paid Social
28657,2020-09-27,CA,Organic Search
15641,2020-09-27,TX,Paid Social
9407,2020-09-27,FL,Organic Search
14370,2020-09-27,NY,Email
3856,2020-09-27,IL,Organic Search
27860,2020-09-27,IL,Organic Search
3610,2020-09-28,IL,Affiliate
17976,2020-09-28,WA,Organic Search
20419,2020-09-28,CA,Referral
13362,2020-09-28,IL,Paid Social
2381,2020-09-28,CA,Email
3350,2020-09-28,NY,Organic Search
16114,2020-09-28,CA,Affiliate
18972,2020-09-28,WA,Organic Search
16735,2020-09-28,NY,Referral
14874,2020-09-28,FL,Email
30000,2020-09-28,IL,Organic Search
6524,2020-09-28,CA,Organic Search
28582,2020-09-28,IL,Organic Search
897,2020-09-28,NY,Organic Search
20861,2020-09-29,NY,Organic Search
3368,2020-09-29,NY,Organic Search
28970,2020-09-29,CA,Affiliate
24017,2020-09-29,WA,Organic Search
3522,2020-09-29,IL,Paid Social
7227,2020-09-29,,Referral
23328,2020-09-29,CA,Paid Social
18808,2020-09-29,NY,Organic Search
4488,2020-09-29,TX,Paid Social
5987,2020-09-29,TX,Paid Social
3960,2020-09-29,GA,Organic Search
19353,2020-09-29,FL,Organic Search
15185,2020-09-29,TX,Organic Search
27361,2020-09-29,GA,Paid Social
13881,2020-09-29,NY,Paid Social
27732,2020-09-29,,Organic Search
7157,2020-09-29,GA,Paid Social
435,2020-09-29,FL,Organic Search
16983,2020-09-29,GA,Affiliate
12673,2020-09-29,TX,Paid Social
8651,2020-09-29,WA,Organic Search
2841,2020-09-29,,Paid Social
3672,2020-09-29,NY,Organic Search
29223,2020-09-29,IL,Organic Search
24572,2020-09-29,WA,Organic Search
5241,2020-09-29,FL,Affiliate
628,2020-09-29,TX,Email
484,2020-09-29,CA,Paid Social
12484,2020-09-29,FL,Organic Search
5169,2020-09-30,WA,Organic Search
23195,2020-09-30,WA,Paid Social
21780,2020-09-30,NY,Organic Search
29334,2020-09-30,,Organic Search
5486,2020-09-30,TX,Affiliate
1583,2020-09-30,GA,Paid Social
26263,2020-09-30,CA,Paid Social
1603,2020-09-30,IL,Organic Search
13283,2020-09-30,,Paid Social
26484,2020-09-30,TX,Organic Search
25551,2020-09-30,GA,Organic Search
22506,2020-09-30,GA,Paid Social
10891,2020-09-30,NY,Referral
20928,2020-09-30,FL,Organic Search
3829,2020-09-30,,Email
8217,2020-09-30,NY,Paid Social
10811,2020-09-30,IL,Paid Social
10806,2020-09-30,NY,Organic Search
21076,2020-09-30,,Organic Search
12663,2020-09-30,WA,Paid Social
11603,2020-09-30,CA,Affiliate
24335,2020-09-30,NY,Paid Social
25042,2020-09-30,,Paid Social
19717,2020-09-30,FL,Organic Search
19911,2020-09-30,,Paid Social
16580,2020-10-01,GA,Paid Social
9179,2020-10-01,GA,Paid Social
18835,2020-10-01,FL,Paid Social
16332,2020-10-01,WA,Paid Social
17005,2020-10-01,GA,Referral
6520,2020-10-01,,Organic Search
17214,2020-10-01,IL,Organic Search
11509,2020-10-01,CA,Paid Social
26073,2020-10-01,CA,Organic Search
4112,2020-10-01,NY,Paid Social
14576,2020-10-01,,Paid Social
19152,2020-10-01,IL,Email
29582,2020-10-01,FL,Paid Social
10625,2020-10-01,CA,Affiliate
7852,2020-10-01,WA,Paid Social
4922,2020-10-01,TX,Email
24832,2020-10-01,,Paid Social
7275,2020-10-01,CA,Paid Social
23978,2020-10-01,WA,Affiliate
19770,2020-10-01,NY,Paid Social
8497,2020-10-01,WA,Affiliate
17167,2020-10-01,GA,Paid Social
23372,2020-10-01,NY,Affiliate
14933,2020-10-01,NY,Paid Social
29674,2020-10-01,FL,Email
8099,2020-10-02,NY,Paid Social
16041,2020-10-02,GA,Organic Search
26146,2020-10-02,GA,Organic Search
14031,2020-10-02,CA,Paid Social
12870,2020-10-02,GA,Paid Social
17422,2020-10-02,NY,Organic Search
634,2020-10-02,NY,Paid Social
7265,2020-10-02,,Email
22798,2020-10-02,FL,Organic Search
11827,2020-10-02,,Paid Social
26618,2020-10-02,FL,Organic Search
18093,2020-10-02,IL,Organic Search
20097,2020-10-02,FL,Paid Social
12053,2020-10-02,IL,Paid Social
21471,2020-10-02,NY,Organic Search
17666,2020-10-02,NY,Organic Search
20933,2020-10-02,NY,Paid Social
13099,2020-10-02,CA,Paid Social
24496,2020-10-02,GA,Email
8501,2020-10-02,NY,Paid Social
28783,2020-10-03,IL,Paid Social
2077,2020-10-03,,Organic Search
16096,2020-10-03,FL,Affiliate
27538,2020-10-03,,Paid Social
24008,2020-10-03,IL,Paid Social
293,2020-10-03,FL,Email
2904,2020-10-03,FL,Paid Social
1672,2020-10-03,GA,Referral
11500,2020-10-03,CA,Affiliate
22412,2020-10-03,NY,Organic Search
16021,2020-10-03,FL,Paid Social
5354,2020-10-03,FL,Paid Social
16658,2020-10-03,,Organic Search
2795,2020-10-03,WA,Paid Social
19289,2020-10-03,FL,Referral
21118,2020-10-03,,Email
9828,2020-10-03,WA,Paid Social
16562,2020-10-03,WA,Email
838,2020-10-03,TX,Paid Social
11343,2020-10-04,GA,Paid Social
26045,2020-10-04,TX,Paid Social
25479,2020-10-04,IL,Paid Social
8993,2020-10-04,FL,Paid Social
6042,2020-10-04,NY,Organic Search
7770,2020-10-04,IL,Email
25128,2020-10-04,TX,Paid Social
9415,2020-10-04,FL,Paid Social
18013,2020-10-04,TX,Email
2800,2020-10-04,IL,Organic Search
24585,2020-10-04,WA,Organic Search
10252,2020-10-04,TX,Organic Search
26834,2020-10-04,CA,Paid Social
17913,2020-10-04,CA,Paid Social
971,2020-10-04,NY,Paid Social
13349,2020-10-04,GA,Paid Social
29930,2020-10-04,GA,Affiliate
17558,2020-10-04,TX,Organic Search
8050,2020-10-04,NY,Organic Search
4708,2020-10-04,TX,Organic Search
9112,2020-10-04,GA,Paid Social
1078,2020-10-04,IL,Paid Social
19085,2020-10-04,FL,Affiliate
3434,2020-10-04,GA,Paid Social
26192,2020-10-05,NY,Email
12656,2020-10-05,CA,Organic Search
21988,2020-10-05,,Paid Social
6439,2020-10-05,WA,Organic Search
27831,2020-10-05,IL,Organic Search
6,2020-10-05,CA,Organic Search
12736,2020-10-05,IL,Paid Social
4222,2020-10-05,,Paid Social
1096,2020-10-05,GA,Organic Search
29591,2020-10-05,TX,Organic Search
5392,2020-10-05,,Paid Social
24057,2020-10-05,IL,Paid Social
13648,2020-10-05,TX,Paid Social
13296,2020-10-05,TX,Organic Search
9400,2020-10-05,,Organic Search
27884,2020-10-05,WA,Email
17380,2020-10-05,TX,Organic Search
26481,2020-10-05,WA,Affiliate
16456,2020-10-05,FL,Affiliate
28487,2020-10-05,CA,Organic Search
13374,2020-10-06,WA,Paid Social
20690,2020-10-06,TX,Paid Social
21007,2020-10-06,WA,Affiliate
1372,2020-10-06,,Organic Search
16789,2020-10-06,IL,Referral
24603,2020-10-06,TX,Paid Social
22549,2020-10-06,,Paid Social
28284,2020-10-06,WA,Paid Social
16066,2020-10-06,IL,Paid Social
17066,2020-10-06,FL,Paid Social
11383,2020-10-06,FL,Paid Social
26182,2020-10-06,TX,Paid Social
19393,2020-10-06,WA,Organic Search
14540,2020-10-06,GA,Paid Social
11099,2020-10-06,WA,Email
23479,2020-10-06,NY,Paid Social
4963,2020-10-06,FL,Organic Search
23310,2020-10-06,CA,Paid Social
22898,2020-10-06,TX,Organic Search
1361,2020-10-06,IL,Affiliate
21507,2020-10-06,IL,Referral
13866,2020-10-06,CA,Paid Social
5536,2020-10-06,WA,Organic Search
11746,2020-10-06,IL,Organic Search
23922,2020-10-06,IL,Organic Search
9950,2020-10-06,WA,Paid Social
22192,2020-10-06,GA,Organic Search
3360,2020-10-07,CA,Paid Social
24911,2020-10-07,,Paid Social
18585,2020-10-07,NY,Email
12778,2020-10-07,FL,Affiliate
23503,2020-10-07,TX,Email
25272,2020-10-07,IL,Paid Social
16133,2020-10-07,NY,Affiliate
25267,2020-10-07,GA,Paid Social
6321,2020-10-07,GA,Paid Social
11117,2020-10-07,IL,Affiliate
18698,2020-10-07,IL,Paid Social
14714,2020-10-07,FL,Paid Social
3439,2020-10-07,TX,Affiliate
12521,2020-10-07,NY,Organic Search
12192,2020-10-07,WA,Organic Search
9851,2020-10-07,CA,Paid Social
20765,2020-10-07,NY,Paid Social
9319,2020-10-07,,Paid Social
17405,2020-10-07,TX,Email
24929,2020-10-07,WA,Paid Social
24963,2020-10-07,TX,Paid Social
24923,2020-10-07,NY,Organic Search
19908,2020-10-07,TX,Email
24714,2020-10-07,IL,Organic Search
17190,2020-10-07,FL,Organic Search
15648,2020-10-07,NY,Email
8097,2020-10-07,CA,Organic Search
9940,2020-10-08,FL,Email
22273,2020-10-08,FL,Paid Social
26405,2020-10-08,IL,Paid Social
5509,2020-10-08,TX,Organic Search
16402,2020-10-08,CA,Email
11412,2020-10-08,WA,Paid Social
2930,2020-10-08,CA,Paid Social
4055,2020-10-08,GA,Email
28586,2020-10-08,CA,Paid Social
10777,2020-10-08,WA,Paid Social
21086,2020-10-08,,Organic Search
24569,2020-10-08,NY,Affiliate
12378,2020-10-08,CA,Email
24627,2020-10-08,CA,Paid Social
20519,2020-10-08,GA,Affiliate
15600,2020-10-08,WA,Organic Search
19134,2020-10-08,TX,Paid Social
15474,2020-10-08,FL,Organic Search
13868,2020-10-08,GA,Organic Search
28423,2020-10-08,GA,Paid Social
17182,2020-10-08,WA,Paid Social
13793,2020-10-08,TX,Paid Social
29345,2020-10-08,TX,Organic Search
29885,2020-10-08,IL,Organic Search
21193,2020-10-08,WA,Paid Social
2442,2020-10-08,FL,Paid Social
20494,2020-10-08,,Paid Social
18498,2020-10-08,GA,Organic Search
19465,2020-10-08,FL,Referral
5978,2020-10-08,IL,Organic Search
7396,2020-10-08,IL,Organic Search
8599,2020-10-09,FL,Paid Social
5710,2020-10-09,GA,Affiliate
20968,2020-10-09,WA,Paid Social
24896,2020-10-09,IL,Paid Social
14526,2020-10-09,,Paid Social
18035,2020-10-09,IL,Email
20567,2020-10-09,TX,Paid Social
22783,2020-10-09,TX,Organic Search
11609,2020-10-09,IL,Organic Search
5599,2020-10-09,IL,Paid Social
7766,2020-10-09,WA,Paid Social
20334,2020-10-09,,Paid Social
22755,2020-10-09,,Affiliate
8464,2020-10-09,FL,Email
19373,2020-10-09,WA,Paid Social
5466,2020-10-09,,Paid Social
29622,2020-10-09,IL,Email
5192,2020-10-09,IL,Email
3563,2020-10-09,IL,Organic Search
25943,2020-10-09,FL,Affiliate
28817,2020-10-09,IL,Organic Search
16634,2020-10-09,CA,Organic Search
3001,2020-10-09,CA,Paid Social
6561,2020-10-09,FL,Organic Search
26691,2020-10-09,CA,Paid Social
29443,2020-10-09,TX,Paid Social
5843,2020-10-09,IL,Organic Search
19349,2020-10-10,,Paid Social
20991,2020-10-10,NY,Paid Social
20484,2020-10-10,IL,Paid Social
27955,2020-10-10,TX,Email
10632,2020-10-10,,Email
7362,2020-10-10,WA,Paid Social
27161,2020-10-10,TX,Paid Social
11963,2020-10-10,WA,Paid Social
16715,2020-10-10,,Affiliate
26663,2020-10-10,CA,Paid Social
24061,2020-10-10,GA,Email
25619,2020-10-10,IL,Paid Social
21181,2020-10-10,WA,Organic Search
17772,2020-10-10,WA,Email
28339,2020-10-10,IL,Paid Social
7261,2020-10-11,NY,Organic Search
28885,2020-10-11,NY,Email
10288,2020-10-11,CA,Organic Search
1711,2020-10-11,TX,Organic Search
4583,2020-10-11,NY,Email
8057,2020-10-11,TX,Paid Social
9707,2020-10-11,FL,Organic Search
19402,2020-10-11,,Paid Social
28285,2020-10-11,FL,Organic Search
22671,2020-10-11,WA,Affiliate
10518,2020-10-11,NY,Paid Social
9730,2020-10-11,,Organic Search
15770,2020-10-11,TX,Organic Search
840,2020-10-11,TX,Paid Social
10615,2020-10-11,CA,Paid Social
9617,2020-10-11,FL,Paid Social
18673,2020-10-11,NY,Paid Social
6150,2020-10-12,NY,Affiliate
26411,2020-10-12,FL,Paid Social
8560,2020-10-12,WA,Email
27652,2020-10-12,WA,Organic Search
23960,2020-10-12,FL,Paid Social
27387,2020-10-12,,Paid Social
10606,2020-10-12,FL,Organic Search
14058,2020-10-12,NY,Email
5549,2020-10-12,,Organic Search
19254,2020-10-12,FL,Paid Social
13700,2020-10-12,TX,Organic Search
21203,2020-10-12,CA,Referral
9337,2020-10-12,IL,Paid Social
2785,2020-10-12,TX,Referral
15515,2020-10-12,CA,Paid Social
26854,2020-10-12,CA,Paid Social
22502,2020-10-12,WA,Organic Search
1941,2020-10-13,CA,Organic Search
17908,2020-10-13,,Paid Social
24171,2020-10-13,FL,Paid Social
27152,2020-10-13,TX,Organic Search
17180,2020-10-13,WA,Email
22209,2020-10-13,,Paid Social
9140,2020-10-13,NY,Paid Social
7012,2020-10-13,IL,Email
26007,2020-10-13,TX,Organic Search
17505,2020-10-13,NY,Paid Social
23787,2020-10-13,WA,Paid Social
2748,2020-10-13,NY,Organic Search
25981,2020-10-13,NY,Paid Social
19945,2020-10-13,GA,Paid Social
9537,2020-10-13,FL,Paid Social
3650,2020-10-13,,Affiliate
29685,2020-10-13,WA,Paid Social
8474,2020-10-13,,Organic Search
17719,2020-10-13,WA,Organic Search
28046,2020-10-13,CA,Organic Search
12989,2020-10-13,NY,Paid Social
2251,2020-10-13,WA,Organic Search
24045,2020-10-13,GA,Paid Social
21325,2020-10-13,WA,Paid Social
13241,2020-10-13,,Organic Search
12131,2020-10-13,GA,Paid Social
5069,2020-10-14,FL,Affiliate
19836,2020-10-14,,Organic Search
8246,2020-10-14,IL,Paid Social
19434,2020-10-14,GA,Paid Social
9695,2020-10-14,CA,Paid Social
8020,2020-10-14,IL,Referral
9584,2020-10-14,,Organic Search
29952,2020-10-14,WA,Paid Social
27106,2020-10-14,IL,Paid Social
13169,2020-10-14,WA,Paid Social
11413,2020-10-14,FL,Organic Search
9169,2020-10-14,NY,Organic Search
7563,2020-10-14,GA,Organic Search
3762,2020-10-15,,Email
25829,2020-10-15,GA,Paid Social
18950,2020-10-15,,Paid Social
3836,2020-10-15,TX,Paid Social
22390,2020-10-15,GA,Organic Search
20639,2020-10-15,IL,Referral
11020,2020-10-15,WA,Affiliate
5228,2020-10-15,CA,Referral
16355,2020-10-15,GA,Paid Social
2126,2020-10-15,IL,Paid Social
23994,2020-10-15,NY,Affiliate
26775,2020-10-15,WA,Organic Search
16787,2020-10-15,GA,Paid Social
8737,2020-10-15,IL,Paid Social
10366,2020-10-15,WA,Paid Social
14282,2020-10-15,NY,Paid Social
10405,2020-10-15,NY,Affiliate
4010,2020-10-15,IL,Organic Search
10676,2020-10-15,TX,Email
5636,2020-10-15,WA,Organic Search
19777,2020-10-15,IL,Paid Social
24131,2020-10-15,WA,Paid Social
11686,2020-10-15,NY,Paid Social
24235,2020-10-15,CA,Paid Social
1859,2020-10-16,GA,Email
20770,2020-10-16,,Organic Search
11313,2020-10-16,WA,Paid Social
7674,2020-10-16,IL,Paid Social
13630,2020-10-16,NY,Affiliate
23825,2020-10-16,GA,Organic Search
13726,2020-10-16,GA,Affiliate
27622,2020-10-16,CA,Paid Social
3468,2020-10-16,,Paid Social
17595,2020-10-16,FL,Email
22867,2020-10-16,IL,Email
22825,2020-10-16,NY,Organic Search
14952,2020-10-16,TX,Organic Search
1021,2020-10-16,CA,Paid Social
26610,2020-10-16,,Paid Social
15059,2020-10-16,GA,Organic Search
24628,2020-10-16,IL,Organic Search
16082,2020-10-16,NY,Organic Search
12399,2020-10-16,CA,Paid Social
13095,2020-10-16,NY,Affiliate
16193,2020-10-16,IL,Affiliate
16954,2020-10-16,FL,Affiliate
1733,2020-10-16,TX,Paid Social
12210,2020-10-16,,Organic Search
2559,2020-10-16,GA,Organic Search
29614,2020-10-16,FL,Email
12586,2020-10-16,,Organic Search
24215,2020-10-17,TX,Referral
1838,2020-10-17,FL,Paid Social
23760,2020-10-17,TX,Organic Search
24652,2020-10-17,GA,Organic Search
14146,2020-10-17,NY,Paid Social
23180,2020-10-17,FL,Paid Social
23264,2020-10-17,GA,Organic Search
13144,2020-10-17,CA,Organic Search
12540,2020-10-17,NY,Organic Search
8463,2020-10-17,WA,Organic Search
19015,2020-10-17,,Organic Search
18104,2020-10-17,,Organic Search
12234,2020-10-17,TX,Organic Search
1619,2020-10-17,NY,Paid Social
17040,2020-10-17,TX,Paid Social
28083,2020-10-17,NY,Organic Search
21579,2020-10-17,CA,Paid Social
18161,2020-10-17,TX,Paid Social
4736,2020-10-18,IL,Organic Search
23273,2020-10-18,GA,Paid Social
6901,2020-10-18,TX,Organic Search
14850,2020-10-18,IL,Paid Social
27653,2020-10-18,,Paid Social
13404,2020-10-18,TX,Paid Social
5648,2020-10-18,TX,Email
15892,2020-10-18,CA,Paid Social
11567,2020-10-18,GA,Organic Search
7785,2020-10-18,CA,Affiliate
21658,2020-10-18,GA,Organic Search
17306,2020-10-18,WA,Organic Search
23091,2020-10-18,NY,Email
13314,2020-10-18,TX,Paid Social
201,2020-10-18,NY,Paid Social
6162,2020-10-18,TX,Paid Social
5986,2020-10-18,WA,Organic Search
4181,2020-10-18,FL,Paid Social
16575,2020-10-18,FL,Organic Search
29234,2020-10-19,GA,Affiliate
28001,2020-10-19,TX,Email
12547,2020-10-19,TX,Paid Social
12658,2020-10-19,IL,Organic Search
5627,2020-10-19,IL,Paid Social
26110,2020-10-19,NY,Email
27583,2020-10-19,,Organic Search
21920,2020-10-19,CA,Paid Social
21853,2020-10-19,WA,Paid Social
8807,2020-10-19,FL,Paid Social
17062,2020-10-19,GA,Paid Social
9350,2020-10-19,GA,Referral
15443,2020-10-19,,Paid Social
13986,2020-10-19,FL,Paid Social
16076,2020-10-19,GA,Organic Search
1736,2020-10-19,GA,Referral
24022,2020-10-19,GA,Paid Social
9737,2020-10-19,NY,Paid Social
15388,2020-10-19,NY,Organic Search
13689,2020-10-19,WA,Organic Search
6511,2020-10-19,CA,Organic Search
5898,2020-10-19,GA,Paid Social
24065,2020-10-19,NY,Organic Search
14954,2020-10-19,WA,Paid Social
29388,2020-10-20,WA,Email
4579,2020-10-20,TX,Affiliate
18232,2020-10-20,,Paid Social
2692,2020-10-20,GA,Paid Social
28213,2020-10-20,,Organic Search
518,2020-10-20,IL,Email
15624,2020-10-20,,Email
28137,2020-10-20,WA,Paid Social
6977,2020-10-20,TX,Email
7733,2020-10-20,CA,Organic Search
710,2020-10-20,FL,Paid Social
18197,2020-10-20,IL,Email
21396,2020-10-20,FL,Organic Search
28332,2020-10-20,GA,Referral
13226,2020-10-20,CA,Organic Search
10708,2020-10-20,TX,Paid Social
1893,2020-10-20,IL,Email
17792,2020-10-20,FL,Paid Social
16277,2020-10-20,GA,Organic Search
13126,2020-10-20,CA,Organic Search
1880,2020-10-20,,Paid Social
11299,2020-10-20,CA,Paid Social
8589,2020-10-20,CA,Paid Social
23281,2020-10-20,CA,Organic Search
14288,2020-10-20,NY,Referral
2628,2020-10-21,FL,Paid Social
27703,2020-10-21,FL,Email
6139,2020-10-21,NY,Paid Social
25867,2020-10-21,FL,Organic Search
4347,2020-10-21,GA,Email
26375,2020-10-21,WA,Organic Search
2041,2020-10-21,WA,Referral
25940,2020-10-21,NY,Organic Search
20789,2020-10-21,,Organic Search
23993,2020-10-21,NY,Organic Search
28902,2020-10-21,TX,Paid Social
29488,2020-10-21,WA,Referral
26276,2020-10-21,WA,Paid Social
24775,2020-10-21,,Organic Search
2023,2020-10-21,TX,Affiliate
11710,2020-10-21,FL,Paid Social
28628,2020-10-21,FL,Email
5006,2020-10-21,WA,Organic Search
23870,2020-10-21,CA,Organic Search
4988,2020-10-21,GA,Paid Social
15709,2020-10-21,TX,Paid Social
17520,2020-10-21,WA,Paid Social
11885,2020-10-21,TX,Email
7376,2020-10-21,IL,Organic Search
7504,2020-10-21,CA,Organic Search
2148,2020-10-21,WA,Paid Social
28781,2020-10-22,NY,Email
7941,2020-10-22,FL,Paid Social
24015,2020-10-22,IL,Referral
7641,2020-10-22,,Paid Social
2140,2020-10-22,FL,Referral
24754,2020-10-22,,Organic Search
22048,2020-10-22,,Organic Search
12635,2020-10-22,,Email
7729,2020-10-22,TX,Affiliate
12851,2020-10-22,CA,Organic Search
18815,2020-10-22,TX,Paid Social
28782,2020-10-22,NY,Email
7209,2020-10-22,FL,Paid Social
15930,2020-10-22,TX,Paid Social
17324,2020-10-22,GA,Organic Search
3894,2020-10-22,TX,Paid Social
7004,2020-10-22,IL,Email
18094,2020-10-22,IL,Paid Social
3168,2020-10-22,,Organic Search
13342,2020-10-23,NY,Organic Search
6160,2020-10-23,NY,Email
6631,2020-10-23,GA,Paid Social
27313,2020-10-23,TX,Organic Search
7809,2020-10-23,FL,Organic Search
27655,2020-10-23,WA,Organic Search
18346,2020-10-23,GA,Referral
10743,2020-10-23,CA,Organic Search
4753,2020-10-23,CA,Paid Social
17304,2020-10-23,NY,Organic Search
11174,2020-10-23,TX,Paid Social
18737,2020-10-23,IL,Paid Social
25972,2020-10-23,CA,Email
13074,2020-10-23,GA,Paid Social
3654,2020-10-23,,Organic Search
8344,2020-10-23,CA,Paid Social
7903,2020-10-23,IL,Organic Search
20591,2020-10-23,CA,Paid Social
15479,2020-10-23,GA,Affiliate
22967,2020-10-23,,Email
8169,2020-10-23,GA,Paid Social
12088,2020-10-23,FL,Paid Social
9545,2020-10-24,TX,Paid Social
20565,2020-10-24,IL,Paid Social
23230,2020-10-24,TX,Organic Search
18782,2020-10-24,GA,Organic Search
3243,2020-10-24,WA,Paid Social
13841,2020-10-24,,Organic Search
22595,2020-10-24,TX,Paid Social
11731,2020-10-24,NY,Email
4770,2020-10-24,FL,Paid Social
27184,2020-10-24,WA,Email
7499,2020-10-24,NY,Organic Search
27718,2020-10-24,WA,Organic Search
27940,2020-10-24,TX,Organic Search
12868,2020-10-24,NY,Organic Search
10262,2020-10-24,WA,Paid Social
17103,2020-10-24,FL,Paid Social
16526,2020-10-24,CA,Paid Social
20778,2020-10-25,,Paid Social
5651,2020-10-25,FL,Email
27966,2020-10-25,GA,Organic Search
12043,2020-10-25,NY,Email
17359,2020-10-25,GA,Email
3971,2020-10-25,CA,Affiliate
9230,2020-10-25,CA,Email
6803,2020-10-25,WA,Organic Search
25290,2020-10-25,IL,Paid Social
5548,2020-10-25,NY,Organic Search
14279,2020-10-25,FL,Email
14106,2020-10-25,GA,Organic Search
810,2020-10-25,WA,Organic Search
175,2020-10-25,IL,Paid Social
14053,2020-10-25,CA,Paid Social
5738,2020-10-25,FL,Organic Search
25926,2020-10-25,FL,Organic Search
17030,2020-10-25,WA,Paid Social
24866,2020-10-25,,Organic Search
24883,2020-10-25,GA,Organic Search
19766,2020-10-25,WA,Paid Social
13251,2020-10-25,CA,Email
8137,2020-10-25,CA,Paid Social
14394,2020-10-25,IL,Paid Social
26048,2020-10-25,IL,Paid Social
7862,2020-10-25,CA,Organic Search
22335,2020-10-25,,Affiliate
14833,2020-10-25,IL,Email
23820,2020-10-26,IL,Email
664,2020-10-26,GA,Organic Search
7201,2020-10-26,FL,Paid Social
8256,2020-10-26,FL,Referral
21718,2020-10-26,TX,Paid Social
27617,2020-10-26,WA,Organic Search
28045,2020-10-26,CA,Paid Social
23900,2020-10-26,NY,Affiliate
17278,2020-10-26,CA,Email
996,2020-10-26,IL,Organic Search
25336,2020-10-26,,Paid Social
3524,2020-10-26,,Organic Search
833,2020-10-26,WA,Organic Search
12068,2020-10-26,,Affiliate
15551,2020-10-26,CA,Paid Social
2690,2020-10-26,FL,Paid Social
16525,2020-10-26,IL,Paid Social
8173,2020-10-26,TX,Paid Social
3299,2020-10-26,IL,Paid Social
6652,2020-10-26,NY,Referral
27030,2020-10-26,GA,Paid Social
7781,2020-10-26,TX,Paid Social
16480,2020-10-26,IL,Paid Social
14581,2020-10-26,FL,Paid Social
12629,2020-10-27,NY,Paid Social
7076,2020-10-27,WA,Organic Search
23580,2020-10-27,CA,Paid Social
7910,2020-10-27,,Paid Social
9912,2020-10-27,IL,Affiliate
11498,2020-10-27,,Paid Social
22691,2020-10-27,FL,Email
8248,2020-10-27,WA,Paid Social
7435,2020-10-27,WA,Organic Search
14745,2020-10-27,FL,Organic Search
22902,2020-10-27,NY,Paid Social
9373,2020-10-27,,Organic Search
26640,2020-10-27,GA,Paid Social
17668,2020-10-27,TX,Paid Social
22815,2020-10-27,,Paid Social
6922,2020-10-27,,Organic Search
19174,2020-10-27,FL,Paid Social
7307,2020-10-27,WA,Email
11730,2020-10-27,TX,Organic Search
22469,2020-10-27,CA,Paid Social
5467,2020-10-27,WA,Email
10523,2020-10-27,WA,Referral
14183,2020-10-27,TX,Referral
2144,2020-10-27,FL,Paid Social
18715,2020-10-27,TX,Organic Search
10477,2020-10-27,IL,Organic Search
11729,2020-10-27,,Organic Search
3125,2020-10-28,NY,Email
5249,2020-10-28,NY,Paid Social
23975,2020-10-28,NY,Organic Search
24134,2020-10-28,GA,Email
17341,2020-10-28,TX,Email
29198,2020-10-28,GA,Organic Search
21779,2020-10-28,,Organic Search
18186,2020-10-28,IL,Organic Search
12714,2020-10-28,NY,Paid Social
15458,2020-10-28,TX,Organic Search
29686,2020-10-28,CA,Organic Search
27374,2020-10-28,GA,Paid Social
8936,2020-10-28,WA,Paid Social
20762,2020-10-28,GA,Organic Search
28753,2020-10-28,FL,Affiliate
29359,2020-10-28,IL,Paid Social
28705,2020-10-28,IL,Organic Search
11801,2020-10-28,TX,Organic Search
19196,2020-10-28,FL,Affiliate
24578,2020-10-28,IL,Email
21,2020-10-28,,Paid Social
21559,2020-10-28,IL,Referral
23514,2020-10-29,CA,Organic Search
5980,2020-10-29,IL,Paid Social
8013,2020-10-29,FL,Paid Social
2716,2020-10-29,TX,Organic Search
7384,2020-10-29,IL,Paid Social
11806,2020-10-29,WA,Organic Search
26038,2020-10-29,IL,Organic Search
14045,2020-10-29,IL,Organic Search
23799,2020-10-29,WA,Email
19988,2020-10-29,IL,Email
19622,2020-10-29,CA,Paid Social
1535,2020-10-29,FL,Paid Social
23768,2020-10-29,IL,Paid Social
796,2020-10-29,GA,Referral
21879,2020-10-29,GA,Affiliate
10104,2020-10-29,IL,Paid Social
13096,2020-10-29,NY,Affiliate
13555,2020-10-29,IL,Email
4321,2020-10-29,NY,Paid Social
28153,2020-10-29,TX,Organic Search
809,2020-10-29,FL,Paid Social
22528,2020-10-29,NY,Email
462,2020-10-29,WA,Paid Social
2498,2020-10-29,TX,Referral
24275,2020-10-29,TX,Paid Social
6881,2020-10-29,CA,Email
4116,2020-10-29,CA,Paid Social
4776,2020-10-29,TX,Email
18055,2020-10-29,NY,Organic Search
25720,2020-10-29,,Email
28985,2020-10-30,IL,Email
7666,2020-10-30,IL,Organic Search
22386,2020-10-30,GA,Organic Search
8805,2020-10-30,CA,Paid Social
2819,2020-10-30,NY,Organic Search
1501,2020-10-30,CA,Paid Social
20178,2020-10-30,NY,Organic Search
8029,2020-10-30,,Paid Social
14264,2020-10-30,TX,Email
24255,2020-10-30,NY,Email
3638,2020-10-30,TX,Organic Search
24125,2020-10-30,GA,Organic Search
12081,2020-10-30,FL,Paid Social
7286,2020-10-30,GA,Paid Social
21567,2020-10-30,GA,Paid Social
8121,2020-10-30,CA,Organic Search
11781,2020-10-30,TX,Organic Search
21488,2020-10-30,NY,Organic Search
6003,2020-10-31,IL,Referral
7798,2020-10-31,IL,Organic Search
1697,2020-10-31,IL,Organic Search
13454,2020-10-31,NY,Organic Search
15807,2020-10-31,FL,Organic Search
25301,2020-10-31,NY,Paid Social
28187,2020-10-31,NY,Email
20201,2020-10-31,WA,Organic Search
1311,2020-10-31,NY,Organic Search
16625,2020-10-31,TX,Paid Social
19904,2020-10-31,FL,Organic Search
23748,2020-10-31,GA,Referral
14485,2020-10-31,FL,Organic Search
5669,2020-10-31,IL,Organic Search
14400,2020-10-31,FL,Organic Search
17819,2020-10-31,TX,Email
14041,2020-10-31,WA,Organic Search
11158,2020-10-31,CA,Organic Search
8691,2020-10-31,IL,Paid Social
17320,2020-10-31,IL,Paid Social
6831,2020-10-31,FL,Affiliate
17003,2020-10-31,GA,Referral
12198,2020-10-31,IL,Organic Search
19167,2020-10-31,TX,Organic Search
15686,2020-11-01,WA,Email
21724,2020-11-01,,Email
5336,2020-11-01,CA,Affiliate
23652,2020-11-01,CA,Organic Search
21164,2020-11-01,,Organic Search
28279,2020-11-01,,Organic Search
15005,2020-11-01,FL,Organic Search
3714,2020-11-01,NY,Paid Social
9782,2020-11-01,WA,Paid Social
19838,2020-11-01,TX,Paid Social
11659,2020-11-01,TX,Paid Social
952,2020-11-01,CA,Paid Social
6837,2020-11-01,GA,Paid Social
15373,2020-11-01,WA,Paid Social
8949,2020-11-01,GA,Organic Search
12051,2020-11-01,WA,Organic Search
19161,2020-11-01,NY,Paid Social
27196,2020-11-01,GA,Paid Social
24914,2020-11-01,,Organic Search
13609,2020-11-01,IL,Organic Search
27180,2020-11-01,FL,Email
16445,2020-11-01,GA,Organic Search
1074,2020-11-01,GA,Organic Search
545,2020-11-01,CA,Paid Social
5720,2020-11-01,NY,Organic Search
6506,2020-11-01,TX,Email
20564,2020-11-01,CA,Email
22741,2020-11-01,NY,Paid Social
9192,2020-11-01,CA,Organic Search
8005,2020-11-02,WA,Paid Social
9733,2020-11-02,TX,Paid Social
9831,2020-11-02,TX,Paid Social
19672,2020-11-02,WA,Paid Social
21591,2020-11-02,GA,Paid Social
21935,2020-11-02,,Email
18023,2020-11-02,,Email
24760,2020-11-02,NY,Affiliate
16944,2020-11-02,TX,Paid Social
4967,2020-11-02,CA,Affiliate
1151,2020-11-02,FL,Email
3978,2020-11-02,TX,Paid Social
29040,2020-11-02,NY,Paid Social
4786,2020-11-02,CA,Paid Social
898,2020-11-02,IL,Referral
3085,2020-11-02,TX,Email
8556,2020-11-02,CA,Paid Social
10910,2020-11-02,NY,Organic Search
11043,2020-11-02,,Affiliate
4803,2020-11-02,FL,Affiliate
28906,2020-11-02,GA,Paid Social
18500,2020-11-02,CA,Organic Search
24302,2020-11-02,FL,Paid Social
652,2020-11-02,FL,Paid Social
14307,2020-11-02,,Organic Search
1847,2020-11-02,IL,Organic Search
23630,2020-11-02,TX,Paid Social
20497,2020-11-02,GA,Paid Social
27893,2020-11-03,FL,Organic Search
14383,2020-11-03,CA,Organic Search
18392,2020-11-03,NY,Affiliate
12177,2020-11-03,FL,Organic Search
13479,2020-11-03,CA,Paid Social
2821,2020-11-03,NY,Affiliate
25473,2020-11-03,CA,Referral
17178,2020-11-03,FL,Paid Social
11494,2020-11-03,NY,Email
18575,2020-11-03,NY,Organic Search
14655,2020-11-03,NY,Paid Social
6407,2020-11-03,GA,Paid Social
9217,2020-11-03,GA,Paid Social
20462,2020-11-03,,Organic Search
4588,2020-11-03,IL,Organic Search
1410,2020-11-03,NY,Referral
21356,2020-11-03,CA,Organic Search
10273,2020-11-03,WA,Affiliate
21477,2020-11-03,NY,Paid Social
21640,2020-11-03,CA,Organic Search
1917,2020-11-03,NY,Referral
10970,2020-11-04,IL,Organic Search
29361,2020-11-04,NY,Organic Search
25871,2020-11-04,NY,Organic Search
6528,2020-11-04,GA,Email
5218,2020-11-04,IL,Email
21427,2020-11-04,WA,Organic Search
23462,2020-11-04,,Organic Search
15351,2020-11-04,NY,Organic Search
9690,2020-11-04,WA,Email
10162,2020-11-04,WA,Paid Social
24912,2020-11-04,IL,Organic Search
11310,2020-11-04,GA,Organic Search
19872,2020-11-04,IL,Organic Search
3802,2020-11-04,IL,Affiliate
6826,2020-11-05,IL,Email
1115,2020-11-05,WA,Paid Social
28728,2020-11-05,FL,Paid Social
12403,2020-11-05,WA,Paid Social
9962,2020-11-05,TX,Paid Social
26754,2020-11-05,WA,Organic Search
28529,2020-11-05,FL,Paid Social
13445,2020-11-05,FL,Organic Search
26229,2020-11-05,,Paid Social
28760,2020-11-05,TX,Paid Social
13597,2020-11-05,NY,Paid Social
28084,2020-11-05,GA,Paid Social
15163,2020-11-05,TX,Paid Social
2005,2020-11-05,GA,Organic Search
8146,2020-11-05,NY,Organic Search
14452,2020-11-05,NY,Organic Search
9548,2020-11-05,GA,Organic Search
15883,2020-11-05,FL,Paid Social
28977,2020-11-05,IL,Organic Search
27612,2020-11-06,FL,Email
9894,2020-11-06,WA,Email
5242,2020-11-06,CA,Paid Social
13446,2020-11-06,IL,Referral
6670,2020-11-06,WA,Organic Search
23175,2020-11-06,,Email
25005,2020-11-06,FL,Paid Social
21673,2020-11-06,WA,Paid Social
19299,2020-11-06,FL,Paid Social
24758,2020-11-06,WA,Organic Search
15021,2020-11-06,GA,Organic Search
29305,2020-11-06,FL,Paid Social
4752,2020-11-06,TX,Paid Social
13831,2020-11-06,,Paid Social
25815,2020-11-06,TX,Referral
3483,2020-11-06,IL,Organic Search
28778,2020-11-06,NY,Organic Search
19665,2020-11-06,WA,Paid Social
27682,2020-11-06,CA,Organic Search
8408,2020-11-06,TX,Organic Search
14176,2020-11-07,WA,Referral
27486,2020-11-07,NY,Paid Social
16545,2020-11-07,NY,Paid Social
4631,2020-11-07,TX,Organic Search
5250,2020-11-07,IL,Paid Social
15643,2020-11-07,TX,Referral
20128,2020-11-07,TX,Organic Search
28785,2020-11-07,WA,Paid Social
1656,2020-11-07,GA,Affiliate
12593,2020-11-07,NY,Paid Social
6436,2020-11-07,CA,Paid Social
11499,2020-11-07,FL,Organic Search
1863,2020-11-07,NY,Organic Search
23274,2020-11-07,GA,Email
20004,2020-11-07,WA,Paid Social
10406,2020-11-07,WA,Organic Search
9936,2020-11-07,FL,Organic Search
17486,2020-11-08,,Paid Social
22193,2020-11-08,,Organic Search
3901,2020-11-08,IL,Paid Social
28348,2020-11-08,NY,Affiliate
22490,2020-11-08,CA,Affiliate
24132,2020-11-08,CA,Affiliate
21200,2020-11-08,NY,Organic Search
20996,2020-11-08,IL,Organic Search
931,2020-11-08,CA,Organic Search
4297,2020-11-08,GA,Organic Search
15405,2020-11-08,FL,Affiliate
11775,2020-11-08,WA,Affiliate
14561,2020-11-08,CA,Email
29774,2020-11-08,WA,Paid Social
12052,2020-11-08,FL,Paid Social
16037,2020-11-08,GA,Paid Social
8721,2020-11-08,TX,Paid Social
6172,2020-11-09,WA,Paid Social
11870,2020-11-09,TX,Paid Social
17459,2020-11-09,FL,Organic Search
9761,2020-11-09,GA,Affiliate
2505,2020-11-09,WA,Organic Search
18440,2020-11-09,,Email
8884,2020-11-09,,Paid Social
8134,2020-11-09,WA,Paid Social
20338,2020-11-09,CA,Organic Search
27380,2020-11-09,TX,Paid Social
6600,2020-11-09,GA,Paid Social
25327,2020-11-09,GA,Organic Search
26399,2020-11-09,FL,Paid Social
28485,2020-11-09,CA,Email
2737,2020-11-09,TX,Affiliate
5829,2020-11-09,FL,Paid Social
2743,2020-11-09,NY,Organic Search
7961,2020-11-09,IL,Referral
6482,2020-11-09,,Paid Social
11596,2020-11-09,IL,Email
24372,2020-11-09,IL,Paid Social
25209,2020-11-09,FL,Paid Social
9732,2020-11-09,,Email
24802,2020-11-09,CA,Affiliate
14029,2020-11-09,FL,Organic Search
1738,2020-11-09,,Organic Search
16565,2020-11-09,FL,Affiliate
27492,2020-11-09,TX,Referral
17618,2020-11-10,CA,Paid Social
18757,2020-11-10,CA,Organic Search
1680,2020-11-10,GA,Paid Social
10035,2020-11-10,,Paid Social
13129,2020-11-10,NY,Email
23957,2020-11-10,WA,Paid Social
20774,2020-11-10,FL,Organic Search
20292,2020-11-10,TX,Email
22579,2020-11-10,TX,Paid Social
14875,2020-11-10,GA,Email
13155,2020-11-10,IL,Organic Search
28584,2020-11-10,CA,Email
17293,2020-11-10,NY,Organic Search
13234,2020-11-10,FL,Organic Search
2422,2020-11-10,CA,Organic Search
9288,2020-11-10,NY,Email
11238,2020-11-10,,Referral
11800,2020-11-10,GA,Paid Social
13556,2020-11-11,GA,Paid Social
9363,2020-11-11,GA,Paid Social
14142,2020-11-11,FL,Email
243,2020-11-11,FL,Affiliate
18239,2020-11-11,FL,Organic Search
3074,2020-11-11,IL,Organic Search
25776,2020-11-11,TX,Organic Search
130,2020-11-11,,Paid Social
28497,2020-11-11,WA,Organic Search
22255,2020-11-11,GA,Organic Search
21674,2020-11-11,NY,Paid Social
14846,2020-11-11,FL,Email
29371,2020-11-11,FL,Referral
17560,2020-11-11,IL,Affiliate
17391,2020-11-11,FL,Email
26302,2020-11-11,CA,Referral
11301,2020-11-11,NY,Paid Social
22265,2020-11-11,CA,Email
8935,2020-11-11,IL,Paid Social
11386,2020-11-11,IL,Paid Social
29468,2020-11-11,,Paid Social
14704,2020-11-11,IL,Paid Social
9394,2020-11-12,NY,Email
8365,2020-11-12,WA,Paid Social
20237,2020-11-12,FL,Organic Search
10700,2020-11-12,GA,Paid Social
24956,2020-11-12,TX,Paid Social
23613,2020-11-12,WA,Paid Social
17284,2020-11-12,FL,Email
13483,2020-11-12,,Paid Social
11575,2020-11-12,IL,Email
22000,2020-11-12,TX,Paid Social
21075,2020-11-12,NY,Organic Search
14703,2020-11-12,CA,Paid Social
22082,2020-11-12,TX,Paid Social
8859,2020-11-12,,Paid Social
19580,2020-11-12,TX,Organic Search
21057,2020-11-12,WA,Affiliate
9510,2020-11-12,WA,Organic Search
3804,2020-11-12,,Affiliate
2842,2020-11-12,NY,Email
116,2020-11-12,CA,Referral
2840,2020-11-12,TX,Paid Social
18596,2020-11-12,,Affiliate
24690,2020-11-12,WA,Referral
9538,2020-11-12,IL,Email
13154,2020-11-12,FL,Paid Social
12007,2020-11-12,CA,Paid Social
8082,2020-11-12,NY,Organic Search
1931,2020-11-12,FL,Paid Social
29156,2020-11-12,CA,Paid Social
565,2020-11-12,WA,Paid Social
15638,2020-11-13,,Organic Search
15639,2020-11-13,NY,Email
13335,2020-11-13,WA,Paid Social
17168,2020-11-13,IL,Affiliate
4669,2020-11-13,GA,Paid Social
6942,2020-11-13,FL,Referral
15504,2020-11-13,TX,Affiliate
14236,2020-11-13,CA,Affiliate
13300,2020-11-13,,Organic Search
16897,2020-11-13,TX,Organic Search
18475,2020-11-13,TX,Affiliate
23525,2020-11-13,FL,Organic Search
7655,2020-11-13,NY,Email
7492,2020-11-13,GA,Paid Social
27569,2020-11-13,IL,Paid Social
20600,2020-11-13,,Affiliate
15414,2020-11-13,CA,Paid Social
18276,2020-11-13,IL,Paid Social
21161,2020-11-13,CA,Organic Search
13434,2020-11-13,CA,Paid Social
3758,2020-11-13,WA,Paid Social
19791,2020-11-13,CA,Organic Search
19840,2020-11-13,GA,Referral
23771,2020-11-14,TX,Organic Search
20166,2020-11-14,NY,Organic Search
5139,2020-11-14,IL,Paid Social
28703,2020-11-14,TX,Email
4747,2020-11-14,IL,Organic Search
14327,2020-11-14,,Paid Social
17621,2020-11-14,,Organic Search
12203,2020-11-14,NY,Organic Search
28456,2020-11-14,CA,Referral
3192,2020-11-14,NY,Affiliate
5118,2020-11-14,GA,Paid Social
24862,2020-11-14,IL,Paid Social
7691,2020-11-14,IL,Organic Search
28526,2020-11-14,CA,Paid Social
4807,2020-11-14,FL,Organic Search
27253,2020-11-14,IL,Organic Search
18147,2020-11-14,TX,Email
19512,2020-11-14,FL,Organic Search
18138,2020-11-14,,Referral
25962,2020-11-14,CA,Referral
5524,2020-11-14,WA,Paid Social
968,2020-11-14,,Organic Search
1131,2020-11-14,IL,Email
17257,2020-11-14,IL,Organic Search
17669,2020-11-14,IL,Paid Social
617,2020-11-14,IL,Organic Search
20021,2020-11-14,,Paid Social
22787,2020-11-14,FL,Paid Social
25725,2020-11-15,GA,Paid Social
12350,2020-11-15,WA,Organic Search
13064,2020-11-15,WA,Affiliate
22821,2020-11-15,GA,Organic Search
4025,2020-11-15,WA,Paid Social
21444,2020-11-15,IL,Paid Social
11776,2020-11-15,GA,Paid Social
22033,2020-11-15,,Paid Social
10350,2020-11-15,CA,Paid Social
7906,2020-11-15,TX,Affiliate
4754,2020-11-15,WA,Paid Social
3622,2020-11-15,WA,Organic Search
19188,2020-11-15,GA,Paid Social
29153,2020-11-15,FL,Paid Social
8496,2020-11-15,IL,Affiliate
12919,2020-11-15,,Organic Search
5557,2020-11-15,GA,Organic Search
15084,2020-11-15,CA,Organic Search
14545,2020-11-15,TX,Paid Social
17717,2020-11-15,CA,Paid Social
3572,2020-11-15,TX,Paid Social
17712,2020-11-15,,Email
5948,2020-11-15,TX,Organic Search
25411,2020-11-15,FL,Organic Search
23132,2020-11-15,NY,Organic Search
10002,2020-11-15,WA,Paid Social
28224,2020-11-15,,Paid Social
25794,2020-11-16,WA,Paid Social
5248,2020-11-16,IL,Referral
12308,2020-11-16,NY,Affiliate
17247,2020-11-16,FL,Organic Search
25825,2020-11-16,TX,Paid Social
21906,2020-11-16,NY,Paid Social
10404,2020-11-16,CA,Organic Search
24169,2020-11-16,FL,Affiliate
13639,2020-11-16,FL,Paid Social
15706,2020-11-16,,Paid Social
25191,2020-11-16,IL,Affiliate
14756,2020-11-16,IL,Email
29950,2020-11-16,IL,Paid Social
14800,2020-11-16,IL,Email
23323,2020-11-16,FL,Organic Search
11933,2020-11-16,FL,Organic Search
3126,2020-11-16,TX,Paid Social
641,2020-11-16,TX,Organic Search
20851,2020-11-16,TX,Organic Search
22978,2020-11-16,IL,Organic Search
11295,2020-11-16,WA,Organic Search
7199,2020-11-16,FL,Affiliate
11821,2020-11-16,WA,Affiliate
18940,2020-11-16,TX,Paid Social
24848,2020-11-16,WA,Organic Search
27007,2020-11-16,WA,Affiliate
5381,2020-11-17,,Organic Search
24738,2020-11-17,IL,Paid Social
25323,2020-11-17,TX,Paid Social
23115,2020-11-17,GA,Affiliate
17990,2020-11-17,CA,Organic Search
8413,2020-11-17,FL,Paid Social
27434,2020-11-17,IL,Paid Social
26989,2020-11-17,CA,Email
22661,2020-11-17,FL,Affiliate
8644,2020-11-17,TX,Organic Search
4640,2020-11-17,WA,Email
9361,2020-11-17,,Paid Social
16168,2020-11-17,NY,Affiliate
23549,2020-11-17,TX,Affiliate
2616,2020-11-17,,Organic Search
3647,2020-11-17,FL,Paid Social
8079,2020-11-17,TX,Paid Social
17400,2020-11-17,CA,Affiliate
14716,2020-11-17,NY,Organic Search
10897,2020-11-17,CA,Organic Search
26457,2020-11-17,FL,Organic Search
18037,2020-11-17,CA,Paid Social
3322,2020-11-17,IL,Organic Search
5308,2020-11-17,CA,Paid Social
17598,2020-11-17,NY,Organic Search
5296,2020-11-17,,Organic Search
14417,2020-11-17,NY,Email
16744,2020-11-18,TX,Affiliate
8283,2020-11-18,NY,Referral
10767,2020-11-18,NY,Paid Social
19130,2020-11-18,GA,Organic Search
1213,2020-11-18,NY,Organic Search
9150,2020-11-18,FL,Paid Social
10858,2020-11-18,IL,Organic Search
13417,2020-11-18,,Organic Search
17527,2020-11-18,TX,Email
20914,2020-11-18,WA,Organic Search
15072,2020-11-18,,Organic Search
11940,2020-11-18,TX,Paid Social
17251,2020-11-18,GA,Organic Search
25650,2020-11-18,GA,Paid Social
9518,2020-11-18,NY,Email
19521,2020-11-18,WA,Referral
18699,2020-11-18,CA,Organic Search
5420,2020-11-18,GA,Paid Social
26759,2020-11-18,IL,Email
13566,2020-11-18,,Paid Social
29038,2020-11-18,NY,Organic Search
21420,2020-11-18,FL,Paid Social
16387,2020-11-18,TX,Organic Search
28154,2020-11-18,,Email
16960,2020-11-18,IL,Affiliate
20979,2020-11-18,NY,Organic Search
8826,2020-11-19,,Paid Social
29836,2020-11-19,TX,Organic Search
3121,2020-11-19,WA,Organic Search
17811,2020-11-19,GA,Referral
11842,2020-11-19,WA,Paid Social
13984,2020-11-19,NY,Organic Search
20268,2020-11-19,WA,Paid Social
2307,2020-11-19,GA,Organic Search
5588,2020-11-19,WA,Paid Social
10802,2020-11-19,NY,Email
21978,2020-11-19,IL,Organic Search
9064,2020-11-19,NY,Paid Social
19901,2020-11-19,IL,Organic Search
6072,2020-11-19,NY,Paid Social
5051,2020-11-19,NY,Organic Search
21100,2020-11-19,CA,Paid Social
26463,2020-11-19,IL,Affiliate
14799,2020-11-19,IL,Paid Social
25522,2020-11-19,WA,Organic Search
9522,2020-11-19,TX,Paid Social
17264,2020-11-19,WA,Paid Social
23653,2020-11-19,TX,Paid Social
20149,2020-11-20,TX,Paid Social
29189,2020-11-20,NY,Paid Social
5817,2020-11-20,IL,Organic Search
12899,2020-11-20,GA,Referral
7236,2020-11-20,FL,Paid Social
15033,2020-11-20,,Organic Search
1454,2020-11-20,FL,Paid Social
21606,2020-11-20,NY,Email
3139,2020-11-20,GA,Paid Social
19300,2020-11-20,WA,Email
5424,2020-11-20,NY,Paid Social
28068,2020-11-20,IL,Paid Social
29894,2020-11-20,TX,Email
27862,2020-11-20,GA,Email
21633,2020-11-20,TX,Email
28130,2020-11-20,CA,Paid Social
22142,2020-11-20,IL,Organic Search
12380,2020-11-20,TX,Affiliate
360,2020-11-20,IL,Paid Social
29651,2020-11-20,IL,Paid Social
2600,2020-11-20,FL,Organic Search
4951,2020-11-20,WA,Paid Social
28307,2020-11-20,,Paid Social
24004,2020-11-20,CA,Affiliate
20844,2020-11-20,FL,Affiliate
3552,2020-11-20,FL,Organic Search
17899,2020-11-20,,Paid Social
2973,2020-11-20,IL,Email
2060,2020-11-20,TX,Paid Social
4049,2020-11-20,WA,Referral
12430,2020-11-20,WA,Paid Social
20877,2020-11-20,GA,Affiliate
25964,2020-11-21,NY,Paid Social
27181,2020-11-21,TX,Affiliate
24876,2020-11-21,FL,Paid Social
8350,2020-11-21,NY,Paid Social
27980,2020-11-21,WA,Affiliate
26409,2020-11-21,CA,Paid Social
22294,2020-11-21,WA,Organic Search
3191,2020-11-21,WA,Paid Social
22508,2020-11-21,TX,Email
14004,2020-11-21,GA,Paid Social
25414,2020-11-21,TX,Paid Social
3267,2020-11-21,FL,Paid Social
29215,2020-11-21,FL,Paid Social
28240,2020-11-21,FL,Paid Social
5425,2020-11-21,IL,Paid Social
10349,2020-11-21,WA,Paid Social
27910,2020-11-21,WA,Affiliate
13917,2020-11-21,WA,Email
24104,2020-11-21,TX,Paid Social
27780,2020-11-21,GA,Organic Search
15626,2020-11-21,,Paid Social
23873,2020-11-21,TX,Email
17545,2020-11-22,WA,Paid Social
13964,2020-11-22,FL,Organic Search
17064,2020-11-22,IL,Organic Search
11724,2020-11-22,FL,Paid Social
20247,2020-11-22,,Paid Social
12134,2020-11-22,IL,Organic Search
16938,2020-11-22,IL,Organic Search
1066,2020-11-22,,Email
11623,2020-11-22,TX,Organic Search
14628,2020-11-22,,Organic Search
20272,2020-11-22,IL,Email
15155,2020-11-22,NY,Paid Social
19914,2020-11-22,GA,Paid Social
24835,2020-11-22,IL,Email
1495,2020-11-22,,Paid Social
16707,2020-11-22,,Affiliate
3681,2020-11-22,NY,Email
8257,2020-11-22,FL,Organic Search
16127,2020-11-22,WA,Referral
28775,2020-11-22,GA,Organic Search
14748,2020-11-22,GA,Paid Social
25924,2020-11-22,WA,Organic Search
20460,2020-11-22,IL,Paid Social
5554,2020-11-22,CA,Paid Social
28899,2020-11-23,FL,Organic Search
1193,2020-11-23,CA,Paid Social
17067,2020-11-23,WA,Paid Social
27562,2020-11-23,GA,Organic Search
22012,2020-11-23,,Email
17376,2020-11-23,,Email
20144,2020-11-23,GA,Paid Social
15837,2020-11-23,IL,Affiliate
12926,2020-11-23,IL,Paid Social
24950,2020-11-23,TX,Affiliate
2176,2020-11-23,TX,Email
21647,2020-11-23,CA,Email
27547,2020-11-23,WA,Paid Social
18794,2020-11-23,,Affiliate
6325,2020-11-23,,Organic Search
21827,2020-11-23,WA,Paid Social
10614,2020-11-23,TX,Paid Social
2789,2020-11-23,IL,Affiliate
29173,2020-11-23,WA,Paid Social
17153,2020-11-23,WA,Affiliate
6411,2020-11-23,WA,Organic Search
9661,2020-11-23,,Paid Social
4857,2020-11-23,IL,Organic Search
25421,2020-11-23,CA,Affiliate
4061,2020-11-23,CA,Organic Search
15532,2020-11-23,FL,Paid Social
23864,2020-11-23,,Organic Search
7033,2020-11-24,TX,Paid Social
13432,2020-11-24,IL,Affiliate
26626,2020-11-24,,Organic Search
3461,2020-11-24,FL,Organic Search
4547,2020-11-24,NY,Organic Search
1105,2020-11-24,TX,Affiliate
1620,2020-11-24,FL,Email
1995,2020-11-24,FL,Email
26211,2020-11-24,WA,Email
14092,2020-11-24,WA,Paid Social
18511,2020-11-24,,Paid Social
18520,2020-11-24,FL,Paid Social
26751,2020-11-24,WA,Paid Social
1751,2020-11-24,TX,Paid Social
11197,2020-11-24,NY,Email
11852,2020-11-24,GA,Referral
28543,2020-11-24,GA,Affiliate
22177,2020-11-24,,Paid Social
22089,2020-11-24,CA,Paid Social
16211,2020-11-24,,Affiliate
25792,2020-11-24,NY,Paid Social
19459,2020-11-24,WA,Organic Search
29986,2020-11-25,NY,Paid Social
9987,2020-11-25,TX,Paid Social
10152,2020-11-25,FL,Organic Search
19673,2020-11-25,,Paid Social
8715,2020-11-25,FL,Referral
132,2020-11-25,NY,Organic Search
1795,2020-11-25,GA,Organic Search
7703,2020-11-25,GA,Paid Social
14466,2020-11-25,IL,Paid Social
11525,2020-11-25,TX,Paid Social
6640,2020-11-25,NY,Paid Social
5571,2020-11-25,NY,Affiliate
5572,2020-11-25,TX,Organic Search
11755,2020-11-25,TX,Paid Social
25906,2020-11-25,NY,Organic Search
21527,2020-11-25,GA,Paid Social
27708,2020-11-25,CA,Paid Social
700,2020-11-25,WA,Paid Social
22592,2020-11-25,NY,Affiliate
3003,2020-11-25,FL,Organic Search
17751,2020-11-25,WA,Email
6896,2020-11-25,NY,Referral
28268,2020-11-25,NY,Organic Search
23624,2020-11-25,CA,Organic Search
15347,2020-11-26,IL,Paid Social
26621,2020-11-26,GA,Email
9613,2020-11-26,WA,Affiliate
4681,2020-11-26,WA,Organic Search
24623,2020-11-26,NY,Paid Social
8105,2020-11-26,CA,Email
29800,2020-11-26,IL,Email
9551,2020-11-26,WA,Organic Search
16869,2020-11-26,WA,Organic Search
20937,2020-11-26,,Paid Social
22449,2020-11-26,TX,Affiliate
22972,2020-11-26,GA,Email
20812,2020-11-26,,Paid Social
19700,2020-11-26,IL,Paid Social
25365,2020-11-26,FL,Email
27694,2020-11-26,,Paid Social
9758,2020-11-26,GA,Affiliate
19169,2020-11-26,IL,Organic Search
11094,2020-11-26,IL,Paid Social
17423,2020-11-26,WA,Organic Search
8853,2020-11-26,IL,Organic Search
28603,2020-11-26,NY,Organic Search
4089,2020-11-26,FL,Email
20037,2020-11-26,IL,Paid Social
11260,2020-11-26,WA,Organic Search
22400,2020-11-26,FL,Paid Social
22806,2020-11-27,TX,Paid Social
14308,2020-11-27,,Organic Search
19729,2020-11-27,IL,Email
13552,2020-11-27,GA,Paid Social
24113,2020-11-27,GA,Paid Social
26376,2020-11-27,FL,Paid Social
11990,2020-11-27,WA,Affiliate
16010,2020-11-27,,Paid Social
14361,2020-11-27,FL,Affiliate
76,2020-11-27,FL,Email
11074,2020-11-27,,Organic Search
1829,2020-11-27,CA,Email
29607,2020-11-27,WA,Paid Social
14919,2020-11-27,WA,Email
21254,2020-11-27,TX,Paid Social
21665,2020-11-27,IL,Organic Search
5565,2020-11-27,FL,Affiliate
21129,2020-11-27,TX,Organic Search
29714,2020-11-27,WA,Paid Social
128,2020-11-28,CA,Referral
9022,2020-11-28,,Referral
1604,2020-11-28,,Paid Social
16269,2020-11-28,FL,Paid Social
10003,2020-11-28,,Organic Search
16413,2020-11-28,CA,Email
13143,2020-11-28,CA,Paid Social
9298,2020-11-28,NY,Email
22034,2020-11-28,WA,Affiliate
27054,2020-11-28,FL,Organic Search
28678,2020-11-28,,Organic Search
8371,2020-11-28,,Organic Search
10768,2020-11-28,TX,Paid Social
12613,2020-11-28,CA,Organic Search
24643,2020-11-28,FL,Organic Search
19385,2020-11-28,TX,Referral
21513,2020-11-28,TX,Organic Search
24897,2020-11-28,GA,Paid Social
3947,2020-11-28,IL,Paid Social
27929,2020-11-28,,Affiliate
18694,2020-11-28,,Paid Social
28626,2020-11-29,NY,Organic Search
121,2020-11-29,TX,Email
4435,2020-11-29,TX,Organic Search
12488,2020-11-29,,Organic Search
24014,2020-11-29,,Paid Social
13987,2020-11-29,IL,Organic Search
19466,2020-11-29,TX,Organic Search
4523,2020-11-29,WA,Referral
18477,2020-11-29,NY,Paid Social
22126,2020-11-29,WA,Organic Search
26072,2020-11-29,FL,Affiliate
6804,2020-11-29,,Paid Social
10688,2020-11-29,CA,Organic Search
12564,2020-11-29,NY,Affiliate
8621,2020-11-29,GA,Affiliate
93,2020-11-29,FL,Email
24567,2020-11-29,CA,Paid Social
5881,2020-11-29,,Organic Search
22274,2020-11-29,FL,Affiliate
19040,2020-11-29,IL,Organic Search
18824,2020-11-30,WA,Referral
16553,2020-11-30,GA,Organic Search
26997,2020-11-30,IL,Paid Social
10589,2020-11-30,,Email
19057,2020-11-30,WA,Paid Social
17959,2020-11-30,NY,Organic Search
1387,2020-11-30,IL,Email
18858,2020-11-30,NY,Affiliate
6609,2020-11-30,GA,Affiliate
23260,2020-11-30,,Paid Social
7925,2020-11-30,GA,Affiliate
23925,2020-11-30,TX,Paid Social
17932,2020-11-30,IL,Paid Social
14932,2020-11-30,CA,Paid Social
5539,2020-11-30,TX,Paid Social
1380,2020-11-30,WA,Paid Social
16032,2020-11-30,CA,Organic Search
9429,2020-11-30,GA,Paid Social
1627,2020-11-30,CA,Organic Search
9392,2020-11-30,CA,Affiliate
21936,2020-11-30,GA,Organic Search
21962,2020-11-30,IL,Paid Social
27170,2020-11-30,GA,Paid Social
19835,2020-11-30,IL,Paid Social
6410,2020-11-30,NY,Affiliate
11143,2020-11-30,TX,Organic Search
24304,2020-11-30,CA,Organic Search
22245,2020-12-01,WA,Email
11403,2020-12-01,TX,Referral
13295,2020-12-01,WA,Paid Social
4910,2020-12-01,WA,Paid Social
18525,2020-12-01,GA,Paid Social
19859,2020-12-01,WA,Affiliate
26695,2020-12-01,,Organic Search
5602,2020-12-01,IL,Paid Social
2465,2020-12-01,CA,Paid Social
9083,2020-12-01,CA,Paid Social
21238,2020-12-01,NY,Organic Search
397,2020-12-01,TX,Referral
7647,2020-12-01,CA,Paid Social
27828,2020-12-01,TX,Organic Search
6267,2020-12-01,IL,Affiliate
4934,2020-12-01,CA,Paid Social
4339,2020-12-01,TX,Paid Social
7101,2020-12-01,WA,Organic Search
10169,2020-12-01,,Paid Social
20752,2020-12-01,IL,Paid Social
15929,2020-12-01,FL,Paid Social
12352,2020-12-01,NY,Referral
14374,2020-12-01,NY,Paid Social
7415,2020-12-01,CA,Paid Social
12830,2020-12-01,TX,Organic Search
1533,2020-12-01,TX,Email
24511,2020-12-01,FL,Paid Social
3859,2020-12-01,WA,Paid Social
7434,2020-12-01,GA,Organic Search
21346,2020-12-02,IL,Paid Social
17576,2020-12-02,NY,Email
2614,2020-12-02,IL,Email
29627,2020-12-02,IL,Paid Social
24659,2020-12-02,CA,Organic Search
3974,2020-12-02,,Email
28850,2020-12-02,,Paid Social
16202,2020-12-02,,Email
3017,2020-12-02,IL,Email
9581,2020-12-02,IL,Organic Search
7064,2020-12-02,GA,Email
4081,2020-12-02,TX,Paid Social
20764,2020-12-02,IL,Email
5269,2020-12-02,FL,Referral
29773,2020-12-02,GA,Paid Social
24339,2020-12-02,CA,Paid Social
28912,2020-12-02,CA,Organic Search
13461,2020-12-02,NY,Affiliate
17051,2020-12-02,TX,Paid Social
1467,2020-12-02,GA,Affiliate
28601,2020-12-02,GA,Paid Social
9798,2020-12-02,,Paid Social
24722,2020-12-02,TX,Organic Search
21894,2020-12-02,FL,Referral
21143,2020-12-03,GA,Organic Search
6336,2020-12-03,FL,Email
22627,2020-12-03,GA,Paid Social
24721,2020-12-03,FL,Paid Social
24393,2020-12-03,TX,Paid Social
8821,2020-12-03,,Organic Search
560,2020-12-03,GA,Paid Social
25739,2020-12-03,WA,Paid Social
3957,2020-12-03,WA,Affiliate
21637,2020-12-03,TX,Organic Search
21614,2020-12-03,FL,Referral
12050,2020-12-03,TX,Organic Search
10797,2020-12-03,,Paid Social
28010,2020-12-03,WA,Organic Search
5652,2020-12-03,IL,Paid Social
15393,2020-12-03,CA,Organic Search
8145,2020-12-03,IL,Affiliate
26589,2020-12-03,CA,Affiliate
14479,2020-12-03,CA,Organic Search
8699,2020-12-03,CA,Paid Social
14144,2020-12-03,NY,Paid Social
19007,2020-12-03,WA,Email
1592,2020-12-03,NY,Affiliate
589,2020-12-03,,Organic Search
15061,2020-12-04,IL,Organic Search
2950,2020-12-04,,Affiliate
21113,2020-12-04,IL,Paid Social
23275,2020-12-04,GA,Organic Search
20107,2020-12-04,IL,Referral
26138,2020-12-04,,Paid Social
13037,2020-12-04,TX,Paid Social
23822,2020-12-04,GA,Email
8439,2020-12-04,GA,Paid Social
3453,2020-12-04,CA,Paid Social
11447,2020-12-04,NY,Referral
5924,2020-12-04,,Paid Social
14761,2020-12-04,GA,Paid Social
5999,2020-12-04,NY,Paid Social
11024,2020-12-04,,Paid Social
19605,2020-12-04,NY,Affiliate
4447,2020-12-04,IL,Organic Search
3835,2020-12-04,GA,Paid Social
27525,2020-12-04,IL,Organic Search
2887,2020-12-04,NY,Paid Social
7964,2020-12-04,CA,Paid Social
24642,2020-12-04,NY,Organic Search
13666,2020-12-04,GA,Referral
12750,2020-12-04,FL,Paid Social
18351,2020-12-05,GA,Organic Search
23127,2020-12-05,FL,Organic Search
18955,2020-12-05,NY,Organic Search
24869,2020-12-05,NY,Organic Search
25562,2020-12-05,GA,Organic Search
9199,2020-12-05,FL,Paid Social
1571,2020-12-05,FL,Paid Social
23986,2020-12-05,GA,Paid Social
707,2020-12-05,,Paid Social
25902,2020-12-05,,Paid Social
17507,2020-12-05,GA,Paid Social
25219,2020-12-05,WA,Paid Social
2636,2020-12-05,IL,Paid Social
23375,2020-12-05,,Organic Search
1059,2020-12-05,FL,Paid Social
9028,2020-12-05,FL,Organic Search
27904,2020-12-05,FL,Referral
17111,2020-12-05,TX,Email
21655,2020-12-05,FL,Email
16288,2020-12-05,WA,Paid Social
8920,2020-12-05,CA,Paid Social
19824,2020-12-05,IL,Paid Social
7062,2020-12-05,NY,Paid Social
20265,2020-12-05,GA,Organic Search
17616,2020-12-06,WA,Paid Social
3015,2020-12-06,GA,Paid Social
3875,2020-12-06,GA,Organic Search
977,2020-12-06,TX,Paid Social
2900,2020-12-06,WA,Organic Search
17126,2020-12-06,IL,Paid Social
26119,2020-12-06,CA,Organic Search
5541,2020-12-06,FL,Organic Search
22175,2020-12-06,GA,Email
15561,2020-12-06,GA,Paid Social
10899,2020-12-06,FL,Organic Search
10156,2020-12-06,CA,Paid Social
20950,2020-12-06,GA,Organic Search
29549,2020-12-06,NY,Organic Search
11656,2020-12-06,FL,Paid Social
5039,2020-12-06,WA,Email
23949,2020-12-06,WA,Paid Social
27665,2020-12-06,,Organic Search
27421,2020-12-07,FL,Organic Search
10383,2020-12-07,WA,Organic Search
11833,2020-12-07,WA,Email
10227,2020-12-07,,Email
7988,2020-12-07,NY,Paid Social
4042,2020-12-07,NY,Organic Search
16626,2020-12-07,WA,Paid Social
16638,2020-12-07,,Organic Search
27561,2020-12-07,,Organic Search
21561,2020-12-07,GA,Email
22697,2020-12-07,FL,Organic Search
8617,2020-12-07,TX,Affiliate
24385,2020-12-07,WA,Email
27688,2020-12-07,CA,Organic Search
785,2020-12-07,NY,Organic Search
16888,2020-12-07,CA,Paid Social
2142,2020-12-07,IL,Paid Social
17198,2020-12-07,FL,Paid Social
19959,2020-12-07,WA,Paid Social
22786,2020-12-08,GA,Organic Search
3059,2020-12-08,IL,Organic Search
542,2020-12-08,,Paid Social
7272,2020-12-08,TX,Affiliate
20308,2020-12-08,WA,Organic Search
4304,2020-12-08,FL,Paid Social
7280,2020-12-08,IL,Paid Social
3080,2020-12-08,FL,Affiliate
1249,2020-12-08,TX,Affiliate
25095,2020-12-08,GA,Paid Social
20794,2020-12-08,FL,Paid Social
18775,2020-12-08,FL,Paid Social
28725,2020-12-08,GA,Paid Social
3205,2020-12-08,WA,Paid Social
7118,2020-12-08,CA,Organic Search
13310,2020-12-08,GA,Paid Social
19427,2020-12-08,TX,Organic Search
28996,2020-12-08,GA,Paid Social
15184,2020-12-08,FL,Paid Social
28273,2020-12-08,NY,Paid Social
27077,2020-12-08,,Paid Social
7848,2020-12-08,TX,Paid Social
21470,2020-12-08,NY,Paid Social
8647,2020-12-08,,Paid Social
9780,2020-12-08,WA,Paid Social
6577,2020-12-08,WA,Affiliate
23119,2020-12-08,,Email
29979,2020-12-08,NY,Organic Search
28654,2020-12-09,IL,Paid Social
20262,2020-12-09,WA,Referral
12971,2020-12-09,WA,Paid Social
24928,2020-12-09,FL,Paid Social
582,2020-12-09,,Affiliate
11473,2020-12-09,WA,Affiliate
3528,2020-12-09,GA,Email
22079,2020-12-09,GA,Email
9633,2020-12-09,GA,Organic Search
24745,2020-12-09,FL,Paid Social
10139,2020-12-09,CA,Paid Social
13240,2020-12-09,GA,Affiliate
26736,2020-12-09,TX,Paid Social
4574,2020-12-09,NY,Email
27796,2020-12-09,IL,Email
29191,2020-12-09,NY,Paid Social
25439,2020-12-09,TX,Paid Social
12876,2020-12-09,TX,Paid Social
6188,2020-12-09,IL,Organic Search
4571,2020-12-09,TX,Paid Social
27040,2020-12-09,,Affiliate
6334,2020-12-09,TX,Paid Social
23126,2020-12-09,TX,Paid Social
7182,2020-12-09,NY,Paid Social
26740,2020-12-09,,Paid Social
23025,2020-12-09,CA,Paid Social
16458,2020-12-09,CA,Email
20205,2020-12-09,TX,Referral
3796,2020-12-09,WA,Paid Social
12324,2020-12-09,FL,Paid Social
11987,2020-12-10,TX,Organic Search
5641,2020-12-10,,Paid Social
261,2020-12-10,GA,Paid Social
19555,2020-12-10,TX,Affiliate
14127,2020-12-10,IL,Paid Social
15275,2020-12-10,,Paid Social
27076,2020-12-10,WA,Paid Social
29764,2020-12-10,,Paid Social
24323,2020-12-10,IL,Organic Search
5493,2020-12-10,CA,Paid Social
9915,2020-12-10,TX,Paid Social
17252,2020-12-10,FL,Paid Social
23887,2020-12-10,IL,Paid Social
17830,2020-12-10,IL,Paid Social
13412,2020-12-10,,Organic Search
26117,2020-12-10,CA,Organic Search
15607,2020-12-10,TX,Email
15719,2020-12-10,IL,Paid Social
9418,2020-12-10,NY,Organic Search
26295,2020-12-10,TX,Paid Social
7550,2020-12-11,,Email
28321,2020-12-11,IL,Email
21553,2020-12-11,WA,Paid Social
17448,2020-12-11,NY,Paid Social
6251,2020-12-11,CA,Paid Social
13320,2020-12-11,TX,Paid Social
20586,2020-12-11,IL,Referral
22276,2020-12-11,GA,Paid Social
1576,2020-12-11,FL,Organic Search
20162,2020-12-11,NY,Affiliate
20961,2020-12-11,,Referral
6311,2020-12-11,WA,Paid Social
20500,2020-12-11,TX,Organic Search
17727,2020-12-11,GA,Organic Search
12358,2020-12-11,IL,Email
16192,2020-12-11,,Organic Search
20400,2020-12-11,GA,Paid Social
6732,2020-12-11,TX,Organic Search
19252,2020-12-11,CA,Paid Social
25988,2020-12-11,CA,Organic Search
17388,2020-12-11,WA,Paid Social
27608,2020-12-11,FL,Paid Social
26672,2020-12-11,IL,Organic Search
22210,2020-12-11,WA,Paid Social
22823,2020-12-11,IL,Paid Social
23567,2020-12-11,GA,Affiliate
10879,2020-12-11,IL,Organic Search
18460,2020-12-11,,Paid Social
13152,2020-12-11,WA,Organic Search
11021,2020-12-11,,Email
25194,2020-12-12,NY,Organic Search
13682,2020-12-12,WA,Email
26733,2020-12-12,CA,Paid Social
18541,2020-12-12,WA,Email
26377,2020-12-12,WA,Email
22667,2020-12-12,NY,Email
6501,2020-12-12,GA,Organic Search
25929,2020-12-12,IL,Paid Social
15049,2020-12-12,CA,Paid Social
22721,2020-12-12,NY,Paid Social
4018,2020-12-12,TX,Referral
4132,2020-12-12,NY,Organic Search
2861,2020-12-12,,Referral
16564,2020-12-12,TX,Paid Social
8998,2020-12-12,TX,Affiliate
4959,2020-12-12,FL,Organic Search
11900,2020-12-12,GA,Organic Search
6897,2020-12-12,GA,Email
4017,2020-12-12,TX,Referral
14391,2020-12-13,GA,Organic Search
8158,2020-12-13,TX,Paid Social
22217,2020-12-13,WA,Organic Search
24451,2020-12-13,WA,Email
874,2020-12-13,IL,Paid Social
8869,2020-12-13,WA,Paid Social
17844,2020-12-13,CA,Paid Social
29460,2020-12-13,CA,Paid Social
595,2020-12-13,TX,Referral
1752,2020-12-13,IL,Organic Search
3959,2020-12-13,,Organic Search
25141,2020-12-13,,Organic Search
11204,2020-12-13,CA,Email
22440,2020-12-13,,Referral
28080,2020-12-13,,Affiliate
14724,2020-12-13,IL,Organic Search
13271,2020-12-13,IL,Organic Search
3210,2020-12-13,FL,Paid Social
4060,2020-12-13,NY,Affiliate
21937,2020-12-13,NY,Paid Social
9698,2020-12-13,IL,Email
16036,2020-12-13,IL,Paid Social
26527,2020-12-13,FL,Affiliate
25513,2020-12-13,NY,Paid Social
2052,2020-12-13,FL,Paid Social
24727,2020-12-13,IL,Paid Social
18435,2020-12-13,IL,Email
9408,2020-12-13,CA,Paid Social
3464,2020-12-13,IL,Paid Social
9306,2020-12-13,CA,Organic Search
24799,2020-12-13,NY,Paid Social
21055,2020-12-13,IL,Paid Social
27599,2020-12-13,GA,Affiliate
18135,2020-12-13,,Paid Social
22844,2020-12-14,FL,Email
13146,2020-12-14,,Email
7769,2020-12-14,CA,Organic Search
19659,2020-12-14,TX,Referral
12332,2020-12-14,IL,Affiliate
4319,2020-12-14,IL,Paid Social
9533,2020-12-14,GA,Paid Social
24761,2020-12-14,TX,Organic Search
6963,2020-12-14,WA,Affiliate
3290,2020-12-14,GA,Organic Search
12222,2020-12-14,GA,Organic Search
18784,2020-12-14,,Email
19971,2020-12-14,,Paid Social
25320,2020-12-14,CA,Paid Social
23246,2020-12-14,CA,Affiliate
12057,2020-12-14,,Email
4617,2020-12-14,WA,Email
3363,2020-12-14,IL,Paid Social
10959,2020-12-14,GA,Paid Social
2874,2020-12-14,WA,Paid Social
7702,2020-12-14,WA,Email
28156,2020-12-14,,Organic Search
9152,2020-12-14,,Paid Social
7673,2020-12-14,TX,Referral
8355,2020-12-14,GA,Organic Search
28770,2020-12-14,NY,Organic Search
17841,2020-12-14,CA,Referral
26378,2020-12-14,FL,Email
27840,2020-12-14,FL,Organic Search
21993,2020-12-14,GA,Paid Social
6859,2020-12-15,TX,Affiliate
5926,2020-12-15,WA,Email
8705,2020-12-15,WA,Organic Search
25463,2020-12-15,NY,Paid Social
29805,2020-12-15,,Paid Social
20900,2020-12-15,IL,Paid Social
29620,2020-12-15,TX,Paid Social
22921,2020-12-15,WA,Email
12599,2020-12-15,GA,Paid Social
28656,2020-12-15,IL,Email
12095,2020-12-15,GA,Paid Social
18666,2020-12-15,IL,Paid Social
11604,2020-12-15,IL,Email
27639,2020-12-15,,Email
13023,2020-12-15,WA,Affiliate
13654,2020-12-15,FL,Paid Social
14615,2020-12-15,GA,Paid Social
12708,2020-12-15,CA,Email
17983,2020-12-15,NY,Email
23443,2020-12-15,,Affiliate
4261,2020-12-15,FL,Organic Search
29802,2020-12-15,NY,Paid Social
19355,2020-12-15,TX,Email
9567,2020-12-15,GA,Paid Social
5919,2020-12-16,CA,Organic Search
29782,2020-12-16,IL,Affiliate
13916,2020-12-16,IL,Email
13918,2020-12-16,FL,Email
9131,2020-12-16,GA,Organic Search
12824,2020-12-16,TX,Paid Social
8382,2020-12-16,FL,Organic Search
19211,2020-12-16,TX,Organic Search
15924,2020-12-16,TX,Paid Social
18173,2020-12-16,,Organic Search
1310,2020-12-16,IL,Email
7603,2020-12-16,GA,Paid Social
6442,2020-12-16,NY,Organic Search
7137,2020-12-16,,Referral
7583,2020-12-16,NY,Organic Search
23708,2020-12-16,,Affiliate
22713,2020-12-16,FL,Affiliate
7398,2020-12-16,NY,Referral
609,2020-12-16,NY,Paid Social
9513,2020-12-16,GA,Organic Search
5784,2020-12-16,,Organic Search
24486,2020-12-16,IL,Affiliate
14427,2020-12-16,FL,Email
1099,2020-12-16,NY,Email
841,2020-12-16,FL,Organic Search
23052,2020-12-16,GA,Organic Search
5518,2020-12-16,,Email
27394,2020-12-17,NY,Affiliate
94,2020-12-17,CA,Paid Social
11992,2020-12-17,GA,Organic Search
5485,2020-12-17,CA,Paid Social
3906,2020-12-17,CA,Paid Social
4330,2020-12-17,WA,Email
8858,2020-12-17,NY,Organic Search
4782,2020-12-17,,Organic Search
9496,2020-12-17,WA,Paid Social
11049,2020-12-17,FL,Paid Social
19421,2020-12-17,NY,Affiliate
18963,2020-12-17,WA,Paid Social
24142,2020-12-17,TX,Affiliate
2777,2020-12-17,IL,Organic Search
21709,2020-12-17,WA,Paid Social
799,2020-12-17,WA,Paid Social
2751,2020-12-17,GA,Paid Social
15367,2020-12-17,IL,Referral
17820,2020-12-17,TX,Organic Search
7642,2020-12-17,WA,Paid Social
794,2020-12-17,CA,Paid Social
19644,2020-12-17,CA,Paid Social
15776,2020-12-17,GA,Paid Social
19507,2020-12-17,FL,Email
23536,2020-12-17,CA,Organic Search
16689,2020-12-17,,Paid Social
1169,2020-12-18,TX,Organic Search
14336,2020-12-18,TX,Affiliate
4278,2020-12-18,NY,Paid Social
10332,2020-12-18,,Paid Social
24778,2020-12-18,NY,Paid Social
6425,2020-12-18,WA,Paid Social
24379,2020-12-18,,Organic Search
29018,2020-12-18,NY,Paid Social
5528,2020-12-18,TX,Organic Search
12968,2020-12-18,CA,Email
18547,2020-12-18,WA,Paid Social
7428,2020-12-18,,Paid Social
3423,2020-12-18,,Email
21397,2020-12-18,NY,Paid Social
18235,2020-12-18,,Organic Search
24315,2020-12-18,IL,Paid Social
27769,2020-12-18,IL,Organic Search
14618,2020-12-18,CA,Paid Social
26474,2020-12-18,IL,Referral
22498,2020-12-18,CA,Affiliate
27560,2020-12-18,CA,Paid Social
29729,2020-12-18,,Organic Search
10372,2020-12-19,FL,Affiliate
9342,2020-12-19,,Paid Social
14204,2020-12-19,TX,Email
16495,2020-12-19,TX,Organic Search
14816,2020-12-19,,Paid Social
150,2020-12-19,FL,Organic Search
17179,2020-12-19,GA,Email
17556,2020-12-19,WA,Organic Search
5281,2020-12-19,IL,Affiliate
10809,2020-12-19,WA,Email
568,2020-12-19,FL,Paid Social
2415,2020-12-19,TX,Paid Social
14888,2020-12-19,WA,Organic Search
1438,2020-12-19,CA,Email
26208,2020-12-19,FL,Email
292,2020-12-19,CA,Organic Search
16742,2020-12-19,NY,Affiliate
25072,2020-12-19,GA,Organic Search
9929,2020-12-19,IL,Email
7907,2020-12-19,NY,Organic Search
2258,2020-12-19,NY,Paid Social
7368,2020-12-20,TX,Paid Social
6471,2020-12-20,WA,Paid Social
15025,2020-12-20,CA,Organic Search
8596,2020-12-20,FL,Paid Social
26744,2020-12-20,IL,Email
5046,2020-12-20,IL,Paid Social
12832,2020-12-20,NY,Organic Search
23867,2020-12-20,IL,Organic Search
29268,2020-12-20,NY,Organic Search
79,2020-12-20,TX,Paid Social
19062,2020-12-20,,Email
1277,2020-12-20,GA,Organic Search
22195,2020-12-20,TX,Organic Search
12054,2020-12-20,FL,Email
19159,2020-12-20,,Organic Search
18476,2020-12-20,WA,Paid Social
1077,2020-12-20,,Paid Social
2482,2020-12-20,TX,Referral
29430,2020-12-20,IL,Organic Search
19048,2020-12-20,FL,Paid Social
23878,2020-12-20,,Email
29775,2020-12-20,NY,Paid Social
27023,2020-12-20,NY,Organic Search
23535,2020-12-20,WA,Organic Search
15743,2020-12-20,FL,Affiliate
5230,2020-12-21,,Paid Social
11348,2020-12-21,,Organic Search
27,2020-12-21,CA,Organic Search
13624,2020-12-21,TX,Paid Social
22470,2020-12-21,,Paid Social
6779,2020-12-21,TX,Affiliate
633,2020-12-21,TX,Paid Social
13036,2020-12-21,WA,Paid Social
16961,2020-12-21,CA,Paid Social
24251,2020-12-21,TX,Paid Social
5324,2020-12-21,TX,Affiliate
21963,2020-12-21,WA,Organic Search
449,2020-12-21,IL,Paid Social
2884,2020-12-21,NY,Organic Search
10482,2020-12-21,WA,Paid Social
27935,2020-12-21,NY,Paid Social
16134,2020-12-21,FL,Organic Search
7189,2020-12-21,,Paid Social
4837,2020-12-21,TX,Paid Social
25356,2020-12-21,FL,Organic Search
15760,2020-12-22,WA,Organic Search
15986,2020-12-22,FL,Paid Social
26207,2020-12-22,,Paid Social
13882,2020-12-22,CA,Paid Social
23056,2020-12-22,GA,Paid Social
210,2020-12-22,WA,Organic Search
21619,2020-12-22,GA,Organic Search
27270,2020-12-22,NY,Organic Search
4425,2020-12-22,GA,Paid Social
23932,2020-12-22,GA,Organic Search
22838,2020-12-22,,Organic Search
22962,2020-12-22,TX,Affiliate
10619,2020-12-22,WA,Organic Search
14682,2020-12-22,TX,Organic Search
19110,2020-12-22,IL,Paid Social
26459,2020-12-23,CA,Organic Search
29929,2020-12-23,IL,Paid Social
29304,2020-12-23,,Paid Social
9026,2020-12-23,,Paid Social
4607,2020-12-23,IL,Email
9428,2020-12-23,CA,Email
13695,2020-12-23,CA,Paid Social
22394,2020-12-23,GA,Organic Search
23527,2020-12-23,CA,Paid Social
22074,2020-12-23,,Organic Search
8910,2020-12-23,GA,Affiliate
6616,2020-12-23,FL,Email
25366,2020-12-23,,Email
3186,2020-12-23,GA,Paid Social
17746,2020-12-23,NY,Organic Search
17762,2020-12-23,FL,Email
18335,2020-12-23,,Paid Social
15158,2020-12-23,,Paid Social
17801,2020-12-23,TX,Affiliate
24993,2020-12-23,,Affiliate
21244,2020-12-23,,Paid Social
2514,2020-12-23,IL,Paid Social
27350,2020-12-23,IL,Paid Social
15698,2020-12-24,IL,Email
18313,2020-12-24,WA,Paid Social
23574,2020-12-24,NY,Paid Social
19436,2020-12-24,FL,Email
25265,2020-12-24,WA,Email
18805,2020-12-24,WA,Organic Search
5001,2020-12-24,TX,Paid Social
9320,2020-12-24,GA,Email
6749,2020-12-24,NY,Affiliate
25914,2020-12-24,TX,Paid Social
12538,2020-12-24,GA,Email
25934,2020-12-24,CA,Paid Social
23972,2020-12-24,WA,Paid Social
29023,2020-12-24,,Organic Search
9803,2020-12-24,,Organic Search
5520,2020-12-24,NY,Paid Social
29495,2020-12-24,WA,Organic Search
22076,2020-12-24,FL,Paid Social
18918,2020-12-24,IL,Email
29439,2020-12-24,IL,Paid Social
391,2020-12-24,FL,Affiliate
22015,2020-12-24,FL,Paid Social
15901,2020-12-24,WA,Paid Social
3129,2020-12-24,FL,Affiliate
14804,2020-12-24,NY,Organic Search
26808,2020-12-24,IL,Paid Social
15044,2020-12-24,CA,Paid Social
25968,2020-12-25,CA,Email
27797,2020-12-25,FL,Referral
19714,2020-12-25,,Organic Search
26951,2020-12-25,,Organic Search
10067,2020-12-25,WA,Paid Social
2357,2020-12-25,NY,Affiliate
35,2020-12-25,TX,Affiliate
11111,2020-12-25,,Paid Social
10427,2020-12-25,,Paid Social
12843,2020-12-25,TX,Paid Social
21204,2020-12-25,FL,Paid Social
22025,2020-12-25,TX,Organic Search
4180,2020-12-25,WA,Paid Social
23952,2020-12-25,TX,Email
7337,2020-12-25,NY,Organic Search
13528,2020-12-25,,Organic Search
2436,2020-12-25,,Paid Social
19203,2020-12-25,FL,Referral
13457,2020-12-25,CA,Organic Search
9773,2020-12-25,FL,Organic Search
24891,2020-12-26,NY,Email
4385,2020-12-26,WA,Referral
16825,2020-12-26,FL,Paid Social
20252,2020-12-26,TX,Paid Social
16709,2020-12-26,FL,Paid Social
4533,2020-12-26,IL,Organic Search
4838,2020-12-26,GA,Paid Social
13789,2020-12-26,,Email
15074,2020-12-26,,Organic Search
20687,2020-12-26,TX,Paid Social
14161,2020-12-26,WA,Organic Search
7329,2020-12-26,IL,Organic Search
14137,2020-12-26,WA,Paid Social
19895,2020-12-26,GA,Organic Search
3068,2020-12-26,CA,Affiliate
2056,2020-12-26,TX,Paid Social
29765,2020-12-26,,Referral
663,2020-12-26,GA,Paid Social
9788,2020-12-26,NY,Organic Search
7943,2020-12-26,GA,Affiliate
15235,2020-12-27,CA,Organic Search
13215,2020-12-27,IL,Organic Search
22428,2020-12-27,NY,Paid Social
19987,2020-12-27,IL,Paid Social
1630,2020-12-27,WA,Paid Social
11581,2020-12-27,,Organic Search
22252,2020-12-27,TX,Organic Search
8262,2020-12-27,WA,Organic Search
145,2020-12-27,CA,Organic Search
19153,2020-12-27,WA,Organic Search
8593,2020-12-27,FL,Paid Social
18689,2020-12-27,WA,Paid Social
19631,2020-12-27,CA,Paid Social
2071,2020-12-27,WA,Email
12290,2020-12-27,FL,Organic Search
8455,2020-12-27,TX,Affiliate
23350,2020-12-27,CA,Paid Social
18223,2020-12-27,TX,Email
23279,2020-12-27,IL,Paid Social
16092,2020-12-27,GA,Paid Social
22789,2020-12-27,,Paid Social
12551,2020-12-27,CA,Paid Social
8454,2020-12-28,TX,Paid Social
2027,2020-12-28,WA,Email
18779,2020-12-28,CA,Email
11979,2020-12-28,TX,Paid Social
12675,2020-12-28,CA,Paid Social
14832,2020-12-28,WA,Paid Social
16194,2020-12-28,CA,Paid Social
5019,2020-12-28,FL,Paid Social
6449,2020-12-28,GA,Organic Search
4051,2020-12-28,,Affiliate
1133,2020-12-28,FL,Organic Search
17720,2020-12-28,CA,Paid Social
17765,2020-12-28,IL,Organic Search
20709,2020-12-28,FL,Paid Social
21691,2020-12-28,WA,Affiliate
16528,2020-12-28,,Paid Social
5712,2020-12-28,TX,Affiliate
5496,2020-12-28,,Paid Social
8333,2020-12-28,FL,Email
3620,2020-12-28,NY,Organic Search
18262,2020-12-28,FL,Paid Social
905,2020-12-28,CA,Paid Social
9883,2020-12-28,IL,Paid Social
24863,2020-12-28,CA,Paid Social
17981,2020-12-28,WA,Paid Social
13059,2020-12-28,CA,Email
4270,2020-12-28,,Affiliate
29617,2020-12-28,FL,Organic Search
27974,2020-12-28,NY,Affiliate
23145,2020-12-28,FL,Referral
3028,2020-12-28,NY,Paid Social
11769,2020-12-29,IL,Organic Search
27062,2020-12-29,IL,Email
14467,2020-12-29,TX,Paid Social
16540,2020-12-29,GA,Email
22408,2020-12-29,TX,Paid Social
1664,2020-12-29,CA,Paid Social
13168,2020-12-29,NY,Organic Search
15246,2020-12-29,NY,Organic Search
20952,2020-12-29,NY,Affiliate
942,2020-12-29,GA,Paid Social
147,2020-12-29,FL,Paid Social
19926,2020-12-29,,Paid Social
9434,2020-12-29,GA,Organic Search
23487,2020-12-29,TX,Paid Social
11759,2020-12-29,WA,Affiliate
15169,2020-12-29,CA,Paid Social
8241,2020-12-29,FL,Email
22024,2020-12-29,NY,Email
25922,2020-12-30,,Affiliate
879,2020-12-30,,Organic Search
3014,2020-12-30,IL,Paid Social
4111,2020-12-30,WA,Paid Social
15157,2020-12-30,GA,Organic Search
27330,2020-12-30,TX,Affiliate
25852,2020-12-30,,Paid Social
15540,2020-12-30,FL,Paid Social
23758,2020-12-30,GA,Organic Search
10034,2020-12-30,,Referral
500,2020-12-30,,Affiliate
13371,2020-12-30,GA,Referral
1282,2020-12-30,,Email
28938,2020-12-30,IL,Paid Social
860,2020-12-30,,Organic Search
8975,2020-12-30,FL,Paid Social
370,2020-12-30,CA,Organic Search
14066,2020-12-30,FL,Referral
22503,2020-12-31,WA,Organic Search
16522,2020-12-31,FL,Email
21987,2020-12-31,CA,Affiliate
26812,2020-12-31,CA,Organic Search
15922,2020-12-31,GA,Affiliate
19208,2020-12-31,TX,Affiliate
24067,2020-12-31,NY,Organic Search
16848,2020-12-31,IL,Paid Social
7024,2020-12-31,TX,Email
17900,2020-12-31,WA,Paid Social
9267,2020-12-31,NY,Organic Search
10185,2020-12-31,FL,Paid Social
1201,2020-12-31,IL,Email
22122,2020-12-31,WA,Organic Search
14827,2020-12-31,WA,Paid Social
2014,2020-12-31,TX,Organic Search
19499,2020-12-31,WA,Paid Social
23902,2020-12-31,TX,Affiliate
4601,2020-12-31,IL,Organic Search
18744,2020-12-31,CA,Affiliate
24556,2020-12-31,GA,Organic Search
22848,2020-12-31,GA,Organic Search
1548,2020-12-31,FL,Paid Social
6404,2020-12-31,FL,Referral
14315,2020-12-31,IL,Email
1166,2020-12-31,CA,Email
21425,2020-12-31,GA,Organic Search
20908,2020-12-31,,Paid Social
7883,2020-12-31,WA,Paid Social
4039,2020-12-31,FL,Paid Social
20223,2021-01-01,TX,Paid Social
24626,2021-01-01,,Organic Search
11089,2021-01-01,,Paid Social
12579,2021-01-01,FL,Paid Social
8352,2021-01-01,NY,Organic Search
16657,2021-01-01,IL,Paid Social
471,2021-01-01,,Organic Search
1575,2021-01-01,CA,Organic Search
17714,2021-01-01,CA,Paid Social
8770,2021-01-01,TX,Organic Search
836,2021-01-01,GA,Paid Social
10201,2021-01-01,TX,Paid Social
22716,2021-01-01,FL,Organic Search
7884,2021-01-01,,Referral
24328,2021-01-01,,Organic Search
26497,2021-01-01,,Paid Social
5251,2021-01-01,IL,Paid Social
5268,2021-01-01,,Paid Social
6606,2021-01-01,IL,Organic Search
18374,2021-01-01,IL,Affiliate
1670,2021-01-01,NY,Email
1928,2021-01-01,,Paid Social
22476,2021-01-01,FL,Paid Social
27245,2021-01-01,,Organic Search
114,2021-01-02,,Email
21911,2021-01-02,IL,Paid Social
27428,2021-01-02,,Paid Social
11926,2021-01-02,GA,Referral
18163,2021-01-02,WA,Email
3481,2021-01-02,FL,Organic Search
10236,2021-01-02,FL,Paid Social
12391,2021-01-02,IL,Paid Social
12407,2021-01-02,NY,Organic Search
10638,2021-01-02,GA,Email
21538,2021-01-02,,Organic Search
23383,2021-01-02,NY,Affiliate
22714,2021-01-02,IL,Affiliate
14643,2021-01-02,IL,Email
2122,2021-01-02,CA,Paid Social
23255,2021-01-02,GA,Organic Search
688,2021-01-02,TX,Organic Search
26632,2021-01-02,NY,Organic Search
22287,2021-01-02,CA,Email
15798,2021-01-03,TX,Referral
17362,2021-01-03,NY,Organic Search
26897,2021-01-03,GA,Organic Search
10098,2021-01-03,WA,Email
1215,2021-01-03,WA,Paid Social
19617,2021-01-03,NY,Paid Social
20302,2021-01-03,WA,Organic Search
19636,2021-01-03,GA,Paid Social
19021,2021-01-03,TX,Organic Search
18710,2021-01-03,FL,Paid Social
13862,2021-01-03,WA,Organic Search
29321,2021-01-03,,Paid Social
12974,2021-01-03,FL,Paid Social
13954,2021-01-03,TX,Email
29718,2021-01-03,IL,Organic Search
19377,2021-01-03,GA,Email
2286,2021-01-03,TX,Organic Search
306,2021-01-03,FL,Affiliate
7813,2021-01-03,IL,Organic Search
23079,2021-01-04,TX,Email
13942,2021-01-04,FL,Organic Search
3343,2021-01-04,NY,Paid Social
3428,2021-01-04,,Paid Social
23681,2021-01-04,,Affiliate
7834,2021-01-04,TX,Referral
8010,2021-01-04,NY,Organic Search
27452,2021-01-04,CA,Paid Social
15782,2021-01-04,FL,Paid Social
681,2021-01-04,NY,Email
8230,2021-01-04,IL,Paid Social
4872,2021-01-04,WA,Organic Search
5847,2021-01-04,NY,Organic Search
25982,2021-01-04,NY,Paid Social
28816,2021-01-04,GA,Email
11677,2021-01-04,NY,Paid Social
13892,2021-01-04,IL,Email
24504,2021-01-04,NY,Referral
4884,2021-01-04,CA,Organic Search
18656,2021-01-05,GA,Paid Social
19977,2021-01-05,WA,Organic Search
12259,2021-01-05,NY,Paid Social
5580,2021-01-05,NY,Paid Social
3214,2021-01-05,NY,Paid Social
24279,2021-01-05,WA,Organic Search
847,2021-01-05,TX,Organic Search
19170,2021-01-05,,Email
11079,2021-01-05,CA,Organic Search
8209,2021-01-05,NY,Paid Social
13606,2021-01-05,,Organic Search
24660,2021-01-05,NY,Organic Search
13469,2021-01-05,GA,Organic Search
4925,2021-01-05,CA,Organic Search
13581,2021-01-05,,Organic Search
17325,2021-01-05,CA,Paid Social
14986,2021-01-05,IL,Paid Social
27087,2021-01-05,CA,Email
18408,2021-01-05,CA,Email
25575,2021-01-05,TX,Organic Search
19522,2021-01-05,WA,Paid Social
17857,2021-01-05,,Paid Social
9117,2021-01-05,NY,Paid Social
21492,2021-01-05,TX,Email
25838,2021-01-05,GA,Paid Social
6721,2021-01-05,TX,Email
23376,2021-01-05,WA,Paid Social
4614,2021-01-06,IL,Organic Search
25942,2021-01-06,FL,Paid Social
11109,2021-01-06,CA,Organic Search
15788,2021-01-06,WA,Paid Social
2555,2021-01-06,WA,Organic Search
26491,2021-01-06,FL,Paid Social
5657,2021-01-06,,Paid Social
14668,2021-01-06,GA,Paid Social
3996,2021-01-06,CA,Paid Social
9618,2021-01-06,NY,Affiliate
18931,2021-01-06,IL,Paid Social
27775,2021-01-06,CA,Paid Social
7541,2021-01-06,GA,Organic Search
5934,2021-01-06,TX,Affiliate
28392,2021-01-06,TX,Organic Search
27913,2021-01-06,GA,Paid Social
5147,2021-01-06,,Paid Social
5893,2021-01-06,GA,Paid Social
18875,2021-01-06,NY,Referral
6104,2021-01-06,FL,Affiliate
20269,2021-01-06,GA,Paid Social
28991,2021-01-06,WA,Paid Social
29991,2021-01-06,NY,Paid Social
20845,2021-01-06,GA,Affiliate
25142,2021-01-07,NY,Paid Social
3878,2021-01-07,WA,Referral
11359,2021-01-07,,Email
5060,2021-01-07,TX,Paid Social
11443,2021-01-07,GA,Organic Search
8483,2021-01-07,NY,Affiliate
7639,2021-01-07,IL,Organic Search
2515,2021-01-07,FL,Paid Social
666,2021-01-07,WA,Organic Search
23118,2021-01-07,IL,Paid Social
1058,2021-01-07,NY,Paid Social
18786,2021-01-07,NY,Paid Social
11162,2021-01-07,WA,Paid Social
14286,2021-01-07,,Paid Social
1510,2021-01-07,WA,Email
19457,2021-01-07,,Organic Search
9486,2021-01-07,IL,Paid Social
22637,2021-01-07,IL,Email
2939,2021-01-07,IL,Affiliate
14606,2021-01-08,CA,Referral
27379,2021-01-08,TX,Email
27111,2021-01-08,NY,Affiliate
26387,2021-01-08,FL,Paid Social
27056,2021-01-08,TX,Organic Search
27882,2021-01-08,FL,Paid Social
2560,2021-01-08,CA,Paid Social
9990,2021-01-08,TX,Email
28280,2021-01-08,CA,Paid Social
24250,2021-01-08,WA,Email
13345,2021-01-08,,Paid Social
26259,2021-01-08,IL,Paid Social
20475,2021-01-08,WA,Paid Social
10599,2021-01-08,,Organic Search
24639,2021-01-08,IL,Email
1212,2021-01-08,WA,Paid Social
3730,2021-01-08,IL,Paid Social
16591,2021-01-08,IL,Paid Social
3355,2021-01-08,GA,Organic Search
5676,2021-01-08,NY,Organic Search
15120,2021-01-08,FL,Paid Social
11683,2021-01-08,IL,Paid Social
27593,2021-01-08,WA,Paid Social
9873,2021-01-08,WA,Organic Search
9027,2021-01-08,GA,Paid Social
26141,2021-01-08,IL,Paid Social
20158,2021-01-08,FL,Paid Social
16706,2021-01-09,TX,Organic Search
17744,2021-01-09,WA,Email
13886,2021-01-09,GA,Affiliate
26100,2021-01-09,WA,Organic Search
23331,2021-01-09,NY,Paid Social
4924,2021-01-09,FL,Referral
21468,2021-01-09,FL,Paid Social
824,2021-01-09,GA,Paid Social
14844,2021-01-09,IL,Paid Social
18363,2021-01-09,NY,Paid Social
492,2021-01-09,GA,Paid Social
14958,2021-01-09,WA,Email
7158,2021-01-09,WA,Paid Social
28282,2021-01-09,FL,Organic Search
889,2021-01-09,IL,Organic Search
9860,2021-01-09,NY,Organic Search
28091,2021-01-09,CA,Organic Search
10669,2021-01-09,,Email
9928,2021-01-09,FL,Affiliate
13548,2021-01-09,WA,Paid Social
997,2021-01-09,WA,Affiliate
1710,2021-01-09,GA,Paid Social
1934,2021-01-09,,Paid Social
4981,2021-01-09,NY,Affiliate
777,2021-01-10,CA,Organic Search
14119,2021-01-10,FL,Affiliate
7039,2021-01-10,GA,Paid Social
7047,2021-01-10,TX,Email
21233,2021-01-10,NY,Email
12158,2021-01-10,TX,Organic Search
18668,2021-01-10,TX,Affiliate
15564,2021-01-10,TX,Organic Search
24531,2021-01-10,FL,Paid Social
27636,2021-01-10,GA,Email
7755,2021-01-10,CA,Organic Search
22458,2021-01-10,WA,Affiliate
15808,2021-01-10,FL,Email
4650,2021-01-10,NY,Organic Search
14882,2021-01-10,IL,Organic Search
21900,2021-01-10,IL,Organic Search
20351,2021-01-10,FL,Organic Search
21954,2021-01-10,NY,Affiliate
14609,2021-01-10,TX,Paid Social
25991,2021-01-10,NY,Email
18284,2021-01-10,WA,Paid Social
13807,2021-01-10,TX,Paid Social
23196,2021-01-10,WA,Organic Search
12737,2021-01-11,,Organic Search
7823,2021-01-11,WA,Paid Social
15795,2021-01-11,CA,Organic Search
7065,2021-01-11,,Organic Search
9004,2021-01-11,,Paid Social
6133,2021-01-11,TX,Paid Social
29997,2021-01-11,IL,Email
27877,2021-01-11,TX,Affiliate
19620,2021-01-11,CA,Email
22226,2021-01-11,GA,Email
828,2021-01-11,WA,Paid Social
5690,2021-01-11,WA,Paid Social
8516,2021-01-11,WA,Organic Search
8828,2021-01-11,CA,Paid Social
15827,2021-01-11,CA,Organic Search
2934,2021-01-11,TX,Paid Social
28170,2021-01-11,NY,Organic Search
23256,2021-01-11,FL,Referral
18119,2021-01-11,WA,Email
29,2021-01-11,FL,Paid Social
18947,2021-01-11,IL,Organic Search
27055,2021-01-12,CA,Email
10081,2021-01-12,GA,Paid Social
3047,2021-01-12,,Paid Social
29458,2021-01-12,,Referral
26512,2021-01-12,GA,Paid Social
28571,2021-01-12,NY,Paid Social
3564,2021-01-12,,Paid Social
10902,2021-01-12,NY,Paid Social
29373,2021-01-12,FL,Paid Social
12818,2021-01-12,,Affiliate
15154,2021-01-12,NY,Organic Search
10847,2021-01-12,TX,Paid Social
29418,2021-01-12,GA,Email
21839,2021-01-12,WA,Paid Social
13224,2021-01-12,NY,Referral
8358,2021-01-12,IL,Paid Social
28828,2021-01-12,IL,Affiliate
22564,2021-01-12,CA,Email
3212,2021-01-12,GA,Paid Social
474,2021-01-12,WA,Referral
7214,2021-01-13,WA,Paid Social
593,2021-01-13,WA,Organic Search
26504,2021-01-13,WA,Paid Social
13492,2021-01-13,NY,Organic Search
19194,2021-01-13,GA,Organic Search
29140,2021-01-13,IL,Paid Social
15287,2021-01-13,CA,Paid Social
16350,2021-01-13,CA,Organic Search
15729,2021-01-13,IL,Paid Social
29626,2021-01-13,CA,Paid Social
22768,2021-01-13,GA,Organic Search
18097,2021-01-13,TX,Organic Search
23235,2021-01-13,CA,Email
9314,2021-01-13,CA,Paid Social
22258,2021-01-13,GA,Paid Social
27827,2021-01-13,CA,Email
1189,2021-01-13,CA,Paid Social
26811,2021-01-13,NY,Paid Social
21696,2021-01-13,NY,Affiliate
24908,2021-01-13,IL,Organic Search
21725,2021-01-13,TX,Paid Social
23683,2021-01-13,CA,Paid Social
17748,2021-01-13,FL,Organic Search
3190,2021-01-13,WA,Email
19212,2021-01-14,TX,Email
15053,2021-01-14,CA,Organic Search
11426,2021-01-14,CA,Paid Social
14121,2021-01-14,,Paid Social
5701,2021-01-14,GA,Organic Search
23699,2021-01-14,GA,Referral
29133,2021-01-14,CA,Affiliate
20885,2021-01-14,IL,Referral
25598,2021-01-14,,Email
7135,2021-01-14,,Paid Social
12528,2021-01-14,FL,Organic Search
14451,2021-01-14,IL,Referral
16510,2021-01-14,GA,Organic Search
16472,2021-01-14,TX,Paid Social
17374,2021-01-15,GA,Paid Social
15181,2021-01-15,GA,Organic Search
7915,2021-01-15,WA,Organic Search
8703,2021-01-15,WA,Paid Social
17927,2021-01-15,GA,Organic Search
20465,2021-01-15,CA,Affiliate
29446,2021-01-15,,Paid Social
17698,2021-01-15,FL,Email
1689,2021-01-15,,Paid Social
16840,2021-01-15,FL,Referral
7313,2021-01-15,GA,Paid Social
16471,2021-01-15,GA,Paid Social
26288,2021-01-15,CA,Paid Social
6768,2021-01-15,WA,Organic Search
769,2021-01-15,WA,Paid Social
29798,2021-01-15,,Organic Search
13558,2021-01-15,,Email
643,2021-01-15,IL,Organic Search
10433,2021-01-15,,Paid Social
25172,2021-01-15,GA,Organic Search
29249,2021-01-15,CA,Organic Search
18997,2021-01-15,TX,Organic Search
25642,2021-01-15,WA,Organic Search
29094,2021-01-15,WA,Affiliate
29033,2021-01-15,CA,Paid Social
12465,2021-01-15,TX,Organic Search
10446,2021-01-15,FL,Email
7530,2021-01-15,GA,Organic Search
3874,2021-01-15,NY,Email
27829,2021-01-16,IL,Organic Search
14200,2021-01-16,NY,Paid Social
10659,2021-01-16,TX,Paid Social
8168,2021-01-16,,Paid Social
28379,2021-01-16,WA,Paid Social
7719,2021-01-16,NY,Paid Social
3391,2021-01-16,WA,Paid Social
22484,2021-01-16,FL,Organic Search
6814,2021-01-16,,Email
16315,2021-01-16,TX,Organic Search
2955,2021-01-16,TX,Affiliate
6548,2021-01-16,NY,Paid Social
28700,2021-01-16,TX,Email
13936,2021-01-16,GA,Organic Search
27869,2021-01-16,TX,Paid Social
11394,2021-01-16,,Paid Social
12253,2021-01-16,,Email
1419,2021-01-16,WA,Paid Social
18301,2021-01-16,TX,Paid Social
29985,2021-01-16,,Organic Search
18281,2021-01-16,GA,Affiliate
1225,2021-01-16,IL,Paid Social
19026,2021-01-16,,Paid Social
20496,2021-01-16,FL,Affiliate
1471,2021-01-16,TX,Paid Social
13763,2021-01-16,NY,Organic Search
14612,2021-01-16,,Email
5989,2021-01-17,GA,Paid Social
20782,2021-01-17,IL,Organic Search
5140,2021-01-17,TX,Affiliate
16190,2021-01-17,WA,Paid Social
1359,2021-01-17,CA,Organic Search
9389,2021-01-17,TX,Paid Social
7358,2021-01-17,FL,Affiliate
27124,2021-01-17,,Email
23243,2021-01-17,GA,Paid Social
14157,2021-01-17,CA,Referral
4562,2021-01-17,NY,Organic Search
10442,2021-01-17,TX,Email
22350,2021-01-17,GA,Email
5265,2021-01-17,WA,Affiliate
21509,2021-01-17,WA,Paid Social
28089,2021-01-17,TX,Email
14974,2021-01-17,WA,Organic Search
17540,2021-01-17,,Paid Social
19144,2021-01-17,GA,Paid Social
17335,2021-01-17,TX,Organic Search
7718,2021-01-17,NY,Affiliate
20999,2021-01-17,NY,Paid Social
823,2021-01-17,GA,Paid Social
8102,2021-01-17,FL,Affiliate
8586,2021-01-17,GA,Paid Social
13058,2021-01-17,TX,Organic Search
29649,2021-01-17,,Paid Social
27826,2021-01-17,FL,Email
20076,2021-01-17,TX,Paid Social
22288,2021-01-17,CA,Email
13094,2021-01-17,WA,Organic Search
10831,2021-01-18,,Organic Search
9377,2021-01-18,NY,Paid Social
10178,2021-01-18,WA,Paid Social
20837,2021-01-18,IL,Paid Social
6344,2021-01-18,,Email
21230,2021-01-18,FL,Paid Social
6992,2021-01-18,WA,Organic Search
5171,2021-01-18,TX,Paid Social
21505,2021-01-18,NY,Email
24086,2021-01-18,CA,Organic Search
27292,2021-01-18,IL,Email
14670,2021-01-18,IL,Paid Social
3724,2021-01-18,GA,Organic Search
15268,2021-01-18,TX,Paid Social
6203,2021-01-18,FL,Affiliate
15634,2021-01-18,CA,Paid Social
12848,2021-01-18,IL,Referral
18637,2021-01-18,GA,Paid Social
17612,2021-01-18,,Paid Social
16808,2021-01-18,GA,Affiliate
7843,2021-01-18,WA,Organic Search
25866,2021-01-18,GA,Organic Search
13368,2021-01-19,GA,Email
280,2021-01-19,GA,Email
21578,2021-01-19,WA,Paid Social
27461,2021-01-19,GA,Paid Social
16519,2021-01-19,TX,Email
29956,2021-01-19,TX,Paid Social
18738,2021-01-19,,Organic Search
11068,2021-01-19,WA,Paid Social
26240,2021-01-19,NY,Referral
20304,2021-01-19,TX,Organic Search
29604,2021-01-19,GA,Organic Search
28734,2021-01-19,WA,Organic Search
24730,2021-01-19,IL,Organic Search
22275,2021-01-19,WA,Affiliate
26009,2021-01-19,TX,Organic Search
8907,2021-01-19,,Paid Social
17963,2021-01-19,IL,Paid Social
4847,2021-01-19,IL,Affiliate
6874,2021-01-19,NY,Paid Social
5045,2021-01-19,TX,Paid Social
10107,2021-01-19,TX,Organic Search
5878,2021-01-19,TX,Paid Social
3526,2021-01-19,WA,Organic Search
22155,2021-01-19,CA,Affiliate
14890,2021-01-20,GA,Affiliate
24456,2021-01-20,,Organic Search
8822,2021-01-20,FL,Affiliate
2376,2021-01-20,GA,Organic Search
28499,2021-01-20,TX,Organic Search
14445,2021-01-20,,Paid Social
25958,2021-01-20,CA,Paid Social
21263,2021-01-20,FL,Affiliate
709,2021-01-20,TX,Organic Search
1574,2021-01-20,IL,Referral
17658,2021-01-20,FL,Affiliate
3585,2021-01-20,GA,Paid Social
29499,2021-01-20,WA,Paid Social
22353,2021-01-20,WA,Referral
8445,2021-01-20,TX,Organic Search
6503,2021-01-20,GA,Paid Social
6154,2021-01-20,NY,Organic Search
3848,2021-01-20,CA,Paid Social
9579,2021-01-20,GA,Organic Search
29971,2021-01-20,NY,Paid Social
8471,2021-01-20,IL,Organic Search
19771,2021-01-20,IL,Referral
1449,2021-01-20,FL,Affiliate
13810,2021-01-20,FL,Organic Search
24318,2021-01-21,WA,Organic Search
4653,2021-01-21,IL,Paid Social
28768,2021-01-21,,Paid Social
9934,2021-01-21,NY,Organic Search
1538,2021-01-21,NY,Paid Social
3832,2021-01-21,WA,Email
16151,2021-01-21,,Affiliate
28635,2021-01-21,NY,Organic Search
3931,2021-01-21,WA,Affiliate
20113,2021-01-21,,Paid Social
17466,2021-01-21,IL,Paid Social
22963,2021-01-21,FL,Paid Social
12791,2021-01-21,CA,Organic Search
25345,2021-01-21,CA,Organic Search
8059,2021-01-21,TX,Paid Social
13806,2021-01-21,CA,Organic Search
4874,2021-01-21,CA,Organic Search
28691,2021-01-21,,Paid Social
26689,2021-01-21,WA,Paid Social
19318,2021-01-21,GA,Affiliate
11938,2021-01-21,CA,Paid Social
15615,2021-01-21,NY,Referral
4690,2021-01-21,TX,Affiliate
23346,2021-01-22,WA,Organic Search
373,2021-01-22,FL,Organic Search
28615,2021-01-22,WA,Organic Search
13761,2021-01-22,IL,Organic Search
2713,2021-01-22,GA,Paid Social
21071,2021-01-22,FL,Organic Search
4851,2021-01-22,FL,Affiliate
14535,2021-01-22,CA,Email
20808,2021-01-22,GA,Paid Social
9202,2021-01-22,CA,Paid Social
15549,2021-01-22,TX,Organic Search
25146,2021-01-22,WA,Organic Search
3821,2021-01-22,IL,Paid Social
25787,2021-01-22,NY,Organic Search
14357,2021-01-22,FL,Affiliate
26723,2021-01-22,,Organic Search
21501,2021-01-22,IL,Paid Social
14996,2021-01-22,CA,Paid Social
18156,2021-01-22,TX,Paid Social
28140,2021-01-22,TX,Organic Search
10578,2021-01-22,CA,Affiliate
29297,2021-01-22,CA,Paid Social
26428,2021-01-22,NY,Affiliate
610,2021-01-22,NY,Paid Social
15882,2021-01-22,TX,Paid Social
78,2021-01-23,,Organic Search
24686,2021-01-23,CA,Paid Social
1302,2021-01-23,NY,Affiliate
28591,2021-01-23,GA,Email
5404,2021-01-23,IL,Organic Search
24414,2021-01-23,FL,Paid Social
3615,2021-01-23,CA,Paid Social
20888,2021-01-23,,Organic Search
4054,2021-01-23,CA,Paid Social
2599,2021-01-23,NY,Organic Search
28338,2021-01-23,CA,Paid Social
5624,2021-01-23,FL,Email
13199,2021-01-23,GA,Paid Social
1223,2021-01-23,IL,Paid Social
27795,2021-01-23,TX,Paid Social
22854,2021-01-23,IL,Paid Social
14184,2021-01-23,WA,Paid Social
334,2021-01-23,FL,Organic Search
17635,2021-01-23,WA,Paid Social
19557,2021-01-23,IL,Paid Social
4197,2021-01-23,WA,Organic Search
18145,2021-01-23,IL,Organic Search
10698,2021-01-23,GA,Paid Social
1702,2021-01-23,WA,Paid Social
6957,2021-01-23,CA,Paid Social
10497,2021-01-24,WA,Paid Social
24337,2021-01-24,GA,Organic Search
23564,2021-01-24,IL,Affiliate
5507,2021-01-24,CA,Paid Social
28149,2021-01-24,,Organic Search
18214,2021-01-24,CA,Paid Social
2844,2021-01-24,GA,Affiliate
27259,2021-01-24,,Paid Social
10028,2021-01-24,CA,Referral
13132,2021-01-24,CA,Organic Search
3748,2021-01-24,IL,Paid Social
6014,2021-01-24,TX,Paid Social
1517,2021-01-24,,Paid Social
24975,2021-01-24,NY,Referral
15957,2021-01-24,NY,Email
28935,2021-01-24,IL,Email
16116,2021-01-24,NY,Referral
20648,2021-01-24,NY,Organic Search
7404,2021-01-24,TX,Paid Social
9312,2021-01-24,WA,Paid Social
5388,2021-01-24,IL,Affiliate
20558,2021-01-24,WA,Paid Social
8543,2021-01-24,WA,Email
20745,2021-01-25,WA,Paid Social
19077,2021-01-25,IL,Affiliate
28474,2021-01-25,CA,Email
6867,2021-01-25,,Paid Social
12115,2021-01-25,WA,Affiliate
16279,2021-01-25,GA,Organic Search
1034,2021-01-25,GA,Organic Search
3157,2021-01-25,GA,Affiliate
26505,2021-01-25,,Email
28871,2021-01-25,IL,Referral
323,2021-01-25,IL,Paid Social
26202,2021-01-25,WA,Paid Social
19422,2021-01-25,CA,Paid Social
10862,2021-01-25,WA,Paid Social
27122,2021-01-25,CA,Organic Search
9324,2021-01-25,IL,Paid Social
13888,2021-01-25,NY,Organic Search
7303,2021-01-25,IL,Organic Search
29706,2021-01-25,FL,Affiliate
5762,2021-01-25,TX,Affiliate
9223,2021-01-25,NY,Paid Social
24294,2021-01-26,FL,Paid Social
15352,2021-01-26,NY,Paid Social
7399,2021-01-26,IL,Paid Social
4480,2021-01-26,IL,Paid Social
11466,2021-01-26,FL,Organic Search
7027,2021-01-26,NY,Organic Search
16939,2021-01-26,WA,Referral
19960,2021-01-26,,Paid Social
11401,2021-01-26,WA,Organic Search
15966,2021-01-26,TX,Paid Social
4768,2021-01-26,NY,Organic Search
20869,2021-01-26,,Referral
18998,2021-01-26,CA,Organic Search
9251,2021-01-26,TX,Organic Search
1720,2021-01-26,GA,Organic Search
4905,2021-01-26,FL,Affiliate
16850,2021-01-26,CA,Paid Social
3272,2021-01-26,GA,Organic Search
1374,2021-01-26,,Paid Social
19082,2021-01-26,FL,Email
18628,2021-01-26,CA,Organic Search
28106,2021-01-26,CA,Paid Social
19344,2021-01-26,TX,Email
19179,2021-01-27,GA,Email
14807,2021-01-27,TX,Organic Search
28653,2021-01-27,GA,Paid Social
17280,2021-01-27,GA,Organic Search
26136,2021-01-27,IL,Paid Social
18357,2021-01-27,IL,Organic Search
15052,2021-01-27,CA,Email
15385,2021-01-27,GA,Affiliate
2059,2021-01-27,NY,Paid Social
3740,2021-01-27,TX,Paid Social
9477,2021-01-27,TX,Affiliate
25591,2021-01-27,NY,Affiliate
16431,2021-01-27,FL,Organic Search
21702,2021-01-27,CA,Affiliate
18494,2021-01-27,IL,Paid Social
862,2021-01-27,WA,Paid Social
29530,2021-01-27,CA,Email
10395,2021-01-27,,Organic Search
5092,2021-01-27,NY,Organic Search
17806,2021-01-27,IL,Paid Social
23763,2021-01-28,IL,Affiliate
27572,2021-01-28,TX,Organic Search
14070,2021-01-28,NY,Organic Search
27310,2021-01-28,TX,Email
20085,2021-01-28,,Organic Search
28012,2021-01-28,GA,Paid Social
28559,2021-01-28,FL,Paid Social
10869,2021-01-28,NY,Paid Social
6012,2021-01-28,NY,Email
9333,2021-01-28,TX,Paid Social
14039,2021-01-28,IL,Paid Social
16075,2021-01-28,TX,Referral
17226,2021-01-28,IL,Organic Search
13085,2021-01-28,NY,Organic Search
13980,2021-01-28,FL,Organic Search
21265,2021-01-28,FL,Paid Social
18716,2021-01-28,FL,Email
13919,2021-01-28,GA,Affiliate
14638,2021-01-28,IL,Paid Social
5246,2021-01-28,FL,Paid Social
2238,2021-01-28,NY,Organic Search
1936,2021-01-28,,Email
22784,2021-01-28,FL,Organic Search
28291,2021-01-28,IL,Paid Social
22569,2021-01-29,IL,Organic Search
6637,2021-01-29,WA,Affiliate
14856,2021-01-29,WA,Referral
13594,2021-01-29,FL,Referral
13158,2021-01-29,FL,Organic Search
23368,2021-01-29,GA,Organic Search
15675,2021-01-29,,Affiliate
9469,2021-01-29,GA,Paid Social
29915,2021-01-29,GA,Paid Social
3291,2021-01-29,CA,Organic Search
15946,2021-01-29,CA,Paid Social
16962,2021-01-29,CA,Email
22105,2021-01-29,NY,Organic Search
1650,2021-01-29,WA,Email
15953,2021-01-29,TX,Paid Social
8125,2021-01-29,WA,Organic Search
13830,2021-01-29,,Paid Social
8034,2021-01-29,FL,Organic Search
11514,2021-01-29,NY,Paid Social
24472,2021-01-29,CA,Referral
12537,2021-01-29,CA,Paid Social
12516,2021-01-29,GA,Paid Social
14339,2021-01-29,TX,Paid Social
3920,2021-01-29,TX,Email
7290,2021-01-29,WA,Email
18999,2021-01-29,IL,Paid Social
25217,2021-01-30,IL,Paid Social
6676,2021-01-30,WA,Referral
14190,2021-01-30,TX,Paid Social
27527,2021-01-30,NY,Paid Social
19975,2021-01-30,GA,Email
4618,2021-01-30,WA,Referral
3686,2021-01-30,CA,Paid Social
29519,2021-01-30,IL,Referral
1433,2021-01-30,NY,Paid Social
26099,2021-01-30,NY,Paid Social
21024,2021-01-30,NY,Organic Search
18382,2021-01-30,FL,Organic Search
5357,2021-01-30,FL,Organic Search
3591,2021-01-30,,Affiliate
13108,2021-01-30,TX,Affiliate
27342,2021-01-30,FL,Organic Search
8385,2021-01-30,TX,Organic Search
16098,2021-01-30,TX,Paid Social
27168,2021-01-30,GA,Paid Social
15042,2021-01-30,TX,Organic Search
8974,2021-01-30,IL,Organic Search
1884,2021-01-30,NY,Email
2897,2021-01-30,CA,Paid Social
25192,2021-01-30,GA,Affiliate
3915,2021-01-30,GA,Affiliate
10810,2021-01-31,TX,Paid Social
9743,2021-01-31,,Referral
14896,2021-01-31,CA,Organic Search
20631,2021-01-31,WA,Email
1237,2021-01-31,WA,Referral
8295,2021-01-31,IL,Email
19041,2021-01-31,WA,Email
11680,2021-01-31,,Organic Search
10631,2021-01-31,FL,Paid Social
23094,2021-01-31,WA,Affiliate
9805,2021-01-31,TX,Paid Social
3942,2021-01-31,TX,Referral
18496,2021-01-31,GA,Referral
29039,2021-01-31,TX,Paid Social
10458,2021-01-31,WA,Paid Social
2392,2021-01-31,,Organic Search
22362,2021-01-31,FL,Email
1015,2021-01-31,FL,Email
22466,2021-01-31,NY,Organic Search
23325,2021-01-31,,Organic Search
27497,2021-01-31,NY,Paid Social
5093,2021-01-31,CA,Email
25536,2021-01-31,TX,Paid Social
19546,2021-02-01,TX,Organic Search
9302,2021-02-01,TX,Paid Social
2427,2021-02-01,TX,Organic Search
6082,2021-02-01,FL,Affiliate
927,2021-02-01,GA,Organic Search
702,2021-02-01,GA,Organic Search
22886,2021-02-01,TX,Email
19187,2021-02-01,WA,Email
28389,2021-02-01,GA,Paid Social
19601,2021-02-01,GA,Organic Search
9016,2021-02-01,WA,Organic Search
16177,2021-02-01,IL,Paid Social
29538,2021-02-01,,Paid Social
15945,2021-02-01,TX,Organic Search
4007,2021-02-01,IL,Paid Social
533,2021-02-01,GA,Affiliate
18774,2021-02-01,TX,Paid Social
5827,2021-02-01,WA,Paid Social
12082,2021-02-01,WA,Paid Social
26027,2021-02-01,FL,Organic Search
28417,2021-02-01,,Organic Search
3698,2021-02-01,GA,Paid Social
8812,2021-02-01,,Paid Social
10145,2021-02-01,,Paid Social
8746,2021-02-01,IL,Paid Social
11839,2021-02-01,GA,Organic Search
3559,2021-02-01,FL,Organic Search
11326,2021-02-01,,Paid Social
21390,2021-02-01,GA,Organic Search
28165,2021-02-01,FL,Email
6039,2021-02-02,FL,Organic Search
20274,2021-02-02,FL,Affiliate
4494,2021-02-02,WA,Email
1558,2021-02-02,TX,Paid Social
21145,2021-02-02,NY,Paid Social
13382,2021-02-02,IL,Organic Search
16434,2021-02-02,FL,Organic Search
21018,2021-02-02,WA,Paid Social
14558,2021-02-02,TX,Paid Social
28921,2021-02-02,FL,Paid Social
20926,2021-02-02,NY,Referral
20918,2021-02-02,,Email
13978,2021-02-02,NY,Paid Social
4891,2021-02-02,WA,Paid Social
20839,2021-02-02,FL,Email
19396,2021-02-02,IL,Paid Social
11284,2021-02-02,TX,Organic Search
6493,2021-02-02,WA,Paid Social
2702,2021-02-02,NY,Affiliate
6694,2021-02-02,GA,Email
12240,2021-02-02,GA,Affiliate
23700,2021-02-02,,Organic Search
23031,2021-02-02,FL,Organic Search
15696,2021-02-02,CA,Paid Social
3045,2021-02-02,WA,Email
18406,2021-02-02,CA,Organic Search
21611,2021-02-02,TX,Email
3178,2021-02-02,CA,Referral
11718,2021-02-02,GA,Paid Social
6013,2021-02-02,TX,Affiliate
11192,2021-02-02,TX,Organic Search
6243,2021-02-03,WA,Paid Social
1423,2021-02-03,NY,Organic Search
16167,2021-02-03,CA,Paid Social
4740,2021-02-03,CA,Paid Social
27761,2021-02-03,GA,Paid Social
2711,2021-02-03,NY,Email
54,2021-02-03,CA,Referral
15810,2021-02-03,TX,Organic Search
8074,2021-02-03,NY,Paid Social
29387,2021-02-03,IL,Paid Social
4250,2021-02-03,IL,Affiliate
23830,2021-02-03,IL,Affiliate
16388,2021-02-03,CA,Paid Social
3938,2021-02-03,NY,Organic Search
9999,2021-02-03,,Paid Social
7457,2021-02-03,,Paid Social
1693,2021-02-03,GA,Paid Social
18654,2021-02-03,TX,Email
15887,2021-02-03,GA,Paid Social
1942,2021-02-03,IL,Paid Social
24220,2021-02-03,WA,Affiliate
1065,2021-02-03,,Paid Social
15636,2021-02-04,CA,Organic Search
6333,2021-02-04,FL,Paid Social
13117,2021-02-04,,Paid Social
23387,2021-02-04,GA,Organic Search
563,2021-02-04,FL,Organic Search
25941,2021-02-04,,Paid Social
8928,2021-02-04,NY,Organic Search
17979,2021-02-04,TX,Paid Social
7036,2021-02-04,CA,Email
25496,2021-02-04,WA,Paid Social
22302,2021-02-04,FL,Email
28764,2021-02-04,GA,Email
15938,2021-02-04,TX,Organic Search
8475,2021-02-04,WA,Referral
18218,2021-02-04,,Organic Search
15285,2021-02-04,CA,Paid Social
21475,2021-02-04,FL,Paid Social
11380,2021-02-04,GA,Organic Search
22413,2021-02-04,CA,Referral
9308,2021-02-04,NY,Email
15974,2021-02-05,IL,Paid Social
25339,2021-02-05,GA,Paid Social
7844,2021-02-05,WA,Paid Social
9220,2021-02-05,NY,Organic Search
18860,2021-02-05,WA,Paid Social
1578,2021-02-05,WA,Paid Social
11735,2021-02-05,FL,Paid Social
24457,2021-02-05,CA,Paid Social
2032,2021-02-05,WA,Paid Social
24436,2021-02-05,IL,Organic Search
4943,2021-02-05,GA,Email
24149,2021-02-05,NY,Organic Search
5174,2021-02-05,WA,Organic Search
22141,2021-02-05,WA,Paid Social
8245,2021-02-05,IL,Paid Social
21480,2021-02-05,,Organic Search
12116,2021-02-05,NY,Organic Search
8422,2021-02-05,,Organic Search
1130,2021-02-06,FL,Organic Search
22277,2021-02-06,,Organic Search
3683,2021-02-06,GA,Email
164,2021-02-06,GA,Paid Social
17818,2021-02-06,CA,Paid Social
15119,2021-02-06,IL,Organic Search
6030,2021-02-06,,Organic Search
4411,2021-02-06,GA,Organic Search
25552,2021-02-06,GA,Organic Search
25648,2021-02-06,GA,Organic Search
3266,2021-02-06,WA,Organic Search
15925,2021-02-06,IL,Organic Search
9671,2021-02-06,IL,Paid Social
14998,2021-02-06,NY,Organic Search
26851,2021-02-06,WA,Paid Social
17413,2021-02-06,,Organic Search
19948,2021-02-06,TX,Organic Search
26839,2021-02-06,WA,Email
5128,2021-02-07,NY,Organic Search
7663,2021-02-07,GA,Email
1901,2021-02-07,WA,Paid Social
439,2021-02-07,FL,Email
12338,2021-02-07,NY,Paid Social
14586,2021-02-07,WA,Paid Social
8719,2021-02-07,NY,Referral
10655,2021-02-07,GA,Paid Social
13709,2021-02-07,NY,Affiliate
3701,2021-02-07,CA,Paid Social
11207,2021-02-07,FL,Email
24319,2021-02-07,GA,Organic Search
9198,2021-02-07,IL,Affiliate
2198,2021-02-07,,Referral
28562,2021-02-07,CA,Email
23102,2021-02-07,TX,Organic Search
17185,2021-02-07,NY,Organic Search
16019,2021-02-07,CA,Affiliate
7889,2021-02-07,TX,Paid Social
26345,2021-02-07,TX,Organic Search
1400,2021-02-07,,Email
339,2021-02-07,IL,Paid Social
1395,2021-02-07,GA,Paid Social
7779,2021-02-07,,Referral
13895,2021-02-07,GA,Paid Social
13223,2021-02-07,,Email
22588,2021-02-07,CA,Paid Social
2851,2021-02-07,,Paid Social
14470,2021-02-07,GA,Organic Search
6486,2021-02-07,TX,Paid Social
14090,2021-02-07,GA,Paid Social
16359,2021-02-08,IL,Paid Social
11244,2021-02-08,FL,Paid Social
10992,2021-02-08,CA,Paid Social
23109,2021-02-08,IL,Email
25302,2021-02-08,IL,Paid Social
22759,2021-02-08,NY,Organic Search
13708,2021-02-08,IL,Organic Search
16542,2021-02-08,TX,Paid Social
12958,2021-02-08,FL,Referral
229,2021-02-08,FL,Referral
25879,2021-02-08,WA,Paid Social
8330,2021-02-08,GA,Paid Social
8027,2021-02-08,IL,Email
11307,2021-02-08,NY,Affiliate
12922,2021-02-08,IL,Organic Search
5021,2021-02-08,WA,Paid Social
13692,2021-02-08,CA,Organic Search
8924,2021-02-08,TX,Email
10634,2021-02-08,NY,Paid Social
25084,2021-02-08,NY,Email
3659,2021-02-08,FL,Paid Social
22606,2021-02-08,,Affiliate
7,2021-02-08,FL,Organic Search
117,2021-02-08,FL,Email
28779,2021-02-08,,Referral
1190,2021-02-08,GA,Email
22511,2021-02-08,FL,Paid Social
24156,2021-02-08,,Paid Social
19786,2021-02-09,CA,Paid Social
13637,2021-02-09,WA,Email
27478,2021-02-09,IL,Organic Search
11234,2021-02-09,IL,Paid Social
12295,2021-02-09,,Organic Search
6756,2021-02-09,GA,Paid Social
9508,2021-02-09,GA,Paid Social
16839,2021-02-09,NY,Organic Search
18421,2021-02-09,GA,Paid Social
29288,2021-02-09,GA,Paid Social
7359,2021-02-09,,Organic Search
20050,2021-02-09,TX,Affiliate
11388,2021-02-09,IL,Email
15989,2021-02-09,,Email
19387,2021-02-10,TX,Paid Social
16347,2021-02-10,WA,Paid Social
18811,2021-02-10,,Paid Social
2546,2021-02-10,CA,Paid Social
24514,2021-02-10,TX,Organic Search
20850,2021-02-10,IL,Organic Search
29019,2021-02-10,GA,Organic Search
27346,2021-02-10,,Email
8199,2021-02-10,,Paid Social
10566,2021-02-10,FL,Email
102,2021-02-10,NY,Paid Social
13584,2021-02-10,GA,Email
1568,2021-02-10,,Organic Search
6368,2021-02-10,,Organic Search
23409,2021-02-10,,Paid Social
23762,2021-02-10,WA,Organic Search
8411,2021-02-10,GA,Paid Social
27507,2021-02-10,FL,Paid Social
3667,2021-02-10,WA,Email
6580,2021-02-10,FL,Paid Social
19552,2021-02-11,WA,Organic Search
10196,2021-02-11,CA,Affiliate
10411,2021-02-11,NY,Email
1896,2021-02-11,CA,Email
7365,2021-02-11,CA,Paid Social
17686,2021-02-11,NY,Affiliate
22543,2021-02-11,GA,Paid Social
22080,2021-02-11,,Paid Social
29574,2021-02-11,TX,Paid Social
605,2021-02-11,WA,Organic Search
5231,2021-02-11,GA,Paid Social
16991,2021-02-11,FL,Organic Search
15327,2021-02-11,,Paid Social
9379,2021-02-11,CA,Referral
7892,2021-02-11,IL,Paid Social
20828,2021-02-11,NY,Organic Search
12349,2021-02-11,FL,Organic Search
28373,2021-02-11,,Organic Search
28965,2021-02-12,GA,Paid Social
9460,2021-02-12,NY,Paid Social
4627,2021-02-12,WA,Paid Social
7519,2021-02-12,FL,Email
8212,2021-02-12,,Email
25628,2021-02-12,FL,Paid Social
1035,2021-02-12,TX,Organic Search
22357,2021-02-12,IL,Paid Social
14251,2021-02-12,GA,Organic Search
11598,2021-02-12,WA,Organic Search
12490,2021-02-12,IL,Email
5851,2021-02-12,GA,Organic Search
5875,2021-02-12,TX,Paid Social
23765,2021-02-12,,Organic Search
20095,2021-02-12,IL,Paid Social
22094,2021-02-12,CA,Organic Search
28733,2021-02-12,TX,Organic Search
11691,2021-02-12,WA,Organic Search
17317,2021-02-12,NY,Paid Social
4052,2021-02-12,,Paid Social
28639,2021-02-12,CA,Email
11106,2021-02-12,IL,Organic Search
2370,2021-02-12,NY,Email
6761,2021-02-13,IL,Organic Search
8002,2021-02-13,GA,Paid Social
17406,2021-02-13,,Paid Social
5408,2021-02-13,TX,Paid Social
10626,2021-02-13,,Paid Social
10749,2021-02-13,NY,Paid Social
22260,2021-02-13,NY,Email
21921,2021-02-13,,Organic Search
21403,2021-02-13,NY,Organic Search
21111,2021-02-13,FL,Affiliate
20970,2021-02-13,FL,Paid Social
2050,2021-02-13,TX,Organic Search
20729,2021-02-13,CA,Affiliate
18731,2021-02-13,WA,Email
16602,2021-02-13,GA,Email
12386,2021-02-13,IL,Organic Search
14795,2021-02-13,CA,Organic Search
3333,2021-02-13,WA,Organic Search
14274,2021-02-13,IL,Paid Social
25876,2021-02-13,WA,Organic Search
9804,2021-02-13,TX,Paid Social
23159,2021-02-13,WA,Paid Social
28730,2021-02-13,GA,Email
29046,2021-02-14,IL,Organic Search
25066,2021-02-14,GA,Organic Search
4305,2021-02-14,TX,Email
1181,2021-02-14,TX,Affiliate
6575,2021-02-14,WA,Organic Search
23847,2021-02-14,FL,Paid Social
5508,2021-02-14,FL,Paid Social
17775,2021-02-14,GA,Affiliate
23267,2021-02-14,GA,Organic Search
6724,2021-02-14,,Paid Social
10321,2021-02-14,FL,Paid Social
26316,2021-02-14,GA,Affiliate
22613,2021-02-14,GA,Email
25070,2021-02-14,NY,Paid Social
26448,2021-02-14,IL,Organic Search
26525,2021-02-14,,Organic Search
2497,2021-02-14,NY,Paid Social
18452,2021-02-14,TX,Paid Social
26435,2021-02-14,CA,Referral
11738,2021-02-14,WA,Paid Social
12089,2021-02-14,,Paid Social
21645,2021-02-15,FL,Organic Search
6956,2021-02-15,NY,Paid Social
5731,2021-02-15,FL,Email
24102,2021-02-15,WA,Paid Social
23501,2021-02-15,GA,Email
10747,2021-02-15,FL,Referral
9003,2021-02-15,IL,Email
4762,2021-02-15,CA,Affiliate
16729,2021-02-15,NY,Email
22112,2021-02-15,IL,Affiliate
29757,2021-02-15,CA,Affiliate
24195,2021-02-15,GA,Affiliate
28395,2021-02-15,GA,Organic Search
26271,2021-02-15,GA,Organic Search
25243,2021-02-15,NY,Organic Search
13961,2021-02-15,FL,Organic Search
918,2021-02-15,CA,Affiliate
6185,2021-02-15,FL,Organic Search
29980,2021-02-15,GA,Paid Social
10101,2021-02-15,FL,Affiliate
4449,2021-02-15,FL,Paid Social
26876,2021-02-15,IL,Paid Social
27437,2021-02-15,TX,Email
29895,2021-02-15,WA,Organic Search
6216,2021-02-15,GA,Email
27385,2021-02-16,TX,Affiliate
2852,2021-02-16,,Organic Search
20180,2021-02-16,IL,Organic Search
4536,2021-02-16,TX,Paid Social
27485,2021-02-16,IL,Email
18467,2021-02-16,TX,Paid Social
3458,2021-02-16,GA,Paid Social
7255,2021-02-16,CA,Paid Social
29369,2021-02-16,,Organic Search
21160,2021-02-16,TX,Organic Search
20106,2021-02-16,NY,Organic Search
24582,2021-02-16,GA,Organic Search
20010,2021-02-16,GA,Organic Search
4992,2021-02-16,CA,Paid Social
12365,2021-02-16,CA,Paid Social
4974,2021-02-16,WA,Email
2985,2021-02-16,WA,Paid Social
25497,2021-02-16,TX,Paid Social
29922,2021-02-16,WA,Paid Social
1308,2021-02-16,,Email
15695,2021-02-16,NY,Organic Search
16852,2021-02-16,GA,Organic Search
24463,2021-02-16,GA,Paid Social
3075,2021-02-16,,Paid Social
26318,2021-02-16,NY,Paid Social
23377,2021-02-16,GA,Organic Search
19176,2021-02-17,FL,Paid Social
20956,2021-02-17,WA,Affiliate
5298,2021-02-17,CA,Paid Social
3872,2021-02-17,TX,Organic Search
21389,2021-02-17,CA,Paid Social
26820,2021-02-17,IL,Email
9208,2021-02-17,CA,Paid Social
16799,2021-02-17,TX,Organic Search
26579,2021-02-17,IL,Email
22539,2021-02-17,NY,Affiliate
22733,2021-02-17,GA,Paid Social
28957,2021-02-17,CA,Referral
4622,2021-02-17,GA,Email
2997,2021-02-17,NY,Organic Search
12569,2021-02-17,IL,Paid Social
13634,2021-02-17,FL,Paid Social
13516,2021-02-18,FL,Paid Social
2814,2021-02-18,TX,Organic Search
7696,2021-02-18,WA,Paid Social
17083,2021-02-18,WA,Organic Search
12165,2021-02-18,TX,Paid Social
16073,2021-02-18,GA,Affiliate
12869,2021-02-18,IL,Paid Social
1294,2021-02-18,IL,Paid Social
106,2021-02-18,CA,Organic Search
20965,2021-02-18,GA,Affiliate
6233,2021-02-18,GA,Paid Social
26500,2021-02-18,CA,Affiliate
1743,2021-02-18,FL,Email
10914,2021-02-18,IL,Referral
28336,2021-02-18,FL,Paid Social
25285,2021-02-18,IL,Organic Search
25600,2021-02-18,TX,Organic Search
4179,2021-02-18,NY,Paid Social
28638,2021-02-18,WA,Paid Social
25432,2021-02-19,FL,Organic Search
25753,2021-02-19,,Affiliate
3378,2021-02-19,FL,Organic Search
26960,2021-02-19,IL,Organic Search
4772,2021-02-19,NY,Paid Social
3374,2021-02-19,CA,Paid Social
7985,2021-02-19,IL,Paid Social
2502,2021-02-19,CA,Email
6322,2021-02-19,WA,Paid Social
18320,2021-02-19,GA,Organic Search
23485,2021-02-19,TX,Organic Search
23477,2021-02-19,NY,Paid Social
6664,2021-02-19,IL,Email
16123,2021-02-19,,Organic Search
22979,2021-02-19,FL,Email
6832,2021-02-19,,Organic Search
21967,2021-02-19,GA,Paid Social
21373,2021-02-19,GA,Organic Search
20897,2021-02-19,,Email
15337,2021-02-19,FL,Organic Search
22071,2021-02-19,WA,Paid Social
4593,2021-02-19,CA,Paid Social
10437,2021-02-19,IL,Organic Search
10591,2021-02-19,TX,Email
12111,2021-02-19,,Organic Search
12012,2021-02-19,GA,Paid Social
9495,2021-02-19,TX,Paid Social
10908,2021-02-19,,Paid Social
12566,2021-02-19,NY,Email
3422,2021-02-20,CA,Paid Social
5741,2021-02-20,WA,Referral
10609,2021-02-20,GA,Email
5123,2021-02-20,TX,Organic Search
22818,2021-02-20,NY,Organic Search
21785,2021-02-20,GA,Email
11335,2021-02-20,GA,Organic Search
23215,2021-02-20,,Paid Social
19874,2021-02-20,GA,Paid Social
29755,2021-02-20,WA,Email
29621,2021-02-20,CA,Paid Social
14907,2021-02-20,GA,Paid Social
18273,2021-02-20,IL,Paid Social
29392,2021-02-20,CA,Paid Social
3813,2021-02-20,TX,Organic Search
4570,2021-02-20,WA,Referral
27947,2021-02-20,CA,Email
3939,2021-02-20,TX,Organic Search
15319,2021-02-20,GA,Email
12764,2021-02-20,,Paid Social
599,2021-02-20,NY,Organic Search
24670,2021-02-20,IL,Referral
26098,2021-02-20,IL,Affiliate
558,2021-02-20,WA,Organic Search
10189,2021-02-20,FL,Organic Search
1892,2021-02-21,TX,Paid Social
14366,2021-02-21,IL,Paid Social
25338,2021-02-21,TX,Email
5340,2021-02-21,IL,Organic Search
14460,2021-02-21,,Email
11350,2021-02-21,,Referral
2101,2021-02-21,IL,Affiliate
20131,2021-02-21,IL,Paid Social
25742,2021-02-21,IL,Referral
24587,2021-02-21,NY,Paid Social
5857,2021-02-21,IL,Organic Search
18979,2021-02-21,CA,Organic Search
6086,2021-02-21,,Paid Social
9898,2021-02-21,FL,Paid Social
9080,2021-02-21,NY,Organic Search
14945,2021-02-21,GA,Organic Search
7731,2021-02-21,CA,Paid Social
9033,2021-02-21,IL,Paid Social
19820,2021-02-21,WA,Email
2329,2021-02-21,IL,Paid Social
27191,2021-02-21,IL,Organic Search
6499,2021-02-21,WA,Organic Search
23745,2021-02-21,,Organic Search
22308,2021-02-21,WA,Organic Search
10585,2021-02-21,FL,Paid Social
5457,2021-02-21,,Paid Social
25167,2021-02-21,FL,Email
23339,2021-02-21,TX,Paid Social
13378,2021-02-21,TX,Affiliate
13991,2021-02-21,CA,Organic Search
15326,2021-02-21,WA,Paid Social
6793,2021-02-21,,Paid Social
468,2021-02-21,,Referral
26682,2021-02-22,CA,Paid Social
4460,2021-02-22,CA,Paid Social
467,2021-02-22,,Organic Search
7902,2021-02-22,GA,Organic Search
17470,2021-02-22,NY,Paid Social
482,2021-02-22,,Paid Social
28103,2021-02-22,NY,Paid Social
6596,2021-02-22,TX,Organic Search
8810,2021-02-22,,Organic Search
16487,2021-02-22,FL,Affiliate
354,2021-02-22,FL,Organic Search
1009,2021-02-22,TX,Organic Search
11875,2021-02-22,TX,Email
28738,2021-02-22,TX,Email
19569,2021-02-22,GA,Organic Search
2231,2021-02-22,FL,Email
8601,2021-02-22,IL,Paid Social
9227,2021-02-22,GA,Paid Social
25662,2021-02-22,NY,Organic Search
1444,2021-02-22,TX,Paid Social
1007,2021-02-22,GA,Paid Social
24473,2021-02-22,TX,Email
10896,2021-02-22,GA,Organic Search
11236,2021-02-22,NY,Paid Social
22504,2021-02-22,FL,Referral
25173,2021-02-22,GA,Organic Search
27471,2021-02-22,CA,Email
20533,2021-02-22,CA,Paid Social
14209,2021-02-22,GA,Affiliate
3567,2021-02-22,TX,Paid Social
13325,2021-02-22,NY,Paid Social
14718,2021-02-22,WA,Referral
21805,2021-02-23,,Organic Search
14285,2021-02-23,CA,Paid Social
5709,2021-02-23,TX,Paid Social
30,2021-02-23,GA,Organic Search
1870,2021-02-23,IL,Email
23827,2021-02-23,FL,Email
17593,2021-02-23,NY,Organic Search
4446,2021-02-23,CA,Affiliate
22065,2021-02-23,GA,Email
8655,2021-02-23,GA,Paid Social
16320,2021-02-23,WA,Paid Social
5522,2021-02-23,NY,Paid Social
3788,2021-02-23,GA,Paid Social
27576,2021-02-23,GA,Organic Search
10885,2021-02-23,CA,Paid Social
28270,2021-02-23,WA,Email
19367,2021-02-23,CA,Affiliate
4688,2021-02-24,GA,Organic Search
1661,2021-02-24,,Paid Social
6679,2021-02-24,NY,Paid Social
16518,2021-02-24,GA,Affiliate
22670,2021-02-24,,Paid Social
27243,2021-02-24,WA,Organic Search
10870,2021-02-24,,Paid Social
23234,2021-02-24,,Paid Social
27194,2021-02-24,TX,Organic Search
10834,2021-02-24,TX,Organic Search
1675,2021-02-24,WA,Email
12187,2021-02-24,TX,Email
17290,2021-02-24,FL,Paid Social
14783,2021-02-24,TX,Referral
25946,2021-02-24,IL,Referral
7635,2021-02-24,IL,Paid Social
9601,2021-02-24,CA,Organic Search
10390,2021-02-24,NY,Referral
29939,2021-02-24,FL,Organic Search
20611,2021-02-24,GA,Paid Social
21047,2021-02-24,IL,Paid Social
12481,2021-02-24,GA,Email
5315,2021-02-24,FL,Paid Social
21249,2021-02-24,CA,Organic Search
1888,2021-02-24,IL,Organic Search
2517,2021-02-24,FL,Organic Search
10344,2021-02-24,GA,Email
18724,2021-02-24,NY,Email
21073,2021-02-25,NY,Organic Search
4324,2021-02-25,TX,Paid Social
11022,2021-02-25,CA,Organic Search
26958,2021-02-25,IL,Paid Social
307,2021-02-25,IL,Paid Social
8825,2021-02-25,FL,Referral
20728,2021-02-25,WA,Organic Search
10275,2021-02-25,WA,Affiliate
25525,2021-02-25,,Referral
22525,2021-02-25,GA,Email
14272,2021-02-25,IL,Paid Social
10006,2021-02-25,,Referral
15200,2021-02-25,TX,Paid Social
10043,2021-02-25,TX,Organic Search
16302,2021-02-25,CA,Paid Social
27083,2021-02-25,WA,Organic Search
14999,2021-02-25,TX,Paid Social
22892,2021-02-25,,Organic Search
23736,2021-02-25,GA,Email
1569,2021-02-25,TX,Paid Social
27692,2021-02-25,,Email
8393,2021-02-25,NY,Affiliate
13238,2021-02-25,TX,Paid Social
12661,2021-02-25,NY,Organic Search
25480,2021-02-26,GA,Organic Search
29009,2021-02-26,GA,Paid Social
2002,2021-02-26,FL,Organic Search
8424,2021-02-26,FL,Organic Search
13531,2021-02-26,WA,Affiliate
8958,2021-02-26,GA,Referral
8880,2021-02-26,GA,Organic Search
8524,2021-02-26,FL,Paid Social
15769,2021-02-26,GA,Paid Social
7184,2021-02-26,TX,Email
28751,2021-02-26,,Paid Social
8198,2021-02-26,NY,Organic Search
21458,2021-02-26,NY,Paid Social
18091,2021-02-26,,Affiliate
18934,2021-02-26,NY,Email
16997,2021-02-26,FL,Paid Social
8643,2021-02-26,GA,Organic Search
23428,2021-02-26,TX,Paid Social
27806,2021-02-26,,Paid Social
17,2021-02-26,NY,Paid Social
17690,2021-02-26,WA,Email
28676,2021-02-26,TX,Paid Social
4,2021-02-26,NY,Paid Social
16574,2021-02-26,IL,Email
29348,2021-02-26,FL,Paid Social
19881,2021-02-27,,Affiliate
4860,2021-02-27,IL,Referral
25402,2021-02-27,,Paid Social
4861,2021-02-27,GA,Paid Social
5211,2021-02-27,IL,Affiliate
20336,2021-02-27,CA,Paid Social
11489,2021-02-27,GA,Email
19272,2021-02-27,NY,Affiliate
8016,2021-02-27,,Email
27090,2021-02-27,TX,Affiliate
12992,2021-02-27,GA,Paid Social
28684,2021-02-27,TX,Paid Social
25289,2021-02-27,WA,Organic Search
26226,2021-02-27,WA,Organic Search
5181,2021-02-27,IL,Paid Social
12636,2021-02-27,CA,Organic Search
25206,2021-02-27,GA,Organic Search
6374,2021-02-27,IL,Affiliate
5935,2021-02-27,FL,Paid Social
13970,2021-02-27,WA,Paid Social
362,2021-02-27,CA,Paid Social
21589,2021-02-27,GA,Paid Social
22309,2021-02-27,FL,Affiliate
685,2021-02-27,TX,Affiliate
11221,2021-02-27,TX,Organic Search
21358,2021-02-27,GA,Paid Social
16712,2021-02-27,WA,Paid Social
23809,2021-02-27,,Paid Social
17653,2021-02-27,IL,Paid Social
12862,2021-02-28,,Affiliate
9543,2021-02-28,FL,Paid Social
2149,2021-02-28,IL,Paid Social
29817,2021-02-28,FL,Organic Search
23948,2021-02-28,NY,Email
11088,2021-02-28,NY,Paid Social
29580,2021-02-28,,Paid Social
1236,2021-02-28,CA,Paid Social
11159,2021-02-28,TX,Paid Social
13685,2021-02-28,IL,Email
20513,2021-02-28,,Affiliate
1434,2021-02-28,WA,Paid Social
15254,2021-02-28,TX,Email
4732,2021-02-28,TX,Organic Search
16201,2021-02-28,FL,Email
14914,2021-02-28,TX,Paid Social
25426,2021-02-28,,Organic Search
3027,2021-02-28,CA,Affiliate
708,2021-02-28,WA,Email
15493,2021-02-28,TX,Paid Social
14878,2021-02-28,IL,Affiliate
19592,2021-02-28,,Organic Search
12390,2021-02-28,WA,Organic Search
12983,2021-02-28,GA,Organic Search
28964,2021-02-28,IL,Affiliate
16569,2021-02-28,CA,Affiliate
29466,2021-03-01,TX,Paid Social
15855,2021-03-01,GA,Organic Search
28441,2021-03-01,GA,Email
7854,2021-03-01,GA,Organic Search
13182,2021-03-01,GA,Organic Search
2374,2021-03-01,IL,Paid Social
28387,2021-03-01,IL,Paid Social
9078,2021-03-01,NY,Email
27526,2021-03-01,WA,Affiliate
2054,2021-03-01,FL,Affiliate
21756,2021-03-01,GA,Organic Search
21082,2021-03-01,TX,Email
15108,2021-03-01,,Paid Social
20325,2021-03-01,WA,Organic Search
14248,2021-03-01,FL,Email
19731,2021-03-01,TX,Paid Social
5095,2021-03-01,,Organic Search
24840,2021-03-01,IL,Referral
16874,2021-03-01,WA,Referral
156,2021-03-01,TX,Organic Search
19626,2021-03-01,,Organic Search
6272,2021-03-01,TX,Affiliate
12542,2021-03-01,GA,Paid Social
26501,2021-03-01,,Paid Social
28739,2021-03-01,FL,Organic Search
25126,2021-03-01,,Referral
28672,2021-03-01,WA,Organic Search
5442,2021-03-01,,Organic Search
6902,2021-03-01,FL,Organic Search
28262,2021-03-02,GA,Organic Search
2525,2021-03-02,TX,Email
14166,2021-03-02,WA,Paid Social
16815,2021-03-02,FL,Paid Social
18373,2021-03-02,WA,Paid Social
27408,2021-03-02,IL,Organic Search
17839,2021-03-02,CA,Email
12232,2021-03-02,GA,Affiliate
25106,2021-03-02,IL,Affiliate
21882,2021-03-02,FL,Paid Social
23420,2021-03-02,GA,Paid Social
23321,2021-03-02,,Paid Social
26911,2021-03-02,,Email
29762,2021-03-02,NY,Paid Social
4954,2021-03-02,NY,Paid Social
19797,2021-03-02,,Email
24841,2021-03-02,TX,Organic Search
19494,2021-03-02,NY,Paid Social
15526,2021-03-02,,Organic Search
13489,2021-03-02,TX,Organic Search
23434,2021-03-02,,Organic Search
11958,2021-03-02,FL,Affiliate
6816,2021-03-02,WA,Organic Search
11974,2021-03-02,WA,Paid Social
21148,2021-03-02,WA,Email
18855,2021-03-02,GA,Paid Social
9767,2021-03-03,FL,Paid Social
8452,2021-03-03,IL,Organic Search
19708,2021-03-03,CA,Paid Social
29584,2021-03-03,IL,Organic Search
28283,2021-03-03,GA,Paid Social
5273,2021-03-03,WA,Organic Search
24519,2021-03-03,WA,Email
12200,2021-03-03,NY,Paid Social
1667,2021-03-03,NY,Organic Search
29176,2021-03-03,TX,Paid Social
19411,2021-03-03,FL,Paid Social
24851,2021-03-03,,Affiliate
24213,2021-03-03,CA,Email
14008,2021-03-03,GA,Paid Social
21575,2021-03-03,CA,Affiliate
29478,2021-03-03,,Email
23286,2021-03-03,NY,Paid Social
13826,2021-03-03,NY,Organic Search
24945,2021-03-03,GA,Paid Social
20759,2021-03-03,TX,Email
8730,2021-03-03,TX,Organic Search
6726,2021-03-03,FL,Organic Search
28986,2021-03-03,IL,Email
7789,2021-03-03,,Organic Search
12448,2021-03-04,IL,Affiliate
4265,2021-03-04,WA,Paid Social
24046,2021-03-04,GA,Paid Social
10900,2021-03-04,,Paid Social
22954,2021-03-04,TX,Paid Social
15781,2021-03-04,TX,Organic Search
23489,2021-03-04,WA,Email
10452,2021-03-04,,Affiliate
20730,2021-03-04,GA,Paid Social
29219,2021-03-04,FL,Organic Search
5892,2021-03-04,GA,Paid Social
20974,2021-03-04,CA,Affiliate
4624,2021-03-04,NY,Paid Social
18142,2021-03-04,TX,Paid Social
3869,2021-03-04,WA,Paid Social
29787,2021-03-04,CA,Paid Social
5491,2021-03-04,TX,Organic Search
18681,2021-03-04,NY,Organic Search
18625,2021-03-04,CA,Affiliate
9279,2021-03-04,WA,Organic Search
29681,2021-03-04,CA,Organic Search
17958,2021-03-04,FL,Affiliate
11230,2021-03-05,NY,Paid Social
26030,2021-03-05,GA,Referral
4313,2021-03-05,WA,Organic Search
10677,2021-03-05,NY,Referral
29250,2021-03-05,WA,Paid Social
25952,2021-03-05,GA,Paid Social
28159,2021-03-05,,Organic Search
26371,2021-03-05,TX,Organic Search
3806,2021-03-05,NY,Affiliate
28512,2021-03-05,TX,Paid Social
20898,2021-03-05,WA,Organic Search
19175,2021-03-05,GA,Organic Search
1293,2021-03-05,CA,Paid Social
10554,2021-03-05,GA,Paid Social
8899,2021-03-05,NY,Organic Search
19702,2021-03-05,WA,Paid Social
15400,2021-03-05,NY,Paid Social
25653,2021-03-05,TX,Organic Search
23670,2021-03-05,NY,Paid Social
21532,2021-03-05,TX,Organic Search
10009,2021-03-05,TX,Email
26306,2021-03-05,GA,Organic Search
1728,2021-03-05,NY,Affiliate
10929,2021-03-05,GA,Paid Social
22230,2021-03-05,WA,Organic Search
17920,2021-03-05,,Referral
17132,2021-03-05,GA,Organic Search
4487,2021-03-05,GA,Organic Search
6224,2021-03-05,WA,Paid Social
2523,2021-03-05,WA,Organic Search
16494,2021-03-05,CA,Paid Social
13628,2021-03-06,TX,Organic Search
19347,2021-03-06,WA,Organic Search
3731,2021-03-06,GA,Organic Search
11277,2021-03-06,TX,Organic Search
12787,2021-03-06,FL,Organic Search
27105,2021-03-06,WA,Paid Social
12102,2021-03-06,GA,Organic Search
3078,2021-03-06,NY,Organic Search
5671,2021-03-06,FL,Referral
9753,2021-03-06,IL,Paid Social
24712,2021-03-06,FL,Organic Search
5488,2021-03-06,,Paid Social
4920,2021-03-06,NY,Paid Social
27616,2021-03-06,IL,Organic Search
7102,2021-03-06,NY,Organic Search
1875,2021-03-06,,Email
16535,2021-03-06,NY,Paid Social
1953,2021-03-06,CA,Paid Social
23253,2021-03-06,FL,Affiliate
23044,2021-03-06,FL,Email
25076,2021-03-06,FL,Paid Social
3540,2021-03-07,TX,Organic Search
7909,2021-03-07,,Paid Social
14649,2021-03-07,GA,Email
28717,2021-03-07,IL,Email
20129,2021-03-07,WA,Organic Search
14566,2021-03-07,NY,Organic Search
1229,2021-03-07,NY,Affiliate
18206,2021-03-07,GA,Paid Social
17584,2021-03-07,NY,Email
15071,2021-03-07,CA,Affiliate
23476,2021-03-07,IL,Referral
29585,2021-03-07,GA,Organic Search
25790,2021-03-07,GA,Organic Search
25164,2021-03-07,IL,Organic Search
2662,2021-03-07,TX,Referral
7878,2021-03-07,CA,Paid Social
20982,2021-03-07,WA,Email
240,2021-03-07,GA,Organic Search
13041,2021-03-07,FL,Paid Social
4511,2021-03-07,GA,Organic Search
26757,2021-03-07,NY,Paid Social
18084,2021-03-07,FL,Affiliate
12996,2021-03-07,WA,Affiliate
3052,2021-03-07,WA,Paid Social
25816,2021-03-08,TX,Paid Social
13407,2021-03-08,WA,Paid Social
5426,2021-03-08,WA,Paid Social
1956,2021-03-08,IL,Affiliate
24558,2021-03-08,NY,Paid Social
15378,2021-03-08,FL,Email
158,2021-03-08,TX,Email
17274,2021-03-08,IL,Paid Social
5285,2021-03-08,NY,Paid Social
7949,2021-03-08,WA,Affiliate
19124,2021-03-08,GA,Affiliate
19412,2021-03-08,WA,Organic Search
20256,2021-03-08,GA,Paid Social
27318,2021-03-08,GA,Paid Social
10979,2021-03-08,GA,Paid Social
26294,2021-03-08,IL,Email
10907,2021-03-08,,Paid Social
5460,2021-03-08,,Affiliate
7023,2021-03-08,FL,Affiliate
5144,2021-03-08,TX,Email
27811,2021-03-08,WA,Paid Social
27852,2021-03-08,FL,Paid Social
14179,2021-03-08,TX,Organic Search
8818,2021-03-08,TX,Paid Social
10791,2021-03-08,NY,Email
21747,2021-03-09,,Organic Search
24538,2021-03-09,NY,Paid Social
15487,2021-03-09,FL,Referral
16559,2021-03-09,GA,Email
935,2021-03-09,GA,Organic Search
7736,2021-03-09,IL,Paid Social
9945,2021-03-09,CA,Organic Search
5499,2021-03-09,,Paid Social
13649,2021-03-09,,Paid Social
10605,2021-03-09,CA,Paid Social
4716,2021-03-09,CA,Paid Social
25150,2021-03-09,,Organic Search
25911,2021-03-09,FL,Paid Social
20187,2021-03-09,IL,Organic Search
27765,2021-03-09,NY,Email
14505,2021-03-09,CA,Organic Search
4047,2021-03-09,,Paid Social
24647,2021-03-09,,Email
13109,2021-03-09,IL,Affiliate
23473,2021-03-09,,Referral
19100,2021-03-09,CA,Paid Social
6791,2021-03-09,WA,Email
26782,2021-03-10,WA,Paid Social
13069,2021-03-10,GA,Affiliate
12961,2021-03-10,WA,Organic Search
591,2021-03-10,,Organic Search
303,2021-03-10,CA,Paid Social
8979,2021-03-10,FL,Paid Social
4072,2021-03-10,NY,Paid Social
8820,2021-03-10,WA,Paid Social
14345,2021-03-10,,Affiliate
1862,2021-03-10,CA,Paid Social
8305,2021-03-10,TX,Organic Search
1655,2021-03-10,CA,Organic Search
19236,2021-03-10,NY,Paid Social
9085,2021-03-10,,Paid Social
18548,2021-03-10,,Paid Social
14909,2021-03-10,TX,Organic Search
20619,2021-03-10,TX,Paid Social
3418,2021-03-10,NY,Paid Social
23684,2021-03-10,GA,Paid Social
17623,2021-03-10,GA,Affiliate
17379,2021-03-10,FL,Affiliate
29064,2021-03-10,WA,Organic Search
29090,2021-03-11,IL,Paid Social
3023,2021-03-11,TX,Paid Social
16231,2021-03-11,CA,Organic Search
2192,2021-03-11,CA,Affiliate
8389,2021-03-11,,Paid Social
7998,2021-03-11,IL,Paid Social
26649,2021-03-11,IL,Organic Search
19323,2021-03-11,WA,Paid Social
20346,2021-03-11,CA,Paid Social
18001,2021-03-11,WA,Paid Social
12160,2021-03-11,TX,Organic Search
10184,2021-03-11,CA,Paid Social
4699,2021-03-11,,Organic Search
21242,2021-03-11,WA,Paid Social
29947,2021-03-11,WA,Organic Search
24844,2021-03-11,TX,Paid Social
25870,2021-03-11,GA,Affiliate
23833,2021-03-11,TX,Paid Social
8233,2021-03-11,IL,Email
4217,2021-03-11,WA,Organic Search
29916,2021-03-11,GA,Paid Social
26001,2021-03-11,NY,Organic Search
26142,2021-03-11,IL,Organic Search
6865,2021-03-11,NY,Paid Social
6940,2021-03-11,,Paid Social
21745,2021-03-11,IL,Organic Search
8062,2021-03-11,GA,Organic Search
11134,2021-03-11,FL,Paid Social
29811,2021-03-12,NY,Paid Social
28287,2021-03-12,NY,Paid Social
28172,2021-03-12,WA,Organic Search
29221,2021-03-12,TX,Organic Search
5305,2021-03-12,CA,Paid Social
5617,2021-03-12,GA,Referral
108,2021-03-12,FL,Email
6871,2021-03-12,NY,Paid Social
26943,2021-03-12,GA,Organic Search
23728,2021-03-12,TX,Organic Search
23726,2021-03-12,FL,Paid Social
22696,2021-03-12,IL,Referral
22626,2021-03-12,TX,Paid Social
21534,2021-03-12,NY,Affiliate
5024,2021-03-12,NY,Email
1288,2021-03-12,FL,Paid Social
16656,2021-03-12,IL,Paid Social
14843,2021-03-12,CA,Organic Search
2759,2021-03-12,NY,Email
1313,2021-03-12,TX,Paid Social
26887,2021-03-12,,Organic Search
4419,2021-03-12,WA,Paid Social
14406,2021-03-12,NY,Organic Search
13217,2021-03-12,GA,Paid Social
12963,2021-03-13,,Email
22127,2021-03-13,TX,Organic Search
14237,2021-03-13,NY,Affiliate
21530,2021-03-13,,Email
28504,2021-03-13,NY,Affiliate
14298,2021-03-13,WA,Organic Search
7983,2021-03-13,IL,Paid Social
12063,2021-03-13,FL,Paid Social
18225,2021-03-13,GA,Organic Search
17777,2021-03-13,NY,Email
29278,2021-03-13,IL,Paid Social
14355,2021-03-13,NY,Organic Search
2903,2021-03-13,IL,Organic Search
29563,2021-03-13,CA,Email
55,2021-03-13,TX,Paid Social
12513,2021-03-13,TX,Organic Search
20599,2021-03-13,,Affiliate
12898,2021-03-13,TX,Referral
28024,2021-03-13,FL,Paid Social
5759,2021-03-13,NY,Paid Social
8704,2021-03-13,,Organic Search
10042,2021-03-13,,Organic Search
27558,2021-03-13,,Paid Social
964,2021-03-13,GA,Paid Social
6519,2021-03-13,TX,Affiliate
5824,2021-03-14,WA,Email
20833,2021-03-14,WA,Affiliate
14989,2021-03-14,CA,Paid Social
20739,2021-03-14,WA,Organic Search
15422,2021-03-14,CA,Paid Social
3133,2021-03-14,WA,Affiliate
28544,2021-03-14,NY,Paid Social
19938,2021-03-14,WA,Email
16543,2021-03-14,NY,Email
17331,2021-03-14,IL,Email
11518,2021-03-14,TX,Organic Search
28541,2021-03-14,IL,Paid Social
3892,2021-03-14,NY,Paid Social
14817,2021-03-14,WA,Paid Social
26348,2021-03-14,GA,Affiliate
14694,2021-03-14,WA,Paid Social
25989,2021-03-14,IL,Affiliate
13313,2021-03-14,WA,Organic Search
9868,2021-03-14,TX,Organic Search
7601,2021-03-14,FL,Paid Social
4748,2021-03-14,IL,Organic Search
13396,2021-03-14,WA,Organic Search
6218,2021-03-15,IL,Paid Social
3577,2021-03-15,TX,Organic Search
14103,2021-03-15,FL,Organic Search
13575,2021-03-15,IL,Paid Social
15266,2021-03-15,CA,Organic Search
15081,2021-03-15,NY,Paid Social
9019,2021-03-15,NY,Organic Search
12739,2021-03-15,WA,Affiliate
7967,2021-03-15,IL,Organic Search
17445,2021-03-15,TX,Organic Search
4704,2021-03-15,FL,Paid Social
10861,2021-03-15,TX,Affiliate
19879,2021-03-15,TX,Paid Social
19476,2021-03-15,TX,Organic Search
19234,2021-03-15,,Paid Social
24071,2021-03-15,TX,Affiliate
28721,2021-03-15,WA,Organic Search
24649,2021-03-15,NY,Paid Social
24115,2021-03-15,NY,Organic Search
21599,2021-03-15,WA,Affiliate
2417,2021-03-15,,Paid Social
6990,2021-03-16,FL,Organic Search
21583,2021-03-16,CA,Organic Search
14375,2021-03-16,TX,Affiliate
26058,2021-03-16,WA,Paid Social
15010,2021-03-16,NY,Organic Search
6414,2021-03-16,,Paid Social
3150,2021-03-16,,Paid Social
1629,2021-03-16,WA,Organic Search
28276,2021-03-16,CA,Organic Search
649,2021-03-16,IL,Email
15486,2021-03-16,TX,Email
4933,2021-03-16,TX,Affiliate
29137,2021-03-16,FL,Email
780,2021-03-16,IL,Paid Social
5142,2021-03-16,,Organic Search
10151,2021-03-16,CA,Referral
17409,2021-03-16,TX,Organic Search
12631,2021-03-16,FL,Paid Social
25169,2021-03-16,FL,Affiliate
25337,2021-03-16,TX,Email
16086,2021-03-16,IL,Email
3008,2021-03-16,TX,Organic Search
15754,2021-03-16,TX,Paid Social
22176,2021-03-17,WA,Paid Social
14139,2021-03-17,GA,Paid Social
28254,2021-03-17,,Organic Search
23651,2021-03-17,FL,Referral
22178,2021-03-17,CA,Organic Search
18717,2021-03-17,NY,Paid Social
25762,2021-03-17,GA,Paid Social
24252,2021-03-17,GA,Affiliate
24405,2021-03-17,WA,Email
10134,2021-03-17,TX,Paid Social
21097,2021-03-17,GA,Email
25028,2021-03-17,FL,Affiliate
20509,2021-03-17,IL,Organic Search
19138,2021-03-17,TX,Organic Search
6350,2021-03-17,,Email
18132,2021-03-17,CA,Paid Social
6131,2021-03-17,TX,Paid Social
11745,2021-03-17,GA,Email
1,2021-03-17,CA,Paid Social
4501,2021-03-17,NY,Paid Social
3356,2021-03-17,NY,Organic Search
8219,2021-03-18,TX,Organic Search
3216,2021-03-18,TX,Organic Search
10360,2021-03-18,,Paid Social
25614,2021-03-18,,Organic Search
22495,2021-03-18,GA,Paid Social
10675,2021-03-18,GA,Organic Search
74,2021-03-18,WA,Email
25995,2021-03-18,GA,Organic Search
20803,2021-03-18,IL,Organic Search
25207,2021-03-18,IL,Paid Social
9502,2021-03-18,GA,Email
16001,2021-03-18,FL,Organic Search
26148,2021-03-18,IL,Organic Search
19495,2021-03-18,WA,Paid Social
19973,2021-03-18,FL,Paid Social
7314,2021-03-18,CA,Paid Social
171,2021-03-18,NY,Paid Social
10928,2021-03-18,GA,Paid Social
27581,2021-03-18,NY,Referral
18364,2021-03-18,IL,Organic Search
21053,2021-03-18,WA,Paid Social
18489,2021-03-18,NY,Email
10143,2021-03-19,IL,Affiliate
28547,2021-03-19,WA,Referral
8396,2021-03-19,FL,Email
15546,2021-03-19,CA,Paid Social
1456,2021-03-19,FL,Affiliate
2588,2021-03-19,GA,Paid Social
10238,2021-03-19,GA,Paid Social
8940,2021-03-19,WA,Paid Social
16797,2021-03-19,IL,Organic Search
3657,2021-03-19,TX,Paid Social
7416,2021-03-19,IL,Paid Social
7230,2021-03-19,CA,Paid Social
9678,2021-03-19,,Organic Search
7267,2021-03-19,NY,Organic Search
19493,2021-03-19,WA,Email
1027,2021-03-19,WA,Referral
5349,2021-03-19,IL,Paid Social
8682,2021-03-19,FL,Email
24000,2021-03-19,,Paid Social
25554,2021-03-19,FL,Referral
14232,2021-03-19,WA,Email
6534,2021-03-19,,Organic Search
4868,2021-03-19,,Organic Search
22083,2021-03-19,CA,Paid Social
13534,2021-03-19,GA,Paid Social
1725,2021-03-19,GA,Paid Social
21511,2021-03-19,WA,Organic Search
25822,2021-03-20,NY,Paid Social
15663,2021-03-20,WA,Paid Social
8537,2021-03-20,,Organic Search
9648,2021-03-20,FL,Paid Social
4672,2021-03-20,WA,Referral
28711,2021-03-20,NY,Email
26092,2021-03-20,FL,Email
27155,2021-03-20,,Paid Social
12935,2021-03-20,NY,Paid Social
18727,2021-03-20,GA,Organic Search
4889,2021-03-20,GA,Organic Search
12999,2021-03-20,NY,Paid Social
11469,2021-03-20,IL,Organic Search
17150,2021-03-20,FL,Organic Search
20397,2021-03-20,IL,Organic Search
11124,2021-03-20,,Paid Social
8976,2021-03-20,FL,Paid Social
26107,2021-03-20,WA,Organic Search
5658,2021-03-20,NY,Referral
24755,2021-03-20,NY,Email
17493,2021-03-20,,Affiliate
24726,2021-03-20,FL,Organic Search
21305,2021-03-20,,Organic Search
10289,2021-03-20,FL,Paid Social
2862,2021-03-20,WA,Organic Search
14432,2021-03-20,GA,Referral
3545,2021-03-20,WA,Referral
440,2021-03-21,,Organic Search
5065,2021-03-21,GA,Email
20899,2021-03-21,NY,Organic Search
11177,2021-03-21,FL,Paid Social
12525,2021-03-21,GA,Organic Search
5084,2021-03-21,TX,Organic Search
18688,2021-03-21,WA,Organic Search
15480,2021-03-21,,Organic Search
18693,2021-03-21,,Paid Social
6975,2021-03-21,TX,Paid Social
24885,2021-03-21,WA,Email
12094,2021-03-21,IL,Email
17532,2021-03-21,TX,Paid Social
851,2021-03-21,CA,Organic Search
5804,2021-03-21,WA,Email
20777,2021-03-21,IL,Paid Social
14721,2021-03-21,,Paid Social
27508,2021-03-21,NY,Organic Search
26471,2021-03-21,FL,Referral
12955,2021-03-21,FL,Paid Social
16321,2021-03-21,,Referral
20923,2021-03-21,NY,Organic Search
3514,2021-03-21,TX,Email
7838,2021-03-21,,Paid Social
15958,2021-03-22,FL,Paid Social
24984,2021-03-22,TX,Paid Social
10179,2021-03-22,GA,Paid Social
13092,2021-03-22,WA,Paid Social
13485,2021-03-22,GA,Email
11096,2021-03-22,IL,Paid Social
11487,2021-03-22,WA,Paid Social
368,2021-03-22,NY,Affiliate
24200,2021-03-22,GA,Affiliate
1903,2021-03-22,GA,Email
1949,2021-03-22,NY,Paid Social
12208,2021-03-22,WA,Paid Social
3721,2021-03-22,,Paid Social
27102,2021-03-22,IL,Organic Search
7678,2021-03-22,NY,Affiliate
18922,2021-03-22,CA,Organic Search
21152,2021-03-22,FL,Affiliate
29906,2021-03-22,FL,Paid Social
1330,2021-03-22,IL,Paid Social
20549,2021-03-22,CA,Affiliate
13425,2021-03-22,CA,Referral
19921,2021-03-22,GA,Paid Social
27821,2021-03-23,GA,Email
5032,2021-03-23,IL,Paid Social
13136,2021-03-23,GA,Affiliate
6857,2021-03-23,NY,Paid Social
12161,2021-03-23,CA,Paid Social
2880,2021-03-23,,Organic Search
2831,2021-03-23,CA,Paid Social
9490,2021-03-23,NY,Paid Social
4275,2021-03-23,TX,Paid Social
28534,2021-03-23,,Email
5196,2021-03-23,TX,Email
5101,2021-03-23,FL,Paid Social
29265,2021-03-23,WA,Organic Search
62,2021-03-23,IL,Organic Search
10796,2021-03-23,CA,Paid Social
9764,2021-03-23,CA,Affiliate
27446,2021-03-23,GA,Paid Social
27021,2021-03-23,GA,Paid Social
5495,2021-03-23,CA,Paid Social
5437,2021-03-23,NY,Organic Search
17583,2021-03-23,CA,Organic Search
3465,2021-03-23,WA,Organic Search
2038,2021-03-23,WA,Organic Search
24776,2021-03-23,NY,Paid Social
3956,2021-03-24,IL,Referral
670,2021-03-24,GA,Organic Search
24037,2021-03-24,NY,Organic Search
17935,2021-03-24,CA,Email
28464,2021-03-24,CA,Organic Search
4729,2021-03-24,IL,Email
5168,2021-03-24,FL,Organic Search
16555,2021-03-24,IL,Affiliate
23441,2021-03-24,GA,Affiliate
16967,2021-03-24,GA,Paid Social
27261,2021-03-24,WA,Paid Social
23458,2021-03-24,FL,Email
8430,2021-03-24,TX,Organic Search
16837,2021-03-24,WA,Paid Social
20202,2021-03-24,,Paid Social
8108,2021-03-24,IL,Paid Social
26369,2021-03-24,,Paid Social
22115,2021-03-24,GA,Affiliate
14600,2021-03-24,GA,Affiliate
8727,2021-03-24,NY,Paid Social
624,2021-03-24,IL,Paid Social
16665,2021-03-24,GA,Organic Search
20836,2021-03-25,CA,Paid Social
9332,2021-03-25,GA,Email
24982,2021-03-25,NY,Organic Search
28039,2021-03-25,WA,Paid Social
16745,2021-03-25,WA,Organic Search
1987,2021-03-25,WA,Email
20372,2021-03-25,IL,Paid Social
10964,2021-03-25,GA,Paid Social
26338,2021-03-25,FL,Organic Search
15745,2021-03-25,TX,Paid Social
5561,2021-03-25,,Paid Social
26020,2021-03-25,,Organic Search
1690,2021-03-25,IL,Email
28920,2021-03-25,TX,Paid Social
10502,2021-03-25,NY,Organic Search
4483,2021-03-25,,Paid Social
14476,2021-03-25,,Paid Social
29576,2021-03-25,WA,Paid Social
28841,2021-03-25,TX,Organic Search
29565,2021-03-25,,Affiliate
10345,2021-03-25,WA,Affiliate
7410,2021-03-26,CA,Paid Social
7388,2021-03-26,NY,Affiliate
16196,2021-03-26,GA,Paid Social
10534,2021-03-26,FL,Organic Search
23779,2021-03-26,FL,Paid Social
15969,2021-03-26,NY,Paid Social
15212,2021-03-26,NY,Paid Social
19932,2021-03-26,FL,Email
28366,2021-03-26,GA,Paid Social
19264,2021-03-26,TX,Organic Search
7819,2021-03-26,FL,Affiliate
8274,2021-03-26,FL,Paid Social
22916,2021-03-26,CA,Paid Social
2974,2021-03-26,CA,Email
20902,2021-03-26,TX,Organic Search
8728,2021-03-26,NY,Organic Search
4503,2021-03-26,WA,Organic Search
547,2021-03-26,NY,Organic Search
3653,2021-03-26,,Email
13050,2021-03-26,NY,Paid Social
5802,2021-03-26,TX,Organic Search
29559,2021-03-27,GA,Email
6343,2021-03-27,,Paid Social
25660,2021-03-27,FL,Organic Search
3734,2021-03-27,CA,Paid Social
22920,2021-03-27,GA,Email
8254,2021-03-27,TX,Paid Social
1063,2021-03-27,FL,Email
544,2021-03-27,TX,Paid Social
12918,2021-03-27,IL,Paid Social
20396,2021-03-27,FL,Paid Social
25799,2021-03-28,TX,Organic Search
24462,2021-03-28,FL,Paid Social
28498,2021-03-28,WA,Paid Social
29301,2021-03-28,TX,Paid Social
19343,2021-03-28,IL,Email
28563,2021-03-28,NY,Organic Search
10087,2021-03-28,NY,Email
3637,2021-03-28,WA,Affiliate
26194,2021-03-28,NY,Email
10906,2021-03-28,FL,Paid Social
20554,2021-03-28,GA,Paid Social
9185,2021-03-28,CA,Email
21693,2021-03-28,FL,Organic Search
14496,2021-03-28,NY,Paid Social
12415,2021-03-28,FL,Organic Search
25200,2021-03-28,TX,Email
25977,2021-03-28,TX,Paid Social
29770,2021-03-28,WA,Organic Search
26703,2021-03-28,GA,Paid Social
18402,2021-03-28,,Paid Social
27968,2021-03-28,GA,Paid Social
20849,2021-03-28,GA,Paid Social
15893,2021-03-28,WA,Referral
17872,2021-03-28,IL,Affiliate
24111,2021-03-28,TX,Email
29024,2021-03-29,GA,Email
22304,2021-03-29,NY,Email
26643,2021-03-29,CA,Affiliate
29035,2021-03-29,IL,Paid Social
28553,2021-03-29,,Organic Search
17136,2021-03-29,TX,Affiliate
14504,2021-03-29,NY,Paid Social
16163,2021-03-29,GA,Paid Social
17119,2021-03-29,TX,Paid Social
22163,2021-03-29,IL,Paid Social
19455,2021-03-29,FL,Paid Social
4550,2021-03-29,WA,Email
4781,2021-03-29,GA,Organic Search
24621,2021-03-29,IL,Organic Search
17451,2021-03-29,CA,Affiliate
11703,2021-03-29,IL,Organic Search
24784,2021-03-29,WA,Organic Search
17936,2021-03-29,,Email
16016,2021-03-29,GA,Paid Social
24039,2021-03-29,NY,Paid Social
441,2021-03-29,TX,Organic Search
16754,2021-03-29,TX,Paid Social
17054,2021-03-29,TX,Organic Search
9595,2021-03-29,NY,Organic Search
29401,2021-03-29,TX,Organic Search
25326,2021-03-29,GA,Email
1048,2021-03-29,IL,Organic Search
14266,2021-03-29,FL,Organic Search
27730,2021-03-29,FL,Paid Social
1375,2021-03-29,FL,Organic Search
6655,2021-03-29,FL,Organic Search
6623,2021-03-29,IL,Paid Social
2723,2021-03-29,TX,Email
15885,2021-03-29,FL,Email
10709,2021-03-29,FL,Paid Social
5159,2021-03-29,WA,Paid Social
7474,2021-03-29,IL,Paid Social
6009,2021-03-30,WA,Paid Social
24779,2021-03-30,WA,Paid Social
15705,2021-03-30,FL,Organic Search
5562,2021-03-30,WA,Affiliate
21393,2021-03-30,TX,Email
13681,2021-03-30,GA,Affiliate
8724,2021-03-30,,Paid Social
1489,2021-03-30,CA,Paid Social
15366,2021-03-30,GA,Organic Search
1339,2021-03-30,FL,Organic Search
27702,2021-03-30,NY,Affiliate
27149,2021-03-30,TX,Referral
9261,2021-03-30,,Paid Social
25429,2021-03-30,TX,Paid Social
6570,2021-03-30,IL,Paid Social
2770,2021-03-30,FL,Paid Social
8323,2021-03-30,TX,Organic Search
8312,2021-03-30,,Organic Search
3895,2021-03-30,WA,Email
24927,2021-03-30,NY,Paid Social
18771,2021-03-30,FL,Paid Social
12496,2021-03-30,TX,Affiliate
20056,2021-03-31,CA,Affiliate
9070,2021-03-31,TX,Organic Search
1045,2021-03-31,,Referral
27464,2021-03-31,GA,Email
16801,2021-03-31,CA,Paid Social
25158,2021-03-31,GA,Organic Search
16864,2021-03-31,CA,Paid Social
5743,2021-03-31,IL,Email
28924,2021-03-31,TX,Email
24532,2021-03-31,IL,Referral
374,2021-03-31,GA,Paid Social
11612,2021-03-31,CA,Organic Search
23664,2021-03-31,IL,Affiliate
12169,2021-03-31,CA,Paid Social
7708,2021-03-31,IL,Email
10994,2021-03-31,IL,Paid Social
8762,2021-03-31,TX,Paid Social
26170,2021-03-31,NY,Paid Social
5291,2021-03-31,NY,Organic Search
3601,2021-03-31,FL,Organic Search
8806,2021-03-31,NY,Email
16879,2021-03-31,NY,Organic Search
4873,2021-03-31,WA,Organic Search
25291,2021-03-31,NY,Organic Search
16094,2021-03-31,NY,Paid Social
22129,2021-03-31,CA,Paid Social
15131,2021-03-31,NY,Organic Search
12126,2021-04-01,,Affiliate
10729,2021-04-01,GA,Organic Search
19805,2021-04-01,CA,Organic Search
2229,2021-04-01,FL,Organic Search
12227,2021-04-01,WA,Paid Social
3435,2021-04-01,GA,Email
1938,2021-04-01,,Email
28431,2021-04-01,WA,Organic Search
11559,2021-04-01,WA,Organic Search
23460,2021-04-01,TX,Email
28275,2021-04-01,,Paid Social
13249,2021-04-01,CA,Paid Social
4554,2021-04-01,FL,Referral
15333,2021-04-01,WA,Paid Social
10361,2021-04-01,WA,Referral
28189,2021-04-01,TX,Paid Social
7339,2021-04-01,GA,Paid Social
24159,2021-04-01,,Affiliate
3891,2021-04-01,GA,Email
27582,2021-04-01,TX,Email
12771,2021-04-02,WA,Email
3309,2021-04-02,IL,Paid Social
18901,2021-04-02,IL,Paid Social
9564,2021-04-02,CA,Paid Social
21845,2021-04-02,,Email
25544,2021-04-02,WA,Paid Social
10921,2021-04-02,CA,Email
1483,2021-04-02,CA,Paid Social
19939,2021-04-02,CA,Paid Social
28151,2021-04-02,CA,Paid Social
3404,2021-04-02,TX,Paid Social
22186,2021-04-02,,Paid Social
20736,2021-04-02,FL,Paid Social
3315,2021-04-02,WA,Organic Search
16197,2021-04-02,NY,Email
24813,2021-04-02,NY,Paid Social
29132,2021-04-02,,Affiliate
12575,2021-04-02,TX,Paid Social
15595,2021-04-02,,Organic Search
27354,2021-04-02,IL,Email
22718,2021-04-02,GA,Organic Search
10029,2021-04-02,,Paid Social
7496,2021-04-02,TX,Organic Search
1511,2021-04-02,CA,Email
5990,2021-04-02,CA,Email
17402,2021-04-02,GA,Email
136,2021-04-03,FL,Paid Social
5255,2021-04-03,TX,Referral
27395,2021-04-03,FL,Paid Social
28119,2021-04-03,,Paid Social
20032,2021-04-03,GA,Organic Search
658,2021-04-03,CA,Paid Social
9701,2021-04-03,GA,Email
4561,2021-04-03,NY,Email
7874,2021-04-03,CA,Referral
29248,2021-04-03,WA,Paid Social
28356,2021-04-03,NY,Organic Search
2297,2021-04-03,NY,Organic Search
25114,2021-04-03,,Paid Social
28686,2021-04-03,GA,Organic Search
22642,2021-04-03,CA,Paid Social
18120,2021-04-03,CA,Email
3005,2021-04-03,NY,Paid Social
20629,2021-04-03,,Affiliate
20443,2021-04-03,GA,Organic Search
11524,2021-04-03,,Organic Search
10917,2021-04-04,NY,Organic Search
5963,2021-04-04,GA,Paid Social
3690,2021-04-04,IL,Organic Search
11223,2021-04-04,,Email
29212,2021-04-04,WA,Affiliate
1712,2021-04-04,,Organic Search
6582,2021-04-04,IL,Affiliate
2563,2021-04-04,FL,Organic Search
23517,2021-04-04,CA,Paid Social
5464,2021-04-04,GA,Paid Social
8339,2021-04-04,IL,Paid Social
18532,2021-04-04,,Organic Search
8878,2021-04-04,GA,Paid Social
8022,2021-04-04,IL,Email
16774,2021-04-04,TX,Email
13068,2021-04-04,,Paid Social
13605,2021-04-04,FL,Organic Search
19669,2021-04-04,TX,Organic Search
6489,2021-04-04,,Paid Social
29792,2021-04-04,TX,Paid Social
3927,2021-04-04,TX,Paid Social
9669,2021-04-04,NY,Email
24031,2021-04-04,IL,Affiliate
22890,2021-04-04,CA,Email
14131,2021-04-04,NY,Organic Search
29723,2021-04-04,TX,Paid Social
16776,2021-04-05,FL,Paid Social
27349,2021-04-05,GA,Organic Search
3799,2021-04-05,FL,Organic Search
24951,2021-04-05,IL,Organic Search
9735,2021-04-05,TX,Email
26116,2021-04-05,WA,Organic Search
3952,2021-04-05,CA,Email
348,2021-04-05,FL,Organic Search
3083,2021-04-05,TX,Organic Search
29682,2021-04-05,CA,Organic Search
25545,2021-04-05,CA,Organic Search
23836,2021-04-05,IL,Paid Social
27975,2021-04-05,,Organic Search
18544,2021-04-05,,Paid Social
27474,2021-04-05,NY,Paid Social
16506,2021-04-05,NY,Paid Social
27477,2021-04-05,CA,Paid Social
17665,2021-04-05,TX,Paid Social
3087,2021-04-05,IL,Paid Social
23673,2021-04-05,FL,Paid Social
19873,2021-04-05,FL,Paid Social
9832,2021-04-05,NY,Referral
23236,2021-04-05,NY,Paid Social
13659,2021-04-05,,Organic Search
8732,2021-04-05,CA,Email
23002,2021-04-05,FL,Organic Search
20477,2021-04-05,NY,Paid Social
29211,2021-04-05,,Paid Social
16612,2021-04-05,GA,Paid Social
87,2021-04-05,FL,Email
1570,2021-04-06,CA,Paid Social
10471,2021-04-06,FL,Paid Social
18646,2021-04-06,GA,Paid Social
868,2021-04-06,FL,Organic Search
5430,2021-04-06,CA,Email
9184,2021-04-06,CA,Paid Social
24051,2021-04-06,CA,Organic Search
24352,2021-04-06,IL,Organic Search
12779,2021-04-06,FL,Email
28003,2021-04-06,GA,Paid Social
16547,2021-04-06,TX,Affiliate
25999,2021-04-06,GA,Email
7835,2021-04-06,CA,Organic Search
22531,2021-04-06,IL,Organic Search
21577,2021-04-06,,Paid Social
5239,2021-04-06,WA,Organic Search
25259,2021-04-06,,Organic Search
10728,2021-04-06,IL,Paid Social
26357,2021-04-06,FL,Organic Search
3252,2021-04-06,CA,Organic Search
11594,2021-04-06,FL,Organic Search
244,2021-04-06,,Paid Social
18157,2021-04-06,IL,Email
29994,2021-04-06,NY,Organic Search
14820,2021-04-06,GA,Paid Social
14078,2021-04-06,IL,Organic Search
21995,2021-04-06,TX,Organic Search
10951,2021-04-06,GA,Organic Search
3555,2021-04-07,FL,Organic Search
9708,2021-04-07,FL,Paid Social
16719,2021-04-07,CA,Organic Search
10464,2021-04-07,FL,Affiliate
5445,2021-04-07,IL,Organic Search
23875,2021-04-07,WA,Email
782,2021-04-07,CA,Paid Social
26407,2021-04-07,NY,Paid Social
5163,2021-04-07,FL,Paid Social
3669,2021-04-07,GA,Organic Search
9771,2021-04-07,WA,Email
12645,2021-04-07,WA,Paid Social
18579,2021-04-07,CA,Organic Search
22180,2021-04-07,GA,Organic Search
26196,2021-04-07,,Referral
17241,2021-04-07,TX,Organic Search
18176,2021-04-07,FL,Affiliate
22382,2021-04-07,FL,Paid Social
27995,2021-04-07,,Referral
8664,2021-04-08,,Paid Social
12497,2021-04-08,IL,Paid Social
615,2021-04-08,GA,Referral
23280,2021-04-08,NY,Paid Social
25517,2021-04-08,NY,Affiliate
1579,2021-04-08,CA,Paid Social
19452,2021-04-08,WA,Paid Social
8196,2021-04-08,GA,Paid Social
11025,2021-04-08,WA,Paid Social
26251,2021-04-08,WA,Organic Search
11190,2021-04-08,TX,Paid Social
27457,2021-04-08,WA,Paid Social
18671,2021-04-08,GA,Paid Social
15338,2021-04-08,WA,Organic Search
17536,2021-04-08,,Referral
10998,2021-04-08,WA,Paid Social
20944,2021-04-08,IL,Paid Social
562,2021-04-08,,Organic Search
28756,2021-04-08,,Paid Social
14037,2021-04-08,TX,Organic Search
26167,2021-04-08,CA,Affiliate
18304,2021-04-09,WA,Referral
9981,2021-04-09,GA,Paid Social
5594,2021-04-09,WA,Affiliate
18307,2021-04-09,FL,Paid Social
28752,2021-04-09,TX,Paid Social
22444,2021-04-09,TX,Email
20337,2021-04-09,WA,Email
10291,2021-04-09,CA,Paid Social
28048,2021-04-09,GA,Organic Search
19544,2021-04-09,TX,Organic Search
18100,2021-04-09,CA,Organic Search
18887,2021-04-09,GA,Paid Social
16481,2021-04-09,WA,Paid Social
21292,2021-04-09,GA,Paid Social
24410,2021-04-09,GA,Organic Search
29848,2021-04-09,CA,Organic Search
23097,2021-04-09,WA,Paid Social
3411,2021-04-09,FL,Paid Social
20940,2021-04-09,GA,Paid Social
26526,2021-04-09,TX,Paid Social
859,2021-04-09,TX,Paid Social
24663,2021-04-09,GA,Paid Social
20675,2021-04-09,WA,Email
20079,2021-04-09,FL,Email
1858,2021-04-10,WA,Paid Social
12280,2021-04-10,GA,Paid Social
9108,2021-04-10,FL,Email
22022,2021-04-10,TX,Paid Social
4492,2021-04-10,TX,Paid Social
10550,2021-04-10,,Organic Search
6479,2021-04-10,GA,Paid Social
11858,2021-04-10,NY,Paid Social
16605,2021-04-10,,Organic Search
1445,2021-04-10,GA,Referral
21808,2021-04-10,CA,Paid Social
2084,2021-04-10,CA,Affiliate
15609,2021-04-10,TX,Paid Social
7952,2021-04-10,WA,Organic Search
8232,2021-04-10,IL,Paid Social
17323,2021-04-10,FL,Paid Social
19827,2021-04-11,WA,Organic Search
7894,2021-04-11,TX,Paid Social
27607,2021-04-11,CA,Paid Social
7170,2021-04-11,CA,Organic Search
21096,2021-04-11,FL,Organic Search
18000,2021-04-11,GA,Email
7050,2021-04-11,NY,Paid Social
26495,2021-04-11,,Referral
5844,2021-04-11,GA,Organic Search
21554,2021-04-11,FL,Organic Search
1762,2021-04-11,CA,Email
5005,2021-04-11,,Referral
8201,2021-04-11,CA,Organic Search
3365,2021-04-11,FL,Affiliate
20099,2021-04-11,GA,Affiliate
17144,2021-04-11,TX,Paid Social
3658,2021-04-11,WA,Paid Social
3861,2021-04-11,CA,Email
16312,2021-04-11,FL,Affiliate
20203,2021-04-12,,Paid Social
25627,2021-04-12,FL,Email
4396,2021-04-12,GA,Email
5220,2021-04-12,,Organic Search
21125,2021-04-12,CA,Email
17503,2021-04-12,TX,Affiliate
817,2021-04-12,WA,Paid Social
11917,2021-04-12,CA,Referral
11810,2021-04-12,CA,Organic Search
4285,2021-04-12,GA,Paid Social
15122,2021-04-12,,Organic Search
26201,2021-04-12,WA,Organic Search
1412,2021-04-12,TX,Organic Search
884,2021-04-12,TX,Organic Search
5630,2021-04-12,IL,Organic Search
18800,2021-04-12,NY,Affiliate
25572,2021-04-12,CA,Paid Social
14277,2021-04-12,WA,Organic Search
10524,2021-04-12,CA,Paid Social
17038,2021-04-12,WA,Organic Search
16145,2021-04-12,IL,Paid Social
13792,2021-04-12,IL,Organic Search
26919,2021-04-12,NY,Email
13562,2021-04-12,FL,Paid Social
10370,2021-04-13,FL,Paid Social
17918,2021-04-13,TX,Email
4584,2021-04-13,IL,Email
8991,2021-04-13,NY,Organic Search
13747,2021-04-13,FL,Affiliate
9830,2021-04-13,TX,Paid Social
14758,2021-04-13,GA,Paid Social
19715,2021-04-13,,Paid Social
212,2021-04-13,IL,Paid Social
16621,2021-04-13,GA,Paid Social
4615,2021-04-13,NY,Organic Search
3862,2021-04-13,,Paid Social
8790,2021-04-13,CA,Paid Social
13216,2021-04-13,,Paid Social
9739,2021-04-13,TX,Paid Social
24902,2021-04-13,GA,Email
16285,2021-04-14,WA,Organic Search
26325,2021-04-14,TX,Referral
26245,2021-04-14,NY,Organic Search
2425,2021-04-14,,Organic Search
16270,2021-04-14,GA,Paid Social
2366,2021-04-14,FL,Organic Search
11269,2021-04-14,TX,Affiliate
13376,2021-04-14,GA,Paid Social
24210,2021-04-14,TX,Paid Social
11631,2021-04-14,CA,Affiliate
27325,2021-04-14,GA,Paid Social
22091,2021-04-14,WA,Paid Social
16171,2021-04-14,IL,Organic Search
878,2021-04-14,WA,Paid Social
9439,2021-04-14,FL,Organic Search
20763,2021-04-14,NY,Paid Social
15030,2021-04-14,TX,Paid Social
20698,2021-04-14,,Paid Social
13187,2021-04-14,FL,Organic Search
13045,2021-04-14,CA,Paid Social
28892,2021-04-14,TX,Email
4944,2021-04-14,FL,Paid Social
891,2021-04-14,IL,Email
23242,2021-04-14,GA,Paid Social
21869,2021-04-14,WA,Paid Social
14729,2021-04-15,FL,Affiliate
17551,2021-04-15,IL,Paid Social
19304,2021-04-15,GA,Organic Search
2914,2021-04-15,TX,Affiliate
5421,2021-04-15,GA,Organic Search
8144,2021-04-15,NY,Paid Social
24430,2021-04-15,IL,Organic Search
28510,2021-04-15,WA,Email
19419,2021-04-15,IL,Organic Search
25678,2021-04-15,NY,Organic Search
10855,2021-04-15,FL,Organic Search
14793,2021-04-15,FL,Paid Social
2468,2021-04-15,,Organic Search
18330,2021-04-15,CA,Paid Social
6545,2021-04-15,FL,Paid Social
25038,2021-04-15,FL,Paid Social
25211,2021-04-15,GA,Paid Social
20924,2021-04-15,,Paid Social
23388,2021-04-15,CA,Affiliate
15842,2021-04-15,,Affiliate
19185,2021-04-15,GA,Affiliate
4360,2021-04-15,NY,Organic Search
18042,2021-04-15,,Referral
9910,2021-04-15,CA,Organic Search
14712,2021-04-15,WA,Organic Search
29865,2021-04-15,IL,Affiliate
29326,2021-04-15,CA,Paid Social
29789,2021-04-16,WA,Email
6583,2021-04-16,WA,Email
15177,2021-04-16,NY,Paid Social
10302,2021-04-16,NY,Email
14150,2021-04-16,IL,Organic Search
466,2021-04-16,WA,Paid Social
4510,2021-04-16,FL,Affiliate
12777,2021-04-16,WA,Organic Search
12900,2021-04-16,,Organic Search
19295,2021-04-16,,Affiliate
9285,2021-04-16,WA,Email
15149,2021-04-16,CA,Affiliate
6155,2021-04-16,TX,Organic Search
12681,2021-04-16,NY,Email
29766,2021-04-16,,Paid Social
14658,2021-04-16,FL,Paid Social
24344,2021-04-16,,Paid Social
361,2021-04-16,,Paid Social
8081,2021-04-16,FL,Paid Social
17930,2021-04-16,IL,Referral
12738,2021-04-16,IL,Paid Social
1715,2021-04-16,CA,Organic Search
7613,2021-04-16,CA,Affiliate
12420,2021-04-16,FL,Paid Social
21303,2021-04-16,WA,Email
4717,2021-04-16,TX,Paid Social
21084,2021-04-16,TX,Affiliate
4638,2021-04-16,TX,Paid Social
9635,2021-04-17,NY,Organic Search
24888,2021-04-17,FL,Organic Search
10462,2021-04-17,GA,Paid Social
21293,2021-04-17,,Paid Social
23338,2021-04-17,NY,Email
23221,2021-04-17,CA,Paid Social
9250,2021-04-17,CA,Paid Social
5938,2021-04-17,GA,Organic Search
12860,2021-04-17,,Organic Search
29441,2021-04-17,FL,Paid Social
20949,2021-04-17,FL,Organic Search
23507,2021-04-17,GA,Affiliate
16652,2021-04-17,NY,Organic Search
28009,2021-04-17,,Paid Social
10686,2021-04-17,FL,Organic Search
3101,2021-04-17,FL,Organic Search
21667,2021-04-17,,Affiliate
27539,2021-04-17,IL,Paid Social
21836,2021-04-17,GA,Affiliate
27221,2021-04-17,IL,Organic Search
23538,2021-04-17,,Affiliate
12940,2021-04-17,GA,Organic Search
580,2021-04-17,GA,Organic Search
24737,2021-04-17,GA,Paid Social
8075,2021-04-17,CA,Email
20417,2021-04-17,TX,Email
1388,2021-04-17,TX,Organic Search
1488,2021-04-17,IL,Paid Social
29748,2021-04-17,FL,Organic Search
18461,2021-04-18,,Organic Search
16993,2021-04-18,FL,Paid Social
18410,2021-04-18,CA,Paid Social
24847,2021-04-18,IL,Referral
3147,2021-04-18,CA,Referral
28352,2021-04-18,WA,Paid Social
27031,2021-04-18,TX,Referral
9996,2021-04-18,IL,Referral
7440,2021-04-18,,Organic Search
4713,2021-04-18,WA,Organic Search
12193,2021-04-18,NY,Affiliate
26719,2021-04-18,NY,Paid Social
21705,2021-04-18,CA,Email
10808,2021-04-18,GA,Paid Social
25180,2021-04-18,,Email
7502,2021-04-18,NY,Email
20045,2021-04-18,FL,Organic Search
5894,2021-04-18,CA,Organic Search
6470,2021-04-18,WA,Email
13968,2021-04-18,TX,Affiliate
12458,2021-04-18,WA,Paid Social
11136,2021-04-18,,Organic Search
5521,2021-04-18,IL,Email
5419,2021-04-18,IL,Paid Social
14951,2021-04-18,FL,Paid Social
4504,2021-04-18,WA,Organic Search
17852,2021-04-19,FL,Affiliate
5715,2021-04-19,GA,Paid Social
17538,2021-04-19,TX,Referral
4057,2021-04-19,CA,Email
2173,2021-04-19,TX,Organic Search
24356,2021-04-19,TX,Affiliate
19981,2021-04-19,IL,Referral
14709,2021-04-19,IL,Organic Search
10803,2021-04-19,FL,Organic Search
9716,2021-04-19,WA,Paid Social
16351,2021-04-19,WA,Organic Search
25754,2021-04-19,CA,Organic Search
21070,2021-04-19,TX,Paid Social
27926,2021-04-19,WA,Organic Search
27057,2021-04-19,NY,Organic Search
2899,2021-04-19,IL,Paid Social
29113,2021-04-19,NY,Organic Search
4892,2021-04-19,TX,Organic Search
23467,2021-04-19,IL,Email
23602,2021-04-19,FL,Organic Search
19390,2021-04-19,WA,Paid Social
4479,2021-04-19,,Paid Social
6540,2021-04-20,WA,Paid Social
28427,2021-04-20,IL,Paid Social
14088,2021-04-20,FL,Organic Search
18429,2021-04-20,WA,Paid Social
17833,2021-04-20,CA,Organic Search
7116,2021-04-20,WA,Affiliate
9896,2021-04-20,,Organic Search
14309,2021-04-20,TX,Organic Search
6509,2021-04-20,TX,Referral
24704,2021-04-20,IL,Email
26068,2021-04-20,,Organic Search
881,2021-04-20,TX,Organic Search
80,2021-04-20,,Organic Search
24781,2021-04-20,FL,Paid Social
1972,2021-04-20,NY,Email
8759,2021-04-20,,Organic Search
28055,2021-04-20,GA,Email
12311,2021-04-20,GA,Paid Social
7366,2021-04-20,CA,Paid Social
15469,2021-04-20,FL,Email
20122,2021-04-20,WA,Affiliate
11216,2021-04-20,GA,Organic Search
28897,2021-04-20,CA,Organic Search
2100,2021-04-20,FL,Paid Social
16714,2021-04-20,NY,Affiliate
13053,2021-04-20,,Affiliate
3455,2021-04-20,WA,Affiliate
5119,2021-04-21,GA,Email
6295,2021-04-21,TX,Referral
28632,2021-04-21,FL,Paid Social
26233,2021-04-21,WA,Email
29399,2021-04-21,TX,Paid Social
12269,2021-04-21,TX,Paid Social
12685,2021-04-21,CA,Paid Social
14340,2021-04-21,FL,Paid Social
12397,2021-04-21,TX,Paid Social
6121,2021-04-21,GA,Organic Search
22985,2021-04-21,TX,Organic Search
21751,2021-04-21,FL,Organic Search
12369,2021-04-21,WA,Organic Search
20199,2021-04-21,IL,Email
14035,2021-04-21,IL,Paid Social
18413,2021-04-21,NY,Affiliate
17447,2021-04-21,GA,Organic Search
11988,2021-04-21,FL,Organic Search
27458,2021-04-21,WA,Paid Social
24764,2021-04-21,WA,Paid Social
17864,2021-04-21,FL,Organic Search
11673,2021-04-21,FL,Organic Search
23999,2021-04-21,NY,Organic Search
19043,2021-04-21,IL,Organic Search
15291,2021-04-21,TX,Paid Social
946,2021-04-21,NY,Organic Search
24449,2021-04-21,IL,Organic Search
21179,2021-04-22,CA,Paid Social
23927,2021-04-22,FL,Organic Search
29600,2021-04-22,WA,Organic Search
10132,2021-04-22,FL,Organic Search
15297,2021-04-22,FL,Affiliate
9901,2021-04-22,CA,Organic Search
9404,2021-04-22,,Paid Social
23438,2021-04-22,IL,Paid Social
18806,2021-04-22,IL,Email
5825,2021-04-22,CA,Organic Search
15835,2021-04-22,,Email
882,2021-04-22,GA,Paid Social
1844,2021-04-22,NY,Paid Social
24644,2021-04-22,NY,Paid Social
3887,2021-04-22,NY,Affiliate
4233,2021-04-22,GA,Paid Social
11571,2021-04-22,WA,Organic Search
4785,2021-04-22,IL,Paid Social
20936,2021-04-23,GA,Organic Search
21980,2021-04-23,IL,Organic Search
16913,2021-04-23,IL,Affiliate
8568,2021-04-23,FL,Referral
23509,2021-04-23,CA,Paid Social
7826,2021-04-23,IL,Referral
23848,2021-04-23,,Email
2763,2021-04-23,,Paid Social
6182,2021-04-23,IL,Organic Search
22749,2021-04-23,IL,Paid Social
5482,2021-04-23,WA,Organic Search
20315,2021-04-23,WA,Paid Social
16610,2021-04-23,,Paid Social
25511,2021-04-23,CA,Paid Social
5547,2021-04-23,IL,Organic Search
23747,2021-04-23,NY,Organic Search
13481,2021-04-23,NY,Paid Social
29840,2021-04-23,NY,Email
29047,2021-04-23,FL,Paid Social
1834,2021-04-23,GA,Email
8610,2021-04-23,WA,Referral
11318,2021-04-23,GA,Paid Social
25218,2021-04-23,WA,Email
19000,2021-04-23,GA,Email
24013,2021-04-24,NY,Organic Search
22038,2021-04-24,GA,Organic Search
29824,2021-04-24,IL,Organic Search
15397,2021-04-24,FL,Paid Social
8783,2021-04-24,TX,Paid Social
8468,2021-04-24,IL,Paid Social
3605,2021-04-24,GA,Organic Search
2019,2021-04-24,TX,Organic Search
13877,2021-04-24,GA,Paid Social
8768,2021-04-24,FL,Organic Search
3876,2021-04-24,,Paid Social
14538,2021-04-24,GA,Organic Search
20568,2021-04-24,,Paid Social
20088,2021-04-24,IL,Organic Search
5277,2021-04-24,FL,Organic Search
4236,2021-04-24,FL,Paid Social
6071,2021-04-24,WA,Affiliate
15457,2021-04-24,WA,Referral
28397,2021-04-24,,Paid Social
10027,2021-04-24,NY,Affiliate
22464,2021-04-24,,Paid Social
14679,2021-04-24,WA,Paid Social
24788,2021-04-24,FL,Email
573,2021-04-24,IL,Paid Social
2199,2021-04-24,CA,Paid Social
8247,2021-04-24,GA,Organic Search
21927,2021-04-25,WA,Organic Search
21342,2021-04-25,TX,Paid Social
23766,2021-04-25,FL,Paid Social
23430,2021-04-25,,Organic Search
1625,2021-04-25,WA,Organic Search
8164,2021-04-25,WA,Paid Social
7007,2021-04-25,CA,Paid Social
11972,2021-04-25,NY,Paid Social
19005,2021-04-25,IL,Email
24990,2021-04-25,TX,Affiliate
29708,2021-04-25,GA,Paid Social
15771,2021-04-25,,Paid Social
8685,2021-04-25,TX,Paid Social
18772,2021-04-25,CA,Email
912,2021-04-25,WA,Organic Search
14553,2021-04-25,FL,Email
12487,2021-04-25,GA,Paid Social
4769,2021-04-25,NY,Email
2580,2021-04-25,TX,Paid Social
17855,2021-04-25,NY,Organic Search
167,2021-04-25,IL,Paid Social
26813,2021-04-25,GA,Email
1572,2021-04-25,FL,Organic Search
16153,2021-04-25,,Paid Social
1914,2021-04-25,,Paid Social
22868,2021-04-25,IL,Paid Social
18567,2021-04-25,FL,Email
8594,2021-04-26,NY,Affiliate
12767,2021-04-26,CA,Paid Social
9749,2021-04-26,TX,Organic Search
12908,2021-04-26,NY,Email
21593,2021-04-26,NY,Paid Social
16537,2021-04-26,CA,Paid Social
25120,2021-04-26,NY,Paid Social
9540,2021-04-26,TX,Paid Social
29785,2021-04-26,FL,Organic Search
22971,2021-04-26,FL,Paid Social
23156,2021-04-26,CA,Referral
19325,2021-04-26,IL,Organic Search
29998,2021-04-26,TX,Organic Search
3344,2021-04-26,CA,Organic Search
3780,2021-04-26,IL,Referral
13436,2021-04-26,GA,Affiliate
143,2021-04-26,IL,Paid Social
2380,2021-04-26,TX,Email
15919,2021-04-26,WA,Email
18407,2021-04-26,,Referral
5227,2021-04-26,GA,Paid Social
15368,2021-04-26,TX,Paid Social
11243,2021-04-26,TX,Organic Search
4715,2021-04-27,NY,Paid Social
23845,2021-04-27,CA,Paid Social
11969,2021-04-27,FL,Organic Search
18028,2021-04-27,WA,Email
17266,2021-04-27,GA,Organic Search
9995,2021-04-27,CA,Organic Search
18428,2021-04-27,GA,Paid Social
24032,2021-04-27,,Organic Search
10653,2021-04-27,TX,Email
24389,2021-04-27,,Affiliate
9330,2021-04-27,IL,Email
521,2021-04-27,NY,Paid Social
22381,2021-04-27,GA,Paid Social
6555,2021-04-27,WA,Email
24655,2021-04-27,NY,Paid Social
18487,2021-04-27,CA,Organic Search
27480,2021-04-27,FL,Email
17082,2021-04-27,WA,Paid Social
11763,2021-04-28,GA,Paid Social
4735,2021-04-28,GA,Paid Social
29276,2021-04-28,,Email
23075,2021-04-28,NY,Paid Social
14794,2021-04-28,WA,Paid Social
11187,2021-04-28,CA,Organic Search
9684,2021-04-28,GA,Email
7181,2021-04-28,,Organic Search
11547,2021-04-28,IL,Paid Social
3634,2021-04-28,NY,Paid Social
25966,2021-04-28,WA,Affiliate
1460,2021-04-28,GA,Paid Social
9817,2021-04-28,,Paid Social
9557,2021-04-28,NY,Organic Search
4846,2021-04-28,FL,Paid Social
22993,2021-04-28,CA,Organic Search
23622,2021-04-28,CA,Email
29837,2021-04-28,TX,Organic Search
14651,2021-04-28,CA,Organic Search
7390,2021-04-28,CA,Paid Social
5622,2021-04-28,CA,Affiliate
11723,2021-04-28,FL,Paid Social
24212,2021-04-28,GA,Referral
21327,2021-04-28,WA,Affiliate
23219,2021-04-28,CA,Organic Search
7596,2021-04-28,FL,Affiliate
1776,2021-04-28,TX,Paid Social
1067,2021-04-28,GA,Organic Search
22497,2021-04-28,WA,Referral
12831,2021-04-28,FL,Paid Social
1908,2021-04-29,CA,Paid Social
14028,2021-04-29,,Organic Search
8399,2021-04-29,,Referral
149,2021-04-29,WA,Organic Search
28729,2021-04-29,TX,Paid Social
28702,2021-04-29,CA,Organic Search
27344,2021-04-29,,Affiliate
11616,2021-04-29,CA,Email
10001,2021-04-29,IL,Paid Social
18085,2021-04-29,TX,Email
13391,2021-04-29,,Organic Search
3176,2021-04-29,WA,Organic Search
7016,2021-04-29,WA,Referral
12011,2021-04-29,CA,Affiliate
1233,2021-04-29,NY,Organic Search
6250,2021-04-29,IL,Organic Search
8046,2021-04-29,IL,Organic Search
2958,2021-04-29,IL,Referral
1426,2021-04-29,FL,Affiliate
26868,2021-04-29,FL,Organic Search
26086,2021-04-29,GA,Organic Search
29358,2021-04-29,CA,Organic Search
24735,2021-04-30,,Email
20118,2021-04-30,WA,Paid Social
15342,2021-04-30,CA,Paid Social
27707,2021-04-30,NY,Organic Search
6932,2021-04-30,FL,Organic Search
7944,2021-04-30,FL,Organic Search
7413,2021-04-30,GA,Organic Search
26437,2021-04-30,,Email
19229,2021-04-30,FL,Organic Search
4806,2021-04-30,IL,Paid Social
17850,2021-04-30,CA,Email
23095,2021-04-30,IL,Organic Search
29888,2021-04-30,CA,Paid Social
22451,2021-04-30,NY,Organic Search
1437,2021-04-30,TX,Paid Social
23817,2021-04-30,TX,Paid Social
12624,2021-04-30,WA,Organic Search
26614,2021-04-30,NY,Paid Social
18115,2021-04-30,,Organic Search
18587,2021-04-30,IL,Email
8511,2021-04-30,IL,Organic Search
7726,2021-05-01,IL,Organic Search
4909,2021-05-01,NY,Email
26159,2021-05-01,,Affiliate
4813,2021-05-01,GA,Organic Search
20090,2021-05-01,GA,Paid Social
25764,2021-05-01,IL,Paid Social
15274,2021-05-01,CA,Email
245,2021-05-01,,Organic Search
22761,2021-05-01,TX,Email
18370,2021-05-01,IL,Email
3093,2021-05-01,NY,Paid Social
12288,2021-05-01,FL,Organic Search
27815,2021-05-01,IL,Paid Social
19937,2021-05-01,GA,Email
8616,2021-05-01,FL,Affiliate
17625,2021-05-01,NY,Paid Social
4706,2021-05-01,GA,Paid Social
802,2021-05-01,CA,Organic Search
14244,2021-05-01,TX,Paid Social
18988,2021-05-01,WA,Organic Search
18944,2021-05-01,NY,Affiliate
14013,2021-05-02,NY,Organic Search
24350,2021-05-02,FL,Paid Social
21970,2021-05-02,,Paid Social
23712,2021-05-02,GA,Affiliate
28354,2021-05-02,GA,Organic Search
2131,2021-05-02,,Organic Search
28737,2021-05-02,WA,Paid Social
25821,2021-05-02,WA,Organic Search
15713,2021-05-02,CA,Organic Search
4597,2021-05-02,FL,Email
12343,2021-05-02,CA,Paid Social
27565,2021-05-02,NY,Paid Social
7869,2021-05-02,NY,Paid Social
10506,2021-05-02,FL,Paid Social
28993,2021-05-02,NY,Organic Search
20121,2021-05-02,IL,Paid Social
936,2021-05-02,IL,Organic Search
8187,2021-05-02,,Organic Search
19322,2021-05-02,GA,Affiliate
1338,2021-05-02,WA,Paid Social
17468,2021-05-02,GA,Organic Search
25405,2021-05-02,WA,Email
19231,2021-05-02,,Paid Social
22109,2021-05-02,CA,Paid Social
15912,2021-05-02,NY,Email
11005,2021-05-02,FL,Organic Search
1025,2021-05-02,,Affiliate
10672,2021-05-02,IL,Organic Search
25060,2021-05-02,,Organic Search
8229,2021-05-02,CA,Paid Social
23539,2021-05-02,TX,Organic Search
16609,2021-05-03,GA,Organic Search
6537,2021-05-03,CA,Paid Social
20433,2021-05-03,FL,Paid Social
21459,2021-05-03,IL,Paid Social
22423,2021-05-03,NY,Paid Social
11292,2021-05-03,GA,Paid Social
2754,2021-05-03,NY,Paid Social
8751,2021-05-03,TX,Paid Social
8687,2021-05-03,WA,Paid Social
2113,2021-05-03,WA,Organic Search
11305,2021-05-03,TX,Organic Search
17825,2021-05-03,IL,Organic Search
25401,2021-05-03,TX,Paid Social
10531,2021-05-03,NY,Email
14061,2021-05-03,FL,Email
12287,2021-05-03,TX,Email
25491,2021-05-03,,Paid Social
1744,2021-05-03,IL,Organic Search
4163,2021-05-03,NY,Paid Social
25692,2021-05-03,GA,Paid Social
9594,2021-05-03,GA,Paid Social
4430,2021-05-03,FL,Email
17944,2021-05-03,IL,Paid Social
13510,2021-05-03,GA,Paid Social
2174,2021-05-03,CA,Referral
21175,2021-05-03,CA,Affiliate
24513,2021-05-03,NY,Paid Social
13100,2021-05-03,GA,Paid Social
14900,2021-05-03,WA,Paid Social
14369,2021-05-03,TX,Affiliate
6415,2021-05-03,NY,Organic Search
3421,2021-05-03,CA,Email
9093,2021-05-04,GA,Paid Social
26415,2021-05-04,CA,Paid Social
13573,2021-05-04,NY,Affiliate
14926,2021-05-04,IL,Organic Search
17205,2021-05-04,CA,Organic Search
806,2021-05-04,NY,Email
23995,2021-05-04,IL,Organic Search
27952,2021-05-04,GA,Paid Social
2386,2021-05-04,TX,Paid Social
26748,2021-05-04,FL,Affiliate
18650,2021-05-04,FL,Paid Social
24631,2021-05-04,FL,Paid Social
29444,2021-05-04,FL,Paid Social
23251,2021-05-04,CA,Affiliate
21856,2021-05-04,CA,Referral
12060,2021-05-04,IL,Paid Social
21320,2021-05-04,WA,Paid Social
3741,2021-05-04,CA,Affiliate
19913,2021-05-04,TX,Email
22585,2021-05-04,,Paid Social
19727,2021-05-04,FL,Organic Search
20177,2021-05-04,CA,Referral
1080,2021-05-05,GA,Affiliate
29258,2021-05-05,WA,Email
21877,2021-05-05,GA,Paid Social
17912,2021-05-05,NY,Organic Search
25772,2021-05-05,NY,Referral
18729,2021-05-05,CA,Organic Search
13205,2021-05-05,WA,Paid Social
1257,2021-05-05,IL,Organic Search
11791,2021-05-05,CA,Email
281,2021-05-05,,Referral
19891,2021-05-05,TX,Organic Search
11620,2021-05-05,IL,Organic Search
1754,2021-05-05,CA,Organic Search
13350,2021-05-05,,Paid Social
1386,2021-05-05,GA,Paid Social
6810,2021-05-05,,Paid Social
28517,2021-05-05,,Organic Search
26394,2021-05-05,,Email
13647,2021-05-05,IL,Email
10526,2021-05-05,,Email
27249,2021-05-05,WA,Paid Social
8017,2021-05-05,FL,Paid Social
19765,2021-05-05,GA,Paid Social
5401,2021-05-05,GA,Organic Search
28230,2021-05-05,NY,Organic Search
10479,2021-05-05,IL,Paid Social
5914,2021-05-05,TX,Paid Social
13787,2021-05-05,IL,Email
28198,2021-05-05,GA,Paid Social
11937,2021-05-05,IL,Email
25058,2021-05-06,GA,Paid Social
8588,2021-05-06,CA,Email
2918,2021-05-06,NY,Email
15818,2021-05-06,GA,Affiliate
22348,2021-05-06,GA,Paid Social
9039,2021-05-06,IL,Email
18102,2021-05-06,TX,Paid Social
10549,2021-05-06,,Organic Search
18822,2021-05-06,WA,Organic Search
1549,2021-05-06,NY,Organic Search
26502,2021-05-06,,Email
17998,2021-05-06,WA,Email
17962,2021-05-06,FL,Organic Search
20105,2021-05-06,CA,Paid Social
17460,2021-05-06,,Paid Social
27919,2021-05-06,NY,Email
7604,2021-05-06,CA,Affiliate
20769,2021-05-06,NY,Paid Social
19991,2021-05-06,GA,Paid Social
15762,2021-05-06,TX,Organic Search
16713,2021-05-07,GA,Paid Social
9920,2021-05-07,NY,Paid Social
18958,2021-05-07,IL,Email
12578,2021-05-07,,Paid Social
29561,2021-05-07,FL,Paid Social
2416,2021-05-07,IL,Affiliate
28411,2021-05-07,,Email
21423,2021-05-07,NY,Paid Social
10401,2021-05-07,IL,Organic Search
12398,2021-05-07,IL,Organic Search
11896,2021-05-07,FL,Organic Search
10222,2021-05-07,CA,Email
22289,2021-05-07,GA,Referral
23660,2021-05-07,IL,Paid Social
25564,2021-05-07,GA,Paid Social
2079,2021-05-07,GA,Affiliate
27095,2021-05-07,FL,Organic Search
4386,2021-05-07,,Paid Social
28436,2021-05-07,NY,Affiliate
5433,2021-05-07,FL,Paid Social
18302,2021-05-07,FL,Organic Search
3335,2021-05-08,IL,Referral
20013,2021-05-08,NY,Organic Search
10325,2021-05-08,IL,Organic Search
21730,2021-05-08,WA,Organic Search
12917,2021-05-08,WA,Paid Social
11369,2021-05-08,GA,Paid Social
29669,2021-05-08,FL,Affiliate
5775,2021-05-08,GA,Organic Search
16030,2021-05-08,FL,Referral
953,2021-05-08,WA,Organic Search
11002,2021-05-08,NY,Organic Search
517,2021-05-08,NY,Paid Social
8802,2021-05-08,IL,Organic Search
1436,2021-05-08,GA,Organic Search
15511,2021-05-08,,Organic Search
8571,2021-05-08,WA,Paid Social
19743,2021-05-08,GA,Paid Social
1168,2021-05-09,FL,Paid Social
28146,2021-05-09,NY,Organic Search
4080,2021-05-09,CA,Organic Search
17689,2021-05-09,FL,Email
18400,2021-05-09,GA,Organic Search
2641,2021-05-09,NY,Organic Search
1484,2021-05-09,CA,Organic Search
2919,2021-05-09,GA,Paid Social
19321,2021-05-09,TX,Paid Social
7304,2021-05-09,WA,Referral
27129,2021-05-09,,Affiliate
21548,2021-05-09,IL,Email
21847,2021-05-09,IL,Paid Social
29799,2021-05-09,NY,Paid Social
16118,2021-05-09,TX,Paid Social
20171,2021-05-09,GA,Affiliate
29711,2021-05-09,TX,Email
10430,2021-05-09,IL,Email
1002,2021-05-09,NY,Paid Social
17985,2021-05-09,CA,Email
1594,2021-05-09,GA,Organic Search
17246,2021-05-09,TX,Paid Social
7203,2021-05-09,WA,Paid Social
656,2021-05-09,IL,Organic Search
7402,2021-05-09,NY,Paid Social
27591,2021-05-09,WA,Affiliate
9167,2021-05-09,IL,Referral
773,2021-05-09,CA,Organic Search
11334,2021-05-09,FL,Email
9862,2021-05-09,GA,Paid Social
28383,2021-05-09,IL,Paid Social
15569,2021-05-09,IL,Organic Search
6478,2021-05-09,,Organic Search
1979,2021-05-10,GA,Referral
9271,2021-05-10,GA,Paid Social
2650,2021-05-10,IL,Paid Social
15277,2021-05-10,,Paid Social
9264,2021-05-10,,Paid Social
5254,2021-05-10,,Organic Search
12384,2021-05-10,TX,Paid Social
24702,2021-05-10,NY,Affiliate
14069,2021-05-10,CA,Email
26572,2021-05-10,TX,Referral
6105,2021-05-10,,Organic Search
4916,2021-05-10,NY,Affiliate
13311,2021-05-10,WA,Paid Social
9359,2021-05-10,CA,Referral
11768,2021-05-10,GA,Organic Search
3815,2021-05-10,NY,Organic Search
10772,2021-05-10,FL,Paid Social
21889,2021-05-10,TX,Referral
17978,2021-05-10,WA,Organic Search
29083,2021-05-11,IL,Referral
6238,2021-05-11,NY,Paid Social
5170,2021-05-11,FL,Email
258,2021-05-11,TX,Paid Social
27649,2021-05-11,IL,Paid Social
7740,2021-05-11,NY,Organic Search
11053,2021-05-11,WA,Paid Social
19519,2021-05-11,IL,Organic Search
4897,2021-05-11,FL,Organic Search
13847,2021-05-11,WA,Paid Social
14916,2021-05-11,WA,Organic Search
3198,2021-05-11,WA,Referral
10215,2021-05-11,WA,Affiliate
12936,2021-05-11,TX,Email
27878,2021-05-11,CA,Paid Social
27881,2021-05-11,WA,Organic Search
12907,2021-05-11,NY,Paid Social
27917,2021-05-11,IL,Paid Social
26784,2021-05-11,FL,Organic Search
3183,2021-05-11,GA,Paid Social
15460,2021-05-11,GA,Paid Social
26125,2021-05-11,CA,Organic Search
53,2021-05-11,,Affiliate
3912,2021-05-11,,Organic Search
29022,2021-05-11,IL,Paid Social
27260,2021-05-11,CA,Paid Social
21786,2021-05-11,NY,Paid Social
29006,2021-05-11,,Paid Social
8851,2021-05-11,,Affiliate
18308,2021-05-11,CA,Email
16186,2021-05-11,GA,Paid Social
8684,2021-05-11,FL,Paid Social
27197,2021-05-12,CA,Email
775,2021-05-12,,Email
869,2021-05-12,FL,Referral
23641,2021-05-12,WA,Organic Search
1246,2021-05-12,IL,Paid Social
13256,2021-05-12,IL,Organic Search
4211,2021-05-12,TX,Organic Search
3347,2021-05-12,,Organic Search
18711,2021-05-12,WA,Email
25295,2021-05-12,CA,Organic Search
20074,2021-05-12,FL,Paid Social
14026,2021-05-12,WA,Paid Social
4462,2021-05-12,CA,Paid Social
11440,2021-05-12,NY,Email
19666,2021-05-12,NY,Paid Social
28403,2021-05-12,TX,Organic Search
26992,2021-05-12,,Organic Search
26123,2021-05-12,,Paid Social
16604,2021-05-12,GA,Affiliate
22586,2021-05-12,IL,Paid Social
17351,2021-05-12,CA,Email
17800,2021-05-12,NY,Email
23611,2021-05-12,IL,Organic Search
13118,2021-05-12,GA,Paid Social
21865,2021-05-12,NY,Paid Social
2910,2021-05-12,FL,Paid Social
13221,2021-05-12,WA,Paid Social
19269,2021-05-12,NY,Paid Social
5243,2021-05-12,NY,Paid Social
17242,2021-05-12,TX,Paid Social
27823,2021-05-13,CA,Organic Search
9258,2021-05-13,NY,Organic Search
23944,2021-05-13,,Organic Search
15161,2021-05-13,NY,Paid Social
13176,2021-05-13,NY,Email
16772,2021-05-13,TX,Referral
19571,2021-05-13,NY,Paid Social
21362,2021-05-13,IL,Paid Social
48,2021-05-13,FL,Paid Social
4852,2021-05-13,,Paid Social
8726,2021-05-13,CA,Email
3286,2021-05-13,NY,Organic Search
5468,2021-05-13,,Referral
25823,2021-05-13,CA,Paid Social
17700,2021-05-13,WA,Referral
10770,2021-05-13,NY,Paid Social
24989,2021-05-13,TX,Email
3262,2021-05-13,NY,Paid Social
15179,2021-05-14,CA,Paid Social
28893,2021-05-14,NY,Paid Social
3982,2021-05-14,IL,Email
18049,2021-05-14,NY,Organic Search
4590,2021-05-14,,Email
23415,2021-05-14,GA,Paid Social
28359,2021-05-14,FL,Organic Search
17327,2021-05-14,NY,Paid Social
11240,2021-05-14,IL,Organic Search
17795,2021-05-14,NY,Affiliate
7183,2021-05-14,TX,Email
4701,2021-05-14,WA,Organic Search
8372,2021-05-14,GA,Paid Social
5901,2021-05-14,GA,Paid Social
15198,2021-05-14,TX,Affiliate
18332,2021-05-14,GA,Paid Social
12307,2021-05-14,GA,Paid Social
12760,2021-05-14,GA,Paid Social
19101,2021-05-14,GA,Affiliate
6287,2021-05-14,TX,Referral
3055,2021-05-14,CA,Paid Social
27871,2021-05-14,CA,Organic Search
18559,2021-05-14,NY,Paid Social
10343,2021-05-14,WA,Organic Search
23716,2021-05-14,IL,Affiliate
12721,2021-05-14,WA,Paid Social
6394,2021-05-14,,Paid Social
9118,2021-05-14,FL,Affiliate
111,2021-05-15,GA,Organic Search
25189,2021-05-15,GA,Paid Social
14431,2021-05-15,TX,Affiliate
27905,2021-05-15,FL,Organic Search
14975,2021-05-15,,Organic Search
25976,2021-05-15,TX,Affiliate
6610,2021-05-15,TX,Paid Social
21099,2021-05-15,GA,Paid Social
28500,2021-05-15,GA,Organic Search
1955,2021-05-15,GA,Affiliate
26642,2021-05-15,GA,Paid Social
6510,2021-05-15,,Paid Social
6433,2021-05-15,NY,Referral
20463,2021-05-15,GA,Paid Social
1349,2021-05-15,TX,Affiliate
1036,2021-05-15,,Paid Social
23122,2021-05-15,FL,Paid Social
13356,2021-05-15,NY,Email
29882,2021-05-15,TX,Affiliate
12077,2021-05-15,GA,Organic Search
6024,2021-05-15,WA,Organic Search
27487,2021-05-15,FL,Paid Social
17888,2021-05-15,CA,Paid Social
13052,2021-05-15,WA,Paid Social
22541,2021-05-15,FL,Referral
5417,2021-05-15,IL,Paid Social
13162,2021-05-15,TX,Paid Social
21949,2021-05-15,GA,Paid Social
28831,2021-05-15,NY,Email
24502,2021-05-15,IL,Referral
18912,2021-05-15,IL,Paid Social
531,2021-05-16,FL,Email
25673,2021-05-16,WA,Paid Social
9327,2021-05-16,,Email
9951,2021-05-16,IL,Paid Social
7968,2021-05-16,IL,Organic Search
21454,2021-05-16,CA,Email
13061,2021-05-16,FL,Email
18243,2021-05-16,WA,Organic Search
26499,2021-05-16,TX,Email
18949,2021-05-16,WA,Paid Social
5749,2021-05-16,NY,Affiliate
22648,2021-05-16,CA,Organic Search
27736,2021-05-16,FL,Paid Social
12733,2021-05-16,IL,Paid Social
14227,2021-05-16,CA,Paid Social
11895,2021-05-16,CA,Paid Social
19058,2021-05-16,CA,Organic Search
23322,2021-05-16,FL,Paid Social
27004,2021-05-16,TX,Paid Social
28374,2021-05-16,TX,Paid Social
17788,2021-05-16,FL,Paid Social
4983,2021-05-16,TX,Paid Social
24705,2021-05-17,IL,Paid Social
3069,2021-05-17,,Organic Search
21384,2021-05-17,FL,Paid Social
10358,2021-05-17,IL,Paid Social
14001,2021-05-17,GA,Organic Search
7105,2021-05-17,FL,Organic Search
1342,2021-05-17,GA,Paid Social
13127,2021-05-17,CA,Organic Search
13060,2021-05-17,IL,Organic Search
18437,2021-05-17,IL,Paid Social
28036,2021-05-17,FL,Paid Social
6939,2021-05-17,,Paid Social
14437,2021-05-17,FL,Email
27419,2021-05-17,CA,Paid Social
3088,2021-05-17,GA,Organic Search
5908,2021-05-17,IL,Email
29703,2021-05-17,TX,Paid Social
18058,2021-05-17,IL,Paid Social
25041,2021-05-17,IL,Affiliate
13507,2021-05-17,GA,Paid Social
8307,2021-05-17,GA,Organic Search
4359,2021-05-17,FL,Paid Social
26687,2021-05-17,GA,Affiliate
29597,2021-05-17,NY,Organic Search
25620,2021-05-17,WA,Email
20754,2021-05-17,GA,Email
28263,2021-05-17,GA,Referral
19339,2021-05-18,FL,Paid Social
14634,2021-05-18,FL,Paid Social
4862,2021-05-18,CA,Email
5595,2021-05-18,CA,Paid Social
27439,2021-05-18,IL,Paid Social
10962,2021-05-18,NY,Paid Social
27851,2021-05-18,,Paid Social
29646,2021-05-18,FL,Paid Social
22526,2021-05-18,GA,Organic Search
13020,2021-05-18,NY,Affiliate
8418,2021-05-18,,Paid Social
6588,2021-05-18,FL,Organic Search
20072,2021-05-18,,Organic Search
1303,2021-05-18,WA,Organic Search
13498,2021-05-18,GA,Organic Search
5453,2021-05-18,FL,Organic Search
6276,2021-05-18,FL,Paid Social
20408,2021-05-18,FL,Paid Social
3636,2021-05-18,IL,Paid Social
18252,2021-05-18,IL,Organic Search
25237,2021-05-18,WA,Paid Social
10083,2021-05-18,TX,Paid Social
16590,2021-05-18,IL,Paid Social
13306,2021-05-18,WA,Paid Social
20491,2021-05-18,GA,Affiliate
3352,2021-05-19,FL,Paid Social
9380,2021-05-19,WA,Organic Search
396,2021-05-19,NY,Affiliate
13326,2021-05-19,FL,Organic Search
1392,2021-05-19,IL,Organic Search
6621,2021-05-19,IL,Organic Search
15519,2021-05-19,GA,Paid Social
7662,2021-05-19,FL,Paid Social
27709,2021-05-19,CA,Paid Social
15587,2021-05-19,,Organic Search
3967,2021-05-19,WA,Paid Social
27549,2021-05-19,IL,Paid Social
4113,2021-05-19,IL,Organic Search
22562,2021-05-19,CA,Paid Social
19036,2021-05-19,CA,Paid Social
8959,2021-05-19,TX,Paid Social
25481,2021-05-19,,Organic Search
16306,2021-05-19,FL,Paid Social
12213,2021-05-19,FL,Affiliate
29633,2021-05-19,TX,Email
27625,2021-05-20,,Paid Social
15329,2021-05-20,GA,Affiliate
25270,2021-05-20,WA,Paid Social
4420,2021-05-20,IL,Organic Search
17386,2021-05-20,CA,Email
5960,2021-05-20,GA,Email
11198,2021-05-20,FL,Paid Social
47,2021-05-20,IL,Paid Social
4993,2021-05-20,IL,Paid Social
5389,2021-05-20,FL,Paid Social
4848,2021-05-20,CA,Organic Search
21560,2021-05-20,IL,Paid Social
3899,2021-05-20,TX,Paid Social
6547,2021-05-20,FL,Paid Social
11966,2021-05-20,GA,Paid Social
12372,2021-05-20,GA,Paid Social
25857,2021-05-20,IL,Paid Social
22487,2021-05-20,,Affiliate
4917,2021-05-21,GA,Paid Social
1825,2021-05-21,WA,Paid Social
3102,2021-05-21,IL,Email
5945,2021-05-21,TX,Affiliate
1110,2021-05-21,FL,Organic Search
632,2021-05-21,GA,Referral
19166,2021-05-21,WA,Email
4606,2021-05-21,FL,Referral
15920,2021-05-21,CA,Email
13135,2021-05-21,,Paid Social
25508,2021-05-21,TX,Organic Search
19114,2021-05-21,GA,Paid Social
20672,2021-05-21,GA,Paid Social
16592,2021-05-21,CA,Email
11790,2021-05-21,WA,Paid Social
5663,2021-05-21,CA,Email
19416,2021-05-21,NY,Paid Social
19044,2021-05-21,GA,Paid Social
26468,2021-05-21,,Affiliate
21056,2021-05-21,WA,Paid Social
4478,2021-05-21,CA,Paid Social
24192,2021-05-21,CA,Email
6895,2021-05-21,WA,Paid Social
14746,2021-05-21,CA,Paid Social
23447,2021-05-22,IL,Paid Social
12038,2021-05-22,FL,Referral
18340,2021-05-22,,Paid Social
3334,2021-05-22,CA,Organic Search
25033,2021-05-22,GA,Paid Social
12716,2021-05-22,,Organic Search
24898,2021-05-22,FL,Paid Social
19609,2021-05-22,IL,Paid Social
27854,2021-05-22,IL,Email
20323,2021-05-22,,Paid Social
11048,2021-05-22,,Paid Social
17354,2021-05-22,,Organic Search
26714,2021-05-22,IL,Paid Social
19893,2021-05-22,WA,Paid Social
15821,2021-05-22,,Organic Search
21165,2021-05-22,NY,Paid Social
29851,2021-05-22,NY,Paid Social
788,2021-05-22,IL,Paid Social
15888,2021-05-22,FL,Paid Social
19065,2021-05-22,TX,Organic Search
18083,2021-05-22,,Paid Social
1735,2021-05-22,GA,Organic Search
21043,2021-05-22,FL,Affiliate
3287,2021-05-22,FL,Paid Social
5874,2021-05-22,NY,Email
22349,2021-05-22,FL,Organic Search
7049,2021-05-22,FL,Organic Search
8605,2021-05-23,,Paid Social
20043,2021-05-23,WA,Email
12752,2021-05-23,WA,Organic Search
23834,2021-05-23,FL,Organic Search
10051,2021-05-23,NY,Email
20241,2021-05-23,WA,Organic Search
2081,2021-05-23,IL,Organic Search
6527,2021-05-23,GA,Organic Search
12553,2021-05-23,NY,Organic Search
10592,2021-05-23,IL,Paid Social
4913,2021-05-23,GA,Paid Social
28466,2021-05-23,FL,Organic Search
14531,2021-05-23,GA,Paid Social
20017,2021-05-23,NY,Email
4133,2021-05-23,TX,Paid Social
7951,2021-05-23,TX,Affiliate
17609,2021-05-23,FL,Paid Social
27788,2021-05-23,NY,Paid Social
26752,2021-05-23,NY,Paid Social
15735,2021-05-23,TX,Paid Social
24602,2021-05-23,CA,Paid Social
10819,2021-05-23,,Organic Search
949,2021-05-23,FL,Referral
6746,2021-05-23,WA,Affiliate
22643,2021-05-23,WA,Organic Search
16327,2021-05-23,NY,Organic Search
14388,2021-05-23,WA,Paid Social
26590,2021-05-23,IL,Organic Search
13388,2021-05-24,TX,Organic Search
21549,2021-05-24,GA,Paid Social
28820,2021-05-24,TX,Paid Social
6386,2021-05-24,IL,Paid Social
20758,2021-05-24,WA,Affiliate
8990,2021-05-24,IL,Paid Social
3140,2021-05-24,FL,Organic Search
28662,2021-05-24,NY,Organic Search
14980,2021-05-24,TX,Email
14256,2021-05-24,WA,Affiliate
17722,2021-05-24,IL,Paid Social
22292,2021-05-24,,Email
28337,2021-05-24,,Paid Social
10651,2021-05-24,FL,Affiliate
23405,2021-05-24,IL,Paid Social
22322,2021-05-24,NY,Affiliate
13550,2021-05-24,NY,Organic Search
21404,2021-05-25,CA,Paid Social
13621,2021-05-25,WA,Paid Social
8720,2021-05-25,GA,Paid Social
8296,2021-05-25,WA,Email
23100,2021-05-25,,Paid Social
15553,2021-05-25,FL,Organic Search
20267,2021-05-25,NY,Paid Social
27603,2021-05-25,TX,Organic Search
22557,2021-05-25,IL,Organic Search
2740,2021-05-25,CA,Organic Search
13384,2021-05-25,WA,Paid Social
2236,2021-05-25,,Paid Social
3254,2021-05-25,,Organic Search
2981,2021-05-25,GA,Paid Social
25118,2021-05-25,NY,Paid Social
11736,2021-05-25,GA,Email
19809,2021-05-25,GA,Paid Social
1994,2021-05-25,CA,Organic Search
2968,2021-05-25,TX,Paid Social
15693,2021-05-25,,Paid Social
24056,2021-05-25,WA,Affiliate
6557,2021-05-25,CA,Paid Social
16064,2021-05-25,FL,Organic Search
21713,2021-05-25,GA,Email
21974,2021-05-25,IL,Affiliate
13557,2021-05-25,NY,Organic Search
28546,2021-05-26,NY,Organic Search
14752,2021-05-26,,Organic Search
17578,2021-05-26,,Organic Search
22395,2021-05-26,GA,Paid Social
7849,2021-05-26,WA,Organic Search
9116,2021-05-26,FL,Paid Social
2332,2021-05-26,TX,Organic Search
7646,2021-05-26,IL,Paid Social
7956,2021-05-26,FL,Paid Social
7448,2021-05-26,CA,Organic Search
2657,2021-05-26,CA,Email
15408,2021-05-26,WA,Organic Search
488,2021-05-26,FL,Organic Search
1152,2021-05-26,CA,Email
12693,2021-05-26,NY,Paid Social
8336,2021-05-26,FL,Paid Social
12956,2021-05-26,IL,Email
3369,2021-05-26,IL,Organic Search
23840,2021-05-26,IL,Paid Social
3830,2021-05-26,CA,Organic Search
4517,2021-05-26,CA,Paid Social
15233,2021-05-26,FL,Affiliate
12620,2021-05-26,TX,Paid Social
28685,2021-05-27,,Paid Social
1998,2021-05-27,CA,Organic Search
16389,2021-05-27,,Paid Social
24637,2021-05-27,WA,Organic Search
26441,2021-05-27,CA,Affiliate
14020,2021-05-27,CA,Organic Search
7426,2021-05-27,TX,Paid Social
13120,2021-05-27,TX,Organic Search
18201,2021-05-27,NY,Referral
2434,2021-05-27,CA,Organic Search
995,2021-05-27,IL,Paid Social
7482,2021-05-27,IL,Organic Search
4620,2021-05-27,FL,Referral
29707,2021-05-27,WA,Paid Social
9893,2021-05-27,FL,Email
26128,2021-05-27,,Organic Search
3319,2021-05-27,WA,Email
16654,2021-05-28,IL,Affiliate
11607,2021-05-28,NY,Paid Social
16367,2021-05-28,,Paid Social
24384,2021-05-28,,Paid Social
5646,2021-05-28,CA,Organic Search
5339,2021-05-28,NY,Affiliate
16281,2021-05-28,TX,Organic Search
27516,2021-05-28,WA,Paid Social
25675,2021-05-28,CA,Email
8906,2021-05-28,NY,Paid Social
8299,2021-05-28,WA,Organic Search
2890,2021-05-28,TX,Email
24503,2021-05-28,TX,Paid Social
9426,2021-05-28,CA,Email
25919,2021-05-28,WA,Affiliate
13819,2021-05-28,CA,Paid Social
11748,2021-05-28,CA,Organic Search
11481,2021-05-28,NY,Paid Social
12172,2021-05-28,TX,Referral
29728,2021-05-28,FL,Organic Search
4085,2021-05-29,,Organic Search
14043,2021-05-29,GA,Paid Social
10983,2021-05-29,NY,Referral
16213,2021-05-29,WA,Paid Social
29267,2021-05-29,FL,Email
5372,2021-05-29,,Paid Social
4516,2021-05-29,IL,Paid Social
22320,2021-05-29,IL,Organic Search
28176,2021-05-29,IL,Paid Social
7412,2021-05-29,IL,Paid Social
28032,2021-05-29,WA,Email
13409,2021-05-29,NY,Organic Search
15194,2021-05-29,FL,Organic Search
9096,2021-05-29,NY,Referral
18874,2021-05-29,NY,Organic Search
11087,2021-05-29,,Affiliate
4408,2021-05-29,IL,Organic Search
22009,2021-05-29,FL,Paid Social
9157,2021-05-29,,Affiliate
25269,2021-05-29,IL,Organic Search
23831,2021-05-29,CA,Paid Social
5284,2021-05-29,,Referral
27863,2021-05-29,GA,Email
13813,2021-05-29,,Paid Social
18926,2021-05-29,NY,Paid Social
21172,2021-05-29,WA,Paid Social
25152,2021-05-29,CA,Paid Social
11081,2021-05-29,TX,Affiliate
3417,2021-05-29,,Paid Social
5351,2021-05-30,GA,Email
1718,2021-05-30,IL,Paid Social
24933,2021-05-30,FL,Organic Search
25117,2021-05-30,TX,Organic Search
6077,2021-05-30,FL,Paid Social
15489,2021-05-30,,Paid Social
17695,2021-05-30,IL,Organic Search
20469,2021-05-30,,Paid Social
25062,2021-05-30,NY,Paid Social
17146,2021-05-30,,Paid Social
23187,2021-05-30,IL,Email
7300,2021-05-30,,Paid Social
15710,2021-05-30,GA,Paid Social
20047,2021-05-30,IL,Paid Social
19877,2021-05-30,,Organic Search
3249,2021-05-30,WA,Referral
1628,2021-05-30,TX,Paid Social
28621,2021-05-30,GA,Paid Social
571,2021-05-30,CA,Paid Social
10455,2021-05-30,GA,Email
6736,2021-05-30,NY,Paid Social
21944,2021-05-30,,Paid Social
3276,2021-05-30,GA,Email
29612,2021-05-30,NY,Paid Social
7757,2021-05-30,NY,Organic Search
4406,2021-05-30,IL,Paid Social
3505,2021-05-30,FL,Referral
239,2021-05-30,CA,Paid Social
684,2021-05-30,FL,Paid Social
26692,2021-05-30,,Organic Search
970,2021-05-30,FL,Paid Social
16629,2021-05-30,WA,Paid Social
4545,2021-05-30,GA,Paid Social
11041,2021-05-30,,Paid Social
9605,2021-05-30,FL,Paid Social
4805,2021-05-31,IL,Email
18490,2021-05-31,,Paid Social
15251,2021-05-31,WA,Organic Search
5462,2021-05-31,CA,Organic Search
26287,2021-05-31,GA,Paid Social
28493,2021-05-31,IL,Paid Social
25758,2021-05-31,IL,Paid Social
10713,2021-05-31,CA,Affiliate
10015,2021-05-31,WA,Paid Social
9719,2021-05-31,TX,Organic Search
16630,2021-05-31,IL,Organic Search
6300,2021-05-31,CA,Paid Social
1561,2021-05-31,NY,Paid Social
23266,2021-05-31,FL,Organic Search
14719,2021-05-31,,Organic Search
2738,2021-05-31,CA,Paid Social
3236,2021-05-31,WA,Organic Search
7693,2021-05-31,FL,Organic Search
17121,2021-05-31,IL,Organic Search
2574,2021-05-31,TX,Paid Social
3648,2021-06-01,CA,Paid Social
9772,2021-06-01,CA,Paid Social
21617,2021-06-01,WA,Paid Social
24079,2021-06-01,GA,Email
4885,2021-06-01,TX,Organic Search
2128,2021-06-01,WA,Organic Search
454,2021-06-01,,Affiliate
17510,2021-06-01,GA,Referral
16664,2021-06-01,NY,Paid Social
15478,2021-06-01,CA,Paid Social
1588,2021-06-01,CA,Paid Social
28952,2021-06-01,IL,Paid Social
12337,2021-06-01,WA,Organic Search
15452,2021-06-01,FL,Organic Search
8848,2021-06-01,NY,Paid Social
17212,2021-06-01,GA,Organic Search
21907,2021-06-01,GA,Paid Social
29813,2021-06-01,WA,Referral
10828,2021-06-01,IL,Affiliate
19978,2021-06-01,GA,Organic Search
23844,2021-06-01,FL,Email
4552,2021-06-01,GA,Organic Search
3709,2021-06-01,TX,Organic Search
4141,2021-06-01,WA,Paid Social
8882,2021-06-01,FL,Paid Social
3914,2021-06-02,WA,Affiliate
17479,2021-06-02,CA,Paid Social
3596,2021-06-02,NY,Paid Social
13245,2021-06-02,TX,Email
2794,2021-06-02,IL,Organic Search
27920,2021-06-02,WA,Organic Search
17434,2021-06-02,WA,Organic Search
17929,2021-06-02,GA,Paid Social
29070,2021-06-02,TX,Email
11819,2021-06-02,NY,Email
172,2021-06-02,CA,Organic Search
16265,2021-06-02,CA,Organic Search
3118,2021-06-02,,Organic Search
8131,2021-06-02,IL,Email
20546,2021-06-02,CA,Email
7085,2021-06-02,GA,Paid Social
7759,2021-06-02,NY,Referral
9539,2021-06-02,FL,Organic Search
7993,2021-06-02,CA,Organic Search
26918,2021-06-02,WA,Organic Search
23973,2021-06-02,IL,Organic Search
16684,2021-06-02,WA,Referral
10612,2021-06-02,GA,Email
29111,2021-06-02,TX,Paid Social
1886,2021-06-02,NY,Paid Social
1118,2021-06-02,IL,Referral
14099,2021-06-02,TX,Paid Social
955,2021-06-02,TX,Paid Social
20018,2021-06-02,WA,Affiliate
15272,2021-06-02,TX,Paid Social
395,2021-06-02,IL,Paid Social
22196,2021-06-03,FL,Paid Social
16444,2021-06-03,FL,Paid Social
2194,2021-06-03,NY,Paid Social
26758,2021-06-03,GA,Email
8558,2021-06-03,NY,Paid Social
8609,2021-06-03,CA,Paid Social
21871,2021-06-03,IL,Paid Social
19755,2021-06-03,IL,Affiliate
16295,2021-06-03,WA,Organic Search
15522,2021-06-03,CA,Affiliate
1726,2021-06-03,TX,Organic Search
8744,2021-06-03,IL,Organic Search
22319,2021-06-03,FL,Paid Social
16180,2021-06-03,FL,Organic Search
8106,2021-06-03,WA,Paid Social
4927,2021-06-03,TX,Paid Social
779,2021-06-03,GA,Email
17684,2021-06-03,NY,Organic Search
28281,2021-06-03,TX,Paid Social
26686,2021-06-03,TX,Email
5675,2021-06-04,GA,Affiliate
29497,2021-06-04,,Organic Search
5670,2021-06-04,CA,Email
10755,2021-06-04,CA,Organic Search
21025,2021-06-04,NY,Email
16899,2021-06-04,,Affiliate
18512,2021-06-04,TX,Paid Social
28722,2021-06-04,GA,Paid Social
5918,2021-06-04,,Paid Social
22701,2021-06-04,,Organic Search
21983,2021-06-04,FL,Paid Social
27360,2021-06-04,GA,Paid Social
26568,2021-06-04,TX,Paid Social
7532,2021-06-04,GA,Organic Search
5373,2021-06-04,IL,Paid Social
6314,2021-06-04,IL,Organic Search
20874,2021-06-04,TX,Paid Social
8115,2021-06-05,TX,Paid Social
1525,2021-06-05,CA,Paid Social
13827,2021-06-05,FL,Paid Social
23023,2021-06-05,,Organic Search
11922,2021-06-05,TX,Organic Search
25257,2021-06-05,WA,Paid Social
14453,2021-06-05,FL,Paid Social
10210,2021-06-05,GA,Paid Social
18420,2021-06-05,CA,Affiliate
1822,2021-06-05,TX,Organic Search
5884,2021-06-05,CA,Affiliate
9569,2021-06-05,NY,Paid Social
16673,2021-06-05,IL,Affiliate
6951,2021-06-05,GA,Email
22827,2021-06-05,CA,Paid Social
16554,2021-06-05,FL,Affiliate
9720,2021-06-05,,Email
6111,2021-06-05,IL,Affiliate
3506,2021-06-05,IL,Paid Social
15970,2021-06-05,CA,Email
28748,2021-06-05,WA,Paid Social
20319,2021-06-06,TX,Organic Search
10086,2021-06-06,IL,Paid Social
20542,2021-06-06,FL,Organic Search
1701,2021-06-06,NY,Affiliate
3803,2021-06-06,NY,Email
20335,2021-06-06,FL,Email
7088,2021-06-06,TX,Paid Social
12784,2021-06-06,CA,Organic Search
20890,2021-06-06,TX,Paid Social
21048,2021-06-06,CA,Email
12839,2021-06-06,FL,Organic Search
19980,2021-06-06,TX,Paid Social
10595,2021-06-06,GA,Referral
3646,2021-06-06,,Organic Search
9177,2021-06-06,NY,Organic Search
15658,2021-06-06,GA,Affiliate
17307,2021-06-06,TX,Organic Search
5778,2021-06-07,,Organic Search
4980,2021-06-07,,Organic Search
26645,2021-06-07,IL,Organic Search
10108,2021-06-07,NY,Paid Social
14513,2021-06-07,TX,Organic Search
15990,2021-06-07,FL,Paid Social
6417,2021-06-07,TX,Paid Social
371,2021-06-07,TX,Organic Search
23680,2021-06-07,IL,Organic Search
26910,2021-06-07,GA,Referral
12591,2021-06-07,NY,Referral
3824,2021-06-07,GA,Paid Social
8955,2021-06-07,NY,Paid Social
3034,2021-06-07,WA,Organic Search
20231,2021-06-07,NY,Email
4342,2021-06-07,GA,Organic Search
11715,2021-06-07,GA,Organic Search
12128,2021-06-07,TX,Affiliate
25710,2021-06-07,TX,Paid Social
28669,2021-06-07,IL,Organic Search
21630,2021-06-07,GA,Affiliate
9468,2021-06-07,NY,Affiliate
8722,2021-06-07,NY,Email
14255,2021-06-07,FL,Email
22216,2021-06-07,NY,Affiliate
25994,2021-06-07,WA,Email
12273,2021-06-07,GA,Affiliate
10090,2021-06-07,WA,Organic Search
6970,2021-06-08,TX,Paid Social
26800,2021-06-08,CA,Organic Search
2661,2021-06-08,FL,Paid Social
5726,2021-06-08,CA,Paid Social
15226,2021-06-08,CA,Organic Search
15112,2021-06-08,FL,Email
23347,2021-06-08,GA,Paid Social
19594,2021-06-08,CA,Organic Search
22262,2021-06-08,IL,Paid Social
13079,2021-06-08,TX,Email
14801,2021-06-08,TX,Affiliate
14016,2021-06-08,NY,Organic Search
22159,2021-06-08,FL,Paid Social
13383,2021-06-08,CA,Email
12849,2021-06-08,IL,Organic Search
29780,2021-06-08,GA,Organic Search
7723,2021-06-08,CA,Organic Search
19615,2021-06-08,TX,Email
9071,2021-06-08,IL,Referral
19682,2021-06-08,FL,Organic Search
6598,2021-06-08,GA,Organic Search
9696,2021-06-08,,Paid Social
7217,2021-06-08,CA,Paid Social
22027,2021-06-08,NY,Paid Social
13208,2021-06-08,GA,Email
4991,2021-06-09,,Affiliate
27388,2021-06-09,TX,Paid Social
7081,2021-06-09,TX,Paid Social
26802,2021-06-09,NY,Email
16369,2021-06-09,NY,Paid Social
608,2021-06-09,,Paid Social
9751,2021-06-09,TX,Paid Social
15848,2021-06-09,WA,Email
14990,2021-06-09,GA,Referral
14784,2021-06-09,IL,Paid Social
27554,2021-06-09,CA,Organic Search
14943,2021-06-09,,Organic Search
17112,2021-06-09,,Paid Social
20673,2021-06-09,NY,Paid Social
4524,2021-06-09,FL,Paid Social
20798,2021-06-09,FL,Paid Social
6882,2021-06-09,WA,Organic Search
3426,2021-06-09,IL,Paid Social
25833,2021-06-09,TX,Affiliate
9691,2021-06-09,,Affiliate
260,2021-06-09,FL,Organic Search
10840,2021-06-09,TX,Paid Social
12204,2021-06-09,FL,Email
18816,2021-06-09,FL,Organic Search
7881,2021-06-10,IL,Organic Search
9953,2021-06-10,NY,Paid Social
17145,2021-06-10,,Email
27096,2021-06-10,WA,Paid Social
70,2021-06-10,WA,Affiliate
2569,2021-06-10,CA,Email
8957,2021-06-10,WA,Paid Social
26224,2021-06-10,,Email
19639,2021-06-10,FL,Paid Social
26777,2021-06-10,FL,Paid Social
6887,2021-06-10,IL,Organic Search
12706,2021-06-10,GA,Referral
15588,2021-06-10,IL,Paid Social
13618,2021-06-10,,Paid Social
20548,2021-06-10,IL,Organic Search
11015,2021-06-11,IL,Referral
28006,2021-06-11,IL,Paid Social
25939,2021-06-11,IL,Paid Social
4288,2021-06-11,,Paid Social
12387,2021-06-11,CA,Email
23774,2021-06-11,TX,Paid Social
5112,2021-06-11,WA,Referral
29178,2021-06-11,CA,Organic Search
14913,2021-06-11,CA,Email
7659,2021-06-11,GA,Paid Social
3241,2021-06-11,TX,Paid Social
15299,2021-06-11,FL,Paid Social
1682,2021-06-11,CA,Affiliate
9339,2021-06-11,WA,Paid Social
29085,2021-06-11,,Organic Search
14182,2021-06-11,WA,Paid Social
24611,2021-06-11,CA,Paid Social
8061,2021-06-11,GA,Paid Social
16012,2021-06-11,WA,Paid Social
29364,2021-06-11,IL,Affiliate
20238,2021-06-11,WA,Referral
18556,2021-06-11,TX,Affiliate
6629,2021-06-11,NY,Paid Social
10147,2021-06-11,GA,Email
24860,2021-06-12,CA,Paid Social
5276,2021-06-12,NY,Organic Search
1226,2021-06-12,GA,Paid Social
14834,2021-06-12,CA,Paid Social
26623,2021-06-12,GA,Email
1227,2021-06-12,GA,Paid Social
26219,2021-06-12,CA,Paid Social
10014,2021-06-12,,Paid Social
29550,2021-06-12,TX,Email
21572,2021-06-12,FL,Organic Search
17664,2021-06-12,CA,Affiliate
6083,2021-06-12,WA,Paid Social
21410,2021-06-12,FL,Paid Social
10094,2021-06-12,GA,Email
2913,2021-06-12,IL,Email
741,2021-06-12,TX,Paid Social
8261,2021-06-12,,Organic Search
16406,2021-06-12,GA,Referral
12005,2021-06-12,FL,Paid Social
23832,2021-06-12,GA,Organic Search
7705,2021-06-12,GA,Organic Search
25347,2021-06-12,FL,Paid Social
9119,2021-06-12,,Affiliate
8489,2021-06-12,TX,Organic Search
14104,2021-06-12,FL,Paid Social
7026,2021-06-12,FL,Paid Social
23744,2021-06-12,FL,Organic Search
8053,2021-06-12,NY,Affiliate
12033,2021-06-12,TX,Email
10932,2021-06-13,TX,Paid Social
19020,2021-06-13,WA,Organic Search
12164,2021-06-13,GA,Organic Search
23108,2021-06-13,CA,Email
6783,2021-06-13,WA,Paid Social
20697,2021-06-13,GA,Organic Search
29180,2021-06-13,IL,Organic Search
22792,2021-06-13,,Email
29144,2021-06-13,,Paid Social
28011,2021-06-13,IL,Paid Social
13976,2021-06-13,,Organic Search
621,2021-06-13,,Organic Search
23541,2021-06-13,GA,Referral
18246,2021-06-13,FL,Paid Social
14869,2021-06-13,FL,Organic Search
4856,2021-06-13,FL,Organic Search
24859,2021-06-13,TX,Paid Social
19690,2021-06-13,WA,Paid Social
2217,2021-06-13,GA,Email
5016,2021-06-13,NY,Organic Search
29521,2021-06-13,WA,Paid Social
5434,2021-06-13,IL,Organic Search
11601,2021-06-13,TX,Paid Social
12991,2021-06-13,,Affiliate
15589,2021-06-14,GA,Organic Search
24596,2021-06-14,NY,Email
7379,2021-06-14,NY,Paid Social
7754,2021-06-14,CA,Paid Social
20617,2021-06-14,WA,Organic Search
14148,2021-06-14,TX,Organic Search
20668,2021-06-14,WA,Paid Social
20313,2021-06-14,FL,Organic Search
736,2021-06-14,NY,Referral
9960,2021-06-14,FL,Organic Search
10186,2021-06-14,TX,Paid Social
1094,2021-06-14,IL,Paid Social
3704,2021-06-14,,Email
18577,2021-06-14,TX,Paid Social
8311,2021-06-14,GA,Paid Social
25087,2021-06-14,FL,Referral
25699,2021-06-14,NY,Paid Social
8653,2021-06-14,FL,Organic Search
26705,2021-06-14,CA,Organic Search
17333,2021-06-14,CA,Organic Search
27414,2021-06-14,CA,Paid Social
25110,2021-06-14,IL,Organic Search
29949,2021-06-14,FL,Affiliate
126,2021-06-14,FL,Paid Social
24709,2021-06-14,NY,Paid Social
4693,2021-06-15,IL,Paid Social
22250,2021-06-15,,Organic Search
13675,2021-06-15,CA,Affiliate
14979,2021-06-15,CA,Paid Social
9527,2021-06-15,CA,Referral
2395,2021-06-15,IL,Referral
20204,2021-06-15,WA,Organic Search
7326,2021-06-15,FL,Organic Search
4825,2021-06-15,,Paid Social
23162,2021-06-15,WA,Paid Social
18072,2021-06-15,FL,Affiliate
28228,2021-06-15,NY,Paid Social
27039,2021-06-15,WA,Paid Social
22873,2021-06-15,NY,Paid Social
12654,2021-06-15,FL,Paid Social
1475,2021-06-15,WA,Paid Social
24641,2021-06-15,,Organic Search
15574,2021-06-15,IL,Organic Search
25419,2021-06-15,GA,Paid Social
12156,2021-06-15,CA,Organic Search
1550,2021-06-15,NY,Paid Social
21753,2021-06-15,FL,Email
6035,2021-06-15,FL,Paid Social
26074,2021-06-15,NY,Paid Social
29696,2021-06-15,TX,Paid Social
6208,2021-06-16,TX,Paid Social
24034,2021-06-16,NY,Paid Social
15466,2021-06-16,IL,Paid Social
27746,2021-06-16,GA,Organic Search
2548,2021-06-16,TX,Paid Social
29663,2021-06-16,GA,Email
14865,2021-06-16,,Email
20362,2021-06-16,GA,Paid Social
24803,2021-06-16,,Email
24855,2021-06-16,GA,Paid Social
29914,2021-06-16,FL,Paid Social
26003,2021-06-16,WA,Paid Social
4376,2021-06-16,,Paid Social
8590,2021-06-16,IL,Paid Social
19155,2021-06-16,GA,Affiliate
6844,2021-06-16,TX,Organic Search
7030,2021-06-16,,Organic Search
20993,2021-06-16,WA,Email
25643,2021-06-16,,Paid Social
12557,2021-06-16,CA,Paid Social
11539,2021-06-16,FL,Paid Social
2296,2021-06-16,NY,Organic Search
14866,2021-06-17,CA,Organic Search
7767,2021-06-17,GA,Organic Search
11132,2021-06-17,WA,Organic Search
8171,2021-06-17,WA,Email
20299,2021-06-17,NY,Referral
10971,2021-06-17,IL,Paid Social
385,2021-06-17,CA,Email
20195,2021-06-17,TX,Paid Social
20329,2021-06-17,GA,Paid Social
27017,2021-06-17,,Email
27027,2021-06-17,WA,Email
23912,2021-06-17,FL,Referral
19662,2021-06-17,CA,Organic Search
22488,2021-06-17,CA,Email
20442,2021-06-17,TX,Organic Search
23214,2021-06-17,,Paid Social
18510,2021-06-17,CA,Paid Social
19760,2021-06-17,FL,Paid Social
14129,2021-06-17,GA,Paid Social
13419,2021-06-17,NY,Referral
21925,2021-06-17,CA,Email
2078,2021-06-17,FL,Paid Social
14697,2021-06-17,CA,Organic Search
3787,2021-06-17,,Paid Social
8845,2021-06-17,,Organic Search
20686,2021-06-17,,Paid Social
5840,2021-06-18,IL,Paid Social
1674,2021-06-18,CA,Email
24248,2021-06-18,FL,Email
20464,2021-06-18,CA,Organic Search
18052,2021-06-18,WA,Email
23569,2021-06-18,CA,Paid Social
21804,2021-06-18,IL,Referral
23631,2021-06-18,FL,Paid Social
22312,2021-06-18,FL,Paid Social
383,2021-06-18,FL,Paid Social
14946,2021-06-18,TX,Affiliate
6229,2021-06-18,TX,Email
16216,2021-06-18,NY,Paid Social
10106,2021-06-18,NY,Organic Search
3890,2021-06-18,WA,Paid Social
11973,2021-06-18,NY,Paid Social
5831,2021-06-18,GA,Affiliate
4232,2021-06-18,NY,Paid Social
9180,2021-06-18,FL,Organic Search
24411,2021-06-18,NY,Email
3811,2021-06-18,IL,Paid Social
26397,2021-06-18,CA,Paid Social
15283,2021-06-18,WA,Affiliate
4942,2021-06-18,IL,Paid Social
20712,2021-06-18,GA,Organic Search
10335,2021-06-18,GA,Organic Search
28470,2021-06-18,,Organic Search
16877,2021-06-18,,Organic Search
17939,2021-06-18,WA,Affiliate
21956,2021-06-18,WA,Organic Search
13676,2021-06-19,IL,Paid Social
9939,2021-06-19,TX,Referral
27363,2021-06-19,,Organic Search
20866,2021-06-19,GA,Organic Search
7742,2021-06-19,NY,Organic Search
2253,2021-06-19,NY,Paid Social
9899,2021-06-19,NY,Email
14788,2021-06-19,CA,Paid Social
6515,2021-06-19,GA,Paid Social
638,2021-06-19,WA,Organic Search
19886,2021-06-19,CA,Paid Social
19593,2021-06-19,GA,Organic Search
20733,2021-06-19,FL,Paid Social
25933,2021-06-19,IL,Organic Search
2830,2021-06-19,IL,Organic Search
21347,2021-06-19,GA,Email
23211,2021-06-19,WA,Organic Search
1634,2021-06-19,GA,Email
7442,2021-06-19,FL,Organic Search
24651,2021-06-19,IL,Organic Search
642,2021-06-19,CA,Paid Social
16623,2021-06-19,,Paid Social
27559,2021-06-19,FL,Paid Social
11095,2021-06-19,WA,Paid Social
26190,2021-06-20,IL,Paid Social
21429,2021-06-20,GA,Paid Social
152,2021-06-20,,Organic Search
6530,2021-06-20,NY,Email
11464,2021-06-20,CA,Paid Social
14030,2021-06-20,TX,Organic Search
17699,2021-06-20,CA,Paid Social
20407,2021-06-20,NY,Affiliate
27371,2021-06-20,WA,Organic Search
8929,2021-06-20,,Organic Search
3127,2021-06-20,CA,Paid Social
11137,2021-06-20,,Paid Social
19870,2021-06-20,WA,Paid Social
23835,2021-06-20,GA,Organic Search
19028,2021-06-20,,Paid Social
18854,2021-06-20,CA,Paid Social
21931,2021-06-20,NY,Email
26641,2021-06-20,IL,Paid Social
906,2021-06-20,,Referral
65,2021-06-20,,Organic Search
3095,2021-06-20,CA,Organic Search
7561,2021-06-20,TX,Email
9393,2021-06-20,GA,Organic Search
2528,2021-06-20,,Affiliate
27276,2021-06-20,TX,Organic Search
9802,2021-06-21,CA,Organic Search
22830,2021-06-21,CA,Email
14678,2021-06-21,GA,Email
7095,2021-06-21,IL,Paid Social
3794,2021-06-21,TX,Email
22375,2021-06-21,WA,Referral
21600,2021-06-21,,Email
16872,2021-06-21,IL,Affiliate
436,2021-06-21,IL,Email
20695,2021-06-21,,Paid Social
19562,2021-06-21,TX,Organic Search
8162,2021-06-21,CA,Organic Search
12416,2021-06-21,FL,Organic Search
6973,2021-06-21,,Organic Search
6292,2021-06-21,IL,Paid Social
29183,2021-06-21,TX,Paid Social
8462,2021-06-21,TX,Affiliate
25845,2021-06-21,FL,Paid Social
29290,2021-06-21,TX,Paid Social
5162,2021-06-21,IL,Organic Search
28408,2021-06-21,WA,Organic Search
8901,2021-06-21,CA,Paid Social
5018,2021-06-21,GA,Paid Social
25425,2021-06-21,WA,Affiliate
19084,2021-06-21,NY,Email
17173,2021-06-21,NY,Organic Search
28255,2021-06-21,IL,Organic Search
2447,2021-06-21,CA,Organic Search
21426,2021-06-21,WA,Email
15462,2021-06-21,,Email
15563,2021-06-22,CA,Email
7195,2021-06-22,NY,Email
18240,2021-06-22,,Paid Social
7566,2021-06-22,NY,Referral
18616,2021-06-22,,Paid Social
12103,2021-06-22,FL,Affiliate
25736,2021-06-22,NY,Paid Social
25912,2021-06-22,IL,Organic Search
8054,2021-06-22,,Paid Social
6858,2021-06-22,,Organic Search
26214,2021-06-22,,Organic Search
14101,2021-06-22,TX,Paid Social
17039,2021-06-22,FL,Affiliate
19843,2021-06-22,GA,Email
17702,2021-06-22,FL,Organic Search
18412,2021-06-22,NY,Affiliate
6050,2021-06-22,GA,Affiliate
11078,2021-06-22,GA,Organic Search
28568,2021-06-22,GA,Paid Social
9563,2021-06-22,FL,Paid Social
16697,2021-06-22,CA,Paid Social
25274,2021-06-22,,Paid Social
249,2021-06-22,,Affiliate
9368,2021-06-23,FL,Email
12452,2021-06-23,IL,Email
22820,2021-06-23,FL,Affiliate
4528,2021-06-23,CA,Affiliate
19255,2021-06-23,,Organic Search
9236,2021-06-23,GA,Paid Social
15877,2021-06-23,GA,Organic Search
9967,2021-06-23,FL,Email
8448,2021-06-23,NY,Referral
21795,2021-06-23,,Affiliate
6613,2021-06-23,GA,Organic Search
14611,2021-06-23,CA,Paid Social
18436,2021-06-23,CA,Organic Search
25730,2021-06-23,NY,Email
6085,2021-06-23,WA,Organic Search
10586,2021-06-23,IL,Paid Social
14592,2021-06-23,,Affiliate
1607,2021-06-23,NY,Organic Search
1909,2021-06-23,NY,Paid Social
10788,2021-06-23,NY,Organic Search
21493,2021-06-23,IL,Email
186,2021-06-23,NY,Paid Social
6258,2021-06-23,FL,Paid Social
23615,2021-06-23,IL,Paid Social
8110,2021-06-23,NY,Email
12888,2021-06-24,TX,Paid Social
25691,2021-06-24,WA,Referral
10784,2021-06-24,FL,Email
3120,2021-06-24,CA,Organic Search
19811,2021-06-24,NY,Organic Search
7221,2021-06-24,FL,Affiliate
11125,2021-06-24,IL,Organic Search
14012,2021-06-24,IL,Affiliate
13278,2021-06-24,GA,Paid Social
19309,2021-06-24,FL,Referral
11139,2021-06-24,NY,Paid Social
13463,2021-06-24,TX,Paid Social
25594,2021-06-24,FL,Paid Social
3855,2021-06-24,CA,Paid Social
21669,2021-06-24,,Organic Search
17654,2021-06-24,IL,Email
18655,2021-06-24,CA,Email
7100,2021-06-24,,Referral
28769,2021-06-24,NY,Paid Social
16989,2021-06-24,TX,Referral
56,2021-06-24,GA,Affiliate
22707,2021-06-24,IL,Paid Social
15918,2021-06-25,WA,Paid Social
23891,2021-06-25,FL,Email
6405,2021-06-25,WA,Organic Search
29884,2021-06-25,CA,Affiliate
7850,2021-06-25,FL,Organic Search
23904,2021-06-25,TX,Organic Search
3561,2021-06-25,,Paid Social
7516,2021-06-25,NY,Email
12230,2021-06-25,TX,Organic Search
29459,2021-06-25,GA,Paid Social
23524,2021-06-25,TX,Organic Search
21029,2021-06-25,FL,Organic Search
5668,2021-06-25,WA,Email
9069,2021-06-25,TX,Organic Search
21769,2021-06-25,,Paid Social
29316,2021-06-25,,Organic Search
761,2021-06-25,IL,Organic Search
15256,2021-06-25,FL,Affiliate
26106,2021-06-25,NY,Organic Search
6919,2021-06-25,WA,Paid Social
6672,2021-06-25,FL,Email
3511,2021-06-25,IL,Paid Social
17868,2021-06-26,CA,Organic Search
20083,2021-06-26,TX,Organic Search
10887,2021-06-26,WA,Organic Search
19532,2021-06-26,GA,Organic Search
2234,2021-06-26,GA,Referral
9448,2021-06-26,WA,Email
10150,2021-06-26,FL,Paid Social
19446,2021-06-26,FL,Paid Social
24877,2021-06-26,NY,Affiliate
8913,2021-06-26,NY,Referral
9300,2021-06-26,IL,Organic Search
11013,2021-06-26,FL,Affiliate
8379,2021-06-26,NY,Paid Social
20014,2021-06-26,IL,Paid Social
2090,2021-06-26,TX,Paid Social
29514,2021-06-26,FL,Affiliate
28875,2021-06-26,NY,Email
28855,2021-06-26,CA,Organic Search
26535,2021-06-26,IL,Paid Social
29311,2021-06-26,,Paid Social
418,2021-06-26,WA,Paid Social
28077,2021-06-26,GA,Organic Search
27190,2021-06-26,FL,Referral
6120,2021-06-26,WA,Paid Social
29262,2021-06-27,,Organic Search
29340,2021-06-27,GA,Email
12646,2021-06-27,TX,Paid Social
17600,2021-06-27,GA,Email
168,2021-06-27,,Organic Search
6751,2021-06-27,FL,Organic Search
5833,2021-06-27,WA,Email
4998,2021-06-27,NY,Paid Social
10158,2021-06-27,WA,Organic Search
71,2021-06-27,CA,Email
4581,2021-06-27,NY,Affiliate
27210,2021-06-27,GA,Email
22777,2021-06-27,,Paid Social
4282,2021-06-27,TX,Email
6246,2021-06-27,,Paid Social
22538,2021-06-27,CA,Email
7061,2021-06-27,NY,Affiliate
9752,2021-06-27,CA,Organic Search
12258,2021-06-27,TX,Paid Social
2745,2021-06-27,IL,Paid Social
18886,2021-06-27,NY,Email
18087,2021-06-27,FL,Paid Social
27169,2021-06-27,NY,Paid Social
29664,2021-06-27,TX,Email
6562,2021-06-28,GA,Paid Social
2358,2021-06-28,WA,Organic Search
11038,2021-06-28,TX,Organic Search
17810,2021-06-28,FL,Organic Search
9963,2021-06-28,IL,Paid Social
5895,2021-06-28,NY,Paid Social
14401,2021-06-28,GA,Organic Search
3783,2021-06-28,FL,Organic Search
10287,2021-06-28,GA,Paid Social
26160,2021-06-28,IL,Paid Social
20623,2021-06-28,WA,Paid Social
28877,2021-06-28,,Paid Social
28968,2021-06-28,,Affiliate
754,2021-06-28,FL,Paid Social
29548,2021-06-28,WA,Paid Social
7829,2021-06-28,GA,Paid Social
24708,2021-06-28,CA,Email
15874,2021-06-28,FL,Paid Social
17188,2021-06-28,GA,Affiliate
24681,2021-06-28,NY,Paid Social
3180,2021-06-28,,Paid Social
15777,2021-06-28,IL,Affiliate
8813,2021-06-28,GA,Email
7602,2021-06-28,CA,Organic Search
25895,2021-06-28,CA,Organic Search
8678,2021-06-28,CA,Email
24867,2021-06-28,GA,Paid Social
886,2021-06-28,WA,Organic Search
15096,2021-06-28,FL,Paid Social
20524,2021-06-28,FL,Email
13246,2021-06-28,FL,Paid Social
24998,2021-06-28,TX,Affiliate
24850,2021-06-29,WA,Organic Search
28402,2021-06-29,FL,Paid Social
27680,2021-06-29,,Paid Social
25641,2021-06-29,CA,Organic Search
16165,2021-06-29,GA,Paid Social
10397,2021-06-29,GA,Paid Social
1028,2021-06-29,,Email
2718,2021-06-29,TX,Affiliate
27089,2021-06-29,TX,Organic Search
5620,2021-06-29,GA,Organic Search
20901,2021-06-29,IL,Email
25361,2021-06-29,IL,Paid Social
11285,2021-06-29,FL,Referral
27962,2021-06-29,CA,Paid Social
9521,2021-06-29,CA,Paid Social
15339,2021-06-29,WA,Paid Social
4100,2021-06-29,NY,Organic Search
957,2021-06-29,GA,Paid Social
11184,2021-06-29,IL,Paid Social
27048,2021-06-29,WA,Paid Social
7053,2021-06-29,GA,Affiliate
28943,2021-06-30,NY,Email
24584,2021-06-30,IL,Referral
17604,2021-06-30,CA,Paid Social
7746,2021-06-30,,Paid Social
22052,2021-06-30,FL,Organic Search
9273,2021-06-30,TX,Paid Social
15977,2021-06-30,CA,Paid Social
8706,2021-06-30,FL,Paid Social
15869,2021-06-30,IL,Referral
1771,2021-06-30,FL,Paid Social
26522,2021-06-30,FL,Paid Social
16674,2021-06-30,GA,Email
4835,2021-06-30,TX,Paid Social
6488,2021-06-30,FL,Paid Social
28049,2021-06-30,IL,Organic Search
25534,2021-06-30,CA,Organic Search
9175,2021-06-30,FL,Organic Search
10000,2021-06-30,TX,Organic Search
3884,2021-06-30,TX,Organic Search
1663,2021-06-30,,Affiliate
3338,2021-06-30,NY,Email
27705,2021-06-30,WA,Email
25483,2021-06-30,CA,Organic Search
16516,2021-06-30,WA,Paid Social
15646,2021-07-01,FL,Affiliate
13736,2021-07-01,WA,Organic Search
18793,2021-07-01,IL,Email
17053,2021-07-01,CA,Organic Search
22685,2021-07-01,GA,Paid Social
18834,2021-07-01,IL,Referral
23028,2021-07-01,,Paid Social
16524,2021-07-01,TX,Paid Social
2408,2021-07-01,GA,Organic Search
23677,2021-07-01,TX,Organic Search
4603,2021-07-01,GA,Affiliate
16563,2021-07-01,NY,Email
23989,2021-07-01,GA,Paid Social
2340,2021-07-01,CA,Paid Social
13612,2021-07-01,WA,Referral
10833,2021-07-01,WA,Paid Social
11646,2021-07-01,WA,Organic Search
11186,2021-07-01,GA,Affiliate
4854,2021-07-01,IL,Paid Social
22263,2021-07-01,CA,Organic Search
37,2021-07-01,,Paid Social
11981,2021-07-01,TX,Organic Search
23877,2021-07-02,GA,Paid Social
20379,2021-07-02,NY,Paid Social
11876,2021-07-02,CA,Affiliate
11888,2021-07-02,GA,Organic Search
10171,2021-07-02,,Paid Social
302,2021-07-02,IL,Paid Social
1485,2021-07-02,,Paid Social
14733,2021-07-02,TX,Organic Search
4539,2021-07-02,TX,Organic Search
27723,2021-07-02,NY,Paid Social
18750,2021-07-02,IL,Email
2674,2021-07-02,FL,Organic Search
21686,2021-07-02,WA,Paid Social
28267,2021-07-02,,Paid Social
18954,2021-07-02,CA,Paid Social
19273,2021-07-02,NY,Organic Search
15538,2021-07-02,NY,Paid Social
10865,2021-07-02,WA,Organic Search
17994,2021-07-02,GA,Paid Social
2710,2021-07-02,NY,Organic Search
6068,2021-07-02,TX,Paid Social
14543,2021-07-02,FL,Organic Search
8515,2021-07-03,IL,Paid Social
1061,2021-07-03,WA,Referral
22925,2021-07-03,IL,Paid Social
1551,2021-07-03,,Affiliate
3834,2021-07-03,GA,Paid Social
7389,2021-07-03,TX,Organic Search
25651,2021-07-03,CA,Paid Social
16240,2021-07-03,CA,Email
527,2021-07-03,IL,Paid Social
1954,2021-07-03,,Email
25624,2021-07-03,TX,Paid Social
29128,2021-07-03,FL,Organic Search
28236,2021-07-03,TX,Organic Search
27099,2021-07-03,GA,Email
25712,2021-07-03,WA,Organic Search
3441,2021-07-03,,Paid Social
8345,2021-07-03,,Affiliate
20580,2021-07-04,IL,Email
9097,2021-07-04,CA,Organic Search
11788,2021-07-04,CA,Paid Social
28448,2021-07-04,IL,Affiliate
8095,2021-07-04,IL,Paid Social
3215,2021-07-04,IL,Organic Search
29396,2021-07-04,TX,Paid Social
1673,2021-07-04,GA,Referral
12666,2021-07-04,TX,Paid Social
9813,2021-07-04,GA,Organic Search
16733,2021-07-04,GA,Organic Search
14692,2021-07-04,GA,Organic Search
18935,2021-07-04,WA,Organic Search
24070,2021-07-04,,Paid Social
24661,2021-07-04,FL,Paid Social
4267,2021-07-04,IL,Paid Social
1853,2021-07-04,GA,Referral
22561,2021-07-04,CA,Email
8539,2021-07-04,CA,Paid Social
19816,2021-07-04,IL,Paid Social
20481,2021-07-04,IL,Email
26133,2021-07-04,GA,Email
22958,2021-07-04,TX,Organic Search
26389,2021-07-05,WA,Affiliate
13299,2021-07-05,CA,Paid Social
23784,2021-07-05,FL,Email
27232,2021-07-05,TX,Paid Social
22296,2021-07-05,GA,Organic Search
1420,2021-07-05,CA,Affiliate
21612,2021-07-05,WA,Affiliate
29148,2021-07-05,TX,Affiliate
8931,2021-07-05,GA,Paid Social
4652,2021-07-05,CA,Email
18124,2021-07-05,NY,Paid Social
15204,2021-07-05,TX,Organic Search
19435,2021-07-05,WA,Paid Social
11366,2021-07-05,WA,Email
15796,2021-07-05,TX,Organic Search
29634,2021-07-05,CA,Paid Social
18611,2021-07-05,,Affiliate
28636,2021-07-05,,Email
15971,2021-07-05,NY,Referral
19001,2021-07-05,TX,Paid Social
27887,2021-07-05,FL,Organic Search
4789,2021-07-05,,Paid Social
29679,2021-07-05,CA,Email
25469,2021-07-06,GA,Email
29868,2021-07-06,TX,Paid Social
27160,2021-07-06,,Organic Search
18533,2021-07-06,IL,Paid Social
24916,2021-07-06,TX,Paid Social
7677,2021-07-06,,Email
29034,2021-07-06,FL,Paid Social
23890,2021-07-06,TX,Paid Social
15702,2021-07-06,NY,Organic Search
15900,2021-07-06,,Organic Search
11257,2021-07-06,WA,Organic Search
11161,2021-07-06,TX,Organic Search
15660,2021-07-06,CA,Paid Social
13519,2021-07-06,TX,Organic Search
5182,2021-07-06,FL,Email
29206,2021-07-06,IL,Paid Social
16219,2021-07-06,GA,Affiliate
12108,2021-07-06,,Organic Search
22326,2021-07-06,CA,Paid Social
15057,2021-07-06,WA,Organic Search
22068,2021-07-06,,Referral
1378,2021-07-06,TX,Paid Social
19251,2021-07-07,IL,Email
17737,2021-07-07,,Paid Social
118,2021-07-07,GA,Organic Search
23332,2021-07-07,WA,Paid Social
5959,2021-07-07,IL,Email
3752,2021-07-07,TX,Affiliate
10064,2021-07-07,CA,Organic Search
6242,2021-07-07,,Organic Search
19814,2021-07-07,,Organic Search
9125,2021-07-07,,Paid Social
5896,2021-07-07,FL,Organic Search
28812,2021-07-07,IL,Organic Search
17216,2021-07-07,,Paid Social
22442,2021-07-07,NY,Paid Social
483,2021-07-07,IL,Paid Social
10715,2021-07-07,FL,Affiliate
18584,2021-07-07,WA,Email
19426,2021-07-07,IL,Paid Social
25597,2021-07-07,IL,Organic Search
18849,2021-07-07,TX,Affiliate
23530,2021-07-07,FL,Paid Social
4439,2021-07-07,NY,Affiliate
10328,2021-07-07,CA,Organic Search
12489,2021-07-07,CA,Organic Search
1658,2021-07-07,GA,Paid Social
17967,2021-07-07,,Email
14341,2021-07-07,NY,Paid Social
3238,2021-07-07,TX,Affiliate
8778,2021-07-07,CA,Organic Search
19671,2021-07-07,WA,Referral
13359,2021-07-08,GA,Referral
10575,2021-07-08,CA,Affiliate
26553,2021-07-08,GA,Organic Search
15560,2021-07-08,TX,Affiliate
5706,2021-07-08,NY,Organic Search
7000,2021-07-08,CA,Paid Social
3478,2021-07-08,IL,Paid Social
28798,2021-07-08,WA,Affiliate
1487,2021-07-08,WA,Paid Social
11405,2021-07-08,NY,Email
1907,2021-07-08,NY,Affiliate
7575,2021-07-08,NY,Organic Search
27982,2021-07-08,CA,Paid Social
18343,2021-07-08,CA,Email
22318,2021-07-08,WA,Paid Social
18880,2021-07-08,NY,Organic Search
4784,2021-07-08,IL,Organic Search
831,2021-07-08,,Organic Search
23499,2021-07-08,CA,Email
7612,2021-07-08,,Organic Search
16812,2021-07-08,NY,Paid Social
29858,2021-07-09,WA,Organic Search
22689,2021-07-09,IL,Organic Search
4147,2021-07-09,GA,Organic Search
7594,2021-07-09,CA,Referral
22816,2021-07-09,IL,Paid Social
4306,2021-07-09,CA,Organic Search
3973,2021-07-09,CA,Organic Search
12602,2021-07-09,WA,Paid Social
3809,2021-07-09,NY,Organic Search
25773,2021-07-09,WA,Organic Search
29560,2021-07-09,IL,Organic Search
22465,2021-07-09,GA,Affiliate
9591,2021-07-09,,Paid Social
27032,2021-07-09,FL,Organic Search
18722,2021-07-09,GA,Email
23533,2021-07-09,NY,Organic Search
2455,2021-07-09,IL,Paid Social
6861,2021-07-09,IL,Organic Search
22601,2021-07-09,TX,Paid Social
26060,2021-07-09,,Paid Social
1846,2021-07-09,NY,Organic Search
9668,2021-07-09,TX,Organic Search
25850,2021-07-09,GA,Organic Search
15657,2021-07-09,WA,Paid Social
16755,2021-07-09,TX,Paid Social
13705,2021-07-10,WA,Paid Social
8502,2021-07-10,IL,Paid Social
13551,2021-07-10,,Paid Social
11172,2021-07-10,FL,Email
16392,2021-07-10,WA,Paid Social
14710,2021-07-10,GA,Organic Search
22229,2021-07-10,FL,Paid Social
2975,2021-07-10,,Paid Social
15809,2021-07-10,,Referral
8520,2021-07-10,TX,Email
28473,2021-07-10,WA,Paid Social
9183,2021-07-10,TX,Organic Search
11818,2021-07-10,WA,Organic Search
8577,2021-07-10,TX,Paid Social
18705,2021-07-10,NY,Organic Search
2947,2021-07-10,CA,Paid Social
29357,2021-07-10,WA,Organic Search
13927,2021-07-10,IL,Organic Search
29536,2021-07-10,GA,Email
13950,2021-07-10,NY,Referral
2355,2021-07-10,WA,Email
12150,2021-07-10,GA,Organic Search
2188,2021-07-10,WA,Email
19986,2021-07-10,,Referral
10714,2021-07-11,NY,Email
20795,2021-07-11,,Email
25532,2021-07-11,NY,Paid Social
3089,2021-07-11,WA,Paid Social
1363,2021-07-11,,Paid Social
4423,2021-07-11,,Paid Social
7542,2021-07-11,GA,Organic Search
18916,2021-07-11,IL,Paid Social
21620,2021-07-11,CA,Paid Social
26449,2021-07-11,CA,Organic Search
9520,2021-07-11,,Paid Social
13586,2021-07-11,,Organic Search
4482,2021-07-11,,Paid Social
7916,2021-07-11,TX,Organic Search
11279,2021-07-11,IL,Email
1581,2021-07-11,GA,Organic Search
3661,2021-07-11,IL,Paid Social
15229,2021-07-11,NY,Email
29266,2021-07-11,,Organic Search
26330,2021-07-11,NY,Organic Search
11360,2021-07-11,FL,Paid Social
18398,2021-07-11,FL,Paid Social
10155,2021-07-11,CA,Email
22410,2021-07-11,CA,Paid Social
4286,2021-07-11,NY,Paid Social
19680,2021-07-11,,Affiliate
1161,2021-07-11,WA,Email
29996,2021-07-12,GA,Affiliate
26866,2021-07-12,FL,Email
8407,2021-07-12,WA,Organic Search
28167,2021-07-12,NY,Paid Social
3407,2021-07-12,NY,Referral
2109,2021-07-12,CA,Organic Search
9593,2021-07-12,GA,Email
9801,2021-07-12,GA,Email
23421,2021-07-12,CA,Paid Social
6774,2021-07-12,CA,Organic Search
29403,2021-07-12,WA,Affiliate
18630,2021-07-12,GA,Email
11274,2021-07-12,TX,Organic Search
9105,2021-07-12,WA,Organic Search
14740,2021-07-12,TX,Paid Social
11355,2021-07-12,IL,Email
6687,2021-07-12,WA,Paid Social
17140,2021-07-12,,Email
20880,2021-07-12,IL,Organic Search
14583,2021-07-12,NY,Paid Social
3593,2021-07-12,CA,Paid Social
4665,2021-07-12,FL,Email
15494,2021-07-12,TX,Paid Social
23510,2021-07-12,FL,Paid Social
5996,2021-07-13,WA,Paid Social
6274,2021-07-13,WA,Paid Social
6308,2021-07-13,,Paid Social
22377,2021-07-13,TX,Organic Search
18175,2021-07-13,IL,Referral
21005,2021-07-13,CA,Organic Search
3944,2021-07-13,CA,Paid Social
11435,2021-07-13,,Email
23482,2021-07-13,FL,Paid Social
6995,2021-07-13,WA,Affiliate
5746,2021-07-13,IL,Paid Social
12590,2021-07-13,FL,Email
24944,2021-07-13,GA,Affiliate
1162,2021-07-13,TX,Organic Search
6016,2021-07-13,CA,Email
28476,2021-07-13,,Organic Search
7920,2021-07-13,FL,Paid Social
7827,2021-07-13,IL,Affiliate
22542,2021-07-13,CA,Organic Search
16182,2021-07-13,,Affiliate
22474,2021-07-14,TX,Paid Social
12523,2021-07-14,WA,Paid Social
24371,2021-07-14,TX,Email
25193,2021-07-14,FL,Organic Search
4997,2021-07-14,IL,Organic Search
24673,2021-07-14,TX,Paid Social
23770,2021-07-14,GA,Paid Social
9128,2021-07-14,NY,Paid Social
9126,2021-07-14,CA,Affiliate
25287,2021-07-14,FL,Email
11654,2021-07-14,NY,Organic Search
18107,2021-07-14,TX,Organic Search
19154,2021-07-14,IL,Organic Search
227,2021-07-14,NY,Affiliate
4869,2021-07-14,NY,Paid Social
3466,2021-07-14,CA,Email
18965,2021-07-14,WA,Paid Social
29370,2021-07-14,IL,Email
29426,2021-07-14,NY,Referral
11936,2021-07-14,IL,Organic Search
15844,2021-07-15,WA,Paid Social
16395,2021-07-15,FL,Paid Social
28661,2021-07-15,WA,Referral
10342,2021-07-15,WA,Paid Social
17651,2021-07-15,NY,Paid Social
5323,2021-07-15,WA,Paid Social
13160,2021-07-15,CA,Organic Search
20233,2021-07-15,IL,Email
20363,2021-07-15,NY,Paid Social
29112,2021-07-15,NY,Paid Social
15330,2021-07-15,CA,Paid Social
11254,2021-07-15,GA,Affiliate
29658,2021-07-15,WA,Email
26899,2021-07-15,WA,Paid Social
24805,2021-07-15,IL,Paid Social
491,2021-07-15,TX,Paid Social
13442,2021-07-15,WA,Email
15086,2021-07-15,NY,Organic Search
26244,2021-07-15,GA,Email
23077,2021-07-15,CA,Paid Social
10577,2021-07-15,FL,Affiliate
1805,2021-07-15,TX,Paid Social
13559,2021-07-15,TX,Organic Search
23721,2021-07-16,GA,Paid Social
4486,2021-07-16,NY,Email
14626,2021-07-16,CA,Paid Social
5331,2021-07-16,CA,Organic Search
18736,2021-07-16,TX,Referral
969,2021-07-16,GA,Paid Social
25858,2021-07-16,CA,Paid Social
4428,2021-07-16,TX,Organic Search
17628,2021-07-16,TX,Paid Social
6033,2021-07-16,CA,Email
24893,2021-07-16,CA,Organic Search
22098,2021-07-16,,Paid Social
28484,2021-07-16,IL,Organic Search
21235,2021-07-16,NY,Email
10680,2021-07-16,GA,Organic Search
10078,2021-07-16,TX,Paid Social
1898,2021-07-16,WA,Organic Search
24186,2021-07-16,CA,Affiliate
6980,2021-07-16,CA,Organic Search
8160,2021-07-16,IL,Email
1688,2021-07-16,IL,Paid Social
4671,2021-07-16,WA,Paid Social
10213,2021-07-16,WA,Organic Search
21607,2021-07-16,CA,Paid Social
28982,2021-07-16,IL,Organic Search
19022,2021-07-16,WA,Referral
27436,2021-07-16,,Paid Social
4015,2021-07-16,FL,Paid Social
2864,2021-07-16,IL,Paid Social
8239,2021-07-16,TX,Paid Social
25767,2021-07-16,IL,Organic Search
5454,2021-07-16,FL,Paid Social
29347,2021-07-16,WA,Organic Search
12361,2021-07-16,NY,Email
23842,2021-07-16,IL,Organic Search
28461,2021-07-17,CA,Paid Social
26533,2021-07-17,,Email
2837,2021-07-17,NY,Affiliate
25916,2021-07-17,FL,Referral
8056,2021-07-17,WA,Paid Social
3152,2021-07-17,WA,Organic Search
27551,2021-07-17,NY,Email
15685,2021-07-17,IL,Email
18865,2021-07-17,GA,Email
24088,2021-07-17,TX,Email
10340,2021-07-17,TX,Referral
895,2021-07-17,WA,Paid Social
8387,2021-07-17,FL,Affiliate
10251,2021-07-17,NY,Paid Social
5221,2021-07-17,WA,Organic Search
21500,2021-07-17,WA,Affiliate
17768,2021-07-17,TX,Email
4802,2021-07-17,FL,Organic Search
1194,2021-07-17,NY,Paid Social
21438,2021-07-18,GA,Email
10633,2021-07-18,TX,Organic Search
4220,2021-07-18,NY,Organic Search
22085,2021-07-18,,Organic Search
13663,2021-07-18,TX,Paid Social
18020,2021-07-18,CA,Organic Search
3377,2021-07-18,CA,Email
15224,2021-07-18,WA,Affiliate
13602,2021-07-18,NY,Organic Search
25556,2021-07-18,IL,Email
672,2021-07-18,,Referral
4230,2021-07-18,WA,Organic Search
16272,2021-07-18,WA,Email
8426,2021-07-18,WA,Paid Social
18831,2021-07-18,FL,Referral
24707,2021-07-18,CA,Email
11462,2021-07-18,GA,Organic Search
6379,2021-07-18,TX,Affiliate
3735,2021-07-18,,Organic Search
26252,2021-07-18,TX,Paid Social
8042,2021-07-19,TX,Organic Search
24930,2021-07-19,TX,Organic Search
8870,2021-07-19,CA,Paid Social
6675,2021-07-19,,Organic Search
29063,2021-07-19,GA,Paid Social
3349,2021-07-19,IL,Paid Social
13302,2021-07-19,FL,Organic Search
8068,2021-07-19,,Paid Social
10095,2021-07-19,IL,Email
12021,2021-07-19,IL,Paid Social
20025,2021-07-19,GA,Paid Social
25416,2021-07-19,WA,Organic Search
6078,2021-07-19,IL,Paid Social
13193,2021-07-19,TX,Organic Search
24426,2021-07-19,NY,Organic Search
9146,2021-07-19,IL,Paid Social
9516,2021-07-20,IL,Organic Search
24441,2021-07-20,FL,Organic Search
9181,2021-07-20,CA,Paid Social
13797,2021-07-20,GA,Affiliate
28126,2021-07-20,CA,Paid Social
19967,2021-07-20,,Email
29050,2021-07-20,IL,Organic Search
6002,2021-07-20,,Organic Search
7424,2021-07-20,GA,Paid Social
14539,2021-07-20,TX,Referral
15531,2021-07-20,CA,Organic Search
28633,2021-07-20,WA,Paid Social
861,2021-07-20,,Email
18945,2021-07-20,CA,Paid Social
16142,2021-07-20,,Organic Search
19575,2021-07-20,GA,Email
18154,2021-07-20,CA,Organic Search
20307,2021-07-20,WA,Paid Social
16204,2021-07-20,IL,Affiliate
24575,2021-07-20,IL,Paid Social
28847,2021-07-20,CA,Affiliate
11984,2021-07-20,TX,Organic Search
6516,2021-07-20,TX,Organic Search
25608,2021-07-20,CA,Paid Social
17793,2021-07-20,FL,Paid Social
11275,2021-07-20,TX,Organic Search
11353,2021-07-20,IL,Organic Search
18298,2021-07-21,GA,Affiliate
28442,2021-07-21,TX,Email
6006,2021-07-21,CA,Affiliate
5398,2021-07-21,GA,Paid Social
27420,2021-07-21,NY,Affiliate
12426,2021-07-21,IL,Email
29786,2021-07-21,,Paid Social
3786,2021-07-21,FL,Organic Search
9090,2021-07-21,WA,Paid Social
11171,2021-07-21,CA,Email
2878,2021-07-21,NY,Organic Search
19288,2021-07-21,IL,Organic Search
8615,2021-07-21,NY,Organic Search
8690,2021-07-21,CA,Organic Search
10109,2021-07-21,NY,Paid Social
10543,2021-07-21,IL,Email
18080,2021-07-21,,Paid Social
28341,2021-07-21,GA,Organic Search
5179,2021-07-21,FL,Paid Social
1713,2021-07-21,TX,Email
19951,2021-07-21,WA,Paid Social
11372,2021-07-21,FL,Organic Search
9902,2021-07-21,NY,Paid Social
29712,2021-07-21,NY,Organic Search
20799,2021-07-21,TX,Paid Social
15550,2021-07-21,GA,Email
17187,2021-07-21,CA,Paid Social
14047,2021-07-22,TX,Organic Search
13467,2021-07-22,CA,Paid Social
687,2021-07-22,TX,Paid Social
13361,2021-07-22,GA,Organic Search
24081,2021-07-22,,Email
13974,2021-07-22,NY,Referral
11324,2021-07-22,FL,Organic Search
3993,2021-07-22,GA,Email
16178,2021-07-22,FL,Paid Social
25074,2021-07-22,IL,Organic Search
13150,2021-07-22,FL,Email
15834,2021-07-22,FL,Organic Search
25156,2021-07-22,IL,Affiliate
7523,2021-07-22,FL,Paid Social
11168,2021-07-22,TX,Organic Search
384,2021-07-22,NY,Referral
14822,2021-07-22,TX,Organic Search
22802,2021-07-22,FL,Email
2015,2021-07-22,NY,Paid Social
1755,2021-07-22,FL,Affiliate
5120,2021-07-22,GA,Organic Search
18893,2021-07-22,IL,Paid Social
19243,2021-07-22,FL,Paid Social
26064,2021-07-22,,Affiliate
21370,2021-07-22,WA,Organic Search
4361,2021-07-22,FL,Organic Search
23130,2021-07-22,GA,Referral
2909,2021-07-22,,Paid Social
11574,2021-07-23,TX,Organic Search
18684,2021-07-23,IL,Organic Search
12734,2021-07-23,FL,Organic Search
20843,2021-07-23,GA,Organic Search
12286,2021-07-23,CA,Email
9785,2021-07-23,NY,Paid Social
1565,2021-07-23,CA,Email
7374,2021-07-23,,Paid Social
25185,2021-07-23,NY,Paid Social
5498,2021-07-23,WA,Referral
1636,2021-07-23,WA,Organic Search
25541,2021-07-23,WA,Paid Social
19129,2021-07-23,IL,Affiliate
866,2021-07-23,WA,Paid Social
29069,2021-07-23,,Paid Social
25043,2021-07-23,NY,Paid Social
12413,2021-07-23,WA,Organic Search
4120,2021-07-23,WA,Email
8887,2021-07-23,WA,Email
20755,2021-07-24,TX,Paid Social
20801,2021-07-24,WA,Paid Social
13915,2021-07-24,TX,Paid Social
574,2021-07-24,NY,Paid Social
21874,2021-07-24,TX,Organic Search
3105,2021-07-24,CA,Organic Search
29394,2021-07-24,,Email
26044,2021-07-24,GA,Paid Social
15349,2021-07-24,WA,Organic Search
29715,2021-07-24,FL,Affiliate
26062,2021-07-24,,Paid Social
5474,2021-07-24,TX,Email
29117,2021-07-24,TX,Email
25486,2021-07-24,NY,Affiliate
7266,2021-07-24,CA,Organic Search
18830,2021-07-24,,Paid Social
27783,2021-07-24,CA,Email
21041,2021-07-24,,Email
25489,2021-07-24,IL,Paid Social
26273,2021-07-25,WA,Paid Social
19420,2021-07-25,WA,Paid Social
2806,2021-07-25,NY,Affiliate
1017,2021-07-25,GA,Organic Search
23326,2021-07-25,GA,Organic Search
27116,2021-07-25,GA,Paid Social
27455,2021-07-25,GA,Organic Search
8304,2021-07-25,FL,Organic Search
6248,2021-07-25,,Email
19478,2021-07-25,GA,Organic Search
410,2021-07-25,,Organic Search
14425,2021-07-25,NY,Paid Social
7278,2021-07-25,CA,Organic Search
15236,2021-07-25,WA,Paid Social
3196,2021-07-25,NY,Paid Social
12686,2021-07-25,NY,Affiliate
12239,2021-07-25,IL,Paid Social
2245,2021-07-25,,Referral
804,2021-07-25,,Paid Social
6967,2021-07-25,IL,Email
4666,2021-07-25,NY,Email
8833,2021-07-25,NY,Email
25647,2021-07-26,NY,Affiliate
2118,2021-07-26,NY,Paid Social
13728,2021-07-26,IL,Email
11100,2021-07-26,NY,Affiliate
1618,2021-07-26,,Paid Social
15803,2021-07-26,TX,Paid Social
2782,2021-07-26,FL,Email
8264,2021-07-26,FL,Organic Search
28221,2021-07-26,GA,Paid Social
10044,2021-07-26,TX,Paid Social
2964,2021-07-26,IL,Affiliate
10807,2021-07-26,FL,Organic Search
12603,2021-07-26,,Paid Social
29260,2021-07-26,FL,Email
6309,2021-07-26,,Paid Social
9187,2021-07-26,CA,Email
29630,2021-07-26,WA,Referral
26189,2021-07-26,WA,Email
1032,2021-07-26,GA,Paid Social
26894,2021-07-26,FL,Paid Social
4625,2021-07-26,IL,Affiliate
660,2021-07-26,TX,Paid Social
13524,2021-07-27,,Referral
1018,2021-07-27,CA,Paid Social
29339,2021-07-27,NY,Referral
8745,2021-07-27,NY,Paid Social
20257,2021-07-27,,Organic Search
20248,2021-07-27,FL,Organic Search
14757,2021-07-27,FL,Paid Social
24979,2021-07-27,TX,Paid Social
18188,2021-07-27,FL,Email
1612,2021-07-27,FL,Paid Social
22118,2021-07-27,IL,Paid Social
15964,2021-07-27,,Organic Search
14863,2021-07-27,CA,Organic Search
24227,2021-07-27,FL,Paid Social
15775,2021-07-27,,Affiliate
11086,2021-07-27,TX,Paid Social
22368,2021-07-27,TX,Organic Search
4831,2021-07-27,FL,Email
25409,2021-07-27,CA,Paid Social
27894,2021-07-27,TX,Paid Social
9712,2021-07-27,CA,Referral
26620,2021-07-28,WA,Paid Social
7845,2021-07-28,GA,Email
19845,2021-07-28,WA,Email
10793,2021-07-28,WA,Email
20139,2021-07-28,CA,Email
17992,2021-07-28,NY,Referral
22437,2021-07-28,NY,Email
29130,2021-07-28,IL,Organic Search
11061,2021-07-28,CA,Email
27305,2021-07-28,NY,Affiliate
5302,2021-07-28,IL,Organic Search
16300,2021-07-28,TX,Paid Social
28426,2021-07-28,FL,Email
23894,2021-07-28,TX,Paid Social
24392,2021-07-28,IL,Email
25782,2021-07-28,CA,Organic Search
5730,2021-07-28,IL,Affiliate
3049,2021-07-28,CA,Paid Social
7383,2021-07-28,GA,Affiliate
22478,2021-07-28,CA,Paid Social
21601,2021-07-28,WA,Affiliate
12250,2021-07-28,NY,Affiliate
2334,2021-07-28,GA,Paid Social
4818,2021-07-28,IL,Email
21237,2021-07-29,WA,Paid Social
22206,2021-07-29,,Organic Search
28829,2021-07-29,NY,Organic Search
28878,2021-07-29,IL,Paid Social
9636,2021-07-29,WA,Organic Search
8362,2021-07-29,FL,Organic Search
9383,2021-07-29,TX,Paid Social
9388,2021-07-29,CA,Organic Search
16453,2021-07-29,NY,Organic Search
21556,2021-07-29,GA,Organic Search
9356,2021-07-29,WA,Email
2680,2021-07-29,,Paid Social
10180,2021-07-29,GA,Email
5988,2021-07-29,TX,Affiliate
28076,2021-07-29,FL,Paid Social
19584,2021-07-29,IL,Paid Social
182,2021-07-29,GA,Organic Search
18621,2021-07-29,FL,Paid Social
6841,2021-07-29,GA,Affiliate
9079,2021-07-29,IL,Email
8943,2021-07-29,,Referral
29338,2021-07-29,NY,Paid Social
20788,2021-07-29,GA,Email
1828,2021-07-29,WA,Affiliate
6987,2021-07-29,TX,Paid Social
7821,2021-07-29,FL,Paid Social
4284,2021-07-29,IL,Organic Search
18863,2021-07-29,GA,Organic Search
11583,2021-07-29,FL,Referral
10514,2021-07-29,NY,Paid Social
27675,2021-07-29,IL,Affiliate
21595,2021-07-29,FL,Paid Social
1266,2021-07-30,GA,Organic Search
28715,2021-07-30,,Paid Social
29228,2021-07-30,TX,Email
24168,2021-07-30,WA,Email
12435,2021-07-30,,Organic Search
7725,2021-07-30,CA,Affiliate
13717,2021-07-30,FL,Paid Social
13435,2021-07-30,CA,Paid Social
26582,2021-07-30,TX,Organic Search
2195,2021-07-30,,Organic Search
26990,2021-07-30,,Referral
27866,2021-07-30,IL,Organic Search
6330,2021-07-30,CA,Organic Search
1640,2021-07-30,CA,Affiliate
10598,2021-07-30,WA,Paid Social
8561,2021-07-30,,Organic Search
17627,2021-07-30,CA,Paid Social
19182,2021-07-30,,Organic Search
19510,2021-07-30,,Email
16473,2021-07-30,NY,Organic Search
1626,2021-07-30,WA,Paid Social
1765,2021-07-30,,Organic Search
19638,2021-07-30,IL,Organic Search
9295,2021-07-30,TX,Affiliate
8151,2021-07-30,,Paid Social
16819,2021-07-30,,Paid Social
22279,2021-07-31,TX,Paid Social
11706,2021-07-31,NY,Paid Social
26034,2021-07-31,,Organic Search
18709,2021-07-31,IL,Affiliate
1986,2021-07-31,WA,Organic Search
25384,2021-07-31,IL,Organic Search
17363,2021-07-31,NY,Affiliate
21638,2021-07-31,WA,Organic Search
5786,2021-07-31,CA,Affiliate
13788,2021-07-31,GA,Organic Search
20070,2021-07-31,WA,Paid Social
4876,2021-07-31,GA,Paid Social
9697,2021-07-31,TX,Organic Search
23951,2021-07-31,IL,Referral
20181,2021-07-31,GA,Affiliate
21079,2021-07-31,IL,Organic Search
10209,2021-07-31,CA,Organic Search
27472,2021-07-31,NY,Affiliate
8584,2021-07-31,TX,Organic Search
6023,2021-07-31,IL,Referral
17605,2021-07-31,NY,Organic Search
24910,2021-07-31,TX,Organic Search
3142,2021-07-31,GA,Affiliate
6219,2021-08-01,TX,Paid Social
29235,2021-08-01,CA,Paid Social
17716,2021-08-01,IL,Paid Social
28762,2021-08-01,TX,Organic Search
26551,2021-08-01,CA,Email
10307,2021-08-01,TX,Affiliate
23513,2021-08-01,GA,Paid Social
3022,2021-08-01,,Paid Social
8087,2021-08-01,CA,Affiliate
23257,2021-08-01,NY,Organic Search
19885,2021-08-01,,Paid Social
5737,2021-08-01,TX,Paid Social
4122,2021-08-01,FL,Paid Social
26480,2021-08-01,CA,Email
1086,2021-08-01,GA,Paid Social
2499,2021-08-01,CA,Affiliate
29061,2021-08-01,IL,Paid Social
11339,2021-08-01,,Referral
11533,2021-08-01,CA,Affiliate
16089,2021-08-01,NY,Paid Social
7587,2021-08-02,TX,Paid Social
16832,2021-08-02,GA,Organic Search
21586,2021-08-02,IL,Organic Search
27093,2021-08-02,NY,Referral
24362,2021-08-02,,Email
19184,2021-08-02,FL,Affiliate
16963,2021-08-02,,Email
14607,2021-08-02,,Email
2719,2021-08-02,CA,Email
27778,2021-08-02,,Email
2224,2021-08-02,WA,Organic Search
1505,2021-08-02,CA,Paid Social
18704,2021-08-02,FL,Email
9041,2021-08-02,CA,Organic Search
23737,2021-08-02,,Affiliate
2138,2021-08-02,TX,Email
19545,2021-08-02,IL,Affiliate
5970,2021-08-02,CA,Email
4526,2021-08-02,,Paid Social
6146,2021-08-02,IL,Organic Search
4150,2021-08-02,WA,Email
20538,2021-08-02,WA,Paid Social
10136,2021-08-02,NY,Organic Search
18781,2021-08-02,IL,Paid Social
10426,2021-08-02,TX,Email
8742,2021-08-02,,Paid Social
6366,2021-08-02,NY,Paid Social
3213,2021-08-02,IL,Organic Search
8476,2021-08-02,FL,Email
22102,2021-08-02,GA,Email
27979,2021-08-02,TX,Paid Social
4549,2021-08-03,CA,Paid Social
25061,2021-08-03,TX,Organic Search
23759,2021-08-03,,Paid Social
16631,2021-08-03,FL,Organic Search
22041,2021-08-03,IL,Email
3400,2021-08-03,CA,Paid Social
3722,2021-08-03,TX,Email
24880,2021-08-03,CA,Organic Search
8044,2021-08-03,FL,Email
28310,2021-08-03,WA,Email
1180,2021-08-03,NY,Paid Social
12902,2021-08-03,FL,Organic Search
28535,2021-08-03,FL,Organic Search
17338,2021-08-03,GA,Organic Search
15197,2021-08-03,WA,Email
12376,2021-08-03,FL,Email
18730,2021-08-03,WA,Paid Social
10163,2021-08-03,IL,Paid Social
3098,2021-08-03,NY,Organic Search
3307,2021-08-03,,Paid Social
11846,2021-08-03,IL,Organic Search
18474,2021-08-03,,Paid Social
6115,2021-08-03,TX,Organic Search
24291,2021-08-03,TX,Email
1512,2021-08-03,FL,Email
25993,2021-08-03,TX,Paid Social
1203,2021-08-03,WA,Organic Search
16267,2021-08-03,GA,Affiliate
18882,2021-08-03,IL,Paid Social
21525,2021-08-03,IL,Paid Social
26019,2021-08-03,FL,Paid Social
4255,2021-08-03,GA,Organic Search
24147,2021-08-04,CA,Email
11764,2021-08-04,FL,Organic Search
11346,2021-08-04,CA,Affiliate
23138,2021-08-04,WA,Email
22340,2021-08-04,FL,Referral
28959,2021-08-04,WA,Organic Search
10017,2021-08-04,TX,Organic Search
27824,2021-08-04,TX,Referral
19663,2021-08-04,NY,Organic Search
14967,2021-08-04,FL,Paid Social
27257,2021-08-04,WA,Organic Search
22686,2021-08-04,GA,Affiliate
10096,2021-08-04,CA,Paid Social
1601,2021-08-04,CA,Organic Search
21680,2021-08-04,,Organic Search
21462,2021-08-04,GA,Paid Social
5156,2021-08-04,IL,Paid Social
5642,2021-08-04,IL,Email
24428,2021-08-04,IL,Referral
24217,2021-08-04,IL,Paid Social
2993,2021-08-04,WA,Paid Social
2703,2021-08-04,TX,Organic Search
6110,2021-08-04,GA,Affiliate
12634,2021-08-04,IL,Paid Social
27643,2021-08-04,GA,Email
16639,2021-08-04,NY,Paid Social
29263,2021-08-04,,Organic Search
28940,2021-08-05,CA,Organic Search
9245,2021-08-05,WA,Paid Social
20609,2021-08-05,NY,Email
3935,2021-08-05,GA,Paid Social
19226,2021-08-05,WA,Organic Search
2526,2021-08-05,GA,Organic Search
11138,2021-08-05,NY,Referral
6792,2021-08-05,TX,Paid Social
13876,2021-08-05,FL,Organic Search
18659,2021-08-05,CA,Paid Social
1826,2021-08-05,NY,Paid Social
26608,2021-08-05,TX,Organic Search
11085,2021-08-05,CA,Email
7784,2021-08-05,GA,Organic Search
25485,2021-08-05,WA,Organic Search
17315,2021-08-05,WA,Paid Social
8446,2021-08-05,FL,Paid Social
5146,2021-08-05,NY,Referral
12328,2021-08-05,FL,Organic Search
4833,2021-08-05,IL,Paid Social
11104,2021-08-05,GA,Paid Social
25718,2021-08-05,FL,Paid Social
8673,2021-08-05,,Paid Social
6946,2021-08-05,,Email
5025,2021-08-05,NY,Affiliate
17367,2021-08-05,FL,Email
11283,2021-08-05,CA,Affiliate
7497,2021-08-06,NY,Organic Search
25610,2021-08-06,CA,Email
23237,2021-08-06,CA,Paid Social
12649,2021-08-06,TX,Paid Social
19802,2021-08-06,FL,Organic Search
14352,2021-08-06,WA,Paid Social
9072,2021-08-06,,Email
4576,2021-08-06,TX,Paid Social
742,2021-08-06,TX,Paid Social
9493,2021-08-06,FL,Paid Social
18495,2021-08-06,NY,Paid Social
2966,2021-08-06,CA,Email
8632,2021-08-06,WA,Organic Search
4633,2021-08-06,WA,Email
10308,2021-08-06,NY,Organic Search
24359,2021-08-06,FL,Paid Social
22286,2021-08-06,WA,Email
24453,2021-08-06,NY,Organic Search
8731,2021-08-06,CA,Organic Search
14781,2021-08-06,FL,Referral
29481,2021-08-06,NY,Organic Search
3382,2021-08-06,WA,Paid Social
24316,2021-08-06,IL,Paid Social
20402,2021-08-06,WA,Paid Social
11211,2021-08-06,GA,Organic Search
18029,2021-08-06,IL,Email
19080,2021-08-06,CA,Referral
23733,2021-08-06,IL,Paid Social
29421,2021-08-06,GA,Paid Social
2093,2021-08-07,CA,Organic Search
18253,2021-08-07,WA,Paid Social
6178,2021-08-07,IL,Organic Search
6518,2021-08-07,WA,Email
22901,2021-08-07,WA,Organic Search
28566,2021-08-07,IL,Affiliate
15356,2021-08-07,,Email
15390,2021-08-07,NY,Referral
13699,2021-08-07,TX,Organic Search
2437,2021-08-07,FL,Paid Social
6753,2021-08-07,CA,Paid Social
12414,2021-08-07,GA,Affiliate
16536,2021-08-07,GA,Paid Social
6468,2021-08-07,NY,Organic Search
29934,2021-08-07,GA,Paid Social
29719,2021-08-07,CA,Paid Social
3946,2021-08-07,CA,Organic Search
20366,2021-08-07,FL,Email
25743,2021-08-07,NY,Organic Search
16146,2021-08-07,WA,Organic Search
1912,2021-08-07,GA,Referral
23053,2021-08-07,GA,Paid Social
10384,2021-08-07,NY,Referral
16862,2021-08-07,CA,Paid Social
16865,2021-08-07,FL,Paid Social
28794,2021-08-07,TX,Paid Social
8652,2021-08-08,TX,Paid Social
6781,2021-08-08,FL,Paid Social
16550,2021-08-08,WA,Organic Search
10508,2021-08-08,,Paid Social
12114,2021-08-08,FL,Email
8948,2021-08-08,IL,Affiliate
10048,2021-08-08,TX,Organic Search
20467,2021-08-08,TX,Organic Search
1643,2021-08-08,WA,Paid Social
328,2021-08-08,,Paid Social
8836,2021-08-08,WA,Organic Search
9829,2021-08-08,FL,Email
16792,2021-08-08,FL,Organic Search
10886,2021-08-08,NY,Paid Social
282,2021-08-08,CA,Paid Social
18866,2021-08-08,FL,Organic Search
27879,2021-08-08,NY,Organic Search
6453,2021-08-08,WA,Paid Social
15749,2021-08-08,,Organic Search
23928,2021-08-08,FL,Organic Search
17444,2021-08-09,,Organic Search
16039,2021-08-09,FL,Paid Social
29433,2021-08-09,NY,Organic Search
27405,2021-08-09,TX,Paid Social
27133,2021-08-09,FL,Email
8506,2021-08-09,GA,Email
6362,2021-08-09,,Paid Social
26341,2021-08-09,WA,Paid Social
21064,2021-08-09,,Paid Social
20287,2021-08-09,GA,Referral
13084,2021-08-09,TX,Email
3240,2021-08-09,TX,Paid Social
29883,2021-08-09,NY,Paid Social
11897,2021-08-09,CA,Organic Search
9390,2021-08-09,,Paid Social
17693,2021-08-10,IL,Affiliate
7477,2021-08-10,,Paid Social
11423,2021-08-10,TX,Affiliate
9397,2021-08-10,WA,Organic Search
6328,2021-08-10,FL,Paid Social
9759,2021-08-10,WA,Organic Search
18674,2021-08-10,WA,Referral
21822,2021-08-10,NY,Email
27213,2021-08-10,TX,Paid Social
2290,2021-08-10,FL,Organic Search
11542,2021-08-10,IL,Organic Search
3903,2021-08-10,,Affiliate
19623,2021-08-10,GA,Organic Search
7385,2021-08-10,FL,Paid Social
3941,2021-08-10,IL,Email
11354,2021-08-10,CA,Paid Social
1341,2021-08-10,WA,Organic Search
12316,2021-08-10,,Organic Search
17725,2021-08-10,GA,Email
26537,2021-08-10,,Paid Social
3328,2021-08-11,NY,Paid Social
9943,2021-08-11,IL,Organic Search
27763,2021-08-11,,Paid Social
26993,2021-08-11,TX,Referral
24278,2021-08-11,FL,Organic Search
4257,2021-08-11,NY,Affiliate
28972,2021-08-11,IL,Email
2858,2021-08-11,WA,Organic Search
16845,2021-08-11,FL,Paid Social
20194,2021-08-11,IL,Paid Social
112,2021-08-11,IL,Organic Search
5725,2021-08-11,NY,Organic Search
28295,2021-08-11,FL,Paid Social
29306,2021-08-11,TX,Paid Social
26185,2021-08-11,WA,Email
11121,2021-08-11,IL,Email
18670,2021-08-11,FL,Affiliate
28937,2021-08-11,NY,Paid Social
20750,2021-08-11,FL,Paid Social
4355,2021-08-11,,Paid Social
27813,2021-08-12,GA,Referral
24759,2021-08-12,TX,Organic Search
11530,2021-08-12,IL,Paid Social
24742,2021-08-12,WA,Organic Search
1164,2021-08-12,CA,Email
27294,2021-08-12,TX,Email
5447,2021-08-12,FL,Paid Social
15521,2021-08-12,TX,Organic Search
21336,2021-08-12,CA,Paid Social
23860,2021-08-12,IL,Organic Search
21688,2021-08-12,CA,Affiliate
13194,2021-08-12,GA,Paid Social
25102,2021-08-12,TX,Affiliate
2365,2021-08-12,CA,Paid Social
18561,2021-08-12,TX,Email
18538,2021-08-12,IL,Referral
4947,2021-08-12,NY,Paid Social
22807,2021-08-12,,Paid Social
9456,2021-08-12,CA,Organic Search
12501,2021-08-12,WA,Email
20587,2021-08-12,IL,Paid Social
28649,2021-08-12,WA,Email
10382,2021-08-12,WA,Email
11666,2021-08-12,IL,Paid Social
2029,2021-08-12,NY,Organic Search
12797,2021-08-13,WA,Email
9756,2021-08-13,TX,Organic Search
27959,2021-08-13,NY,Paid Social
18612,2021-08-13,GA,Organic Search
12732,2021-08-13,FL,Paid Social
9062,2021-08-13,GA,Referral
366,2021-08-13,CA,Paid Social
11107,2021-08-13,GA,Email
20008,2021-08-13,NY,Organic Search
14722,2021-08-13,TX,Organic Search
4109,2021-08-13,CA,Referral
29171,2021-08-13,FL,Paid Social
6765,2021-08-13,IL,Email
28521,2021-08-13,WA,Paid Social
26871,2021-08-13,GA,Paid Social
12402,2021-08-13,TX,Paid Social
2656,2021-08-13,WA,Paid Social
11577,2021-08-13,TX,Paid Social
29871,2021-08-13,TX,Email
11921,2021-08-13,GA,Email
14957,2021-08-13,WA,Referral
25487,2021-08-13,FL,Paid Social
24072,2021-08-14,,Organic Search
22751,2021-08-14,TX,Email
2663,2021-08-14,CA,Organic Search
3367,2021-08-14,WA,Paid Social
27506,2021-08-14,TX,Paid Social
13330,2021-08-14,,Affiliate
1694,2021-08-14,WA,Organic Search
12379,2021-08-14,FL,Paid Social
21484,2021-08-14,NY,Email
17084,2021-08-14,WA,Affiliate
3184,2021-08-14,WA,Organic Search
24861,2021-08-14,TX,Organic Search
20430,2021-08-14,IL,Organic Search
16207,2021-08-14,FL,Affiliate
18245,2021-08-14,NY,Organic Search
24688,2021-08-14,,Referral
27733,2021-08-14,CA,Email
6080,2021-08-14,FL,Paid Social
17195,2021-08-14,CA,Organic Search
10331,2021-08-14,NY,Email
28761,2021-08-14,IL,Email
8697,2021-08-14,FL,Affiliate
13317,2021-08-14,NY,Organic Search
29402,2021-08-14,,Paid Social
18574,2021-08-14,,Email
22397,2021-08-15,,Referral
21031,2021-08-15,WA,Paid Social
22968,2021-08-15,WA,Paid Social
16366,2021-08-15,IL,Paid Social
28917,2021-08-15,WA,Organic Search
27641,2021-08-15,GA,Paid Social
12598,2021-08-15,GA,Paid Social
5321,2021-08-15,,Organic Search
2487,2021-08-15,CA,Paid Social
17732,2021-08-15,FL,Paid Social
9186,2021-08-15,FL,Email
19541,2021-08-15,GA,Affiliate
14392,2021-08-15,NY,Email
21050,2021-08-15,CA,Organic Search
25875,2021-08-15,NY,Email
28901,2021-08-15,TX,Organic Search
11297,2021-08-15,NY,Paid Social
21264,2021-08-15,NY,Referral
7409,2021-08-15,GA,Organic Search
25757,2021-08-15,IL,Referral
10601,2021-08-15,IL,Organic Search
8510,2021-08-16,FL,Organic Search
17903,2021-08-16,CA,Affiliate
27339,2021-08-16,GA,Paid Social
133,2021-08-16,NY,Organic Search
7035,2021-08-16,NY,Paid Social
10640,2021-08-16,NY,Organic Search
7573,2021-08-16,FL,Organic Search
24537,2021-08-16,NY,Paid Social
16686,2021-08-16,TX,Organic Search
2423,2021-08-16,NY,Email
17208,2021-08-16,IL,Paid Social
4079,2021-08-16,FL,Email
9313,2021-08-16,GA,Email
11042,2021-08-16,IL,Paid Social
26143,2021-08-16,GA,Email
11033,2021-08-16,,Paid Social
4434,2021-08-16,FL,Affiliate
20841,2021-08-16,CA,Organic Search
28786,2021-08-16,CA,Organic Search
25056,2021-08-16,,Organic Search
16982,2021-08-16,,Paid Social
25068,2021-08-16,,Affiliate
27228,2021-08-16,,Organic Search
5198,2021-08-16,WA,Organic Search
17295,2021-08-16,TX,Paid Social
16266,2021-08-16,GA,Email
13532,2021-08-16,IL,Paid Social
6833,2021-08-16,FL,Paid Social
11576,2021-08-16,GA,Organic Search
25119,2021-08-16,IL,Paid Social
15820,2021-08-17,,Organic Search
10026,2021-08-17,NY,Organic Search
22708,2021-08-17,FL,Paid Social
17209,2021-08-17,GA,Email
23980,2021-08-17,TX,Email
11744,2021-08-17,NY,Affiliate
12911,2021-08-17,TX,Paid Social
9699,2021-08-17,WA,Paid Social
10890,2021-08-17,FL,Organic Search
17033,2021-08-17,CA,Paid Social
1319,2021-08-17,GA,Organic Search
10950,2021-08-17,TX,Affiliate
27115,2021-08-17,FL,Affiliate
23182,2021-08-17,TX,Paid Social
25018,2021-08-17,TX,Paid Social
20098,2021-08-17,FL,Paid Social
24899,2021-08-17,NY,Organic Search
27265,2021-08-17,WA,Paid Social
852,2021-08-17,,Email
13351,2021-08-17,NY,Affiliate
6682,2021-08-17,GA,Organic Search
29768,2021-08-17,GA,Email
1020,2021-08-17,IL,Organic Search
4686,2021-08-17,GA,Paid Social
25716,2021-08-17,IL,Referral
16049,2021-08-17,TX,Paid Social
2625,2021-08-17,FL,Paid Social
29049,2021-08-17,NY,Paid Social
18712,2021-08-18,,Paid Social
1696,2021-08-18,,Organic Search
9457,2021-08-18,TX,Paid Social
24970,2021-08-18,IL,Paid Social
20718,2021-08-18,CA,Paid Social
21892,2021-08-18,GA,Organic Search
18497,2021-08-18,TX,Affiliate
8420,2021-08-18,NY,Organic Search
2164,2021-08-18,TX,Email
24049,2021-08-18,WA,Paid Social
27298,2021-08-18,,Paid Social
5135,2021-08-18,FL,Affiliate
16931,2021-08-18,NY,Paid Social
20130,2021-08-18,NY,Paid Social
12702,2021-08-18,CA,Organic Search
24485,2021-08-18,CA,Referral
16454,2021-08-18,NY,Email
9612,2021-08-18,WA,Organic Search
26281,2021-08-18,WA,Affiliate
8517,2021-08-18,WA,Affiliate
22608,2021-08-18,CA,Affiliate
24054,2021-08-18,TX,Organic Search
2318,2021-08-19,IL,Paid Social
1586,2021-08-19,IL,Organic Search
12276,2021-08-19,NY,Paid Social
26809,2021-08-19,IL,Organic Search
26163,2021-08-19,IL,Paid Social
23570,2021-08-19,,Organic Search
17159,2021-08-19,NY,Paid Social
13201,2021-08-19,CA,Organic Search
22338,2021-08-19,WA,Organic Search
792,2021-08-19,NY,Paid Social
5325,2021-08-19,WA,Organic Search
15867,2021-08-19,TX,Email
21351,2021-08-19,,Organic Search
24939,2021-08-19,IL,Organic Search
26443,2021-08-19,GA,Paid Social
23880,2021-08-19,TX,Paid Social
6053,2021-08-19,WA,Paid Social
22496,2021-08-19,GA,Email
27722,2021-08-19,CA,Paid Social
2798,2021-08-19,NY,Paid Social
1234,2021-08-19,GA,Organic Search
11103,2021-08-19,CA,Email
19206,2021-08-19,TX,Email
17601,2021-08-19,IL,Paid Social
5779,2021-08-19,,Email
428,2021-08-20,WA,Referral
26359,2021-08-20,FL,Paid Social
25751,2021-08-20,IL,Referral
5070,2021-08-20,GA,Organic Search
18411,2021-08-20,,Paid Social
14359,2021-08-20,CA,Referral
1748,2021-08-20,,Organic Search
14420,2021-08-20,GA,Organic Search
17080,2021-08-20,TX,Affiliate
13629,2021-08-20,GA,Referral
4198,2021-08-20,GA,Organic Search
4468,2021-08-20,CA,Organic Search
5272,2021-08-20,,Organic Search
29889,2021-08-20,FL,Email
27595,2021-08-20,WA,Email
1958,2021-08-20,NY,Paid Social
2420,2021-08-20,WA,Paid Social
6566,2021-08-20,GA,Paid Social
6106,2021-08-20,CA,Organic Search
15667,2021-08-20,FL,Paid Social
19860,2021-08-20,TX,Email
12584,2021-08-20,NY,Email
7958,2021-08-21,FL,Email
16645,2021-08-21,NY,Paid Social
25341,2021-08-21,TX,Paid Social
4216,2021-08-21,,Email
1793,2021-08-21,TX,Paid Social
27839,2021-08-21,TX,Paid Social
7469,2021-08-21,TX,Paid Social
28245,2021-08-21,NY,Affiliate
13324,2021-08-21,NY,Paid Social
17562,2021-08-21,GA,Paid Social
20964,2021-08-21,FL,Paid Social
20826,2021-08-21,NY,Paid Social
21672,2021-08-21,CA,Paid Social
21636,2021-08-21,TX,Organic Search
7051,2021-08-21,TX,Referral
3341,2021-08-21,NY,Referral
19767,2021-08-21,TX,Paid Social
7149,2021-08-21,NY,Paid Social
22605,2021-08-21,IL,Paid Social
4595,2021-08-21,TX,Paid Social
15780,2021-08-21,NY,Affiliate
17378,2021-08-21,TX,Paid Social
6026,2021-08-21,IL,Organic Search
9957,2021-08-21,CA,Email
6822,2021-08-21,NY,Paid Social
15468,2021-08-21,TX,Paid Social
18521,2021-08-21,WA,Organic Search
6802,2021-08-21,GA,Organic Search
28590,2021-08-21,FL,Paid Social
21788,2021-08-21,GA,Paid Social
7284,2021-08-21,FL,Paid Social
15982,2021-08-21,NY,Referral
19064,2021-08-22,,Paid Social
21412,2021-08-22,FL,Paid Social
10160,2021-08-22,NY,Email
27972,2021-08-22,WA,Email
19245,2021-08-22,WA,Affiliate
19108,2021-08-22,NY,Organic Search
15936,2021-08-22,WA,Organic Search
459,2021-08-22,FL,Organic Search
7421,2021-08-22,,Organic Search
6236,2021-08-22,CA,Email
21405,2021-08-22,FL,Organic Search
11282,2021-08-22,IL,Organic Search
1095,2021-08-22,NY,Organic Search
6466,2021-08-22,TX,Organic Search
24619,2021-08-22,IL,Paid Social
29900,2021-08-22,GA,Affiliate
18732,2021-08-22,GA,Referral
16139,2021-08-22,,Affiliate
7487,2021-08-22,IL,Paid Social
2405,2021-08-22,GA,Paid Social
4733,2021-08-22,TX,Email
3398,2021-08-22,NY,Email
28923,2021-08-22,CA,Paid Social
10525,2021-08-22,CA,Paid Social
8925,2021-08-22,GA,Organic Search
6780,2021-08-22,,Organic Search
29448,2021-08-23,GA,Affiliate
14454,2021-08-23,NY,Affiliate
23471,2021-08-23,WA,Paid Social
3224,2021-08-23,NY,Organic Search
9931,2021-08-23,IL,Email
17022,2021-08-23,NY,Organic Search
7846,2021-08-23,IL,Paid Social
20727,2021-08-23,FL,Email
18264,2021-08-23,TX,Affiliate
10756,2021-08-23,IL,Paid Social
5301,2021-08-23,GA,Email
13247,2021-08-23,GA,Paid Social
13967,2021-08-23,IL,Affiliate
23705,2021-08-23,NY,Affiliate
19481,2021-08-23,GA,Paid Social
29827,2021-08-24,NY,Paid Social
18439,2021-08-24,WA,Paid Social
25225,2021-08-24,NY,Paid Social
21735,2021-08-24,GA,Paid Social
28697,2021-08-24,WA,Paid Social
4134,2021-08-24,FL,Paid Social
29588,2021-08-24,,Paid Social
2492,2021-08-24,,Organic Search
6689,2021-08-24,IL,Paid Social
17624,2021-08-24,WA,Affiliate
2694,2021-08-24,IL,Paid Social
2519,2021-08-24,FL,Paid Social
19328,2021-08-24,IL,Paid Social
4388,2021-08-24,CA,Organic Search
21040,2021-08-24,IL,Organic Search
2478,2021-08-24,TX,Email
6852,2021-08-24,,Affiliate
18823,2021-08-24,TX,Paid Social
11665,2021-08-24,IL,Email
15186,2021-08-24,GA,Paid Social
11880,2021-08-24,TX,Referral
26722,2021-08-24,WA,Affiliate
16503,2021-08-24,GA,Paid Social
9592,2021-08-24,TX,Organic Search
923,2021-08-24,TX,Referral
29912,2021-08-24,,Organic Search
16616,2021-08-24,IL,Paid Social
27321,2021-08-24,IL,Paid Social
14316,2021-08-24,CA,Email
11475,2021-08-24,CA,Email
10068,2021-08-24,,Email
18502,2021-08-24,GA,Paid Social
27009,2021-08-24,IL,Affiliate
20135,2021-08-24,FL,Organic Search
8402,2021-08-25,FL,Affiliate
27953,2021-08-25,TX,Paid Social
2811,2021-08-25,WA,Organic Search
17392,2021-08-25,IL,Referral
5514,2021-08-25,FL,Email
22866,2021-08-25,GA,Paid Social
20044,2021-08-25,TX,Organic Search
4787,2021-08-25,GA,Referral
24751,2021-08-25,FL,Paid Social
9924,2021-08-25,WA,Paid Social
27469,2021-08-25,TX,Paid Social
5773,2021-08-25,CA,Organic Search
29217,2021-08-25,WA,Paid Social
24225,2021-08-25,NY,Paid Social
23974,2021-08-25,NY,Paid Social
27117,2021-08-25,WA,Referral
7856,2021-08-25,,Paid Social
1138,2021-08-25,NY,Paid Social
20666,2021-08-25,WA,Email
13848,2021-08-25,,Paid Social
23229,2021-08-25,TX,Organic Search
20852,2021-08-25,NY,Paid Social
22760,2021-08-25,,Paid Social
17687,2021-08-26,CA,Organic Search
13043,2021-08-26,CA,Affiliate
19564,2021-08-26,WA,Organic Search
3742,2021-08-26,NY,Email
26801,2021-08-26,WA,Email
26741,2021-08-26,CA,Paid Social
9938,2021-08-26,GA,Paid Social
14787,2021-08-26,,Email
28031,2021-08-26,TX,Affiliate
25921,2021-08-26,WA,Paid Social
972,2021-08-26,CA,Affiliate
27269,2021-08-26,FL,Paid Social
7257,2021-08-26,GA,Organic Search
11951,2021-08-26,WA,Affiliate
5365,2021-08-26,CA,Paid Social
4185,2021-08-26,TX,Organic Search
18937,2021-08-27,NY,Email
23679,2021-08-27,FL,Referral
19692,2021-08-27,FL,Organic Search
28026,2021-08-27,,Email
29330,2021-08-27,,Paid Social
19949,2021-08-27,WA,Paid Social
25371,2021-08-27,WA,Paid Social
20719,2021-08-27,NY,Email
20667,2021-08-27,IL,Referral
6492,2021-08-27,FL,Organic Search
14983,2021-08-27,NY,Affiliate
6020,2021-08-27,TX,Organic Search
7333,2021-08-27,CA,Affiliate
11229,2021-08-27,TX,Organic Search
14036,2021-08-27,,Email
814,2021-08-27,IL,Affiliate
6934,2021-08-27,FL,Organic Search
12183,2021-08-27,WA,Paid Social
27376,2021-08-27,CA,Organic Search
14284,2021-08-27,GA,Paid Social
18404,2021-08-27,GA,Paid Social
29601,2021-08-27,WA,Organic Search
14688,2021-08-27,IL,Email
13719,2021-08-27,FL,Paid Social
7465,2021-08-28,WA,Paid Social
4777,2021-08-28,GA,Organic Search
11072,2021-08-28,WA,Affiliate
4021,2021-08-28,CA,Paid Social
17829,2021-08-28,TX,Paid Social
24607,2021-08-28,,Paid Social
24077,2021-08-28,IL,Organic Search
4436,2021-08-28,IL,Organic Search
3376,2021-08-28,IL,Email
351,2021-08-28,FL,Paid Social
22130,2021-08-28,NY,Paid Social
17637,2021-08-28,FL,Organic Search
6170,2021-08-28,IL,Organic Search
25122,2021-08-28,NY,Email
23360,2021-08-28,,Affiliate
7768,2021-08-28,WA,Paid Social
217,2021-08-28,GA,Paid Social
109,2021-08-28,FL,Organic Search
18014,2021-08-28,TX,Email
29825,2021-08-28,GA,Organic Search
29129,2021-08-28,TX,Organic Search
27996,2021-08-28,CA,Organic Search
9127,2021-08-28,GA,Paid Social
29349,2021-08-29,WA,Paid Social
27949,2021-08-29,WA,Paid Social
4737,2021-08-29,TX,Paid Social
10055,2021-08-29,FL,Paid Social
8340,2021-08-29,IL,Email
15987,2021-08-29,WA,Affiliate
25607,2021-08-29,TX,Affiliate
19107,2021-08-29,FL,Paid Social
7734,2021-08-29,TX,Email
14463,2021-08-29,CA,Organic Search
3111,2021-08-29,NY,Paid Social
23497,2021-08-29,CA,Email
6378,2021-08-29,GA,Email
24006,2021-08-29,NY,Paid Social
21958,2021-08-29,,Paid Social
24223,2021-08-29,,Paid Social
3515,2021-08-29,CA,Referral
13656,2021-08-29,GA,Affiliate
14441,2021-08-29,NY,Paid Social
12644,2021-08-29,NY,Affiliate
985,2021-08-29,FL,Email
16834,2021-08-29,FL,Email
28216,2021-08-29,FL,Paid Social
20916,2021-08-29,IL,Paid Social
25819,2021-08-29,GA,Email
29875,2021-08-30,FL,Paid Social
14544,2021-08-30,FL,Organic Search
5117,2021-08-30,GA,Paid Social
3924,2021-08-30,CA,Organic Search
11685,2021-08-30,IL,Affiliate
28767,2021-08-30,WA,Organic Search
19286,2021-08-30,FL,Email
12112,2021-08-30,CA,Email
13687,2021-08-30,NY,Paid Social
21817,2021-08-30,IL,Organic Search
22715,2021-08-30,IL,Organic Search
12003,2021-08-30,FL,Organic Search
28067,2021-08-30,,Organic Search
9906,2021-08-30,IL,Paid Social
29589,2021-08-30,TX,Paid Social
5929,2021-08-30,IL,Paid Social
15159,2021-08-30,IL,Organic Search
4608,2021-08-30,WA,Organic Search
7437,2021-08-30,WA,Organic Search
7927,2021-08-30,IL,Referral
12412,2021-08-30,FL,Referral
12850,2021-08-30,CA,Paid Social
18375,2021-08-30,GA,Organic Search
22152,2021-08-30,TX,Email
13688,2021-08-30,,Affiliate
21632,2021-08-30,GA,Email
4358,2021-08-30,CA,Paid Social
25763,2021-08-30,FL,Paid Social
18144,2021-08-30,IL,Paid Social
20000,2021-08-30,FL,Organic Search
29816,2021-08-31,IL,Paid Social
13977,2021-08-31,IL,Paid Social
19734,2021-08-31,GA,Paid Social
29293,2021-08-31,GA,Email
22073,2021-08-31,FL,Organic Search
20882,2021-08-31,WA,Paid Social
5178,2021-08-31,IL,Organic Search
24466,2021-08-31,GA,Email
6000,2021-08-31,TX,Organic Search
15448,2021-08-31,WA,Paid Social
3056,2021-08-31,CA,Affiliate
4003,2021-08-31,,Email
24499,2021-08-31,TX,Paid Social
22950,2021-08-31,GA,Email
4771,2021-08-31,,Organic Search
8353,2021-08-31,WA,Referral
23393,2021-08-31,CA,Email
11982,2021-08-31,IL,Organic Search
29058,2021-08-31,GA,Organic Search
15164,2021-08-31,IL,Paid Social
18081,2021-08-31,NY,Paid Social
6794,2021-08-31,TX,Paid Social
27776,2021-08-31,NY,Paid Social
10137,2021-08-31,TX,Organic Search
24354,2021-08-31,,Organic Search
17276,2021-08-31,IL,Paid Social
27628,2021-08-31,GA,Email
9440,2021-09-01,IL,Email
7997,2021-09-01,TX,Organic Search
25820,2021-09-01,,Paid Social
11663,2021-09-01,FL,Paid Social
14973,2021-09-01,GA,Organic Search
15562,2021-09-01,TX,Organic Search
14071,2021-09-01,GA,Paid Social
24269,2021-09-01,FL,Organic Search
2012,2021-09-01,IL,Organic Search
22922,2021-09-01,NY,Referral
5137,2021-09-01,FL,Paid Social
23711,2021-09-01,NY,Paid Social
24407,2021-09-01,,Affiliate
10159,2021-09-01,GA,Affiliate
2103,2021-09-01,WA,Organic Search
6370,2021-09-01,NY,Email
16263,2021-09-01,IL,Affiliate
3117,2021-09-01,NY,Email
17399,2021-09-01,,Organic Search
8277,2021-09-02,WA,Paid Social
5852,2021-09-02,IL,Affiliate
13820,2021-09-02,GA,Organic Search
12664,2021-09-02,WA,Paid Social
2092,2021-09-02,NY,Affiliate
20326,2021-09-02,WA,Organic Search
18359,2021-09-02,NY,Organic Search
26024,2021-09-02,TX,Organic Search
12046,2021-09-02,CA,Organic Search
5300,2021-09-02,IL,Organic Search
9679,2021-09-02,TX,Paid Social
14314,2021-09-02,CA,Paid Social
5994,2021-09-02,CA,Paid Social
8194,2021-09-02,IL,Organic Search
20738,2021-09-02,NY,Organic Search
27637,2021-09-02,GA,Organic Search
13399,2021-09-02,NY,Organic Search
750,2021-09-02,WA,Paid Social
4398,2021-09-02,GA,Organic Search
16291,2021-09-02,TX,Paid Social
11648,2021-09-02,,Paid Social
10948,2021-09-02,TX,Affiliate
22732,2021-09-02,NY,Organic Search
24497,2021-09-02,TX,Organic Search
12724,2021-09-03,,Affiliate
27011,2021-09-03,WA,Organic Search
25582,2021-09-03,WA,Email
2248,2021-09-03,CA,Email
29471,2021-09-03,,Organic Search
25006,2021-09-03,,Organic Search
19442,2021-09-03,CA,Paid Social
8513,2021-09-03,NY,Email
7126,2021-09-03,TX,Paid Social
7668,2021-09-03,GA,Paid Social
6890,2021-09-03,WA,Paid Social
14602,2021-09-03,TX,Organic Search
25334,2021-09-03,FL,Affiliate
6351,2021-09-03,,Organic Search
28396,2021-09-03,GA,Organic Search
11865,2021-09-03,WA,Email
3273,2021-09-03,,Email
13604,2021-09-03,GA,Paid Social
15482,2021-09-03,GA,Organic Search
9134,2021-09-03,CA,Organic Search
27341,2021-09-03,CA,Paid Social
22214,2021-09-03,FL,Email
13076,2021-09-03,IL,Paid Social
23491,2021-09-03,CA,Email
19572,2021-09-03,TX,Affiliate
14944,2021-09-03,WA,Paid Social
7151,2021-09-04,IL,Email
21738,2021-09-04,NY,Paid Social
9941,2021-09-04,IL,Affiliate
20318,2021-09-04,CA,Paid Social
18792,2021-09-04,NY,Email
22054,2021-09-04,GA,Affiliate
28740,2021-09-04,IL,Paid Social
9687,2021-09-04,,Organic Search
18867,2021-09-04,WA,Organic Search
16601,2021-09-04,CA,Paid Social
22475,2021-09-04,CA,Email
19853,2021-09-04,GA,Organic Search
18015,2021-09-04,WA,Organic Search
19865,2021-09-04,GA,Email
20784,2021-09-04,CA,Email
28444,2021-09-04,,Paid Social
9205,2021-09-04,WA,Affiliate
26356,2021-09-04,IL,Organic Search
1354,2021-09-04,GA,Email
5683,2021-09-04,IL,Affiliate
18664,2021-09-04,FL,Paid Social
4387,2021-09-05,TX,Affiliate
27820,2021-09-05,WA,Paid Social
22583,2021-09-05,WA,Organic Search
16549,2021-09-05,CA,Paid Social
16683,2021-09-05,,Organic Search
25317,2021-09-05,FL,Organic Search
26184,2021-09-05,WA,Organic Search
16062,2021-09-05,GA,Organic Search
27291,2021-09-05,WA,Paid Social
23884,2021-09-05,TX,Referral
4092,2021-09-05,FL,Paid Social
26975,2021-09-05,CA,Paid Social
4543,2021-09-05,CA,Organic Search
1524,2021-09-05,FL,Organic Search
25144,2021-09-05,WA,Referral
10871,2021-09-05,NY,Organic Search
2893,2021-09-05,FL,Email
7582,2021-09-05,NY,Paid Social
27078,2021-09-05,IL,Organic Search
28961,2021-09-05,CA,Email
13945,2021-09-05,IL,Organic Search
5502,2021-09-05,IL,Organic Search
14379,2021-09-05,CA,Paid Social
14326,2021-09-06,CA,Referral
5971,2021-09-06,,Email
17771,2021-09-06,FL,Email
26599,2021-09-06,,Affiliate
26539,2021-09-06,CA,Organic Search
22558,2021-09-06,GA,Paid Social
29214,2021-09-06,FL,Affiliate
23238,2021-09-06,GA,Email
9089,2021-09-06,NY,Organic Search
25447,2021-09-06,,Email
12912,2021-09-06,IL,Affiliate
8508,2021-09-06,TX,Paid Social
5555,2021-09-06,GA,Email
25240,2021-09-06,GA,Paid Social
17234,2021-09-06,IL,Email
21604,2021-09-06,GA,Organic Search
27311,2021-09-06,NY,Paid Social
25759,2021-09-06,CA,Paid Social
26826,2021-09-06,TX,Organic Search
20780,2021-09-06,CA,Affiliate
13082,2021-09-06,,Organic Search
1155,2021-09-06,WA,Paid Social
27553,2021-09-06,GA,Email
27677,2021-09-06,WA,Organic Search
27449,2021-09-06,,Organic Search
18169,2021-09-07,CA,Organic Search
9586,2021-09-07,IL,Email
890,2021-09-07,IL,Organic Search
6342,2021-09-07,,Paid Social
10380,2021-09-07,CA,Email
21382,2021-09-07,FL,Email
10620,2021-09-07,GA,Organic Search
19423,2021-09-07,WA,Referral
18910,2021-09-07,NY,Organic Search
11756,2021-09-07,NY,Paid Social
11832,2021-09-07,WA,Email
21850,2021-09-07,NY,Paid Social
23913,2021-09-07,,Organic Search
3359,2021-09-07,NY,Email
24949,2021-09-07,,Organic Search
8834,2021-09-07,CA,Paid Social
15168,2021-09-07,FL,Organic Search
23464,2021-09-07,WA,Organic Search
11363,2021-09-07,GA,Email
7405,2021-09-07,,Paid Social
21355,2021-09-07,WA,Organic Search
11338,2021-09-07,,Organic Search
20172,2021-09-07,GA,Organic Search
29238,2021-09-07,CA,Paid Social
12467,2021-09-07,FL,Organic Search
17901,2021-09-08,,Organic Search
6316,2021-09-08,WA,Affiliate
20239,2021-09-08,GA,Email
17638,2021-09-08,GA,Organic Search
13301,2021-09-08,IL,Paid Social
25109,2021-09-08,IL,Affiliate
29136,2021-09-08,TX,Paid Social
4040,2021-09-08,TX,Paid Social
27389,2021-09-08,CA,Paid Social
24783,2021-09-08,,Paid Social
17567,2021-09-08,FL,Paid Social
12931,2021-09-08,GA,Paid Social
12981,2021-09-08,CA,Organic Search
27319,2021-09-08,TX,Paid Social
26885,2021-09-08,WA,Paid Social
5216,2021-09-08,CA,Paid Social
26902,2021-09-08,NY,Organic Search
1329,2021-09-08,,Paid Social
23892,2021-09-08,NY,Paid Social
23893,2021-09-08,WA,Paid Social
9550,2021-09-08,CA,Affiliate
15896,2021-09-09,WA,Paid Social
6136,2021-09-09,,Organic Search
15453,2021-09-09,WA,Affiliate
18742,2021-09-09,NY,Paid Social
6345,2021-09-09,NY,Paid Social
10703,2021-09-09,WA,Organic Search
27278,2021-09-09,NY,Paid Social
24416,2021-09-09,NY,Organic Search
21929,2021-09-09,CA,Paid Social
17134,2021-09-09,WA,Organic Search
2098,2021-09-09,,Paid Social
4365,2021-09-09,FL,Organic Search
16310,2021-09-09,FL,Paid Social
11565,2021-09-09,TX,Email
14689,2021-09-09,WA,Affiliate
21108,2021-09-09,,Paid Social
25103,2021-09-09,GA,Paid Social
9978,2021-09-09,IL,Email
12559,2021-09-09,NY,Referral
10969,2021-09-09,WA,Paid Social
18168,2021-09-09,TX,Paid Social
17148,2021-09-09,NY,Organic Search
26059,2021-09-09,IL,Affiliate
16783,2021-09-09,CA,Organic Search
7048,2021-09-09,IL,Organic Search
20783,2021-09-09,CA,Organic Search
3847,2021-09-09,IL,Affiliate
11200,2021-09-10,NY,Affiliate
14303,2021-09-10,GA,Organic Search
28072,2021-09-10,NY,Email
27528,2021-09-10,CA,Paid Social
18566,2021-09-10,,Referral
2849,2021-09-10,NY,Paid Social
19968,2021-09-10,IL,Organic Search
19219,2021-09-10,NY,Paid Social
17758,2021-09-10,WA,Paid Social
28131,2021-09-10,WA,Paid Social
17973,2021-09-10,TX,Organic Search
23879,2021-09-10,GA,Paid Social
5704,2021-09-10,TX,Organic Search
22354,2021-09-10,TX,Affiliate
23061,2021-09-10,TX,Paid Social
7093,2021-09-10,CA,Paid Social
13138,2021-09-10,FL,Organic Search
14774,2021-09-10,FL,Paid Social
6811,2021-09-10,IL,Email
22596,2021-09-10,GA,Organic Search
28113,2021-09-10,GA,Paid Social
28114,2021-09-10,NY,Affiliate
19292,2021-09-10,NY,Affiliate
15026,2021-09-10,NY,Referral
6559,2021-09-10,TX,Email
18590,2021-09-10,CA,Organic Search
16038,2021-09-10,FL,Email
8204,2021-09-10,,Paid Social
15008,2021-09-10,NY,Paid Social
18054,2021-09-10,GA,Email
3592,2021-09-11,IL,Organic Search
16109,2021-09-11,IL,Organic Search
22424,2021-09-11,TX,Organic Search
21723,2021-09-11,GA,Organic Search
5781,2021-09-11,NY,Paid Social
8876,2021-09-11,,Organic Search
27258,2021-09-11,,Organic Search
14372,2021-09-11,FL,Email
8383,2021-09-11,FL,Paid Social
1876,2021-09-11,FL,Paid Social
22300,2021-09-11,IL,Email
6484,2021-09-11,FL,Organic Search
15350,2021-09-11,WA,Paid Social
16383,2021-09-11,NY,Paid Social
13055,2021-09-11,CA,Organic Search
5054,2021-09-11,WA,Organic Search
4731,2021-09-11,,Organic Search
12206,2021-09-11,GA,Organic Search
16929,2021-09-11,WA,Organic Search
23964,2021-09-11,TX,Organic Search
6693,2021-09-11,NY,Paid Social
15707,2021-09-11,IL,Paid Social
16644,2021-09-12,NY,Paid Social
24165,2021-09-12,NY,Paid Social
7491,2021-09-12,IL,Organic Search
8540,2021-09-12,WA,Referral
13003,2021-09-12,TX,Affiliate
14438,2021-09-12,WA,Paid Social
19654,2021-09-12,NY,Organic Search
4117,2021-09-12,FL,Affiliate
4224,2021-09-12,NY,Email
9855,2021-09-12,CA,Referral
7380,2021-09-12,,Organic Search
4709,2021-09-12,,Email
26149,2021-09-12,FL,Paid Social
6431,2021-09-12,IL,Email
504,2021-09-12,GA,Email
231,2021-09-12,TX,Email
13696,2021-09-13,WA,Organic Search
26256,2021-09-13,CA,Paid Social
7010,2021-09-13,,Organic Search
5921,2021-09-13,NY,Organic Search
3296,2021-09-13,TX,Organic Search
19628,2021-09-13,NY,Paid Social
25077,2021-09-13,GA,Affiliate
1595,2021-09-13,FL,Email
17846,2021-09-13,NY,Organic Search
1686,2021-09-13,NY,Referral
189,2021-09-13,,Paid Social
7034,2021-09-13,NY,Paid Social
294,2021-09-13,CA,Paid Social
29977,2021-09-13,TX,Organic Search
8832,2021-09-13,GA,Paid Social
24295,2021-09-13,,Paid Social
9318,2021-09-13,CA,Paid Social
10364,2021-09-13,IL,Referral
26884,2021-09-13,NY,Organic Search
5027,2021-09-13,GA,Organic Search
6027,2021-09-13,TX,Referral
28994,2021-09-13,,Organic Search
5400,2021-09-13,IL,Referral
6249,2021-09-14,WA,Email
19271,2021-09-14,NY,Paid Social
3136,2021-09-14,GA,Paid Social
9736,2021-09-14,GA,Paid Social
4300,2021-09-14,NY,Paid Social
3575,2021-09-14,IL,Referral
13585,2021-09-14,NY,Organic Search
11995,2021-09-14,IL,Affiliate
11794,2021-09-14,,Organic Search
11493,2021-09-14,,Paid Social
13353,2021-09-14,FL,Referral
11599,2021-09-14,FL,Organic Search
3494,2021-09-14,GA,Referral
27024,2021-09-14,GA,Paid Social
8618,2021-09-14,TX,Organic Search
8844,2021-09-15,GA,Referral
6464,2021-09-15,WA,Organic Search
17060,2021-09-15,NY,Organic Search
16891,2021-09-15,WA,Paid Social
22519,2021-09-15,FL,Organic Search
9747,2021-09-15,WA,Email
21843,2021-09-15,NY,Paid Social
25748,2021-09-15,WA,Email
2825,2021-09-15,FL,Paid Social
20487,2021-09-15,CA,Paid Social
23961,2021-09-15,GA,Paid Social
5538,2021-09-15,WA,Referral
12934,2021-09-15,CA,Paid Social
1823,2021-09-15,WA,Paid Social
27126,2021-09-15,NY,Paid Social
29150,2021-09-15,CA,Paid Social
6885,2021-09-15,CA,Affiliate
1519,2021-09-15,IL,Organic Search
12554,2021-09-15,IL,Paid Social
19787,2021-09-15,IL,Paid Social
29081,2021-09-16,WA,Paid Social
29463,2021-09-16,NY,Paid Social
10187,2021-09-16,FL,Email
27327,2021-09-16,GA,Paid Social
6868,2021-09-16,TX,Organic Search
2615,2021-09-16,IL,Paid Social
21899,2021-09-16,,Organic Search
17169,2021-09-16,NY,Email
7975,2021-09-16,IL,Paid Social
23742,2021-09-16,TX,Organic Search
18543,2021-09-16,WA,Paid Social
524,2021-09-16,TX,Email
17330,2021-09-16,,Organic Search
1756,2021-09-16,CA,Email
9609,2021-09-16,WA,Organic Search
19417,2021-09-16,CA,Organic Search
19293,2021-09-16,TX,Email
25276,2021-09-16,WA,Affiliate
11304,2021-09-16,TX,Organic Search
9968,2021-09-16,TX,Organic Search
26882,2021-09-16,NY,Organic Search
20266,2021-09-16,GA,Organic Search
26334,2021-09-16,NY,Organic Search
27176,2021-09-16,NY,Paid Social
1983,2021-09-16,FL,Paid Social
15603,2021-09-17,NY,Paid Social
12272,2021-09-17,CA,Organic Search
18064,2021-09-17,NY,Affiliate
21778,2021-09-17,FL,Paid Social
5505,2021-09-17,TX,Paid Social
28749,2021-09-17,GA,Organic Search
4093,2021-09-17,NY,Paid Social
4370,2021-09-17,IL,Organic Search
22757,2021-09-17,NY,Email
12039,2021-09-17,GA,Paid Social
12097,2021-09-17,CA,Organic Search
3756,2021-09-17,IL,Organic Search
24280,2021-09-17,CA,Paid Social
29419,2021-09-17,CA,Organic Search
25330,2021-09-17,WA,Paid Social
26950,2021-09-17,IL,Organic Search
28259,2021-09-18,GA,Paid Social
2808,2021-09-18,NY,Organic Search
26217,2021-09-18,NY,Paid Social
11916,2021-09-18,FL,Affiliate
4775,2021-09-18,TX,Paid Social
25595,2021-09-18,NY,Referral
23731,2021-09-18,TX,Referral
15079,2021-09-18,CA,Organic Search
9807,2021-09-18,FL,Email
14631,2021-09-18,CA,Referral
3480,2021-09-18,,Paid Social
3816,2021-09-18,,Paid Social
15962,2021-09-18,FL,Email
8700,2021-09-18,CA,Paid Social
2247,2021-09-18,IL,Organic Search
1000,2021-09-18,IL,Paid Social
2500,2021-09-18,NY,Paid Social
4298,2021-09-18,FL,Organic Search
23818,2021-09-18,TX,Paid Social
3520,2021-09-18,TX,Organic Search
29109,2021-09-19,CA,Paid Social
8549,2021-09-19,NY,Paid Social
18449,2021-09-19,NY,Organic Search
16971,2021-09-19,FL,Organic Search
3953,2021-09-19,FL,Affiliate
22119,2021-09-19,IL,Affiliate
19527,2021-09-19,TX,Paid Social
10057,2021-09-19,IL,Paid Social
3146,2021-09-19,WA,Paid Social
6396,2021-09-19,FL,Organic Search
18261,2021-09-19,IL,Paid Social
6320,2021-09-19,WA,Organic Search
22604,2021-09-19,NY,Email
2193,2021-09-19,GA,Paid Social
6683,2021-09-19,IL,Referral
10898,2021-09-19,TX,Organic Search
22042,2021-09-19,TX,Paid Social
1415,2021-09-19,TX,Paid Social
6599,2021-09-19,IL,Affiliate
29794,2021-09-20,IL,Paid Social
27104,2021-09-20,,Referral
2009,2021-09-20,,Organic Search
10556,2021-09-20,IL,Paid Social
6961,2021-09-20,TX,Paid Social
9570,2021-09-20,NY,Email
7282,2021-09-20,IL,Organic Search
9824,2021-09-20,NY,Organic Search
26406,2021-09-20,,Referral
27333,2021-09-20,GA,Affiliate
21888,2021-09-20,GA,Email
10933,2021-09-20,GA,Organic Search
4156,2021-09-20,,Organic Search
13137,2021-09-20,CA,Affiliate
14593,2021-09-20,NY,Email
24332,2021-09-20,CA,Organic Search
22189,2021-09-20,NY,Affiliate
2724,2021-09-20,CA,Paid Social
13941,2021-09-21,WA,Organic Search
6835,2021-09-21,,Affiliate
10276,2021-09-21,CA,Paid Social
1149,2021-09-21,WA,Referral
5755,2021-09-21,IL,Affiliate
9412,2021-09-21,NY,Paid Social
22775,2021-09-21,FL,Referral
4907,2021-09-21,CA,Affiliate
14517,2021-09-21,CA,Paid Social
22587,2021-09-21,GA,Paid Social
431,2021-09-21,IL,Organic Search
5318,2021-09-21,WA,Affiliate
19256,2021-09-21,CA,Paid Social
3509,2021-09-21,GA,Email
17161,2021-09-21,WA,Paid Social
5591,2021-09-21,TX,Paid Social
6081,2021-09-21,GA,Paid Social
12568,2021-09-21,TX,Organic Search
21727,2021-09-21,,Paid Social
3602,2021-09-21,FL,Paid Social
14159,2021-09-22,FL,Referral
20907,2021-09-22,,Email
27250,2021-09-22,FL,Email
4824,2021-09-22,GA,Paid Social
8626,2021-09-22,,Paid Social
28695,2021-09-22,TX,Paid Social
10176,2021-09-22,FL,Organic Search
9173,2021-09-22,FL,Organic Search
2608,2021-09-22,IL,Organic Search
11457,2021-09-22,FL,Paid Social
27189,2021-09-22,IL,Paid Social
9921,2021-09-22,,Organic Search
13940,2021-09-22,NY,Referral
29030,2021-09-22,TX,Paid Social
27034,2021-09-22,WA,Paid Social
17550,2021-09-22,NY,Paid Social
29731,2021-09-22,FL,Affiliate
25925,2021-09-22,TX,Paid Social
21720,2021-09-22,CA,Paid Social
11721,2021-09-22,FL,Organic Search
7966,2021-09-22,GA,Organic Search
9098,2021-09-22,IL,Organic Search
18546,2021-09-22,WA,Paid Social
15972,2021-09-22,NY,Organic Search
7830,2021-09-22,TX,Organic Search
6521,2021-09-22,IL,Organic Search
16390,2021-09-22,GA,Organic Search
11613,2021-09-23,,Organic Search
27602,2021-09-23,IL,Organic Search
7472,2021-09-23,,Organic Search
21123,2021-09-23,IL,Paid Social
27159,2021-09-23,FL,Affiliate
16308,2021-09-23,,Organic Search
22323,2021-09-23,WA,Organic Search
25584,2021-09-23,,Paid Social
13777,2021-09-23,IL,Paid Social
28896,2021-09-23,NY,Paid Social
10635,2021-09-23,GA,Paid Social
7155,2021-09-23,TX,Organic Search
13031,2021-09-23,TX,Paid Social
27743,2021-09-23,TX,Referral
12837,2021-09-23,WA,Affiliate
8841,2021-09-23,NY,Paid Social
11434,2021-09-23,IL,Paid Social
19060,2021-09-23,IL,Affiliate
13734,2021-09-23,WA,Email
8051,2021-09-23,WA,Organic Search
22416,2021-09-23,GA,Organic Search
21644,2021-09-23,,Paid Social
8978,2021-09-23,GA,Email
2679,2021-09-23,NY,Organic Search
5540,2021-09-23,WA,Paid Social
4343,2021-09-23,CA,Email
17073,2021-09-23,TX,Paid Social
3218,2021-09-23,CA,Organic Search
15304,2021-09-24,NY,Paid Social
5431,2021-09-24,TX,Paid Social
10102,2021-09-24,NY,Paid Social
27390,2021-09-24,FL,Organic Search
12069,2021-09-24,WA,Referral
8392,2021-09-24,TX,Organic Search
8192,2021-09-24,FL,Paid Social
7264,2021-09-24,NY,Organic Search
17298,2021-09-24,TX,Email
29115,2021-09-24,WA,Organic Search
22725,2021-09-24,IL,Email
6848,2021-09-24,IL,Paid Social
12942,2021-09-24,FL,Paid Social
29575,2021-09-24,FL,Paid Social
17837,2021-09-24,IL,Organic Search
17481,2021-09-24,WA,Paid Social
7229,2021-09-24,TX,Affiliate
16394,2021-09-24,TX,Organic Search
10597,2021-09-24,TX,Paid Social
28554,2021-09-25,FL,Organic Search
18260,2021-09-25,CA,Paid Social
8089,2021-09-25,TX,Organic Search
21728,2021-09-25,IL,Affiliate
12563,2021-09-25,GA,Paid Social
1868,2021-09-25,CA,Organic Search
7535,2021-09-25,,Email
17980,2021-09-25,NY,Email
11433,2021-09-25,GA,Affiliate
3247,2021-09-25,CA,Paid Social
4108,2021-09-25,GA,Organic Search
10559,2021-09-25,,Paid Social
24615,2021-09-25,CA,Paid Social
15391,2021-09-25,FL,Organic Search
25580,2021-09-25,IL,Affiliate
3845,2021-09-25,,Organic Search
1452,2021-09-25,FL,Paid Social
26239,2021-09-25,NY,Organic Search
1531,2021-09-25,FL,Paid Social
12506,2021-09-25,FL,Affiliate
3810,2021-09-25,WA,Organic Search
2815,2021-09-25,CA,Paid Social
20689,2021-09-25,IL,Email
12533,2021-09-25,IL,Organic Search
1676,2021-09-25,FL,Paid Social
14530,2021-09-25,GA,Paid Social
7312,2021-09-26,GA,Paid Social
4351,2021-09-26,CA,Email
6620,2021-09-26,,Email
16794,2021-09-26,WA,Email
25824,2021-09-26,NY,Organic Search
6838,2021-09-26,NY,Paid Social
3929,2021-09-26,FL,Paid Social
10918,2021-09-26,,Paid Social
7232,2021-09-26,FL,Paid Social
11446,2021-09-26,TX,Email
24967,2021-09-26,WA,Organic Search
16023,2021-09-26,CA,Organic Search
18917,2021-09-26,CA,Paid Social
10484,2021-09-26,GA,Organic Search
4226,2021-09-26,FL,Email
27923,2021-09-26,CA,Referral
16737,2021-09-26,IL,Paid Social
3476,2021-09-26,WA,Email
27918,2021-09-26,NY,Paid Social
16949,2021-09-26,FL,Organic Search
23427,2021-09-26,FL,Organic Search
16002,2021-09-26,TX,Organic Search
20207,2021-09-26,FL,Email
16883,2021-09-26,TX,Email
21285,2021-09-26,,Organic Search
5267,2021-09-26,NY,Organic Search
11329,2021-09-26,FL,Email
9864,2021-09-26,CA,Email
19109,2021-09-26,WA,Affiliate
5317,2021-09-26,TX,Organic Search
27847,2021-09-27,TX,Organic Search
28296,2021-09-27,WA,Organic Search
20922,2021-09-27,CA,Paid Social
18111,2021-09-27,FL,Paid Social
6467,2021-09-27,IL,Paid Social
19247,2021-09-27,WA,Referral
7950,2021-09-27,,Organic Search
27343,2021-09-27,FL,Paid Social
27282,2021-09-27,IL,Paid Social
16333,2021-09-27,TX,Email
10242,2021-09-27,GA,Organic Search
25842,2021-09-27,GA,Paid Social
28688,2021-09-27,FL,Email
28052,2021-09-27,IL,Paid Social
16628,2021-09-27,NY,Email
11465,2021-09-27,FL,Paid Social
6313,2021-09-27,FL,Paid Social
9871,2021-09-27,GA,Organic Search
18019,2021-09-27,WA,Paid Social
26335,2021-09-27,NY,Paid Social
28184,2021-09-27,GA,Organic Search
20721,2021-09-27,NY,Email
24610,2021-09-27,NY,Affiliate
14177,2021-09-27,GA,Paid Social
10438,2021-09-27,GA,Paid Social
15881,2021-09-27,CA,Organic Search
22895,2021-09-28,NY,Email
1773,2021-09-28,IL,Referral
10481,2021-09-28,GA,Organic Search
5750,2021-09-28,TX,Paid Social
3606,2021-09-28,FL,Organic Search
4793,2021-09-28,TX,Organic Search
1379,2021-09-28,FL,Paid Social
265,2021-09-28,GA,Referral
24016,2021-09-28,NY,Organic Search
20368,2021-09-28,,Paid Social
2833,2021-09-28,WA,Organic Search
6252,2021-09-28,,Organic Search
7614,2021-09-28,NY,Paid Social
16760,2021-09-28,NY,Paid Social
20217,2021-09-28,NY,Email
12948,2021-09-28,GA,Organic Search
20244,2021-09-28,WA,Email
6836,2021-09-28,CA,Organic Search
2648,2021-09-28,TX,Paid Social
26994,2021-09-28,,Email
7336,2021-09-29,TX,Organic Search
13536,2021-09-29,GA,Organic Search
12856,2021-09-29,TX,Organic Search
8723,2021-09-29,TX,Organic Search
4310,2021-09-29,GA,Email
13515,2021-09-29,,Organic Search
11102,2021-09-29,TX,Referral
19204,2021-09-29,WA,Organic Search
20726,2021-09-29,FL,Referral
7543,2021-09-29,FL,Paid Social
21090,2021-09-29,NY,Paid Social
25321,2021-09-29,IL,Organic Search
23917,2021-09-29,,Paid Social
26824,2021-09-29,IL,Organic Search
4575,2021-09-29,NY,Email
7194,2021-09-29,,Organic Search
9030,2021-09-29,GA,Paid Social
4268,2021-09-29,CA,Organic Search
18299,2021-09-29,IL,Organic Search
4155,2021-09-29,FL,Organic Search
13778,2021-09-29,WA,Paid Social
22679,2021-09-29,IL,Paid Social
13598,2021-09-29,CA,Organic Search
27289,2021-09-29,GA,Referral
17301,2021-09-29,FL,Paid Social
14077,2021-09-29,WA,Paid Social
18478,2021-09-30,IL,Organic Search
18044,2021-09-30,,Organic Search
28846,2021-09-30,,Paid Social
24566,2021-09-30,TX,Organic Search
23752,2021-09-30,FL,Organic Search
15257,2021-09-30,CA,Email
27120,2021-09-30,FL,Email
23194,2021-09-30,NY,Organic Search
12408,2021-09-30,IL,Organic Search
1881,2021-09-30,,Paid Social
13864,2021-09-30,CA,Referral
23971,2021-09-30,,Affiliate
23059,2021-09-30,NY,Organic Search
24931,2021-09-30,FL,Paid Social
26998,2021-09-30,TX,Referral
381,2021-09-30,FL,Organic Search
16124,2021-09-30,GA,Paid Social
27764,2021-09-30,WA,Organic Search
25051,2021-09-30,FL,Paid Social
5876,2021-09-30,,Organic Search
20674,2021-09-30,IL,Organic Search
16521,2021-09-30,TX,Organic Search
10849,2021-09-30,WA,Affiliate
15293,2021-09-30,CA,Paid Social
9823,2021-09-30,IL,Paid Social
1555,2021-09-30,,Organic Search
28320,2021-09-30,IL,Paid Social
22781,2021-09-30,TX,Paid Social
22880,2021-10-01,TX,Affiliate
3687,2021-10-01,TX,Affiliate
21700,2021-10-01,NY,Referral
23225,2021-10-01,CA,Organic Search
10557,2021-10-01,NY,Organic Search
2875,2021-10-01,GA,Email
10719,2021-10-01,FL,Organic Search
19722,2021-10-01,,Organic Search
16185,2021-10-01,CA,Organic Search
25325,2021-10-01,CA,Paid Social
27113,2021-10-01,TX,Affiliate
13267,2021-10-01,WA,Organic Search
14780,2021-10-01,CA,Referral
2792,2021-10-01,WA,Affiliate
11182,2021-10-01,FL,Affiliate
19095,2021-10-01,IL,Paid Social
10664,2021-10-01,TX,Paid Social
11344,2021-10-01,IL,Referral
12486,2021-10-01,,Organic Search
18241,2021-10-01,WA,Paid Social
28759,2021-10-01,CA,Paid Social
17776,2021-10-01,WA,Email
21379,2021-10-01,CA,Paid Social
12618,2021-10-01,WA,Organic Search
14473,2021-10-02,FL,Organic Search
10530,2021-10-02,GA,Organic Search
26174,2021-10-02,CA,Paid Social
23801,2021-10-02,FL,Paid Social
29854,2021-10-02,IL,Organic Search
8216,2021-10-02,CA,Paid Social
28309,2021-10-02,WA,Paid Social
21496,2021-10-02,GA,Paid Social
9634,2021-10-02,IL,Paid Social
8193,2021-10-02,WA,Paid Social
11253,2021-10-02,FL,Referral
20840,2021-10-02,WA,Paid Social
26619,2021-10-02,IL,Email
28333,2021-10-02,TX,Paid Social
6473,2021-10-02,FL,Paid Social
26725,2021-10-02,CA,Email
5274,2021-10-02,WA,Email
13722,2021-10-02,,Email
6481,2021-10-02,GA,Paid Social
7211,2021-10-02,FL,Paid Social
11119,2021-10-02,TX,Email
6608,2021-10-02,NY,Paid Social
27358,2021-10-02,IL,Organic Search
21112,2021-10-02,,Organic Search
22422,2021-10-03,,Affiliate
10490,2021-10-03,WA,Paid Social
8024,2021-10-03,NY,Paid Social
8613,2021-10-03,NY,Affiliate
5941,2021-10-03,TX,Paid Social
15690,2021-10-03,TX,Affiliate
19033,2021-10-03,GA,Affiliate
26291,2021-10-03,TX,Email
10072,2021-10-03,TX,Email
7121,2021-10-03,WA,Affiliate
11708,2021-10-03,GA,Affiliate
19472,2021-10-03,GA,Affiliate
11848,2021-10-03,FL,Email
19587,2021-10-03,NY,Email
1831,2021-10-03,TX,Affiliate
4145,2021-10-03,NY,Affiliate
5887,2021-10-03,,Paid Social
15281,2021-10-03,GA,Affiliate
9673,2021-10-03,WA,Paid Social
2758,2021-10-03,CA,Referral
19276,2021-10-03,GA,Paid Social
27008,2021-10-03,,Email
12410,2021-10-03,FL,Affiliate
8045,2021-10-03,FL,Paid Social
10400,2021-10-04,GA,Paid Social
12558,2021-10-04,WA,Paid Social
20832,2021-10-04,FL,Paid Social
10857,2021-10-04,IL,Email
19403,2021-10-04,WA,Paid Social
18007,2021-10-04,,Paid Social
23796,2021-10-04,,Email
16289,2021-10-04,GA,Organic Search
11235,2021-10-04,TX,Organic Search
10444,2021-10-04,WA,Affiliate
4421,2021-10-04,GA,Organic Search
2824,2021-10-04,WA,Organic Search
1376,2021-10-04,WA,Referral
22973,2021-10-04,GA,Organic Search
27091,2021-10-04,WA,Email
9750,2021-10-04,FL,Affiliate
15811,2021-10-04,TX,Organic Search
13742,2021-10-04,WA,Organic Search
34,2021-10-04,IL,Affiliate
5074,2021-10-04,FL,Organic Search
3354,2021-10-04,TX,Paid Social
7765,2021-10-04,,Paid Social
16460,2021-10-04,WA,Paid Social
4542,2021-10-04,FL,Paid Social
21678,2021-10-04,CA,Paid Social
26552,2021-10-04,TX,Paid Social
4767,2021-10-05,GA,Referral
8544,2021-10-05,GA,Paid Social
17977,2021-10-05,GA,Paid Social
14221,2021-10-05,IL,Email
4808,2021-10-05,NY,Affiliate
7038,2021-10-05,CA,Paid Social
222,2021-10-05,GA,Paid Social
7947,2021-10-05,NY,Paid Social
24767,2021-10-05,NY,Organic Search
5153,2021-10-05,GA,Affiliate
18506,2021-10-05,TX,Email
6880,2021-10-05,WA,Organic Search
8718,2021-10-05,,Paid Social
18605,2021-10-05,GA,Paid Social
11883,2021-10-05,GA,Organic Search
25226,2021-10-05,TX,Affiliate
19578,2021-10-05,IL,Organic Search
8889,2021-10-06,IL,Paid Social
21065,2021-10-06,,Paid Social
20601,2021-10-06,NY,Referral
29863,2021-10-06,IL,Organic Search
14233,2021-10-06,WA,Organic Search
16753,2021-10-06,FL,Organic Search
2323,2021-10-06,GA,Paid Social
21334,2021-10-06,FL,Paid Social
17515,2021-10-06,WA,Paid Social
9989,2021-10-06,CA,Organic Search
7752,2021-10-06,FL,Paid Social
27003,2021-10-06,WA,Affiliate
27158,2021-10-06,WA,Referral
7672,2021-10-06,CA,Paid Social
5913,2021-10-06,WA,Email
29891,2021-10-06,IL,Affiliate
23173,2021-10-06,NY,Email
899,2021-10-06,GA,Organic Search
19581,2021-10-06,CA,Email
24837,2021-10-06,CA,Paid Social
15444,2021-10-06,CA,Paid Social
25298,2021-10-06,CA,Organic Search
6198,2021-10-06,TX,Email
29233,2021-10-06,NY,Paid Social
2972,2021-10-06,WA,Organic Search
18614,2021-10-06,TX,Paid Social
27939,2021-10-06,NY,Email
28793,2021-10-06,,Paid Social
2368,2021-10-06,TX,Paid Social
22621,2021-10-07,GA,Paid Social
12302,2021-10-07,FL,Paid Social
15406,2021-10-07,,Organic Search
7791,2021-10-07,TX,Paid Social
26416,2021-10-07,NY,Organic Search
44,2021-10-07,WA,Affiliate
3679,2021-10-07,CA,Email
25935,2021-10-07,GA,Email
15099,2021-10-07,FL,Paid Social
19706,2021-10-07,,Paid Social
21083,2021-10-07,TX,Paid Social
10536,2021-10-07,CA,Paid Social
6107,2021-10-07,IL,Paid Social
16344,2021-10-07,NY,Email
1749,2021-10-07,GA,Email
11417,2021-10-07,CA,Affiliate
14669,2021-10-07,,Paid Social
20577,2021-10-07,FL,Email
13823,2021-10-07,IL,Affiliate
3729,2021-10-07,TX,Organic Search
9293,2021-10-07,TX,Paid Social
20035,2021-10-07,CA,Organic Search
13582,2021-10-07,WA,Organic Search
7926,2021-10-07,GA,Organic Search
15664,2021-10-07,,Paid Social
28963,2021-10-07,GA,Email
24533,2021-10-07,FL,Paid Social
9531,2021-10-07,TX,Organic Search
9760,2021-10-07,WA,Paid Social
1856,2021-10-07,CA,Organic Search
5099,2021-10-08,FL,Paid Social
26103,2021-10-08,NY,Paid Social
20593,2021-10-08,CA,Paid Social
9503,2021-10-08,WA,Paid Social
83,2021-10-08,FL,Paid Social
8060,2021-10-08,NY,Paid Social
27219,2021-10-08,GA,Paid Social
27671,2021-10-08,TX,Paid Social
25423,2021-10-08,FL,Referral
21832,2021-10-08,,Paid Social
28469,2021-10-08,CA,Email
26653,2021-10-08,TX,Organic Search
2163,2021-10-08,TX,Paid Social
18026,2021-10-08,WA,Referral
28481,2021-10-08,TX,Organic Search
24909,2021-10-08,IL,Paid Social
18864,2021-10-08,GA,Organic Search
18526,2021-10-08,TX,Affiliate
16055,2021-10-08,NY,Email
20119,2021-10-08,FL,Organic Search
6299,2021-10-08,IL,Email
10972,2021-10-08,NY,Affiliate
5042,2021-10-08,CA,Paid Social
1404,2021-10-08,,Email
18993,2021-10-08,WA,Referral
3065,2021-10-08,,Paid Social
1714,2021-10-08,FL,Paid Social
17552,2021-10-08,IL,Organic Search
28842,2021-10-08,WA,Paid Social
15683,2021-10-08,WA,Organic Search
22361,2021-10-08,,Paid Social
28064,2021-10-09,NY,Organic Search
28857,2021-10-09,NY,Paid Social
3618,2021-10-09,GA,Email
5293,2021-10-09,TX,Organic Search
8281,2021-10-09,FL,Paid Social
7855,2021-10-09,TX,Paid Social
17412,2021-10-09,,Paid Social
24769,2021-10-09,NY,Paid Social
25085,2021-10-09,TX,Paid Social
12049,2021-10-09,GA,Email
23269,2021-10-09,TX,Paid Social
29680,2021-10-09,,Paid Social
329,2021-10-09,WA,Paid Social
25246,2021-10-09,WA,Organic Search
22908,2021-10-09,TX,Affiliate
23667,2021-10-09,FL,Paid Social
20295,2021-10-09,TX,Paid Social
14769,2021-10-09,TX,Organic Search
27280,2021-10-09,CA,Organic Search
13752,2021-10-09,IL,Organic Search
26718,2021-10-09,TX,Paid Social
4755,2021-10-09,IL,Referral
10480,2021-10-09,,Paid Social
16466,2021-10-09,,Organic Search
16894,2021-10-10,FL,Email
26964,2021-10-10,GA,Paid Social
3977,2021-10-10,IL,Paid Social
19438,2021-10-10,,Organic Search
29562,2021-10-10,CA,Organic Search
10387,2021-10-10,WA,Organic Search
45,2021-10-10,,Organic Search
12469,2021-10-10,IL,Paid Social
8263,2021-10-10,NY,Email
17517,2021-10-10,NY,Email
3888,2021-10-10,,Paid Social
22450,2021-10-10,NY,Email
16164,2021-10-10,FL,Paid Social
27167,2021-10-10,NY,Email
6088,2021-10-10,,Organic Search
5031,2021-10-10,,Paid Social
22427,2021-10-10,FL,Paid Social
11882,2021-10-10,TX,Organic Search
11905,2021-10-10,IL,Email
27295,2021-10-10,TX,Organic Search
29727,2021-10-11,GA,Email
9336,2021-10-11,NY,Organic Search
24173,2021-10-11,GA,Paid Social
16181,2021-10-11,,Referral
12751,2021-10-11,FL,Organic Search
28807,2021-10-11,WA,Paid Social
13440,2021-10-11,IL,Paid Social
15774,2021-10-11,,Referral
3500,2021-10-11,,Email
21144,2021-10-11,FL,Paid Social
16527,2021-10-11,,Paid Social
18969,2021-10-11,,Paid Social
6962,2021-10-11,IL,Paid Social
1441,2021-10-11,TX,Affiliate
9718,2021-10-11,FL,Organic Search
27088,2021-10-11,CA,Organic Search
10949,2021-10-11,GA,Organic Search
2053,2021-10-11,GA,Organic Search
26215,2021-10-11,GA,Email
8980,2021-10-11,,Paid Social
20925,2021-10-11,FL,Affiliate
19586,2021-10-12,GA,Email
17948,2021-10-12,CA,Paid Social
28821,2021-10-12,IL,Paid Social
12342,2021-10-12,NY,Paid Social
16424,2021-10-12,FL,Email
120,2021-10-12,GA,Paid Social
28579,2021-10-12,IL,Paid Social
3852,2021-10-12,NY,Organic Search
14312,2021-10-12,FL,Paid Social
24828,2021-10-12,WA,Organic Search
25881,2021-10-12,,Paid Social
28701,2021-10-12,FL,Organic Search
21939,2021-10-12,IL,Email
5036,2021-10-12,WA,Paid Social
5205,2021-10-12,,Affiliate
16727,2021-10-12,NY,Organic Search
13413,2021-10-12,TX,Organic Search
11920,2021-10-12,TX,Email
11854,2021-10-12,NY,Email
6938,2021-10-12,GA,Email
24926,2021-10-12,CA,Paid Social
5041,2021-10-12,CA,Email
20094,2021-10-12,IL,Paid Social
3541,2021-10-13,IL,Organic Search
22836,2021-10-13,,Email
23305,2021-10-13,FL,Paid Social
3384,2021-10-13,FL,Organic Search
14076,2021-10-13,CA,Paid Social
14254,2021-10-13,WA,Email
21035,2021-10-13,WA,Organic Search
733,2021-10-13,WA,Paid Social
10603,2021-10-13,TX,Paid Social
8166,2021-10-13,NY,Paid Social
18573,2021-10-13,CA,Organic Search
26401,2021-10-13,GA,Paid Social
14903,2021-10-13,FL,Organic Search
98,2021-10-13,TX,Paid Social
7423,2021-10-13,NY,Paid Social
25433,2021-10-13,IL,Paid Social
10527,2021-10-13,CA,Paid Social
17587,2021-10-13,TX,Paid Social
22409,2021-10-13,WA,Organic Search
7234,2021-10-13,IL,Paid Social
3877,2021-10-14,,Organic Search
29640,2021-10-14,TX,Paid Social
28419,2021-10-14,IL,Organic Search
26349,2021-10-14,NY,Affiliate
6427,2021-10-14,TX,Affiliate
1324,2021-10-14,FL,Organic Search
19825,2021-10-14,,Paid Social
2543,2021-10-14,WA,Email
19354,2021-10-14,NY,Paid Social
8018,2021-10-14,FL,Paid Social
10658,2021-10-14,IL,Paid Social
29887,2021-10-14,IL,Organic Search
19795,2021-10-14,CA,Paid Social
28799,2021-10-14,TX,Organic Search
10357,2021-10-14,WA,Email
17270,2021-10-14,GA,Paid Social
27529,2021-10-14,CA,Paid Social
25420,2021-10-14,,Affiliate
1560,2021-10-15,WA,Affiliate
16483,2021-10-15,FL,Organic Search
6402,2021-10-15,,Referral
18657,2021-10-15,NY,Email
21157,2021-10-15,,Paid Social
10610,2021-10-15,CA,Referral
18486,2021-10-15,NY,Paid Social
20157,2021-10-15,GA,Paid Social
16975,2021-10-15,WA,Organic Search
22711,2021-10-15,,Organic Search
5673,2021-10-15,GA,Paid Social
26179,2021-10-15,FL,Paid Social
22356,2021-10-15,IL,Organic Search
13379,2021-10-15,IL,Paid Social
26063,2021-10-15,TX,Paid Social
5200,2021-10-15,WA,Organic Search
18832,2021-10-15,WA,Paid Social
8648,2021-10-15,FL,Organic Search
26487,2021-10-15,GA,Affiliate
26080,2021-10-15,TX,Affiliate
26836,2021-10-15,NY,Paid Social
16,2021-10-15,WA,Organic Search
6174,2021-10-15,GA,Email
27072,2021-10-15,CA,Paid Social
13960,2021-10-15,FL,Paid Social
17056,2021-10-15,NY,Organic Search
11587,2021-10-16,WA,Paid Social
13655,2021-10-16,,Paid Social
14840,2021-10-16,GA,Paid Social
29594,2021-10-16,WA,Email
21339,2021-10-16,CA,Organic Search
14546,2021-10-16,FL,Paid Social
3282,2021-10-16,,Organic Search
5835,2021-10-16,FL,Email
10311,2021-10-16,IL,Affiliate
27679,2021-10-16,GA,Paid Social
23866,2021-10-16,GA,Organic Search
26903,2021-10-16,WA,Organic Search
19536,2021-10-16,,Paid Social
9812,2021-10-16,NY,Email
7273,2021-10-16,NY,Paid Social
2341,2021-10-16,IL,Email
647,2021-10-16,NY,Paid Social
4521,2021-10-16,,Referral
16782,2021-10-16,FL,Paid Social
8240,2021-10-16,TX,Organic Search
1466,2021-10-16,CA,Organic Search
9975,2021-10-16,FL,Paid Social
24418,2021-10-16,NY,Paid Social
23556,2021-10-16,NY,Paid Social
13821,2021-10-16,IL,Organic Search
12531,2021-10-16,,Organic Search
18663,2021-10-17,NY,Paid Social
21711,2021-10-17,TX,Email
17500,2021-10-17,FL,Affiliate
24241,2021-10-17,NY,Paid Social
6707,2021-10-17,TX,Affiliate
19740,2021-10-17,FL,Paid Social
11113,2021-10-17,NY,Organic Search
5167,2021-10-17,WA,Organic Search
10630,2021-10-17,,Paid Social
5073,2021-10-17,WA,Paid Social
13817,2021-10-17,GA,Organic Search
8315,2021-10-17,IL,Paid Social
29662,2021-10-17,FL,Email
11271,2021-10-18,WA,Organic Search
2181,2021-10-18,,Paid Social
26307,2021-10-18,NY,Organic Search
7107,2021-10-18,GA,Organic Search
18221,2021-10-18,,Paid Social
7240,2021-10-18,TX,Paid Social
18537,2021-10-18,FL,Organic Search
24487,2021-10-18,WA,Organic Search
27734,2021-10-18,TX,Organic Search
15510,2021-10-18,FL,Organic Search
29684,2021-10-18,FL,Paid Social
21139,2021-10-18,CA,Organic Search
11968,2021-10-18,TX,Organic Search
12966,2021-10-18,CA,Organic Search
7364,2021-10-18,GA,Email
27836,2021-10-18,TX,Email
8205,2021-10-18,TX,Paid Social
4290,2021-10-18,CA,Email
20815,2021-10-18,GA,Organic Search
5943,2021-10-18,NY,Organic Search
13490,2021-10-18,,Paid Social
21823,2021-10-18,NY,Paid Social
23542,2021-10-18,WA,Paid Social
15109,2021-10-18,IL,Paid Social
8550,2021-10-18,TX,Organic Search
8032,2021-10-18,GA,Paid Social
3159,2021-10-18,,Email
11029,2021-10-18,NY,Email
9994,2021-10-18,IL,Email
1443,2021-10-19,NY,Paid Social
19750,2021-10-19,NY,Paid Social
23302,2021-10-19,CA,Organic Search
27606,2021-10-19,TX,Organic Search
16386,2021-10-19,CA,Organic Search
26637,2021-10-19,CA,Paid Social
16677,2021-10-19,WA,Paid Social
12806,2021-10-19,TX,Email
28665,2021-10-19,CA,Paid Social
24314,2021-10-19,GA,Organic Search
29341,2021-10-19,WA,Paid Social
24019,2021-10-19,NY,Organic Search
2429,2021-10-19,WA,Paid Social
16668,2021-10-19,,Affiliate
13140,2021-10-19,GA,Organic Search
6943,2021-10-19,WA,Paid Social
20906,2021-10-19,NY,Affiliate
18113,2021-10-19,FL,Organic Search
25168,2021-10-19,GA,Organic Search
20206,2021-10-19,IL,Organic Search
7238,2021-10-19,CA,Referral
24913,2021-10-19,NY,Organic Search
7089,2021-10-19,NY,Paid Social
10487,2021-10-19,WA,Organic Search
20294,2021-10-19,NY,Affiliate
17120,2021-10-19,,Organic Search
29429,2021-10-20,GA,Organic Search
22344,2021-10-20,GA,Paid Social
10443,2021-10-20,CA,Referral
18066,2021-10-20,TX,Email
27157,2021-10-20,,Paid Social
25138,2021-10-20,WA,Affiliate
5379,2021-10-20,IL,Email
16748,2021-10-20,,Organic Search
20052,2021-10-20,WA,Email
14193,2021-10-20,WA,Paid Social
29735,2021-10-20,CA,Paid Social
23895,2021-10-20,WA,Organic Search
17805,2021-10-20,NY,Affiliate
9704,2021-10-20,GA,Email
11611,2021-10-20,IL,Affiliate
26370,2021-10-20,TX,Email
14730,2021-10-20,WA,Affiliate
2888,2021-10-20,TX,Paid Social
13520,2021-10-20,IL,Organic Search
20264,2021-10-20,CA,Affiliate
17862,2021-10-20,,Organic Search
22756,2021-10-20,GA,Paid Social
6017,2021-10-20,WA,Organic Search
15577,2021-10-20,,Paid Social
22039,2021-10-20,TX,Paid Social
4678,2021-10-20,IL,Affiliate
1403,2021-10-21,GA,Organic Search
13423,2021-10-21,,Email
28122,2021-10-21,IL,Email
3539,2021-10-21,TX,Paid Social
12223,2021-10-21,TX,Organic Search
3339,2021-10-21,TX,Paid Social
19966,2021-10-21,NY,Organic Search
19257,2021-10-21,TX,Referral
13592,2021-10-21,,Paid Social
22574,2021-10-21,NY,Paid Social
12188,2021-10-21,NY,Paid Social
1783,2021-10-21,,Paid Social
12312,2021-10-21,NY,Paid Social
16031,2021-10-21,,Paid Social
11055,2021-10-21,GA,Affiliate
25222,2021-10-21,WA,Affiliate
2452,2021-10-21,NY,Affiliate
26410,2021-10-21,IL,Paid Social
7057,2021-10-21,GA,Email
10327,2021-10-21,NY,Paid Social
26188,2021-10-21,NY,Organic Search
18522,2021-10-21,CA,Paid Social
15442,2021-10-21,IL,Organic Search
12519,2021-10-22,WA,Paid Social
4158,2021-10-22,IL,Referral
15894,2021-10-22,FL,Paid Social
19068,2021-10-22,CA,Organic Search
10089,2021-10-22,CA,Email
16955,2021-10-22,TX,Affiliate
29151,2021-10-22,,Referral
4322,2021-10-22,GA,Affiliate
26083,2021-10-22,WA,Organic Search
11925,2021-10-22,FL,Organic Search
3025,2021-10-22,NY,Organic Search
16941,2021-10-22,TX,Email
22461,2021-10-22,CA,Paid Social
9897,2021-10-22,IL,Email
15841,2021-10-22,CA,Paid Social
29328,2021-10-22,,Paid Social
19291,2021-10-22,WA,Email
2036,2021-10-22,,Paid Social
24124,2021-10-22,WA,Paid Social
23093,2021-10-22,FL,Paid Social
6217,2021-10-22,FL,Organic Search
13526,2021-10-22,CA,Referral
14524,2021-10-22,TX,Organic Search
23161,2021-10-22,,Affiliate
7919,2021-10-22,TX,Organic Search
26818,2021-10-23,FL,Organic Search
28531,2021-10-23,GA,Email
20618,2021-10-23,GA,Affiliate
515,2021-10-23,FL,Organic Search
4946,2021-10-23,GA,Affiliate
20649,2021-10-23,,Organic Search
7562,2021-10-23,FL,Paid Social
10745,2021-10-23,FL,Paid Social
17043,2021-10-23,CA,Organic Search
27609,2021-10-23,FL,Organic Search
9458,2021-10-23,FL,Referral
10799,2021-10-23,CA,Email
29743,2021-10-23,CA,Paid Social
7676,2021-10-23,,Paid Social
27903,2021-10-23,NY,Organic Search
24101,2021-10-23,FL,Paid Social
23789,2021-10-23,WA,Organic Search
7323,2021-10-23,WA,Paid Social
8666,2021-10-23,TX,Paid Social
6705,2021-10-23,FL,Paid Social
7694,2021-10-23,FL,Paid Social
28155,2021-10-23,GA,Paid Social
5798,2021-10-23,NY,Affiliate
14162,2021-10-23,,Organic Search
27217,2021-10-23,TX,Paid Social
29208,2021-10-23,CA,Paid Social
4119,2021-10-23,IL,Organic Search
1050,2021-10-23,TX,Organic Search
17906,2021-10-23,WA,Affiliate
18303,2021-10-23,TX,Organic Search
27211,2021-10-23,GA,Organic Search
26384,2021-10-23,,Paid Social
16319,2021-10-23,,Organic Search
16299,2021-10-23,,Paid Social
241,2021-10-23,TX,Affiliate
7982,2021-10-23,TX,Organic Search
12450,2021-10-23,FL,Paid Social
24724,2021-10-24,CA,Paid Social
24662,2021-10-24,CA,Affiliate
25262,2021-10-24,NY,Organic Search
1610,2021-10-24,GA,Paid Social
12171,2021-10-24,,Paid Social
5307,2021-10-24,NY,Paid Social
2999,2021-10-24,IL,Organic Search
4817,2021-10-24,IL,Affiliate
12932,2021-10-24,TX,Email
29878,2021-10-24,,Email
2184,2021-10-24,GA,Paid Social
22850,2021-10-24,GA,Paid Social
28835,2021-10-24,FL,Paid Social
16718,2021-10-25,CA,Organic Search
12125,2021-10-25,,Paid Social
5776,2021-10-25,FL,Paid Social
13348,2021-10-25,,Organic Search
9663,2021-10-25,,Organic Search
25342,2021-10-25,NY,Email
24312,2021-10-25,GA,Paid Social
22168,2021-10-25,CA,Paid Social
25379,2021-10-25,FL,Paid Social
12722,2021-10-25,CA,Organic Search
28710,2021-10-25,FL,Email
12104,2021-10-25,TX,Email
3153,2021-10-25,IL,Email
9471,2021-10-25,TX,Paid Social
16830,2021-10-25,CA,Paid Social
7513,2021-10-25,TX,Organic Search
13832,2021-10-25,NY,Organic Search
8366,2021-10-26,IL,Email
22182,2021-10-26,GA,Paid Social
13156,2021-10-26,,Organic Search
18576,2021-10-26,,Email
24817,2021-10-26,IL,Paid Social
5352,2021-10-26,TX,Affiliate
16120,2021-10-26,GA,Organic Search
1360,2021-10-26,IL,Paid Social
12520,2021-10-26,NY,Paid Social
12875,2021-10-26,WA,Affiliate
14458,2021-10-26,WA,Organic Search
3137,2021-10-26,NY,Email
10047,2021-10-26,,Organic Search
10977,2021-10-26,CA,Affiliate
7509,2021-10-26,IL,Paid Social
9854,2021-10-26,,Paid Social
8090,2021-10-26,NY,Referral
22167,2021-10-26,,Organic Search
13105,2021-10-26,WA,Email
21452,2021-10-26,NY,Email
5583,2021-10-26,,Email
24573,2021-10-26,TX,Paid Social
18456,2021-10-26,,Organic Search
7665,2021-10-26,CA,Paid Social
11,2021-10-26,,Organic Search
15843,2021-10-26,TX,Paid Social
4008,2021-10-27,FL,Paid Social
9056,2021-10-27,FL,Affiliate
18488,2021-10-27,,Paid Social
14093,2021-10-27,TX,Paid Social
2091,2021-10-27,IL,Email
27518,2021-10-27,IL,Referral
13805,2021-10-27,CA,Email
16341,2021-10-27,,Organic Search
2506,2021-10-27,NY,Organic Search
29944,2021-10-27,IL,Email
15359,2021-10-27,NY,Paid Social
16767,2021-10-27,GA,Paid Social
26193,2021-10-27,NY,Referral
15309,2021-10-27,NY,Referral
19635,2021-10-27,TX,Paid Social
15214,2021-10-27,CA,Organic Search
10457,2021-10-27,WA,Organic Search
27304,2021-10-28,WA,Paid Social
22505,2021-10-28,TX,Paid Social
6648,2021-10-28,GA,Referral
14776,2021-10-28,FL,Email
22839,2021-10-28,TX,Paid Social
24668,2021-10-28,FL,Paid Social
9421,2021-10-28,WA,Affiliate
28542,2021-10-28,,Organic Search
19047,2021-10-28,WA,Organic Search
25928,2021-10-28,CA,Paid Social
17342,2021-10-28,FL,Paid Social
2111,2021-10-28,GA,Organic Search
19923,2021-10-28,WA,Paid Social
2033,2021-10-28,FL,Paid Social
1772,2021-10-28,FL,Email
340,2021-10-28,GA,Organic Search
10260,2021-10-28,CA,Organic Search
1950,2021-10-29,CA,Paid Social
26274,2021-10-29,FL,Organic Search
12694,2021-10-29,,Email
20116,2021-10-29,FL,Paid Social
9341,2021-10-29,TX,Paid Social
5136,2021-10-29,IL,Paid Social
9725,2021-10-29,WA,Organic Search
1295,2021-10-29,FL,Email
12689,2021-10-29,WA,Paid Social
11389,2021-10-29,,Affiliate
21466,2021-10-29,WA,Affiliate
6099,2021-10-29,TX,Organic Search
8606,2021-10-29,GA,Paid Social
764,2021-10-29,,Email
18136,2021-10-29,CA,Email
8197,2021-10-29,TX,Paid Social
26995,2021-10-29,GA,Paid Social
15830,2021-10-29,IL,Organic Search
2572,2021-10-29,GA,Affiliate
25869,2021-10-29,NY,Paid Social
29169,2021-10-30,FL,Paid Social
11552,2021-10-30,GA,Email
4623,2021-10-30,GA,Organic Search
29812,2021-10-30,NY,Organic Search
23481,2021-10-30,NY,Organic Search
29155,2021-10-30,TX,Organic Search
27552,2021-10-30,GA,Organic Search
26227,2021-10-30,GA,Referral
5765,2021-10-30,NY,Referral
8522,2021-10-30,WA,Paid Social
26567,2021-10-30,TX,Email
15035,2021-10-30,FL,Paid Social
12755,2021-10-30,NY,Paid Social
13828,2021-10-30,WA,Organic Search
5861,2021-10-30,GA,Paid Social
22516,2021-10-30,GA,Referral
9682,2021-10-30,,Organic Search
14222,2021-10-30,GA,Affiliate
25800,2021-10-30,NY,Email
1810,2021-10-30,WA,Organic Search
2678,2021-10-30,FL,Organic Search
11734,2021-10-30,NY,Paid Social
3351,2021-10-30,TX,Organic Search
18479,2021-10-30,FL,Paid Social
24301,2021-10-30,TX,Affiliate
29239,2021-10-30,NY,Paid Social
27392,2021-10-30,FL,Referral
10369,2021-10-30,FL,Paid Social
27377,2021-10-30,IL,Organic Search
29720,2021-10-30,WA,Paid Social
19603,2021-10-30,CA,Paid Social
23378,2021-10-30,TX,Email
21068,2021-10-30,NY,Paid Social
9863,2021-10-31,WA,Affiliate
17176,2021-10-31,GA,Email
14696,2021-10-31,CA,Paid Social
1946,2021-10-31,,Paid Social
12718,2021-10-31,GA,Email
28532,2021-10-31,WA,Paid Social
26452,2021-10-31,FL,Organic Search
6532,2021-10-31,NY,Affiliate
22328,2021-10-31,WA,Paid Social
25506,2021-10-31,WA,Paid Social
28192,2021-10-31,TX,Paid Social
20512,2021-10-31,,Paid Social
6856,2021-10-31,NY,Paid Social
22369,2021-10-31,GA,Referral
25637,2021-10-31,FL,Email
8306,2021-10-31,IL,Organic Search
20260,2021-10-31,CA,Paid Social
24238,2021-10-31,,Paid Social
22234,2021-10-31,NY,Referral
1088,2021-10-31,CA,Organic Search
10103,2021-10-31,CA,Affiliate
22951,2021-10-31,IL,Paid Social
20987,2021-10-31,WA,Email
11328,2021-10-31,NY,Organic Search
20606,2021-10-31,CA,Email
14532,2021-10-31,,Affiliate
19547,2021-10-31,TX,Paid Social
23432,2021-10-31,IL,Paid Social
9935,2021-10-31,WA,Paid Social
24446,2021-10-31,,Email
3,2021-11-01,TX,Email
1637,2021-11-01,TX,Paid Social
14814,2021-11-01,IL,Organic Search
25502,2021-11-01,FL,Paid Social
19456,2021-11-01,NY,Organic Search
22740,2021-11-01,FL,Referral
15265,2021-11-01,TX,Paid Social
23379,2021-11-01,CA,Paid Social
26675,2021-11-01,WA,Affiliate
1811,2021-11-01,IL,Paid Social
7142,2021-11-01,CA,Organic Search
19018,2021-11-01,,Organic Search
28034,2021-11-01,,Organic Search
20093,2021-11-01,WA,Email
10219,2021-11-01,IL,Paid Social
19924,2021-11-02,TX,Email
4495,2021-11-02,NY,Email
28218,2021-11-02,FL,Paid Social
16868,2021-11-02,TX,Organic Search
20972,2021-11-02,IL,Paid Social
2855,2021-11-02,TX,Organic Search
24320,2021-11-02,TX,Paid Social
5106,2021-11-02,IL,Organic Search
17291,2021-11-02,WA,Paid Social
6916,2021-11-02,TX,Organic Search
8346,2021-11-02,CA,Email
25701,2021-11-02,GA,Email
15973,2021-11-02,CA,Affiliate
11894,2021-11-02,WA,Paid Social
12174,2021-11-02,IL,Affiliate
20028,2021-11-02,NY,Organic Search
26597,2021-11-02,FL,Paid Social
8875,2021-11-02,NY,Affiliate
1778,2021-11-02,IL,Paid Social
19037,2021-11-02,WA,Email
4031,2021-11-03,CA,Paid Social
7974,2021-11-03,,Affiliate
15046,2021-11-03,TX,Paid Social
17942,2021-11-03,CA,Paid Social
23370,2021-11-03,TX,Paid Social
14481,2021-11-03,IL,Organic Search
5677,2021-11-03,GA,Paid Social
19931,2021-11-03,TX,Organic Search
1507,2021-11-03,WA,Paid Social
622,2021-11-03,NY,Organic Search
20955,2021-11-03,WA,Paid Social
19221,2021-11-03,CA,Organic Search
4863,2021-11-03,CA,Organic Search
15459,2021-11-03,NY,Paid Social
19868,2021-11-03,CA,Paid Social
770,2021-11-03,CA,Email
4870,2021-11-03,NY,Email
16857,2021-11-03,CA,Paid Social
17271,2021-11-03,TX,Paid Social
1855,2021-11-03,TX,Affiliate
5607,2021-11-03,FL,Referral
24233,2021-11-03,,Organic Search
14953,2021-11-03,IL,Email
29210,2021-11-03,IL,Organic Search
25632,2021-11-03,CA,Paid Social
20507,2021-11-03,,Paid Social
4915,2021-11-03,CA,Organic Search
3302,2021-11-03,CA,Affiliate
6906,2021-11-03,CA,Organic Search
9224,2021-11-04,IL,Organic Search
24388,2021-11-04,CA,Affiliate
6312,2021-11-04,IL,Paid Social
29518,2021-11-04,FL,Organic Search
987,2021-11-04,IL,Paid Social
6186,2021-11-04,CA,Email
9588,2021-11-04,GA,Paid Social
88,2021-11-04,NY,Paid Social
13403,2021-11-04,NY,Paid Social
9442,2021-11-04,CA,Organic Search
17870,2021-11-04,CA,Paid Social
9615,2021-11-04,FL,Affiliate
23967,2021-11-04,TX,Organic Search
4525,2021-11-04,CA,Email
15629,2021-11-04,GA,Referral
10667,2021-11-04,TX,Organic Search
1362,2021-11-04,IL,Organic Search
14322,2021-11-04,WA,Organic Search
6636,2021-11-04,NY,Paid Social
28247,2021-11-04,IL,Organic Search
26509,2021-11-04,TX,Paid Social
2010,2021-11-05,WA,Paid Social
6226,2021-11-05,GA,Paid Social
28057,2021-11-05,NY,Paid Social
6459,2021-11-05,WA,Organic Search
22473,2021-11-05,GA,Referral
3201,2021-11-05,WA,Paid Social
20576,2021-11-05,GA,Paid Social
2639,2021-11-05,TX,Affiliate
22468,2021-11-05,NY,Affiliate
887,2021-11-05,WA,Paid Social
25574,2021-11-05,WA,Paid Social
6889,2021-11-05,TX,Organic Search
11368,2021-11-05,GA,Affiliate
11809,2021-11-05,NY,Organic Search
23327,2021-11-05,FL,Email
10037,2021-11-05,TX,Referral
10876,2021-11-05,WA,Paid Social
11647,2021-11-05,NY,Paid Social
29120,2021-11-05,IL,Paid Social
23294,2021-11-05,FL,Email
9726,2021-11-05,TX,Affiliate
18463,2021-11-05,WA,Paid Social
22517,2021-11-05,WA,Paid Social
22534,2021-11-05,IL,Paid Social
26434,2021-11-05,WA,Organic Search
14486,2021-11-06,TX,Paid Social
28152,2021-11-06,IL,Paid Social
29938,2021-11-06,WA,Referral
3485,2021-11-06,NY,Paid Social
18198,2021-11-06,IL,Email
6706,2021-11-06,,Email
4038,2021-11-06,GA,Email
7325,2021-11-06,,Organic Search
20779,2021-11-06,,Email
27662,2021-11-06,NY,Email
1188,2021-11-06,IL,Organic Search
11180,2021-11-06,GA,Organic Search
26799,2021-11-06,,Affiliate
5263,2021-11-06,NY,Paid Social
2925,2021-11-06,TX,Paid Social
20867,2021-11-06,WA,Referral
8183,2021-11-06,NY,Organic Search
8207,2021-11-06,CA,Organic Search
8234,2021-11-06,FL,Paid Social
15058,2021-11-06,GA,Paid Social
4867,2021-11-06,GA,Paid Social
13935,2021-11-06,WA,Paid Social
9492,2021-11-06,CA,Organic Search
9664,2021-11-06,NY,Organic Search
13934,2021-11-06,,Affiliate
26678,2021-11-06,IL,Organic Search
2262,2021-11-07,FL,Paid Social
7686,2021-11-07,CA,Email
12758,2021-11-07,CA,Referral
14988,2021-11-07,NY,Email
27545,2021-11-07,IL,Organic Search
16014,2021-11-07,NY,Affiliate
21623,2021-11-07,WA,Email
14698,2021-11-07,IL,Paid Social
25729,2021-11-07,WA,Organic Search
19912,2021-11-07,NY,Organic Search
735,2021-11-07,TX,Paid Social
29577,2021-11-07,IL,Affiliate
25176,2021-11-07,,Referral
12529,2021-11-07,FL,Paid Social
2675,2021-11-07,CA,Referral
13660,2021-11-07,IL,Organic Search
16738,2021-11-07,IL,Paid Social
5245,2021-11-07,TX,Email
26135,2021-11-07,NY,Organic Search
10388,2021-11-07,,Affiliate
4694,2021-11-07,,Paid Social
9007,2021-11-07,WA,Paid Social
14659,2021-11-08,TX,Organic Search
6767,2021-11-08,WA,Affiliate
9721,2021-11-08,FL,Email
12238,2021-11-08,FL,Referral
12804,2021-11-08,CA,Organic Search
20829,2021-11-08,WA,Paid Social
7858,2021-11-08,,Organic Search
22687,2021-11-08,TX,Paid Social
29138,2021-11-08,,Organic Search
26475,2021-11-08,NY,Email
7318,2021-11-08,WA,Paid Social
4864,2021-11-08,GA,Paid Social
10938,2021-11-08,CA,Organic Search
9727,2021-11-08,GA,Email
4193,2021-11-08,FL,Paid Social
26666,2021-11-08,WA,Paid Social
10927,2021-11-08,,Email
9703,2021-11-08,NY,Email
20848,2021-11-08,FL,Organic Search
14551,2021-11-08,CA,Paid Social
5568,2021-11-09,GA,Email
11377,2021-11-09,WA,Email
23723,2021-11-09,CA,Organic Search
22092,2021-11-09,CA,Email
16731,2021-11-09,FL,Paid Social
21973,2021-11-09,FL,Affiliate
25765,2021-11-09,CA,Email
20134,2021-11-09,GA,Paid Social
5645,2021-11-09,TX,Paid Social
27681,2021-11-09,FL,Organic Search
13305,2021-11-09,,Paid Social
12691,2021-11-09,,Paid Social
27263,2021-11-09,CA,Email
16278,2021-11-09,WA,Paid Social
15092,2021-11-09,FL,Paid Social
10173,2021-11-09,TX,Paid Social
480,2021-11-09,NY,Paid Social
22565,2021-11-09,GA,Paid Social
4941,2021-11-09,GA,Paid Social
23167,2021-11-10,IL,Paid Social
29118,2021-11-10,TX,Organic Search
19674,2021-11-10,TX,Paid Social
17574,2021-11-10,IL,Organic Search
27489,2021-11-10,NY,Paid Social
28766,2021-11-10,FL,Organic Search
11977,2021-11-10,IL,Paid Social
6298,2021-11-10,CA,Organic Search
16643,2021-11-10,WA,Email
7097,2021-11-10,FL,Email
191,2021-11-10,FL,Organic Search
5553,2021-11-10,CA,Affiliate
26946,2021-11-10,FL,Organic Search
9357,2021-11-10,GA,Email
16375,2021-11-10,IL,Organic Search
16077,2021-11-10,NY,Organic Search
26810,2021-11-10,TX,Paid Social
11902,2021-11-10,TX,Affiliate
23764,2021-11-10,WA,Organic Search
6337,2021-11-10,FL,Organic Search
6429,2021-11-10,,Organic Search
3134,2021-11-10,NY,Paid Social
28,2021-11-10,IL,Paid Social
12129,2021-11-10,,Paid Social
12262,2021-11-10,IL,Paid Social
23037,2021-11-11,WA,Email
21085,2021-11-11,TX,Paid Social
29227,2021-11-11,TX,Paid Social
20796,2021-11-11,NY,Email
22443,2021-11-11,NY,Organic Search
602,2021-11-11,GA,Organic Search
5338,2021-11-11,TX,Paid Social
2359,2021-11-11,WA,Paid Social
21966,2021-11-11,CA,Affiliate
14328,2021-11-11,WA,Paid Social
16667,2021-11-11,NY,Paid Social
6329,2021-11-11,,Paid Social
6842,2021-11-11,WA,Organic Search
22690,2021-11-11,,Paid Social
26445,2021-11-11,CA,Affiliate
3825,2021-11-11,TX,Organic Search
1500,2021-11-11,CA,Referral
11323,2021-11-11,,Organic Search
7075,2021-11-11,TX,Paid Social
19430,2021-11-11,TX,Paid Social
12660,2021-11-11,WA,Email
15866,2021-11-11,FL,Organic Search
19135,2021-11-12,WA,Paid Social
14240,2021-11-12,IL,Organic Search
22727,2021-11-12,WA,Paid Social
7565,2021-11-12,NY,Paid Social
13418,2021-11-12,TX,Affiliate
22006,2021-11-12,IL,Paid Social
8761,2021-11-12,,Organic Search
20360,2021-11-12,FL,Organic Search
28082,2021-11-12,,Paid Social
19604,2021-11-12,NY,Email
12359,2021-11-12,GA,Organic Search
21250,2021-11-12,TX,Organic Search
10982,2021-11-12,CA,Paid Social
18554,2021-11-12,FL,Paid Social
15040,2021-11-12,GA,Paid Social
9067,2021-11-12,CA,Organic Search
11224,2021-11-12,CA,Affiliate
7387,2021-11-12,,Organic Search
9099,2021-11-12,,Affiliate
9526,2021-11-12,TX,Paid Social
408,2021-11-12,CA,Organic Search
1432,2021-11-12,GA,Paid Social
6872,2021-11-12,CA,Organic Search
27838,2021-11-12,NY,Paid Social
19486,2021-11-12,,Organic Search
24123,2021-11-12,FL,Paid Social
11213,2021-11-13,NY,Paid Social
17782,2021-11-13,GA,Paid Social
2294,2021-11-13,FL,Paid Social
29861,2021-11-13,,Paid Social
8063,2021-11-13,TX,Affiliate
16756,2021-11-13,WA,Paid Social
8827,2021-11-13,WA,Paid Social
13380,2021-11-13,CA,Email
8937,2021-11-13,NY,Organic Search
12647,2021-11-13,TX,Organic Search
25865,2021-11-13,,Organic Search
17614,2021-11-13,IL,Paid Social
4734,2021-11-13,NY,Affiliate
2203,2021-11-13,,Paid Social
19262,2021-11-13,WA,Affiliate
14641,2021-11-13,TX,Paid Social
5832,2021-11-13,IL,Paid Social
7806,2021-11-13,IL,Organic Search
41,2021-11-13,CA,Organic Search
23192,2021-11-13,FL,Organic Search
4349,2021-11-13,WA,Email
1198,2021-11-14,FL,Affiliate
18640,2021-11-14,IL,Email
23550,2021-11-14,FL,Paid Social
14627,2021-11-14,GA,Paid Social
8076,2021-11-14,NY,Organic Search
16538,2021-11-14,CA,Paid Social
3649,2021-11-14,TX,Paid Social
1092,2021-11-14,FL,Paid Social
29918,2021-11-14,FL,Organic Search
2190,2021-11-14,GA,Paid Social
23385,2021-11-14,FL,Affiliate
5695,2021-11-14,TX,Email
19348,2021-11-14,GA,Paid Social
2280,2021-11-14,WA,Organic Search
20165,2021-11-14,WA,Paid Social
20607,2021-11-14,IL,Organic Search
16548,2021-11-15,FL,Organic Search
4166,2021-11-15,CA,Paid Social
2166,2021-11-15,GA,Affiliate
29958,2021-11-15,IL,Affiliate
17249,2021-11-15,,Email
23856,2021-11-15,TX,Affiliate
26040,2021-11-15,CA,Paid Social
4104,2021-11-15,,Organic Search
16695,2021-11-15,TX,Email
5842,2021-11-15,FL,Organic Search
12921,2021-11-15,TX,Referral
10356,2021-11-15,WA,Organic Search
1156,2021-11-15,GA,Email
17781,2021-11-15,GA,Organic Search
2161,2021-11-15,NY,Paid Social
21154,2021-11-15,,Paid Social
28879,2021-11-15,NY,Paid Social
10704,2021-11-15,IL,Affiliate
27262,2021-11-15,FL,Organic Search
20234,2021-11-15,WA,Email
18819,2021-11-15,IL,Organic Search
22931,2021-11-15,GA,Paid Social
26250,2021-11-16,WA,Paid Social
5686,2021-11-16,,Email
16115,2021-11-16,CA,Email
17606,2021-11-16,WA,Paid Social
17537,2021-11-16,TX,Organic Search
26988,2021-11-16,FL,Organic Search
28401,2021-11-16,TX,Paid Social
11566,2021-11-16,GA,Organic Search
29310,2021-11-16,TX,Organic Search
20078,2021-11-16,IL,Paid Social
27936,2021-11-16,NY,Email
27944,2021-11-16,IL,Paid Social
10292,2021-11-16,IL,Organic Search
7547,2021-11-16,GA,Email
17938,2021-11-16,FL,Paid Social
16074,2021-11-16,,Referral
25592,2021-11-16,FL,Email
16293,2021-11-16,FL,Email
27100,2021-11-16,TX,Paid Social
9481,2021-11-16,FL,Organic Search
2667,2021-11-16,CA,Organic Search
9991,2021-11-16,IL,Paid Social
21110,2021-11-17,NY,Paid Social
28763,2021-11-17,,Affiliate
11797,2021-11-17,NY,Organic Search
28314,2021-11-17,GA,Paid Social
18099,2021-11-17,NY,Organic Search
22737,2021-11-17,,Paid Social
8012,2021-11-17,GA,Paid Social
9815,2021-11-17,NY,Affiliate
259,2021-11-17,GA,Paid Social
4743,2021-11-17,FL,Organic Search
17370,2021-11-17,CA,Organic Search
18068,2021-11-17,IL,Paid Social
20561,2021-11-17,IL,Organic Search
15162,2021-11-17,CA,Paid Social
10367,2021-11-17,,Email
19074,2021-11-17,CA,Paid Social
1889,2021-11-17,,Email
6371,2021-11-18,FL,Paid Social
4982,2021-11-18,FL,Organic Search
7288,2021-11-18,CA,Organic Search
7897,2021-11-18,CA,Email
11300,2021-11-18,NY,Organic Search
21386,2021-11-18,TX,Paid Social
7576,2021-11-18,NY,Organic Search
23335,2021-11-18,CA,Affiliate
20630,2021-11-18,FL,Affiliate
3765,2021-11-18,CA,Paid Social
8429,2021-11-18,FL,Paid Social
20616,2021-11-18,NY,Organic Search
21104,2021-11-18,NY,Paid Social
24234,2021-11-18,GA,Organic Search
4826,2021-11-18,GA,Organic Search
5490,2021-11-18,FL,Affiliate
5748,2021-11-18,IL,Affiliate
15013,2021-11-18,TX,Affiliate
29492,2021-11-18,TX,Email
5487,2021-11-18,NY,Organic Search
19676,2021-11-18,IL,Paid Social
16791,2021-11-18,NY,Paid Social
389,2021-11-18,IL,Email
16106,2021-11-18,,Paid Social
25363,2021-11-18,IL,Paid Social
25279,2021-11-18,CA,Organic Search
23164,2021-11-19,NY,Email
19559,2021-11-19,WA,Email
28483,2021-11-19,TX,Organic Search
11625,2021-11-19,CA,Organic Search
12436,2021-11-19,WA,Affiliate
27906,2021-11-19,WA,Organic Search
5566,2021-11-19,NY,Organic Search
6626,2021-11-19,,Organic Search
19896,2021-11-19,NY,Email
11767,2021-11-19,CA,Organic Search
23010,2021-11-19,NY,Affiliate
17742,2021-11-19,WA,Organic Search
4312,2021-11-19,FL,Affiliate
7529,2021-11-19,NY,Paid Social
19686,2021-11-19,,Paid Social
22290,2021-11-19,FL,Paid Social
11215,2021-11-19,GA,Email
7411,2021-11-19,FL,Paid Social
18349,2021-11-19,GA,Affiliate
495,2021-11-19,,Paid Social
2208,2021-11-20,NY,Referral
25124,2021-11-20,IL,Referral
21121,2021-11-20,WA,Paid Social
25639,2021-11-20,GA,Organic Search
26093,2021-11-20,,Paid Social
20865,2021-11-20,WA,Organic Search
10990,2021-11-20,IL,Paid Social
23057,2021-11-20,FL,Affiliate
5207,2021-11-20,NY,Email
28138,2021-11-20,IL,Organic Search
25827,2021-11-20,,Organic Search
18753,2021-11-20,,Organic Search
23990,2021-11-20,CA,Paid Social
13322,2021-11-20,FL,Paid Social
7202,2021-11-20,TX,Organic Search
24480,2021-11-20,NY,Paid Social
28304,2021-11-20,GA,Organic Search
27447,2021-11-20,TX,Affiliate
10092,2021-11-20,GA,Organic Search
13907,2021-11-20,FL,Affiliate
24268,2021-11-20,GA,Paid Social
1006,2021-11-20,CA,Paid Social
8,2021-11-20,CA,Referral
29168,2021-11-20,WA,Email
26613,2021-11-20,WA,Paid Social
2469,2021-11-20,WA,Paid Social
5647,2021-11-20,NY,Organic Search
14778,2021-11-20,IL,Organic Search
4334,2021-11-20,CA,Paid Social
21045,2021-11-20,,Referral
16303,2021-11-21,FL,Paid Social
21483,2021-11-21,CA,Organic Search
4065,2021-11-21,CA,Referral
1527,2021-11-21,WA,Organic Search
4498,2021-11-21,FL,Organic Search
28488,2021-11-21,,Paid Social
2551,2021-11-21,IL,Paid Social
18140,2021-11-21,,Referral
23855,2021-11-21,WA,Organic Search
13632,2021-11-21,IL,Organic Search
16311,2021-11-21,FL,Paid Social
15093,2021-11-21,IL,Paid Social
570,2021-11-21,WA,Paid Social
6476,2021-11-21,FL,Affiliate
14483,2021-11-21,NY,Organic Search
7122,2021-11-22,WA,Organic Search
18295,2021-11-22,NY,Email
28966,2021-11-22,,Paid Social
9386,2021-11-22,WA,Referral
8428,2021-11-22,GA,Affiliate
2597,2021-11-22,FL,Organic Search
13706,2021-11-22,FL,Organic Search
9376,2021-11-22,NY,Organic Search
27002,2021-11-22,WA,Organic Search
4472,2021-11-22,,Affiliate
3961,2021-11-22,CA,Paid Social
18735,2021-11-22,CA,Paid Social
29272,2021-11-22,TX,Paid Social
461,2021-11-22,GA,Organic Search
539,2021-11-22,,Paid Social
11624,2021-11-22,WA,Organic Search
10875,2021-11-22,IL,Affiliate
10562,2021-11-23,FL,Affiliate
29167,2021-11-23,FL,Organic Search
29829,2021-11-23,IL,Email
1104,2021-11-23,FL,Affiliate
6064,2021-11-23,NY,Paid Social
25208,2021-11-23,IL,Paid Social
21183,2021-11-23,WA,Organic Search
22208,2021-11-23,CA,Organic Search
1107,2021-11-23,WA,Paid Social
20357,2021-11-23,IL,Paid Social
16162,2021-11-23,WA,Paid Social
27383,2021-11-23,WA,Paid Social
19919,2021-11-23,TX,Referral
27462,2021-11-23,WA,Organic Search
12807,2021-11-23,NY,Organic Search
8043,2021-11-23,CA,Organic Search
19653,2021-11-23,FL,Paid Social
1422,2021-11-23,GA,Paid Social
17731,2021-11-23,WA,Paid Social
479,2021-11-24,IL,Affiliate
25107,2021-11-24,,Organic Search
22298,2021-11-24,WA,Email
24064,2021-11-24,GA,Email
14985,2021-11-24,,Email
2292,2021-11-24,FL,Organic Search
13617,2021-11-24,NY,Organic Search
18852,2021-11-24,IL,Organic Search
25727,2021-11-24,,Organic Search
6213,2021-11-24,GA,Paid Social
28507,2021-11-24,GA,Organic Search
3790,2021-11-24,FL,Affiliate
18906,2021-11-24,CA,Paid Social
7268,2021-11-24,,Paid Social
25025,2021-11-24,FL,Organic Search
6719,2021-11-24,WA,Organic Search
4157,2021-11-24,GA,Paid Social
5808,2021-11-24,CA,Affiliate
26815,2021-11-24,,Email
17847,2021-11-24,WA,Paid Social
18162,2021-11-24,FL,Email
15412,2021-11-24,,Paid Social
548,2021-11-24,TX,Paid Social
3623,2021-11-24,,Organic Search
13668,2021-11-24,GA,Organic Search
27150,2021-11-24,NY,Paid Social
21349,2021-11-24,GA,Email
29095,2021-11-24,,Organic Search
22143,2021-11-24,IL,Organic Search
22321,2021-11-24,IL,Paid Social
10733,2021-11-25,TX,Email
22896,2021-11-25,TX,Organic Search
24547,2021-11-25,GA,Paid Social
19607,2021-11-25,GA,Referral
135,2021-11-25,GA,Affiliate
17814,2021-11-25,NY,Organic Search
28037,2021-11-25,IL,Paid Social
13465,2021-11-25,TX,Paid Social
23357,2021-11-25,WA,Organic Search
25004,2021-11-25,IL,Affiliate
6100,2021-11-25,WA,Referral
21842,2021-11-25,,Email
19105,2021-11-25,CA,Paid Social
27961,2021-11-25,,Paid Social
18432,2021-11-25,CA,Email
29205,2021-11-25,CA,Organic Search
8904,2021-11-25,WA,Email
7185,2021-11-25,NY,Organic Search
18643,2021-11-25,NY,Paid Social
7713,2021-11-25,IL,Organic Search
5596,2021-11-25,,Paid Social
25133,2021-11-25,TX,Paid Social
10829,2021-11-25,WA,Referral
8459,2021-11-25,GA,Affiliate
11063,2021-11-25,IL,Referral
20038,2021-11-25,GA,Organic Search
24493,2021-11-25,GA,Organic Search
13370,2021-11-25,WA,Paid Social
16059,2021-11-25,GA,Paid Social
9993,2021-11-25,CA,Paid Social
10031,2021-11-26,WA,Organic Search
768,2021-11-26,GA,Referral
29071,2021-11-26,NY,Email
25255,2021-11-26,CA,Organic Search
19595,2021-11-26,FL,Paid Social
22232,2021-11-26,,Paid Social
7709,2021-11-26,,Paid Social
20585,2021-11-26,WA,Paid Social
27247,2021-11-26,NY,Affiliate
25376,2021-11-26,NY,Affiliate
17891,2021-11-26,TX,Paid Social
2330,2021-11-26,GA,Organic Search
25387,2021-11-26,WA,Paid Social
18424,2021-11-26,FL,Paid Social
15228,2021-11-26,,Paid Social
18453,2021-11-26,WA,Paid Social
12123,2021-11-26,TX,Paid Social
27981,2021-11-26,TX,Paid Social
26644,2021-11-26,FL,Referral
20322,2021-11-26,WA,Paid Social
16067,2021-11-26,GA,Organic Search
17692,2021-11-26,IL,Organic Search
17524,2021-11-26,WA,Email
24766,2021-11-26,TX,Referral
27254,2021-11-26,,Organic Search
29000,2021-11-26,FL,Affiliate
18828,2021-11-26,WA,Email
22941,2021-11-26,TX,Paid Social
8130,2021-11-26,GA,Organic Search
8702,2021-11-27,GA,Email
26981,2021-11-27,CA,Organic Search
17196,2021-11-27,,Paid Social
1044,2021-11-27,CA,Paid Social
2965,2021-11-27,,Referral
7581,2021-11-27,CA,Paid Social
557,2021-11-27,WA,Organic Search
18219,2021-11-27,,Organic Search
4362,2021-11-27,NY,Paid Social
14743,2021-11-27,GA,Email
3865,2021-11-27,FL,Organic Search
3531,2021-11-27,NY,Organic Search
25726,2021-11-27,TX,Organic Search
20009,2021-11-27,NY,Email
26508,2021-11-27,NY,Organic Search
2453,2021-11-27,GA,Paid Social
28811,2021-11-27,NY,Email
23729,2021-11-27,IL,Paid Social
15455,2021-11-27,FL,Organic Search
21487,2021-11-27,,Paid Social
11410,2021-11-27,WA,Paid Social
16972,2021-11-27,CA,Email
13504,2021-11-27,,Organic Search
3538,2021-11-27,GA,Paid Social
8659,2021-11-28,TX,Organic Search
11777,2021-11-28,CA,Organic Search
10617,2021-11-28,GA,Affiliate
5223,2021-11-28,CA,Organic Search
29017,2021-11-28,GA,Paid Social
19769,2021-11-28,IL,Email
7511,2021-11-28,TX,Email
29603,2021-11-28,CA,Paid Social
2928,2021-11-28,IL,Affiliate
21887,2021-11-28,TX,Paid Social
1543,2021-11-28,IL,Paid Social
25810,2021-11-28,IL,Referral
11893,2021-11-28,TX,Organic Search
9511,2021-11-28,,Paid Social
18986,2021-11-28,WA,Paid Social
181,2021-11-28,TX,Paid Social
15954,2021-11-28,TX,Paid Social
4719,2021-11-28,CA,Paid Social
20437,2021-11-28,FL,Organic Search
10333,2021-11-29,TX,Organic Search
26928,2021-11-29,IL,Organic Search
10547,2021-11-29,WA,Affiliate
20406,2021-11-29,,Paid Social
24155,2021-11-29,TX,Email
16923,2021-11-29,,Email
14925,2021-11-29,,Paid Social
15416,2021-11-29,,Email
25178,2021-11-29,GA,Email
3135,2021-11-29,GA,Organic Search
506,2021-11-29,GA,Organic Search
11789,2021-11-29,CA,Paid Social
23777,2021-11-29,CA,Email
28375,2021-11-29,FL,Paid Social
5659,2021-11-29,FL,Affiliate
1109,2021-11-29,IL,Paid Social
2319,2021-11-29,IL,Paid Social
4594,2021-11-29,CA,Paid Social
28595,2021-11-30,CA,Paid Social
781,2021-11-30,IL,Paid Social
26197,2021-11-30,FL,Paid Social
12594,2021-11-30,NY,Paid Social
8250,2021-11-30,,Email
1679,2021-11-30,NY,Organic Search
17191,2021-11-30,FL,Organic Search
19910,2021-11-30,IL,Email
13389,2021-11-30,NY,Paid Social
19332,2021-11-30,GA,Referral
8495,2021-11-30,WA,Organic Search
15541,2021-11-30,FL,Paid Social
14141,2021-11-30,CA,Paid Social
24526,2021-11-30,CA,Paid Social
24969,2021-11-30,,Paid Social
16475,2021-11-30,GA,Email
2004,2021-11-30,IL,Organic Search
28719,2021-11-30,GA,Organic Search
25700,2021-11-30,NY,Email
27424,2021-11-30,FL,Paid Social
29413,2021-11-30,GA,Organic Search
745,2021-11-30,,Organic Search
23872,2021-11-30,GA,Referral
13473,2021-11-30,NY,Organic Search
3242,2021-12-01,NY,Paid Social
25064,2021-12-01,TX,Organic Search
9176,2021-12-01,NY,Organic Search
8554,2021-12-01,GA,Paid Social
1648,2021-12-01,WA,Email
19471,2021-12-01,CA,Organic Search
13721,2021-12-01,IL,Paid Social
14677,2021-12-01,GA,Organic Search
16346,2021-12-01,TX,Paid Social
2730,2021-12-01,FL,Paid Social
20986,2021-12-01,IL,Organic Search
29509,2021-12-01,NY,Affiliate
20958,2021-12-01,IL,Affiliate
577,2021-12-01,WA,Organic Search
4766,2021-12-01,IL,Affiliate
19151,2021-12-01,CA,Paid Social
15463,2021-12-01,WA,Paid Social
3535,2021-12-01,NY,Organic Search
4344,2021-12-01,,Email
17396,2021-12-01,CA,Affiliate
15612,2021-12-01,WA,Email
25697,2021-12-01,NY,Paid Social
12159,2021-12-01,GA,Paid Social
15362,2021-12-01,CA,Organic Search
26656,2021-12-01,WA,Organic Search
16910,2021-12-02,IL,Organic Search
1478,2021-12-02,CA,Email
11779,2021-12-02,GA,Referral
5310,2021-12-02,NY,Referral
26390,2021-12-02,FL,Organic Search
24289,2021-12-02,IL,Paid Social
296,2021-12-02,TX,Paid Social
18914,2021-12-02,,Paid Social
29862,2021-12-02,WA,Organic Search
28577,2021-12-02,GA,Organic Search
23163,2021-12-02,CA,Email
17808,2021-12-02,NY,Email
14268,2021-12-02,FL,Organic Search
28625,2021-12-02,TX,Email
22018,2021-12-02,WA,Paid Social
3199,2021-12-02,NY,Organic Search
19839,2021-12-02,NY,Organic Search
4048,2021-12-02,WA,Paid Social
26726,2021-12-02,NY,Paid Social
783,2021-12-02,GA,Organic Search
19677,2021-12-02,CA,Paid Social
2871,2021-12-02,FL,Referral
17887,2021-12-02,GA,Paid Social
25016,2021-12-02,CA,Paid Social
18282,2021-12-02,,Organic Search
4989,2021-12-03,FL,Email
25613,2021-12-03,WA,Paid Social
25519,2021-12-03,FL,Paid Social
4106,2021-12-03,,Paid Social
253,2021-12-03,IL,Referral
28166,2021-12-03,CA,Organic Search
28350,2021-12-03,TX,Paid Social
28362,2021-12-03,NY,Paid Social
11681,2021-12-03,TX,Organic Search
2252,2021-12-03,CA,Affiliate
16990,2021-12-03,GA,Affiliate
17516,2021-12-03,CA,Affiliate
12585,2021-12-03,NY,Organic Search
7001,2021-12-03,IL,Organic Search
23106,2021-12-03,WA,Paid Social
2135,2021-12-03,TX,Email
22514,2021-12-03,FL,Email
25809,2021-12-03,,Paid Social
23823,2021-12-03,NY,Referral
24447,2021-12-03,IL,Paid Social
10373,2021-12-04,TX,Paid Social
14444,2021-12-04,WA,Email
28258,2021-12-04,IL,Paid Social
9610,2021-12-04,TX,Email
18274,2021-12-04,FL,Email
25184,2021-12-04,NY,Paid Social
10725,2021-12-04,NY,Paid Social
9651,2021-12-04,WA,Organic Search
7463,2021-12-04,FL,Affiliate
10499,2021-12-04,,Organic Search
6801,2021-12-04,,Organic Search
24194,2021-12-04,IL,Organic Search
13016,2021-12-04,FL,Paid Social
7197,2021-12-04,CA,Organic Search
27970,2021-12-04,WA,Affiliate
21074,2021-12-04,FL,Organic Search
19602,2021-12-04,IL,Organic Search
4259,2021-12-04,TX,Paid Social
16174,2021-12-04,CA,Affiliate
7836,2021-12-04,NY,Paid Social
4456,2021-12-04,WA,Organic Search
23843,2021-12-05,CA,Email
15763,2021-12-05,CA,Paid Social
23821,2021-12-05,CA,Paid Social
15911,2021-12-05,GA,Affiliate
25603,2021-12-05,FL,Paid Social
18846,2021-12-05,NY,Referral
3685,2021-12-05,GA,Paid Social
4651,2021-12-05,NY,Organic Search
22225,2021-12-05,,Paid Social
13452,2021-12-05,GA,Paid Social
19929,2021-12-05,CA,Affiliate
25663,2021-12-05,IL,Email
21750,2021-12-05,CA,Organic Search
4129,2021-12-05,WA,Organic Search
27899,2021-12-05,TX,Paid Social
7782,2021-12-05,,Organic Search
25353,2021-12-05,WA,Paid Social
24390,2021-12-05,WA,Affiliate
29793,2021-12-05,CA,Email
13115,2021-12-05,TX,Paid Social
20873,2021-12-05,CA,Organic Search
22432,2021-12-06,CA,Paid Social
12285,2021-12-06,IL,Organic Search
13282,2021-12-06,TX,Organic Search
1098,2021-12-06,FL,Organic Search
19764,2021-12-06,WA,Organic Search
13369,2021-12-06,CA,Email
6840,2021-12-06,WA,Affiliate
7508,2021-12-06,FL,Paid Social
18661,2021-12-06,NY,Organic Search
18430,2021-12-06,NY,Organic Search
27768,2021-12-06,IL,Paid Social
27448,2021-12-06,NY,Organic Search
21754,2021-12-06,FL,Organic Search
8140,2021-12-06,GA,Organic Search
8342,2021-12-06,IL,Paid Social
12711,2021-12-06,FL,Organic Search
28030,2021-12-06,TX,Affiliate
25308,2021-12-06,,Referral
5286,2021-12-06,CA,Email
791,2021-12-06,GA,Organic Search
13795,2021-12-06,WA,Referral
13508,2021-12-06,WA,Email
26701,2021-12-06,GA,Organic Search
14242,2021-12-06,NY,Referral
3173,2021-12-06,NY,Organic Search
23979,2021-12-07,NY,Paid Social
1182,2021-12-07,FL,Paid Social
9156,2021-12-07,NY,Organic Search
28852,2021-12-07,FL,Paid Social
17718,2021-12-07,FL,Paid Social
29074,2021-12-07,FL,Organic Search
14231,2021-12-07,IL,Organic Search
19382,2021-12-07,CA,Organic Search
12772,2021-12-07,TX,Paid Social
27669,2021-12-07,IL,Organic Search
5953,2021-12-07,GA,Email
12331,2021-12-07,FL,Paid Social
18622,2021-12-07,IL,Paid Social
21652,2021-12-07,FL,Paid Social
7059,2021-12-07,CA,Referral
1121,2021-12-07,FL,Referral
22493,2021-12-07,FL,Referral
8007,2021-12-07,WA,Email
19515,2021-12-07,FL,Paid Social
800,2021-12-07,NY,Affiliate
929,2021-12-07,FL,Paid Social
24671,2021-12-07,IL,Organic Search
8203,2021-12-07,NY,Affiliate
5688,2021-12-07,,Affiliate
20514,2021-12-08,CA,Paid Social
11080,2021-12-08,IL,Email
8083,2021-12-08,NY,Organic Search
21418,2021-12-08,IL,Affiliate
16274,2021-12-08,CA,Paid Social
6638,2021-12-08,,Paid Social
9437,2021-12-08,,Email
26181,2021-12-08,CA,Paid Social
5109,2021-12-08,CA,Email
26971,2021-12-08,NY,Email
23105,2021-12-08,FL,Paid Social
18535,2021-12-08,IL,Email
16915,2021-12-08,,Organic Search
3857,2021-12-08,IL,Paid Social
20148,2021-12-08,TX,Organic Search
18454,2021-12-08,TX,Organic Search
29295,2021-12-08,CA,Organic Search
13486,2021-12-08,IL,Affiliate
20994,2021-12-08,NY,Organic Search
21030,2021-12-08,NY,Paid Social
7361,2021-12-08,,Email
22238,2021-12-08,GA,Affiliate
7989,2021-12-08,IL,Email
11127,2021-12-08,CA,Email
13701,2021-12-09,,Affiliate
27208,2021-12-09,IL,Organic Search
6255,2021-12-09,TX,Paid Social
14789,2021-12-09,FL,Organic Search
6875,2021-12-09,GA,Referral
13972,2021-12-09,CA,Paid Social
23060,2021-12-09,CA,Organic Search
3746,2021-12-09,GA,Organic Search
1763,2021-12-09,WA,Organic Search
10491,2021-12-09,CA,Organic Search
5116,2021-12-09,GA,Paid Social
14720,2021-12-09,NY,Paid Social
13871,2021-12-09,IL,Email
11879,2021-12-09,FL,Paid Social
16372,2021-12-09,,Email
15937,2021-12-09,TX,Paid Social
14163,2021-12-09,WA,Email
17352,2021-12-09,GA,Email
7330,2021-12-09,GA,Paid Social
26690,2021-12-09,FL,Email
7521,2021-12-09,,Paid Social
18362,2021-12-09,CA,Paid Social
27683,2021-12-09,IL,Paid Social
6612,2021-12-10,GA,Email
9059,2021-12-10,WA,Organic Search
9762,2021-12-10,,Organic Search
11548,2021-12-10,GA,Affiliate
14560,2021-12-10,,Organic Search
24823,2021-12-10,NY,Paid Social
16651,2021-12-10,TX,Organic Search
18768,2021-12-10,TX,Paid Social
18924,2021-12-10,,Organic Search
5418,2021-12-10,WA,Paid Social
22316,2021-12-10,NY,Organic Search
7700,2021-12-10,TX,Organic Search
16214,2021-12-10,TX,Paid Social
12433,2021-12-10,IL,Referral
13113,2021-12-10,GA,Organic Search
4914,2021-12-10,FL,Organic Search
8157,2021-12-10,TX,Email
20356,2021-12-10,FL,Referral
2585,2021-12-10,NY,Paid Social
21510,2021-12-10,NY,Paid Social
1004,2021-12-10,CA,Email
19450,2021-12-10,TX,Organic Search
13611,2021-12-10,,Paid Social
17193,2021-12-11,,Paid Social
3072,2021-12-11,TX,Paid Social
20401,2021-12-11,WA,Email
17243,2021-12-11,TX,Paid Social
11871,2021-12-11,,Affiliate
12924,2021-12-11,FL,Affiliate
15703,2021-12-11,WA,Paid Social
22814,2021-12-11,TX,Paid Social
100,2021-12-11,,Organic Search
9467,2021-12-11,CA,Affiliate
25587,2021-12-11,,Organic Search
23619,2021-12-11,CA,Paid Social
6090,2021-12-11,NY,Organic Search
24625,2021-12-11,GA,Organic Search
24471,2021-12-11,TX,Paid Social
5685,2021-12-11,WA,Organic Search
27564,2021-12-11,,Email
27453,2021-12-11,,Email
23177,2021-12-11,CA,Paid Social
24082,2021-12-11,GA,Organic Search
9124,2021-12-11,IL,Referral
25148,2021-12-11,TX,Affiliate
8163,2021-12-11,GA,Paid Social
4485,2021-12-12,FL,Organic Search
7714,2021-12-12,TX,Paid Social
13923,2021-12-12,FL,Organic Search
566,2021-12-12,TX,Paid Social
13455,2021-12-12,TX,Paid Social
16046,2021-12-12,,Paid Social
26489,2021-12-12,,Paid Social
15692,2021-12-12,WA,Paid Social
12354,2021-12-12,NY,Paid Social
10627,2021-12-12,TX,Email
675,2021-12-12,GA,Paid Social
6060,2021-12-12,IL,Email
341,2021-12-12,IL,Paid Social
12788,2021-12-12,FL,Affiliate
12855,2021-12-12,NY,Paid Social
2274,2021-12-12,WA,Paid Social
15823,2021-12-12,TX,Email
17816,2021-12-12,GA,Organic Search
24465,2021-12-13,FL,Paid Social
28351,2021-12-13,GA,Affiliate
19589,2021-12-13,CA,Paid Social
19758,2021-12-13,,Paid Social
2172,2021-12-13,CA,Organic Search
28888,2021-12-13,IL,Organic Search
25971,2021-12-13,,Paid Social
22160,2021-12-13,CA,Paid Social
5684,2021-12-13,WA,Organic Search
8319,2021-12-13,TX,Referral
13459,2021-12-13,FL,Affiliate
6709,2021-12-13,CA,Paid Social
17089,2021-12-13,CA,Paid Social
19648,2021-12-13,CA,Email
19238,2021-12-13,,Organic Search
11760,2021-12-13,IL,Paid Social
13287,2021-12-13,TX,Referral
13290,2021-12-13,GA,Organic Search
1314,2021-12-13,TX,Email
9911,2021-12-14,CA,Paid Social
12374,2021-12-14,NY,Organic Search
22455,2021-12-14,TX,Email
4138,2021-12-14,CA,Paid Social
22788,2021-12-14,IL,Affiliate
19517,2021-12-14,IL,Email
17804,2021-12-14,,Organic Search
28073,2021-12-14,WA,Affiliate
1479,2021-12-14,NY,Email
26272,2021-12-14,FL,Organic Search
17543,2021-12-14,IL,Paid Social
5586,2021-12-14,IL,Organic Search
14984,2021-12-14,,Paid Social
24717,2021-12-14,NY,Paid Social
10126,2021-12-14,WA,Email
13873,2021-12-14,WA,Paid Social
10164,2021-12-14,FL,Paid Social
15517,2021-12-14,GA,Organic Search
11874,2021-12-14,CA,Paid Social
1502,2021-12-14,CA,Paid Social
13171,2021-12-14,CA,Paid Social
10093,2021-12-14,,Paid Social
7626,2021-12-14,TX,Paid Social
13825,2021-12-14,FL,Paid Social
8221,2021-12-14,GA,Referral
8661,2021-12-14,FL,Paid Social
4663,2021-12-14,CA,Paid Social
15341,2021-12-14,TX,Email
9763,2021-12-15,NY,Affiliate
3308,2021-12-15,CA,Organic Search
6281,2021-12-15,IL,Email
6327,2021-12-15,IL,Affiliate
18617,2021-12-15,IL,Paid Social
26479,2021-12-15,NY,Paid Social
2735,2021-12-15,IL,Affiliate
10988,2021-12-15,FL,Organic Search
233,2021-12-15,,Paid Social
15173,2021-12-15,GA,Email
20369,2021-12-15,IL,Organic Search
13677,2021-12-15,WA,Paid Social
8004,2021-12-15,WA,Affiliate
17048,2021-12-15,CA,Affiliate
29744,2021-12-15,,Paid Social
15884,2021-12-15,CA,Organic Search
23050,2021-12-15,NY,Affiliate
12852,2021-12-15,,Paid Social
1102,2021-12-15,CA,Affiliate
5015,2021-12-15,CA,Organic Search
4553,2021-12-15,CA,Organic Search
14170,2021-12-15,TX,Paid Social
12813,2021-12-15,,Organic Search
903,2021-12-15,GA,Organic Search
11950,2021-12-15,GA,Email
20761,2021-12-15,WA,Paid Social
18676,2021-12-15,NY,Paid Social
26018,2021-12-15,WA,Affiliate
22812,2021-12-15,GA,Organic Search
11480,2021-12-16,CA,Email
26937,2021-12-16,,Email
3969,2021-12-16,GA,Paid Social
4839,2021-12-16,,Organic Search
28780,2021-12-16,NY,Email
5199,2021-12-16,NY,Paid Social
19073,2021-12-16,FL,Paid Social
16436,2021-12-16,IL,Paid Social
3818,2021-12-16,,Email
7634,2021-12-16,TX,Affiliate
14276,2021-12-16,IL,Organic Search
18159,2021-12-16,WA,Paid Social
2938,2021-12-16,,Paid Social
12045,2021-12-16,GA,Email
27058,2021-12-16,FL,Paid Social
21763,2021-12-16,GA,Paid Social
26057,2021-12-16,,Organic Search
3516,2021-12-16,IL,Affiliate
7824,2021-12-16,,Email
29360,2021-12-16,TX,Email
17518,2021-12-16,,Paid Social
13883,2021-12-16,IL,Paid Social
21946,2021-12-16,IL,Organic Search
26248,2021-12-16,GA,Paid Social
11183,2021-12-16,FL,Email
17025,2021-12-17,NY,Email
17045,2021-12-17,WA,Organic Search
11303,2021-12-17,WA,Paid Social
23756,2021-12-17,WA,Organic Search
23772,2021-12-17,WA,Paid Social
6702,2021-12-17,TX,Email
6893,2021-12-17,IL,Affiliate
6933,2021-12-17,FL,Paid Social
28225,2021-12-17,WA,Organic Search
28135,2021-12-17,IL,Paid Social
13875,2021-12-17,WA,Paid Social
12838,2021-12-17,TX,Paid Social
27403,2021-12-17,GA,Paid Social
22680,2021-12-17,NY,Email
6953,2021-12-17,TX,Paid Social
14080,2021-12-17,TX,Paid Social
24667,2021-12-17,TX,Paid Social
23120,2021-12-17,TX,Paid Social
19317,2021-12-17,GA,Organic Search
8123,2021-12-17,GA,Organic Search
3987,2021-12-17,WA,Organic Search
7589,2021-12-17,CA,Paid Social
20744,2021-12-17,IL,Affiliate
10961,2021-12-17,WA,Paid Social
18356,2021-12-17,TX,Paid Social
16236,2021-12-17,,Paid Social
13667,2021-12-17,TX,Paid Social
18857,2021-12-17,IL,Organic Search
14824,2021-12-17,CA,Organic Search
11636,2021-12-17,CA,Paid Social
26598,2021-12-17,FL,Paid Social
25318,2021-12-17,IL,Organic Search
19696,2021-12-17,TX,Organic Search
19282,2021-12-18,TX,Affiliate
10504,2021-12-18,GA,Paid Social
12552,2021-12-18,IL,Organic Search
1224,2021-12-18,NY,Affiliate
23085,2021-12-18,GA,Paid Social
26137,2021-12-18,NY,Paid Social
12310,2021-12-18,,Email
15401,2021-12-18,,Paid Social
3666,2021-12-18,,Paid Social
19989,2021-12-18,,Organic Search
15070,2021-12-18,GA,Affiliate
26157,2021-12-18,IL,Email
18069,2021-12-18,IL,Paid Social
8800,2021-12-18,IL,Paid Social
3963,2021-12-18,TX,Organic Search
18798,2021-12-18,NY,Referral
11185,2021-12-18,GA,Paid Social
25039,2021-12-18,GA,Paid Social
22649,2021-12-18,TX,Paid Social
12472,2021-12-18,CA,Paid Social
12662,2021-12-18,WA,Paid Social
13390,2021-12-18,IL,Organic Search
17613,2021-12-18,IL,Email
9715,2021-12-18,WA,Paid Social
28664,2021-12-18,,Email
27242,2021-12-19,WA,Referral
18443,2021-12-19,TX,Affiliate
4751,2021-12-19,WA,Paid Social
27284,2021-12-19,NY,Paid Social
22852,2021-12-19,,Organic Search
29779,2021-12-19,WA,Paid Social
19431,2021-12-19,,Affiliate
25202,2021-12-19,NY,Paid Social
12526,2021-12-19,IL,Paid Social
2683,2021-12-19,GA,Organic Search
15039,2021-12-19,NY,Referral
4403,2021-12-19,FL,Organic Search
16420,2021-12-19,IL,Paid Social
13015,2021-12-19,WA,Affiliate
16361,2021-12-19,TX,Paid Social
7475,2021-12-19,FL,Paid Social
28269,2021-12-19,TX,Paid Social
7431,2021-12-19,GA,Organic Search
19678,2021-12-19,TX,Paid Social
1254,2021-12-19,,Organic Search
27835,2021-12-19,IL,Referral
17701,2021-12-19,IL,Email
20096,2021-12-19,NY,Paid Social
27523,2021-12-19,IL,Organic Search
20110,2021-12-19,,Paid Social
20435,2021-12-19,CA,Paid Social
18962,2021-12-19,GA,Organic Search
3162,2021-12-19,FL,Organic Search
9132,2021-12-19,CA,Email
6019,2021-12-19,IL,Paid Social
17426,2021-12-20,NY,Organic Search
25234,2021-12-20,WA,Paid Social
4142,2021-12-20,CA,Organic Search
4730,2021-12-20,GA,Organic Search
11170,2021-12-20,FL,Organic Search
27125,2021-12-20,TX,Organic Search
1055,2021-12-20,NY,Affiliate
18358,2021-12-20,CA,Paid Social
18386,2021-12-20,FL,Email
17678,2021-12-20,GA,Organic Search
8668,2021-12-20,CA,Organic Search
20696,2021-12-20,FL,Paid Social
1371,2021-12-20,IL,Affiliate
21251,2021-12-20,NY,Email
22614,2021-12-20,,Organic Search
23446,2021-12-20,WA,Paid Social
5801,2021-12-20,GA,Organic Search
28171,2021-12-20,TX,Paid Social
12431,2021-12-20,GA,Affiliate
10023,2021-12-20,,Affiliate
5441,2021-12-20,FL,Paid Social
29407,2021-12-20,CA,Organic Search
2378,2021-12-20,IL,Email
4409,2021-12-20,TX,Paid Social
20450,2021-12-20,CA,Affiliate
28380,2021-12-20,WA,Affiliate
251,2021-12-20,IL,Organic Search
9657,2021-12-21,TX,Affiliate
1608,2021-12-21,FL,Email
15889,2021-12-21,WA,Paid Social
17988,2021-12-21,GA,Referral
17881,2021-12-21,NY,Organic Search
22638,2021-12-21,TX,Organic Search
28565,2021-12-21,TX,Paid Social
3462,2021-12-21,FL,Organic Search
16932,2021-12-21,GA,Paid Social
17394,2021-12-21,FL,Email
29029,2021-12-21,IL,Paid Social
917,2021-12-21,TX,Organic Search
29909,2021-12-21,TX,Organic Search
9879,2021-12-21,IL,Email
11414,2021-12-21,,Organic Search
10182,2021-12-21,GA,Paid Social
1448,2021-12-21,IL,Email
20693,2021-12-22,TX,Email
3613,2021-12-22,WA,Paid Social
24731,2021-12-22,,Paid Social
1508,2021-12-22,GA,Paid Social
28509,2021-12-22,,Organic Search
921,2021-12-22,TX,Referral
23143,2021-12-22,IL,Paid Social
8886,2021-12-22,FL,Paid Social
16998,2021-12-22,,Paid Social
15209,2021-12-22,GA,Organic Search
4587,2021-12-22,IL,Paid Social
7247,2021-12-22,NY,Paid Social
185,2021-12-22,IL,Organic Search
7152,2021-12-22,GA,Organic Search
1562,2021-12-22,WA,Organic Search
19757,2021-12-22,WA,Organic Search
23472,2021-12-22,IL,Paid Social
17204,2021-12-22,IL,Paid Social
15773,2021-12-22,CA,Organic Search
4352,2021-12-22,FL,Paid Social
26490,2021-12-22,FL,Email
15500,2021-12-22,CA,Referral
7546,2021-12-23,IL,Organic Search
7940,2021-12-23,TX,Paid Social
26081,2021-12-23,IL,Paid Social
8983,2021-12-23,CA,Paid Social
1842,2021-12-23,FL,Paid Social
24636,2021-12-23,GA,Paid Social
2462,2021-12-23,TX,Referral
13739,2021-12-23,GA,Organic Search
5306,2021-12-23,NY,Paid Social
20989,2021-12-23,GA,Paid Social
21091,2021-12-23,,Paid Social
6153,2021-12-23,TX,Organic Search
6507,2021-12-23,TX,Email
11541,2021-12-23,CA,Email
6752,2021-12-23,TX,Paid Social
8735,2021-12-23,FL,Paid Social
28377,2021-12-23,FL,Affiliate
12880,2021-12-23,,Organic Search
10723,2021-12-23,IL,Paid Social
25360,2021-12-23,GA,Organic Search
17337,2021-12-23,NY,Organic Search
2440,2021-12-23,GA,Organic Search
24105,2021-12-23,GA,Paid Social
15314,2021-12-23,FL,Organic Search
6615,2021-12-23,WA,Organic Search
28231,2021-12-23,FL,Organic Search
27687,2021-12-23,TX,Email
4465,2021-12-23,WA,Paid Social
10513,2021-12-24,IL,Paid Social
23371,2021-12-24,,Organic Search
14754,2021-12-24,WA,Paid Social
13729,2021-12-24,TX,Organic Search
4641,2021-12-24,GA,Affiliate
25516,2021-12-24,NY,Organic Search
10024,2021-12-24,FL,Organic Search
13981,2021-12-24,NY,Organic Search
14812,2021-12-24,WA,Paid Social
21460,2021-12-24,FL,Email
17230,2021-12-24,NY,Organic Search
14584,2021-12-24,NY,Paid Social
19128,2021-12-24,CA,Paid Social
23657,2021-12-24,FL,Organic Search
26609,2021-12-24,WA,Organic Search
1757,2021-12-24,CA,Affiliate
22712,2021-12-24,CA,Paid Social
21087,2021-12-24,WA,Affiliate
15753,2021-12-24,CA,Paid Social
15260,2021-12-24,CA,Paid Social
4728,2021-12-24,IL,Email
7129,2021-12-24,,Paid Social
27430,2021-12-24,FL,Organic Search
29100,2021-12-24,TX,Paid Social
23635,2021-12-24,FL,Affiliate
26249,2021-12-25,TX,Organic Search
7942,2021-12-25,CA,Paid Social
3578,2021-12-25,TX,Paid Social
4673,2021-12-25,NY,Email
11545,2021-12-25,GA,Paid Social
1653,2021-12-25,NY,Organic Search
1389,2021-12-25,TX,Affiliate
12459,2021-12-25,TX,Paid Social
6551,2021-12-25,FL,Paid Social
26822,2021-12-25,,Paid Social
14302,2021-12-25,WA,Paid Social
20300,2021-12-25,GA,Organic Search
8789,2021-12-25,CA,Organic Search
12395,2021-12-25,FL,Email
178,2021-12-25,NY,Paid Social
2295,2021-12-25,WA,Organic Search
19497,2021-12-25,FL,Referral
22811,2021-12-25,WA,Paid Social
16693,2021-12-25,IL,Email
17620,2021-12-25,NY,Organic Search
21502,2021-12-25,WA,Organic Search
19078,2021-12-25,GA,Organic Search
8415,2021-12-26,NY,Organic Search
5581,2021-12-26,FL,Organic Search
18389,2021-12-26,NY,Email
20858,2021-12-26,CA,Paid Social
19115,2021-12-26,CA,Paid Social
19098,2021-12-26,FL,Paid Social
16853,2021-12-26,,Paid Social
7568,2021-12-26,NY,Organic Search
2709,2021-12-26,WA,Organic Search
4046,2021-12-26,FL,Paid Social
2438,2021-12-26,GA,Paid Social
24222,2021-12-26,FL,Affiliate
756,2021-12-26,CA,Email
24265,2021-12-27,CA,Affiliate
29432,2021-12-27,CA,Affiliate
29464,2021-12-27,,Organic Search
17347,2021-12-27,,Paid Social
19681,2021-12-27,GA,Email
15144,2021-12-27,TX,Paid Social
19534,2021-12-27,,Referral
11045,2021-12-27,TX,Paid Social
2097,2021-12-27,NY,Paid Social
5629,2021-12-27,CA,Paid Social
18296,2021-12-27,NY,Paid Social
15579,2021-12-27,,Email
6883,2021-12-27,TX,Paid Social
3419,2021-12-27,,Organic Search
20213,2021-12-27,TX,Organic Search
7058,2021-12-27,WA,Organic Search
25677,2021-12-27,IL,Organic Search
22645,2021-12-27,FL,Email
6552,2021-12-27,TX,Paid Social
2474,2021-12-27,CA,Email
19294,2021-12-27,WA,Email
24632,2021-12-27,NY,Affiliate
12695,2021-12-27,FL,Email
2338,2021-12-27,CA,Paid Social
7778,2021-12-27,GA,Email
17607,2021-12-27,GA,Organic Search
5385,2021-12-28,TX,Paid Social
27268,2021-12-28,NY,Email
21262,2021-12-28,IL,Paid Social
19969,2021-12-28,WA,Paid Social
29797,2021-12-28,FL,Affiliate
16307,2021-12-28,CA,Organic Search
9353,2021-12-28,IL,Referral
19378,2021-12-28,CA,Paid Social
24098,2021-12-28,CA,Affiliate
25406,2021-12-28,FL,Paid Social
19716,2021-12-28,CA,Organic Search
18126,2021-12-28,GA,Organic Search
18623,2021-12-28,GA,Paid Social
12541,2021-12-28,NY,Organic Search
28409,2021-12-28,NY,Organic Search
347,2021-12-28,FL,Paid Social
14982,2021-12-28,GA,Paid Social
7611,2021-12-28,GA,Paid Social
20054,2021-12-28,WA,Paid Social
15752,2021-12-28,GA,Email
163,2021-12-28,CA,Paid Social
11899,2021-12-28,CA,Paid Social
29982,2021-12-28,NY,Paid Social
18503,2021-12-28,FL,Email
10934,2021-12-28,,Email
23506,2021-12-29,WA,Organic Search
11220,2021-12-29,GA,Paid Social
23807,2021-12-29,,Paid Social
18890,2021-12-29,GA,Organic Search
25277,2021-12-29,,Paid Social
23906,2021-12-29,WA,Organic Search
17785,2021-12-29,NY,Organic Search
18818,2021-12-29,WA,Organic Search
13289,2021-12-29,IL,Organic Search
6642,2021-12-29,WA,Email
7459,2021-12-29,IL,Organic Search
17894,2021-12-29,CA,Paid Social
15481,2021-12-29,NY,Paid Social
2061,2021-12-29,NY,Organic Search
26488,2021-12-29,TX,Paid Social
26016,2021-12-29,TX,Organic Search
3000,2021-12-29,FL,Referral
7060,2021-12-29,IL,Affiliate
2367,2021-12-29,NY,Organic Search
4325,2021-12-29,NY,Email
14594,2021-12-29,TX,Paid Social
18327,2021-12-29,,Paid Social
8862,2021-12-30,CA,Email
23271,2021-12-30,IL,Paid Social
9528,2021-12-30,NY,Organic Search
23435,2021-12-30,IL,Paid Social
10294,2021-12-30,TX,Paid Social
13112,2021-12-30,GA,Paid Social
23222,2021-12-30,GA,Paid Social
19019,2021-12-30,WA,Paid Social
20612,2021-12-30,WA,Paid Social
15160,2021-12-30,NY,Paid Social
16793,2021-12-30,IL,Affiliate
7990,2021-12-30,FL,Email
29391,2021-12-30,CA,Organic Search
6143,2021-12-30,GA,Organic Search
28404,2021-12-30,TX,Paid Social
21849,2021-12-30,FL,Organic Search
14547,2021-12-30,IL,Paid Social
4759,2021-12-30,,Paid Social
5044,2021-12-30,TX,Paid Social
5882,2021-12-30,GA,Paid Social
26700,2021-12-30,WA,Paid Social
20126,2021-12-30,WA,Organic Search
25266,2021-12-30,IL,Organic Search
288,2021-12-30,NY,Paid Social
27323,2021-12-31,NY,Referral
18509,2021-12-31,TX,Organic Search
367,2021-12-31,,Affiliate
17822,2021-12-31,CA,Organic Search
15263,2021-12-31,TX,Paid Social
15534,2021-12-31,IL,Organic Search
1280,2021-12-31,TX,Paid Social
14625,2021-12-31,IL,Paid Social
19652,2021-12-31,WA,Paid Social
26852,2021-12-31,NY,Organic Search
6996,2021-12-31,FL,Paid Social
15317,2021-12-31,NY,Organic Search
25311,2021-12-31,,Email
11490,2021-12-31,TX,Paid Social
7484,2021-12-31,NY,Paid Social
23027,2021-12-31,,Email
28926,2021-12-31,FL,Email
9171,2021-12-31,TX,Organic Search
23033,2021-12-31,GA,Organic Search
21695,2021-12-31,,Organic Search
13925,2022-01-01,,Paid Social
28723,2022-01-01,WA,Organic Search
14471,2022-01-01,FL,Referral
12950,2022-01-01,IL,Organic Search
813,2022-01-01,CA,Organic Search
29152,2022-01-01,WA,Paid Social
26583,2022-01-01,,Organic Search
9110,2022-01-01,WA,Email
17277,2022-01-01,TX,Paid Social
7372,2022-01-01,NY,Paid Social
12941,2022-01-01,FL,Organic Search
7937,2022-01-01,TX,Paid Social
16570,2022-01-01,IL,Organic Search
26004,2022-01-01,IL,Paid Social
2449,2022-01-01,,Organic Search
3009,2022-01-01,IL,Paid Social
16087,2022-01-01,NY,Paid Social
15278,2022-01-01,NY,Paid Social
3553,2022-01-01,GA,Paid Social
3362,2022-01-01,CA,Organic Search
18032,2022-01-01,IL,Paid Social
18053,2022-01-01,WA,Email
18377,2022-01-01,WA,Email
29724,2022-01-02,CA,Organic Search
24918,2022-01-02,WA,Referral
14563,2022-01-02,WA,Paid Social
16995,2022-01-02,WA,Paid Social
25069,2022-01-02,WA,Referral
22207,2022-01-02,TX,Paid Social
17530,2022-01-02,,Paid Social
2226,2022-01-02,IL,Paid Social
27804,2022-01-02,GA,Organic Search
7338,2022-01-02,,Organic Search
24270,2022-01-02,GA,Organic Search
14468,2022-01-02,GA,Affiliate
9549,2022-01-02,GA,Paid Social
14447,2022-01-02,GA,Referral
6853,2022-01-02,CA,Affiliate
9754,2022-01-02,TX,Email
13270,2022-01-03,WA,Referral
496,2022-01-03,,Paid Social
17508,2022-01-03,GA,Paid Social
20651,2022-01-03,,Paid Social
21046,2022-01-03,TX,Email
9147,2022-01-03,IL,Paid Social
13626,2022-01-03,,Paid Social
11245,2022-01-03,WA,Organic Search
8846,2022-01-03,GA,Email
3543,2022-01-03,CA,Organic Search
28645,2022-01-03,TX,Email
17013,2022-01-03,WA,Paid Social
29126,2022-01-03,IL,Affiliate
29688,2022-01-03,CA,Affiliate
12243,2022-01-03,FL,Referral
19642,2022-01-03,CA,Referral
8265,2022-01-03,WA,Email
4605,2022-01-03,GA,Email
24048,2022-01-04,,Paid Social
21210,2022-01-04,IL,Organic Search
27212,2022-01-04,NY,Organic Search
27546,2022-01-04,IL,Paid Social
21284,2022-01-04,,Email
7317,2022-01-04,TX,Organic Search
19656,2022-01-04,,Paid Social
206,2022-01-04,CA,Organic Search
8984,2022-01-04,WA,Paid Social
15847,2022-01-04,CA,Email
25328,2022-01-04,IL,Organic Search
29508,2022-01-04,GA,Email
23081,2022-01-04,TX,Paid Social
15244,2022-01-04,,Affiliate
25768,2022-01-04,,Affiliate
12249,2022-01-04,GA,Organic Search
2207,2022-01-04,,Organic Search
10046,2022-01-04,FL,Paid Social
11595,2022-01-04,TX,Referral
5933,2022-01-04,FL,Organic Search
9113,2022-01-04,IL,Paid Social
9583,2022-01-04,IL,Organic Search
10022,2022-01-04,TX,Organic Search
19694,2022-01-04,NY,Paid Social
15363,2022-01-04,WA,Organic Search
28853,2022-01-05,GA,Paid Social
28169,2022-01-05,CA,Email
16068,2022-01-05,,Organic Search
25747,2022-01-05,FL,Organic Search
16423,2022-01-05,,Organic Search
1498,2022-01-05,NY,Paid Social
8291,2022-01-05,TX,Affiliate
10233,2022-01-05,WA,Referral
17101,2022-01-05,IL,Email
19126,2022-01-05,TX,Paid Social
2989,2022-01-05,GA,Email
497,2022-01-05,CA,Paid Social
22047,2022-01-05,,Organic Search
19832,2022-01-05,NY,Organic Search
24243,2022-01-05,TX,Paid Social
22828,2022-01-05,IL,Email
27018,2022-01-05,CA,Affiliate
24232,2022-01-05,FL,Paid Social
13035,2022-01-05,WA,Organic Search
6432,2022-01-05,CA,Affiliate
9133,2022-01-05,WA,Paid Social
16147,2022-01-05,IL,Email
22269,2022-01-05,,Paid Social
24401,2022-01-05,TX,Email
4399,2022-01-05,WA,Organic Search
6573,2022-01-05,WA,Organic Search
1127,2022-01-05,FL,Organic Search
3684,2022-01-05,TX,Organic Search
25878,2022-01-05,CA,Paid Social
607,2022-01-05,WA,Organic Search
9452,2022-01-05,TX,Paid Social
10683,2022-01-05,,Organic Search
23123,2022-01-06,GA,Organic Search
16765,2022-01-06,CA,Email
11553,2022-01-06,NY,Email
21153,2022-01-06,CA,Paid Social
6632,2022-01-06,NY,Organic Search
28619,2022-01-06,,Paid Social
9597,2022-01-06,FL,Paid Social
16271,2022-01-06,WA,Paid Social
27300,2022-01-06,GA,Organic Search
27082,2022-01-06,,Referral
18776,2022-01-06,CA,Email
12326,2022-01-06,GA,Email
25847,2022-01-06,GA,Paid Social
8871,2022-01-06,CA,Affiliate
2613,2022-01-06,TX,Organic Search
27409,2022-01-06,IL,Organic Search
7350,2022-01-06,,Affiliate
3558,2022-01-06,IL,Paid Social
13009,2022-01-06,WA,Organic Search
17836,2022-01-06,FL,Organic Search
18862,2022-01-06,WA,Paid Social
10596,2022-01-06,GA,Email
1860,2022-01-06,CA,Email
13265,2022-01-06,CA,Paid Social
20802,2022-01-07,CA,Referral
22301,2022-01-07,TX,Organic Search
9345,2022-01-07,FL,Organic Search
6397,2022-01-07,IL,Paid Social
26715,2022-01-07,WA,Organic Search
16008,2022-01-07,,Organic Search
22201,2022-01-07,FL,Organic Search
778,2022-01-07,FL,Email
686,2022-01-07,FL,Paid Social
28810,2022-01-07,GA,Affiliate
24042,2022-01-07,FL,Paid Social
24003,2022-01-07,NY,Organic Search
29609,2022-01-07,WA,Paid Social
24700,2022-01-07,FL,Organic Search
25664,2022-01-07,GA,Organic Search
19718,2022-01-07,WA,Email
14568,2022-01-07,TX,Referral
28832,2022-01-08,TX,Paid Social
27714,2022-01-08,IL,Paid Social
29246,2022-01-08,IL,Referral
17947,2022-01-08,CA,Paid Social
15501,2022-01-08,WA,Affiliate
22380,2022-01-08,IL,Referral
10866,2022-01-08,TX,Affiliate
12034,2022-01-08,IL,Paid Social
23110,2022-01-08,WA,Paid Social
18733,2022-01-08,TX,Paid Social
28650,2022-01-08,IL,Organic Search
11396,2022-01-08,GA,Organic Search
10516,2022-01-08,NY,Paid Social
23775,2022-01-08,CA,Paid Social
29541,2022-01-08,IL,Paid Social
20221,2022-01-08,CA,Organic Search
23073,2022-01-08,WA,Paid Social
18208,2022-01-08,CA,Email
28777,2022-01-08,TX,Paid Social
29672,2022-01-08,GA,Affiliate
21245,2022-01-08,NY,Paid Social
27901,2022-01-08,IL,Paid Social
23746,2022-01-08,CA,Organic Search
15207,2022-01-09,IL,Email
23146,2022-01-09,CA,Paid Social
19869,2022-01-09,CA,Paid Social
25996,2022-01-09,TX,Paid Social
17928,2022-01-09,IL,Organic Search
13482,2022-01-09,NY,Organic Search
26052,2022-01-09,WA,Paid Social
10947,2022-01-09,IL,Organic Search
1029,2022-01-09,TX,Paid Social
6168,2022-01-09,NY,Affiliate
26147,2022-01-09,GA,Organic Search
17227,2022-01-09,GA,Paid Social
19688,2022-01-09,FL,Paid Social
7828,2022-01-09,GA,Paid Social
18686,2022-01-09,FL,Organic Search
20963,2022-01-09,WA,Affiliate
14054,2022-01-09,NY,Paid Social
16717,2022-01-09,IL,Organic Search
9850,2022-01-09,WA,Paid Social
22563,2022-01-09,,Referral
4381,2022-01-09,GA,Organic Search
12906,2022-01-10,IL,Paid Social
21205,2022-01-10,NY,Organic Search
5653,2022-01-10,CA,Organic Search
1159,2022-01-10,,Referral
25631,2022-01-10,CA,Organic Search
19404,2022-01-10,GA,Email
27907,2022-01-10,FL,Organic Search
13360,2022-01-10,NY,Organic Search
3013,2022-01-10,TX,Paid Social
18125,2022-01-10,FL,Paid Social
16942,2022-01-10,CA,Organic Search
2210,2022-01-10,FL,Affiliate
25711,2022-01-10,NY,Paid Social
4491,2022-01-10,,Organic Search
11962,2022-01-10,GA,Email
22211,2022-01-10,,Paid Social
24273,2022-01-10,IL,Paid Social
16199,2022-01-10,IL,Paid Social
11645,2022-01-10,NY,Organic Search
7692,2022-01-10,NY,Referral
29959,2022-01-11,NY,Organic Search
9060,2022-01-11,GA,Organic Search
6040,2022-01-11,FL,Referral
7880,2022-01-11,GA,Organic Search
23329,2022-01-11,CA,Paid Social
13966,2022-01-11,GA,Email
29312,2022-01-11,IL,Paid Social
23692,2022-01-11,FL,Organic Search
3314,2022-01-11,,Organic Search
17982,2022-01-11,NY,Organic Search
16655,2022-01-11,FL,Referral
14687,2022-01-11,IL,Paid Social
16103,2022-01-11,TX,Paid Social
16294,2022-01-11,TX,Email
25198,2022-01-11,,Paid Social
11891,2022-01-11,TX,Paid Social
2278,2022-01-11,NY,Paid Social
2177,2022-01-11,TX,Organic Search
3951,2022-01-11,GA,Organic Search
15037,2022-01-11,,Paid Social
21707,2022-01-11,CA,Affiliate
16130,2022-01-12,CA,Paid Social
13086,2022-01-12,FL,Organic Search
6126,2022-01-12,NY,Email
21813,2022-01-12,IL,Paid Social
1768,2022-01-12,NY,Paid Social
1808,2022-01-12,TX,Organic Search
15691,2022-01-12,WA,Organic Search
21761,2022-01-12,CA,Affiliate
24999,2022-01-12,WA,Paid Social
10353,2022-01-12,,Organic Search
25686,2022-01-12,IL,Paid Social
13746,2022-01-12,,Paid Social
26571,2022-01-12,NY,Organic Search
24181,2022-01-12,,Paid Social
18228,2022-01-12,FL,Email
10816,2022-01-12,IL,Paid Social
27020,2022-01-12,FL,Referral
29528,2022-01-12,,Paid Social
2063,2022-01-12,GA,Email
330,2022-01-12,WA,Organic Search
8968,2022-01-12,GA,Email
10313,2022-01-12,,Affiliate
9887,2022-01-12,IL,Referral
25199,2022-01-12,CA,Email
8999,2022-01-12,CA,Organic Search
8938,2022-01-12,NY,Referral
6461,2022-01-13,FL,Organic Search
4636,2022-01-13,CA,Affiliate
10691,2022-01-13,CA,Email
17617,2022-01-13,,Paid Social
21597,2022-01-13,FL,Referral
10099,2022-01-13,CA,Organic Search
18200,2022-01-13,GA,Paid Social
10752,2022-01-13,WA,Paid Social
15431,2022-01-13,FL,Paid Social
29121,2022-01-13,TX,Email
20270,2022-01-13,CA,Paid Social
18027,2022-01-13,IL,Paid Social
4499,2022-01-13,NY,Organic Search
19508,2022-01-13,GA,Referral
28446,2022-01-13,IL,Paid Social
28814,2022-01-13,,Email
29286,2022-01-14,GA,Paid Social
2762,2022-01-14,WA,Organic Search
17626,2022-01-14,NY,Paid Social
25181,2022-01-14,,Email
5050,2022-01-14,TX,Paid Social
21994,2022-01-14,TX,Paid Social
27235,2022-01-14,TX,Paid Social
20029,2022-01-14,GA,Organic Search
22631,2022-01-14,,Referral
10883,2022-01-14,CA,Paid Social
9676,2022-01-14,IL,Paid Social
13341,2022-01-14,GA,Email
3317,2022-01-14,TX,Paid Social
11010,2022-01-14,TX,Paid Social
3860,2022-01-14,WA,Email
20932,2022-01-14,CA,Paid Social
12137,2022-01-14,NY,Email
8085,2022-01-14,IL,Paid Social
13496,2022-01-14,WA,Paid Social
14981,2022-01-14,TX,Organic Search
14084,2022-01-14,,Organic Search
28315,2022-01-14,,Email
14057,2022-01-14,FL,Paid Social
27097,2022-01-14,NY,Paid Social
10996,2022-01-14,TX,Paid Social
12857,2022-01-14,GA,Email
4019,2022-01-14,FL,Organic Search
8902,2022-01-14,NY,Affiliate
29923,2022-01-14,NY,Email
6301,2022-01-14,WA,Email
5747,2022-01-14,NY,Paid Social
8921,2022-01-14,CA,Paid Social
20349,2022-01-15,IL,Affiliate
283,2022-01-15,GA,Paid Social
12035,2022-01-15,NY,Referral
11131,2022-01-15,CA,Email
13880,2022-01-15,,Affiliate
28698,2022-01-15,TX,Affiliate
8911,2022-01-15,IL,Email
29671,2022-01-15,GA,Email
18909,2022-01-15,WA,Paid Social
7560,2022-01-15,,Email
25036,2022-01-15,TX,Paid Social
29611,2022-01-15,WA,Paid Social
2344,2022-01-15,WA,Paid Social
8070,2022-01-15,FL,Paid Social
3651,2022-01-15,TX,Email
5126,2022-01-15,TX,Paid Social
19224,2022-01-15,FL,Affiliate
16083,2022-01-15,WA,Organic Search
3233,2022-01-15,FL,Organic Search
25893,2022-01-15,TX,Paid Social
27006,2022-01-15,FL,Organic Search
24375,2022-01-15,,Affiliate
14368,2022-01-15,GA,Email
22107,2022-01-15,FL,Organic Search
22953,2022-01-15,WA,Paid Social
20592,2022-01-15,WA,Referral
26297,2022-01-15,FL,Paid Social
10008,2022-01-16,GA,Paid Social
9616,2022-01-16,FL,Referral
25205,2022-01-16,GA,Paid Social
25147,2022-01-16,FL,Organic Search
23406,2022-01-16,NY,Organic Search
4602,2022-01-16,GA,Email
27001,2022-01-16,,Referral
24804,2022-01-16,IL,Affiliate
3631,2022-01-16,TX,Email
25860,2022-01-16,TX,Referral
23017,2022-01-16,,Email
28988,2022-01-16,CA,Paid Social
28969,2022-01-16,TX,Paid Social
19374,2022-01-16,GA,Email
24349,2022-01-16,CA,Paid Social
21194,2022-01-16,CA,Paid Social
3582,2022-01-16,TX,Email
26564,2022-01-16,GA,Referral
24334,2022-01-16,GA,Paid Social
29941,2022-01-16,WA,Email
10054,2022-01-16,GA,Paid Social
24204,2022-01-16,IL,Email
23152,2022-01-16,CA,Paid Social
26922,2022-01-16,WA,Organic Search
17580,2022-01-16,FL,Email
20254,2022-01-16,FL,Paid Social
12339,2022-01-16,,Email
23131,2022-01-16,IL,Email
22421,2022-01-17,IL,Organic Search
21039,2022-01-17,NY,Email
199,2022-01-17,TX,Referral
22591,2022-01-17,WA,Paid Social
14371,2022-01-17,FL,Referral
17949,2022-01-17,FL,Paid Social
17953,2022-01-17,GA,Organic Search
140,2022-01-17,FL,Affiliate
24600,2022-01-17,FL,Organic Search
17268,2022-01-17,IL,Paid Social
1153,2022-01-17,GA,Paid Social
1792,2022-01-17,IL,Email
25145,2022-01-17,,Organic Search
6114,2022-01-17,GA,Paid Social
17789,2022-01-17,TX,Organic Search
29772,2022-01-17,TX,Organic Search
8425,2022-01-17,GA,Organic Search
18203,2022-01-17,FL,Affiliate
23655,2022-01-17,GA,Paid Social
2265,2022-01-17,TX,Paid Social
8786,2022-01-17,TX,Paid Social
7196,2022-01-17,FL,Paid Social
8670,2022-01-17,IL,Email
17029,2022-01-17,IL,Paid Social
3568,2022-01-17,NY,Paid Social
1544,2022-01-17,WA,Organic Search
20613,2022-01-17,GA,Affiliate
19207,2022-01-17,WA,Affiliate
3793,2022-01-17,WA,Paid Social
1918,2022-01-18,WA,Paid Social
1043,2022-01-18,WA,Paid Social
16800,2022-01-18,TX,Affiliate
5396,2022-01-18,IL,Paid Social
29873,2022-01-18,GA,Paid Social
6716,2022-01-18,WA,Paid Social
25368,2022-01-18,WA,Organic Search
13102,2022-01-18,,Paid Social
2219,2022-01-18,GA,Referral
28226,2022-01-18,GA,Paid Social
26447,2022-01-18,NY,Paid Social
14713,2022-01-18,TX,Paid Social
5813,2022-01-18,WA,Email
22462,2022-01-18,NY,Email
28815,2022-01-18,NY,Email
7017,2022-01-18,FL,Organic Search
8150,2022-01-18,IL,Organic Search
24143,2022-01-18,FL,Paid Social
13254,2022-01-18,TX,Organic Search
8533,2022-01-18,FL,Paid Social
20663,2022-01-18,IL,Organic Search
27098,2022-01-19,TX,Paid Social
29184,2022-01-19,TX,Organic Search
15960,2022-01-19,WA,Organic Search
537,2022-01-19,GA,Email
15006,2022-01-19,NY,Organic Search
10403,2022-01-19,WA,Organic Search
16698,2022-01-19,,Paid Social
9048,2022-01-19,TX,Paid Social
14048,2022-01-19,CA,Organic Search
855,2022-01-19,IL,Organic Search
13537,2022-01-19,,Paid Social
24536,2022-01-19,FL,Organic Search
27061,2022-01-19,TX,Paid Social
11385,2022-01-19,GA,Organic Search
22758,2022-01-19,FL,Affiliate
3611,2022-01-19,FL,Paid Social
28115,2022-01-19,TX,Paid Social
10576,2022-01-19,NY,Affiliate
13229,2022-01-19,IL,Organic Search
18859,2022-01-19,TX,Paid Social
23314,2022-01-19,,Organic Search
25530,2022-01-19,IL,Paid Social
4124,2022-01-19,NY,Affiliate
15187,2022-01-19,NY,Paid Social
19627,2022-01-19,WA,Organic Search
27790,2022-01-19,GA,Paid Social
10119,2022-01-19,CA,Organic Search
10266,2022-01-19,NY,Organic Search
9149,2022-01-19,GA,Paid Social
15610,2022-01-20,TX,Paid Social
29052,2022-01-20,,Organic Search
3304,2022-01-20,IL,Paid Social
15027,2022-01-20,WA,Paid Social
29599,2022-01-20,WA,Email
2578,2022-01-20,NY,Paid Social
6273,2022-01-20,NY,Organic Search
7433,2022-01-20,GA,Organic Search
14243,2022-01-20,,Referral
24507,2022-01-20,FL,Organic Search
22030,2022-01-20,,Affiliate
25470,2022-01-20,GA,Email
10436,2022-01-20,WA,Paid Social
5613,2022-01-20,FL,Email
22291,2022-01-20,TX,Organic Search
18076,2022-01-20,WA,Email
11442,2022-01-20,GA,Paid Social
21545,2022-01-20,IL,Affiliate
20398,2022-01-20,IL,Paid Social
23555,2022-01-20,GA,Organic Search
14915,2022-01-20,CA,Paid Social
14960,2022-01-20,NY,Paid Social
20640,2022-01-20,NY,Organic Search
22754,2022-01-20,GA,Email
11294,2022-01-20,WA,Email
12682,2022-01-20,IL,Email
28736,2022-01-21,NY,Organic Search
21401,2022-01-21,GA,Paid Social
2410,2022-01-21,NY,Paid Social
2239,2022-01-21,FL,Organic Search
29251,2022-01-21,TX,Paid Social
5013,2022-01-21,CA,Paid Social
5066,2022-01-21,CA,Organic Search
9094,2022-01-21,TX,Email
1373,2022-01-21,WA,Referral
12318,2022-01-21,NY,Organic Search
7263,2022-01-21,,Paid Social
6384,2022-01-21,,Organic Search
25683,2022-01-21,GA,Organic Search
7002,2022-01-21,,Organic Search
25050,2022-01-21,CA,Paid Social
5535,2022-01-21,CA,Organic Search
9436,2022-01-21,CA,Organic Search
15514,2022-01-21,GA,Email
22935,2022-01-21,GA,Paid Social
24713,2022-01-21,TX,Paid Social
16338,2022-01-21,TX,Paid Social
5937,2022-01-21,NY,Paid Social
23397,2022-01-21,FL,Paid Social
1877,2022-01-21,FL,Paid Social
29454,2022-01-21,FL,Organic Search
1492,2022-01-21,NY,Paid Social
17294,2022-01-21,FL,Referral
10532,2022-01-22,IL,Email
6717,2022-01-22,GA,Organic Search
26391,2022-01-22,NY,Affiliate
6695,2022-01-22,TX,Paid Social
2484,2022-01-22,WA,Organic Search
29974,2022-01-22,,Affiliate
9608,2022-01-22,FL,Paid Social
28642,2022-01-22,GA,Referral
24044,2022-01-22,NY,Paid Social
29147,2022-01-22,IL,Organic Search
16974,2022-01-22,IL,Affiliate
17403,2022-01-22,FL,Organic Search
12217,2022-01-22,GA,Paid Social
25495,2022-01-22,,Organic Search
2150,2022-01-22,TX,Email
2121,2022-01-22,NY,Email
9565,2022-01-22,FL,Paid Social
16578,2022-01-22,IL,Referral
13872,2022-01-22,WA,Paid Social
14051,2022-01-22,,Paid Social
25264,2022-01-22,TX,Paid Social
27993,2022-01-22,,Organic Search
23573,2022-01-22,NY,Affiliate
17142,2022-01-22,CA,Affiliate
8380,2022-01-22,CA,Paid Social
14992,2022-01-22,NY,Paid Social
1699,2022-01-22,FL,Affiliate
11059,2022-01-22,GA,Organic Search
14884,2022-01-22,CA,Paid Social
2283,2022-01-22,FL,Paid Social
14342,2022-01-23,TX,Organic Search
14997,2022-01-23,,Organic Search
28435,2022-01-23,,Paid Social
20872,2022-01-23,NY,Paid Social
29146,2022-01-23,,Affiliate
10010,2022-01-23,CA,Email
16903,2022-01-23,WA,Paid Social
20909,2022-01-23,NY,Paid Social
18395,2022-01-23,GA,Organic Search
11867,2022-01-23,,Organic Search
13123,2022-01-23,TX,Organic Search
162,2022-01-23,,Paid Social
15170,2022-01-23,IL,Email
22593,2022-01-23,GA,Paid Social
27103,2022-01-23,WA,Organic Search
29092,2022-01-23,IL,Affiliate
27440,2022-01-23,NY,Referral
22282,2022-01-23,NY,Paid Social
23629,2022-01-23,TX,Paid Social
10528,2022-01-23,TX,Organic Search
19806,2022-01-23,WA,Email
8893,2022-01-23,TX,Affiliate
5264,2022-01-23,IL,Organic Search
5330,2022-01-23,NY,Paid Social
21456,2022-01-23,NY,Organic Search
16757,2022-01-23,CA,Paid Social
3881,2022-01-23,,Paid Social
23688,2022-01-23,CA,Paid Social
18034,2022-01-24,FL,Organic Search
11527,2022-01-24,IL,Organic Search
5632,2022-01-24,TX,Paid Social
9277,2022-01-24,WA,Organic Search
21811,2022-01-24,CA,Organic Search
157,2022-01-24,NY,Paid Social
23306,2022-01-24,FL,Paid Social
7913,2022-01-24,TX,Paid Social
14487,2022-01-24,GA,Organic Search
392,2022-01-24,FL,Paid Social
10800,2022-01-24,GA,Organic Search
26828,2022-01-24,TX,Organic Search
13331,2022-01-24,TX,Organic Search
20835,2022-01-24,CA,Organic Search
21353,2022-01-24,TX,Affiliate
24325,2022-01-24,FL,Email
16958,2022-01-24,NY,Organic Search
26658,2022-01-24,,Email
11853,2022-01-24,WA,Referral
22747,2022-01-24,NY,Referral
6278,2022-01-24,NY,Paid Social
984,2022-01-24,,Organic Search
382,2022-01-24,NY,Paid Social
21569,2022-01-25,FL,Paid Social
9010,2022-01-25,GA,Paid Social
8952,2022-01-25,GA,Email
17047,2022-01-25,CA,Paid Social
472,2022-01-25,WA,Affiliate
1557,2022-01-25,NY,Paid Social
23851,2022-01-25,FL,Paid Social
24012,2022-01-25,NY,Email
2549,2022-01-25,WA,Paid Social
9656,2022-01-25,FL,Paid Social
26635,2022-01-25,GA,Affiliate
82,2022-01-25,GA,Paid Social
4676,2022-01-25,FL,Referral
18447,2022-01-25,IL,Paid Social
9106,2022-01-25,TX,Organic Search
11151,2022-01-25,WA,Organic Search
25027,2022-01-25,TX,Paid Social
27648,2022-01-25,NY,Organic Search
20636,2022-01-25,IL,Paid Social
23373,2022-01-25,CA,Organic Search
23656,2022-01-25,WA,Email
3018,2022-01-25,TX,Paid Social
24027,2022-01-25,FL,Affiliate
15711,2022-01-25,TX,Organic Search
24961,2022-01-26,FL,Organic Search
142,2022-01-26,GA,Organic Search
29570,2022-01-26,NY,Organic Search
13855,2022-01-26,TX,Organic Search
27758,2022-01-26,GA,Organic Search
15688,2022-01-26,WA,Organic Search
4175,2022-01-26,NY,Referral
15573,2022-01-26,,Referral
28329,2022-01-26,FL,Paid Social
16448,2022-01-26,FL,Referral
25490,2022-01-26,GA,Paid Social
5361,2022-01-26,WA,Paid Social
6523,2022-01-26,WA,Email
16660,2022-01-26,FL,Organic Search
22011,2022-01-26,IL,Affiliate
579,2022-01-26,CA,Paid Social
5777,2022-01-26,,Paid Social
18877,2022-01-26,IL,Organic Search
2293,2022-01-26,FL,Organic Search
967,2022-01-26,FL,Email
27657,2022-01-26,IL,Paid Social
18563,2022-01-26,WA,Organic Search
10246,2022-01-26,IL,Affiliate
1652,2022-01-26,FL,Paid Social
24205,2022-01-27,CA,Paid Social
7219,2022-01-27,WA,Affiliate
10551,2022-01-27,FL,Paid Social
28536,2022-01-27,CA,Paid Social
25596,2022-01-27,FL,Paid Social
17575,2022-01-27,NY,Paid Social
18226,2022-01-27,WA,Paid Social
8964,2022-01-27,GA,Organic Search
9653,2022-01-27,TX,Organic Search
17489,2022-01-27,GA,Referral
4710,2022-01-27,NY,Paid Social
22612,2022-01-27,CA,Email
13077,2022-01-27,CA,Email
28265,2022-01-27,CA,Email
18314,2022-01-27,NY,Organic Search
6649,2022-01-27,NY,Paid Social
11374,2022-01-28,NY,Paid Social
9278,2022-01-28,TX,Paid Social
3603,2022-01-28,IL,Organic Search
2435,2022-01-28,GA,Affiliate
9272,2022-01-28,TX,Paid Social
15227,2022-01-28,GA,Organic Search
1609,2022-01-28,CA,Organic Search
26385,2022-01-28,IL,Organic Search
9600,2022-01-28,TX,Paid Social
2586,2022-01-28,GA,Paid Social
17244,2022-01-28,GA,Organic Search
18870,2022-01-28,WA,Paid Social
29269,2022-01-28,FL,Paid Social
28744,2022-01-28,WA,Referral
19477,2022-01-28,,Organic Search
24506,2022-01-28,,Organic Search
10200,2022-01-28,FL,Organic Search
18841,2022-01-28,TX,Affiliate
8064,2022-01-28,WA,Organic Search
21271,2022-01-28,IL,Paid Social
2988,2022-01-29,NY,Paid Social
16122,2022-01-29,TX,Paid Social
24565,2022-01-29,,Referral
11415,2022-01-29,GA,Paid Social
23626,2022-01-29,,Paid Social
5288,2022-01-29,CA,Organic Search
10769,2022-01-29,CA,Paid Social
6001,2022-01-29,NY,Paid Social
22869,2022-01-29,WA,Email
8663,2022-01-29,GA,Organic Search
19947,2022-01-29,IL,Organic Search
11358,2022-01-29,IL,Affiliate
17907,2022-01-29,IL,Paid Social
3510,2022-01-29,IL,Organic Search
9137,2022-01-29,FL,Paid Social
27633,2022-01-29,FL,Affiliate
1996,2022-01-29,TX,Paid Social
3470,2022-01-29,CA,Organic Search
7019,2022-01-29,NY,Paid Social
16108,2022-01-29,CA,Email
23962,2022-01-29,TX,Organic Search
6183,2022-01-29,,Organic Search
19848,2022-01-30,IL,Organic Search
12442,2022-01-30,,Paid Social
27969,2022-01-30,FL,Paid Social
26503,2022-01-30,TX,Paid Social
17006,2022-01-30,CA,Referral
18070,2022-01-30,TX,Affiliate
916,2022-01-30,,Paid Social
11955,2022-01-30,WA,Email
27925,2022-01-30,NY,Affiliate
7661,2022-01-30,TX,Organic Search
2361,2022-01-30,GA,Organic Search
24026,2022-01-30,NY,Paid Social
20092,2022-01-30,,Email
20022,2022-01-30,IL,Paid Social
12096,2022-01-30,TX,Organic Search
21330,2022-01-30,IL,Affiliate
15034,2022-01-31,CA,Affiliate
15470,2022-01-31,,Email
12254,2022-01-31,NY,Paid Social
28277,2022-01-31,WA,Paid Social
15087,2022-01-31,IL,Email
9172,2022-01-31,TX,Referral
19999,2022-01-31,CA,Paid Social
5107,2022-01-31,IL,Paid Social
13608,2022-01-31,CA,Paid Social
25654,2022-01-31,CA,Referral
18648,2022-01-31,,Paid Social
11379,2022-01-31,TX,Organic Search
29122,2022-01-31,NY,Organic Search
3501,2022-01-31,GA,Organic Search
10075,2022-01-31,TX,Affiliate
5172,2022-01-31,IL,Paid Social
23263,2022-01-31,FL,Paid Social
22058,2022-01-31,NY,Affiliate
27867,2022-01-31,IL,Paid Social
1367,2022-01-31,WA,Email
20251,2022-01-31,GA,Email
12048,2022-01-31,TX,Affiliate
43,2022-01-31,NY,Organic Search
13275,2022-01-31,FL,Email
12429,2022-01-31,TX,Organic Search
23785,2022-01-31,CA,Organic Search
9387,2022-01-31,NY,Affiliate
14325,2022-01-31,CA,Affiliate
3769,2022-01-31,GA,Organic Search
16397,2022-01-31,FL,Paid Social
14763,2022-01-31,FL,Organic Search
26670,2022-01-31,WA,Organic Search
11097,2022-02-01,GA,Email
20708,2022-02-01,FL,Paid Social
3697,2022-02-01,GA,Affiliate
29747,2022-02-01,IL,Paid Social
5316,2022-02-01,,Paid Social
13673,2022-02-01,TX,Organic Search
28883,2022-02-01,,Referral
17238,2022-02-01,GA,Paid Social
9111,2022-02-01,CA,Affiliate
28365,2022-02-01,WA,Organic Search
14516,2022-02-01,CA,Organic Search
14717,2022-02-01,CA,Affiliate
4153,2022-02-01,GA,Email
8505,2022-02-01,IL,Organic Search
19180,2022-02-01,WA,Paid Social
1405,2022-02-01,WA,Paid Social
29989,2022-02-01,CA,Paid Social
14135,2022-02-01,GA,Email
22938,2022-02-01,TX,Email
29107,2022-02-01,GA,Paid Social
12289,2022-02-02,CA,Organic Search
28420,2022-02-02,NY,Paid Social
23232,2022-02-02,CA,Organic Search
16251,2022-02-02,WA,Paid Social
11108,2022-02-02,,Paid Social
15652,2022-02-02,,Organic Search
23072,2022-02-02,FL,Paid Social
15826,2022-02-02,,Organic Search
25984,2022-02-02,NY,Affiliate
11361,2022-02-02,WA,Email
25054,2022-02-02,IL,Organic Search
1700,2022-02-02,CA,Paid Social
21897,2022-02-02,CA,Organic Search
1739,2022-02-02,WA,Paid Social
23939,2022-02-02,FL,Organic Search
19324,2022-02-02,CA,Organic Search
21003,2022-02-02,CA,Email
19974,2022-02-02,GA,Referral
24640,2022-02-02,NY,Referral
24068,2022-02-02,CA,Paid Social
21019,2022-02-03,CA,Organic Search
6383,2022-02-03,FL,Organic Search
11191,2022-02-03,IL,Paid Social
3962,2022-02-03,NY,Paid Social
7931,2022-02-03,FL,Email
23154,2022-02-03,GA,Paid Social
15245,2022-02-03,NY,Organic Search
11528,2022-02-03,FL,Email
4964,2022-02-03,NY,Email
22185,2022-02-03,NY,Referral
19038,2022-02-03,CA,Paid Social
19528,2022-02-03,TX,Organic Search
8542,2022-02-03,CA,Paid Social
10355,2022-02-03,,Paid Social
29404,2022-02-03,IL,Affiliate
7584,2022-02-03,TX,Organic Search
6066,2022-02-03,GA,Email
7559,2022-02-03,WA,Paid Social
14619,2022-02-03,GA,Email
1746,2022-02-03,GA,Paid Social
409,2022-02-03,CA,Affiliate
29218,2022-02-03,FL,Paid Social
23612,2022-02-03,GA,Paid Social
25526,2022-02-03,CA,Organic Search
12055,2022-02-03,CA,Email
16318,2022-02-03,,Email
23547,2022-02-03,WA,Paid Social
28516,2022-02-03,FL,Organic Search
25238,2022-02-04,FL,Paid Social
19985,2022-02-04,NY,Paid Social
24936,2022-02-04,IL,Email
13307,2022-02-04,WA,Paid Social
21943,2022-02-04,TX,Email
16977,2022-02-04,,Organic Search
23738,2022-02-04,FL,Email
24857,2022-02-04,FL,Email
3189,2022-02-04,FL,Email
21106,2022-02-04,FL,Organic Search
29860,2022-02-04,TX,Paid Social
19469,2022-02-04,CA,Paid Social
5846,2022-02-04,NY,Organic Search
20814,2022-02-04,GA,Paid Social
29037,2022-02-04,NY,Paid Social
19173,2022-02-04,GA,Organic Search
5253,2022-02-04,TX,Paid Social
20380,2022-02-04,WA,Email
1232,2022-02-04,NY,Organic Search
28837,2022-02-04,FL,Organic Search
10545,2022-02-04,WA,Affiliate
17636,2022-02-04,NY,Paid Social
2677,2022-02-04,GA,Paid Social
18012,2022-02-04,IL,Affiliate
7977,2022-02-04,TX,Affiliate
26840,2022-02-04,FL,Email
22373,2022-02-04,IL,Paid Social
4953,2022-02-04,NY,Paid Social
7270,2022-02-05,CA,Paid Social
13718,2022-02-05,GA,Email
23579,2022-02-05,IL,Paid Social
16618,2022-02-05,GA,Paid Social
13664,2022-02-05,NY,Paid Social
8367,2022-02-05,CA,Paid Social
25355,2022-02-05,NY,Paid Social
24529,2022-02-05,GA,Organic Search
22116,2022-02-05,WA,Affiliate
18003,2022-02-05,TX,Paid Social
10707,2022-02-05,,Paid Social
25755,2022-02-05,CA,Email
14311,2022-02-05,NY,Organic Search
11228,2022-02-05,CA,Affiliate
18620,2022-02-05,,Organic Search
21167,2022-02-05,,Paid Social
20966,2022-02-05,WA,Paid Social
7837,2022-02-05,TX,Paid Social
15613,2022-02-05,NY,Organic Search
12080,2022-02-05,TX,Email
18230,2022-02-05,,Organic Search
10533,2022-02-06,,Affiliate
346,2022-02-06,IL,Paid Social
16159,2022-02-06,IL,Organic Search
19833,2022-02-06,IL,Paid Social
16175,2022-02-06,IL,Affiliate
9631,2022-02-06,GA,Organic Search
10258,2022-02-06,IL,Paid Social
18873,2022-02-06,IL,Paid Social
10336,2022-02-06,FL,Email
17074,2022-02-06,WA,Paid Social
27412,2022-02-06,FL,Organic Search
7480,2022-02-06,,Paid Social
14022,2022-02-06,,Organic Search
10555,2022-02-06,CA,Email
19380,2022-02-06,GA,Email
11670,2022-02-06,,Organic Search
9005,2022-02-06,GA,Paid Social
7092,2022-02-06,WA,Affiliate
20942,2022-02-07,TX,Email
12325,2022-02-07,IL,Organic Search
22986,2022-02-07,GA,Email
4882,2022-02-07,,Paid Social
23494,2022-02-07,,Paid Social
17971,2022-02-07,FL,Organic Search
7460,2022-02-07,IL,Organic Search
22194,2022-02-07,GA,Organic Search
11693,2022-02-07,GA,Email
23168,2022-02-07,TX,Referral
27627,2022-02-07,GA,Paid Social
29847,2022-02-07,WA,Paid Social
6324,2022-02-07,NY,Paid Social
11325,2022-02-07,GA,Affiliate
25397,2022-02-07,CA,Paid Social
3332,2022-02-07,WA,Email
28822,2022-02-07,IL,Affiliate
15734,2022-02-07,WA,Paid Social
24090,2022-02-07,FL,Email
28567,2022-02-07,FL,Email
2835,2022-02-07,TX,Paid Social
17381,2022-02-07,TX,Email
24387,2022-02-07,IL,Paid Social
1200,2022-02-07,CA,Organic Search
11486,2022-02-07,FL,Paid Social
2362,2022-02-07,,Paid Social
5905,2022-02-07,WA,Organic Search
16726,2022-02-07,FL,Email
23289,2022-02-07,,Affiliate
21317,2022-02-08,CA,Organic Search
256,2022-02-08,WA,Paid Social
15301,2022-02-08,TX,Affiliate
12970,2022-02-08,FL,Organic Search
23181,2022-02-08,FL,Paid Social
16896,2022-02-08,,Paid Social
8000,2022-02-08,FL,Organic Search
21816,2022-02-08,FL,Paid Social
26550,2022-02-08,FL,Organic Search
21267,2022-02-08,IL,Organic Search
25116,2022-02-08,IL,Email
1547,2022-02-08,FL,Email
12639,2022-02-08,NY,Paid Social
27267,2022-02-08,,Paid Social
11478,2022-02-08,FL,Email
18633,2022-02-08,IL,Email
16282,2022-02-08,,Email
9765,2022-02-08,GA,Referral
1905,2022-02-08,GA,Email
9791,2022-02-08,CA,Organic Search
8567,2022-02-08,WA,Affiliate
26765,2022-02-09,CA,Paid Social
19391,2022-02-09,,Referral
26781,2022-02-09,GA,Paid Social
7591,2022-02-09,CA,Organic Search
16004,2022-02-09,IL,Organic Search
159,2022-02-09,IL,Organic Search
7688,2022-02-09,WA,Paid Social
18272,2022-02-09,GA,Paid Social
26807,2022-02-09,,Organic Search
14214,2022-02-09,,Referral
26296,2022-02-09,CA,Paid Social
1491,2022-02-09,NY,Organic Search
9857,2022-02-09,GA,Organic Search
20588,2022-02-09,GA,Paid Social
12530,2022-02-09,IL,Organic Search
2419,2022-02-09,,Organic Search
18558,2022-02-09,IL,Paid Social
15395,2022-02-09,,Affiliate
1026,2022-02-10,FL,Paid Social
16110,2022-02-10,WA,Organic Search
25175,2022-02-10,FL,Paid Social
24887,2022-02-10,WA,Organic Search
18110,2022-02-10,TX,Organic Search
6179,2022-02-10,CA,Organic Search
28385,2022-02-10,CA,Paid Social
24382,2022-02-10,FL,Referral
14350,2022-02-10,GA,Paid Social
26592,2022-02-10,NY,Organic Search
273,2022-02-10,GA,Referral
24355,2022-02-10,CA,Organic Search
27557,2022-02-10,IL,Email
14168,2022-02-10,GA,Referral
3521,2022-02-10,TX,Organic Search
2829,2022-02-10,TX,Paid Social
12657,2022-02-10,NY,Email
7146,2022-02-10,WA,Email
5297,2022-02-10,WA,Paid Social
27200,2022-02-10,CA,Paid Social
17223,2022-02-10,TX,Affiliate
23022,2022-02-10,WA,Organic Search
27148,2022-02-10,GA,Paid Social
21524,2022-02-11,TX,Organic Search
1218,2022-02-11,,Paid Social
20230,2022-02-11,,Affiliate
18570,2022-02-11,NY,Paid Social
23604,2022-02-11,TX,Referral
16576,2022-02-11,GA,Affiliate
18785,2022-02-11,,Referral
3975,2022-02-11,IL,Organic Search
20594,2022-02-11,GA,Paid Social
27444,2022-02-11,CA,Paid Social
9092,2022-02-11,,Organic Search
29957,2022-02-11,FL,Organic Search
6949,2022-02-11,TX,Referral
11805,2022-02-11,TX,Affiliate
13448,2022-02-11,GA,Paid Social
16243,2022-02-11,IL,Paid Social
18888,2022-02-11,,Email
4172,2022-02-11,GA,Affiliate
17682,2022-02-11,NY,Email
3488,2022-02-11,NY,Organic Search
20678,2022-02-11,TX,Organic Search
15111,2022-02-11,,Email
629,2022-02-11,IL,Organic Search
18641,2022-02-11,CA,Referral
22135,2022-02-12,IL,Paid Social
16071,2022-02-12,GA,Organic Search
26510,2022-02-12,CA,Paid Social
26907,2022-02-12,CA,Paid Social
18033,2022-02-12,GA,Email
11286,2022-02-12,NY,Organic Search
1976,2022-02-12,GA,Affiliate
7164,2022-02-12,,Paid Social
4520,2022-02-12,,Organic Search
4260,2022-02-12,IL,Paid Social
5359,2022-02-12,,Referral
25931,2022-02-12,NY,Organic Search
21968,2022-02-12,FL,Email
15121,2022-02-12,FL,Paid Social
16188,2022-02-12,,Affiliate
12263,2022-02-12,,Email
7960,2022-02-12,GA,Organic Search
4565,2022-02-12,NY,Organic Search
6703,2022-02-12,CA,Paid Social
4621,2022-02-12,CA,Referral
22809,2022-02-12,GA,Paid Social
5744,2022-02-12,,Affiliate
21288,2022-02-13,TX,Paid Social
4027,2022-02-13,NY,Paid Social
23354,2022-02-13,GA,Organic Search
18416,2022-02-13,WA,Affiliate
18536,2022-02-13,GA,Paid Social
5981,2022-02-13,CA,Paid Social
16053,2022-02-13,WA,Paid Social
23398,2022-02-13,FL,Paid Social
29428,2022-02-13,CA,Paid Social
28323,2022-02-13,IL,Paid Social
21516,2022-02-13,,Paid Social
359,2022-02-13,CA,Affiliate
18801,2022-02-13,WA,Paid Social
27715,2022-02-13,NY,Paid Social
1417,2022-02-13,NY,Organic Search
17741,2022-02-13,TX,Paid Social
13750,2022-02-13,TX,Organic Search
12300,2022-02-13,IL,Paid Social
29247,2022-02-13,NY,Paid Social
9166,2022-02-13,,Email
10297,2022-02-13,WA,Referral
6395,2022-02-13,CA,Affiliate
1760,2022-02-13,WA,Paid Social
11217,2022-02-13,,Paid Social
6403,2022-02-13,NY,Organic Search
13433,2022-02-13,WA,Organic Search
25410,2022-02-13,NY,Paid Social
18293,2022-02-13,TX,Paid Social
15878,2022-02-14,CA,Organic Search
2755,2022-02-14,WA,Affiliate
22964,2022-02-14,WA,Email
29717,2022-02-14,,Organic Search
15302,2022-02-14,FL,Paid Social
19553,2022-02-14,WA,Referral
6175,2022-02-14,TX,Paid Social
28069,2022-02-14,IL,Paid Social
23245,2022-02-14,,Paid Social
21708,2022-02-14,WA,Paid Social
23572,2022-02-14,WA,Paid Social
6157,2022-02-14,WA,Email
26511,2022-02-14,GA,Organic Search
24224,2022-02-14,WA,Referral
13328,2022-02-14,TX,Organic Search
12023,2022-02-14,CA,Referral
14158,2022-02-14,CA,Paid Social
14125,2022-02-14,,Paid Social
20948,2022-02-14,TX,Organic Search
6505,2022-02-14,WA,Organic Search
835,2022-02-14,CA,Paid Social
28325,2022-02-14,NY,Affiliate
25104,2022-02-14,IL,Organic Search
8482,2022-02-14,GA,Organic Search
12977,2022-02-14,FL,Organic Search
16137,2022-02-15,IL,Paid Social
2,2022-02-15,FL,Affiliate
15680,2022-02-15,IL,Paid Social
2959,2022-02-15,IL,Organic Search
13242,2022-02-15,TX,Organic Search
25625,2022-02-15,NY,Organic Search
17871,2022-02-15,WA,Organic Search
2481,2022-02-15,TX,Organic Search
10449,2022-02-15,WA,Paid Social
9291,2022-02-15,CA,Paid Social
8041,2022-02-15,FL,Affiliate
25715,2022-02-15,NY,Paid Social
1112,2022-02-15,CA,Organic Search
596,2022-02-15,WA,Paid Social
1780,2022-02-15,GA,Email
4559,2022-02-15,,Affiliate
18342,2022-02-16,TX,Paid Social
25630,2022-02-16,FL,Email
19855,2022-02-16,,Organic Search
18350,2022-02-16,CA,Organic Search
26008,2022-02-16,TX,Paid Social
11391,2022-02-16,FL,Organic Search
5312,2022-02-16,FL,Paid Social
14210,2022-02-16,TX,Organic Search
14616,2022-02-16,,Referral
25499,2022-02-16,WA,Email
26979,2022-02-16,IL,Paid Social
1734,2022-02-16,GA,Paid Social
8186,2022-02-16,WA,Organic Search
8763,2022-02-16,FL,Paid Social
14970,2022-02-16,,Paid Social
4645,2022-02-16,GA,Email
7664,2022-02-16,GA,Paid Social
4242,2022-02-16,FL,Paid Social
8412,2022-02-16,IL,Affiliate
26867,2022-02-16,IL,Paid Social
6738,2022-02-17,IL,Organic Search
28168,2022-02-17,CA,Affiliate
25795,2022-02-17,IL,Paid Social
10903,2022-02-17,CA,Email
561,2022-02-17,FL,Email
16256,2022-02-17,NY,Affiliate
10841,2022-02-17,NY,Referral
7165,2022-02-17,FL,Email
26517,2022-02-17,WA,Paid Social
21639,2022-02-17,WA,Referral
26942,2022-02-17,GA,Organic Search
13906,2022-02-17,TX,Paid Social
17151,2022-02-17,NY,Paid Social
7139,2022-02-17,TX,Paid Social
6412,2022-02-17,WA,Paid Social
28040,2022-02-17,NY,Affiliate
21659,2022-02-17,FL,Affiliate
6617,2022-02-17,TX,Organic Search
1723,2022-02-17,,Paid Social
9650,2022-02-17,TX,Organic Search
18501,2022-02-17,IL,Paid Social
29683,2022-02-17,IL,Paid Social
20740,2022-02-17,FL,Organic Search
2254,2022-02-17,GA,Email
5643,2022-02-17,IL,Paid Social
5768,2022-02-17,,Organic Search
20846,2022-02-17,TX,Affiliate
5364,2022-02-17,IL,Paid Social
18431,2022-02-18,CA,Affiliate
20359,2022-02-18,GA,Paid Social
10868,2022-02-18,IL,Email
16732,2022-02-18,,Organic Search
19313,2022-02-18,,Organic Search
7898,2022-02-18,IL,Paid Social
21654,2022-02-18,GA,Organic Search
2112,2022-02-18,WA,Organic Search
16935,2022-02-18,CA,Organic Search
5640,2022-02-18,WA,Organic Search
14126,2022-02-18,NY,Email
7945,2022-02-18,NY,Paid Social
165,2022-02-18,CA,Organic Search
4442,2022-02-18,NY,Email
29236,2022-02-18,GA,Organic Search
3116,2022-02-18,CA,Referral
27224,2022-02-18,TX,Organic Search
19012,2022-02-18,FL,Email
6176,2022-02-18,CA,Paid Social
9781,2022-02-18,,Paid Social
15419,2022-02-18,WA,Paid Social
21504,2022-02-18,,Organic Search
6669,2022-02-18,,Organic Search
4178,2022-02-18,FL,Email
11563,2022-02-18,GA,Referral
8030,2022-02-19,TX,Email
22220,2022-02-19,CA,Affiliate
6450,2022-02-19,,Paid Social
3204,2022-02-19,CA,Referral
14768,2022-02-19,WA,Affiliate
13262,2022-02-19,IL,Paid Social
20429,2022-02-19,IL,Organic Search
22826,2022-02-19,NY,Affiliate
24829,2022-02-19,WA,Affiliate
19976,2022-02-19,GA,Referral
22767,2022-02-19,NY,Organic Search
27744,2022-02-19,NY,Email
10416,2022-02-19,IL,Email
27756,2022-02-19,TX,Organic Search
23029,2022-02-19,CA,Organic Search
572,2022-02-19,TX,Email
22482,2022-02-19,GA,Paid Social
3523,2022-02-20,TX,Organic Search
17869,2022-02-20,,Paid Social
7500,2022-02-20,NY,Paid Social
12748,2022-02-20,TX,Email
12016,2022-02-20,WA,Paid Social
1472,2022-02-20,NY,Email
21188,2022-02-20,WA,Organic Search
3548,2022-02-20,TX,Paid Social
27914,2022-02-20,WA,Paid Social
20461,2022-02-20,WA,Paid Social
28415,2022-02-20,IL,Organic Search
22629,2022-02-20,GA,Paid Social
16721,2022-02-20,IL,Paid Social
4599,2022-02-20,TX,Paid Social
22674,2022-02-20,CA,Paid Social
4014,2022-02-20,,Organic Search
25855,2022-02-20,WA,Paid Social
11347,2022-02-20,GA,Affiliate
28677,2022-02-20,WA,Paid Social
10760,2022-02-20,GA,Email
14823,2022-02-20,GA,Paid Social
28430,2022-02-20,WA,Email
19920,2022-02-20,TX,Affiliate
20634,2022-02-20,TX,Paid Social
9529,2022-02-20,IL,Affiliate
15744,2022-02-20,CA,Paid Social
9988,2022-02-21,WA,Organic Search
4032,2022-02-21,GA,Organic Search
21431,2022-02-21,IL,Affiliate
18957,2022-02-21,IL,Paid Social
13545,2022-02-21,FL,Organic Search
287,2022-02-21,GA,Paid Social
5600,2022-02-21,GA,Email
23901,2022-02-21,IL,Paid Social
11203,2022-02-21,TX,Paid Social
9913,2022-02-21,GA,Organic Search
21109,2022-02-21,,Organic Search
18904,2022-02-21,,Paid Social
31,2022-02-21,,Paid Social
15085,2022-02-21,CA,Organic Search
14939,2022-02-21,NY,Paid Social
28020,2022-02-21,TX,Paid Social
15,2022-02-21,TX,Organic Search
7783,2022-02-21,FL,Referral
4346,2022-02-21,WA,Paid Social
412,2022-02-21,TX,Affiliate
2957,2022-02-21,IL,Email
8701,2022-02-21,IL,Affiliate
8777,2022-02-21,CA,Affiliate
3269,2022-02-21,FL,Paid Social
12502,2022-02-21,TX,Organic Search
20983,2022-02-21,IL,Organic Search
24943,2022-02-22,NY,Paid Social
11381,2022-02-22,FL,Paid Social
29084,2022-02-22,CA,Paid Social
13619,2022-02-22,FL,Organic Search
1325,2022-02-22,NY,Affiliate
5763,2022-02-22,NY,Affiliate
25836,2022-02-22,,Organic Search
15755,2022-02-22,IL,Affiliate
28823,2022-02-22,,Organic Search
18224,2022-02-22,FL,Referral
19675,2022-02-22,NY,Organic Search
27041,2022-02-22,,Organic Search
7467,2022-02-22,IL,Email
14113,2022-02-22,WA,Organic Search
21388,2022-02-22,IL,Organic Search
16166,2022-02-22,,Email
4890,2022-02-22,TX,Paid Social
28558,2022-02-22,FL,Paid Social
5477,2022-02-22,IL,Paid Social
23914,2022-02-22,NY,Paid Social
3413,2022-02-22,IL,Organic Search
9294,2022-02-22,,Paid Social
24940,2022-02-22,GA,Organic Search
11713,2022-02-22,CA,Paid Social
850,2022-02-22,FL,Paid Social
26212,2022-02-22,TX,Paid Social
24870,2022-02-22,,Affiliate
194,2022-02-22,NY,Paid Social
97,2022-02-22,,Paid Social
12889,2022-02-22,IL,Affiliate
27666,2022-02-22,NY,Paid Social
9689,2022-02-22,CA,Paid Social
28219,2022-02-23,,Organic Search
10889,2022-02-23,NY,Email
23018,2022-02-23,TX,Paid Social
9331,2022-02-23,,Paid Social
986,2022-02-23,IL,Paid Social
8069,2022-02-23,WA,Paid Social
20062,2022-02-23,TX,Paid Social
27735,2022-02-23,FL,Email
9213,2022-02-23,WA,Organic Search
19539,2022-02-23,,Organic Search
17300,2022-02-23,TX,Email
22441,2022-02-23,,Paid Social
24163,2022-02-23,FL,Email
195,2022-02-23,WA,Paid Social
15555,2022-02-24,TX,Paid Social
11165,2022-02-24,IL,Paid Social
23911,2022-02-24,GA,Affiliate
12878,2022-02-24,WA,Paid Social
8580,2022-02-24,WA,Organic Search
11122,2022-02-24,GA,Organic Search
7524,2022-02-24,NY,Email
5590,2022-02-24,NY,Paid Social
8576,2022-02-24,IL,Organic Search
26485,2022-02-24,NY,Paid Social
12759,2022-02-24,CA,Organic Search
26166,2022-02-24,TX,Organic Search
26173,2022-02-24,WA,Organic Search
9674,2022-02-24,TX,Organic Search
1593,2022-02-24,GA,Organic Search
26721,2022-02-24,NY,Affiliate
16523,2022-02-24,WA,Email
7969,2022-02-24,TX,Paid Social
17923,2022-02-24,NY,Paid Social
28125,2022-02-24,TX,Paid Social
10582,2022-02-24,NY,Affiliate
554,2022-02-24,CA,Paid Social
331,2022-02-24,IL,Paid Social
27433,2022-02-24,WA,Organic Search
16411,2022-02-24,NY,Paid Social
4999,2022-02-25,WA,Email
13134,2022-02-25,FL,Paid Social
1534,2022-02-25,NY,Organic Search
12197,2022-02-25,IL,Email
6641,2022-02-25,IL,Email
13554,2022-02-25,NY,Organic Search
22268,2022-02-25,CA,Email
5936,2022-02-25,TX,Email
28078,2022-02-25,WA,Paid Social
4143,2022-02-25,TX,Organic Search
23753,2022-02-25,GA,Affiliate
7259,2022-02-25,GA,Email
18441,2022-02-25,WA,Paid Social
17834,2022-02-25,FL,Paid Social
13834,2022-02-25,WA,Affiliate
1587,2022-02-25,,Paid Social
20941,2022-02-25,FL,Email
29586,2022-02-25,GA,Referral
28342,2022-02-25,FL,Paid Social
8181,2022-02-25,IL,Organic Search
18086,2022-02-25,CA,Paid Social
9297,2022-02-25,CA,Referral
25877,2022-02-25,TX,Email
6409,2022-02-25,GA,Paid Social
25462,2022-02-25,WA,Organic Search
16446,2022-02-26,GA,Affiliate
26216,2022-02-26,FL,Paid Social
1270,2022-02-26,GA,Organic Search
18984,2022-02-26,FL,Paid Social
22379,2022-02-26,GA,Referral
3149,2022-02-26,TX,Email
4490,2022-02-26,FL,Paid Social
24206,2022-02-26,FL,Paid Social
5623,2022-02-26,IL,Email
9269,2022-02-26,NY,Organic Search
24723,2022-02-26,NY,Paid Social
1742,2022-02-26,,Email
2119,2022-02-26,TX,Organic Search
17877,2022-02-26,NY,Organic Search
21198,2022-02-26,CA,Email
13714,2022-02-26,TX,Organic Search
22729,2022-02-26,WA,Organic Search
25288,2022-02-26,GA,Email
14116,2022-02-26,WA,Paid Social
27611,2022-02-26,CA,Email
25780,2022-02-27,IL,Paid Social
15399,2022-02-27,GA,Paid Social
14149,2022-02-27,TX,Organic Search
25022,2022-02-27,,Organic Search
24794,2022-02-27,,Paid Social
6974,2022-02-27,FL,Paid Social
13460,2022-02-27,GA,Organic Search
5180,2022-02-27,GA,Affiliate
15007,2022-02-27,NY,Organic Search
13561,2022-02-27,,Organic Search
11371,2022-02-27,,Affiliate
16111,2022-02-27,WA,Paid Social
23125,2022-02-28,GA,Organic Search
19119,2022-02-28,NY,Paid Social
26419,2022-02-28,GA,Paid Social
28840,2022-02-28,GA,Organic Search
23016,2022-02-28,IL,Organic Search
19232,2022-02-28,GA,Organic Search
15661,2022-02-28,NY,Paid Social
25213,2022-02-28,WA,Organic Search
12535,2022-02-28,CA,Organic Search
1678,2022-02-28,IL,Paid Social
9473,2022-02-28,WA,Referral
932,2022-02-28,,Email
2075,2022-02-28,,Referral
8784,2022-02-28,NY,Paid Social
23984,2022-02-28,,Paid Social
23116,2022-02-28,NY,Organic Search
13854,2022-02-28,CA,Organic Search
7281,2022-02-28,,Paid Social
11319,2022-02-28,FL,Paid Social
23484,2022-02-28,CA,Affiliate
2776,2022-02-28,IL,Paid Social
24672,2022-02-28,GA,Paid Social
21450,2022-02-28,NY,Paid Social
9611,2022-02-28,,Paid Social
13080,2022-02-28,TX,Affiliate
20661,2022-02-28,NY,Email
13932,2022-03-01,NY,Referral
10129,2022-03-01,GA,Paid Social
4957,2022-03-01,TX,Paid Social
24763,2022-03-01,TX,Organic Search
26847,2022-03-01,NY,Email
11965,2022-03-01,FL,Paid Social
12744,2022-03-01,CA,Organic Search
2424,2022-03-01,IL,Paid Social
17496,2022-03-01,,Paid Social
4871,2022-03-01,WA,Paid Social
14930,2022-03-01,FL,Paid Social
21323,2022-03-01,IL,Paid Social
3584,2022-03-01,FL,Referral
21226,2022-03-01,GA,Affiliate
4188,2022-03-01,WA,Paid Social
19482,2022-03-01,GA,Organic Search
12969,2022-03-01,CA,Paid Social
20001,2022-03-02,CA,Email
9401,2022-03-02,CA,Paid Social
17484,2022-03-02,TX,Organic Search
22489,2022-03-02,WA,Email
5574,2022-03-02,CA,Paid Social
6910,2022-03-02,GA,Paid Social
11719,2022-03-02,GA,Organic Search
6809,2022-03-02,WA,Paid Social
13018,2022-03-02,TX,Paid Social
22415,2022-03-02,TX,Affiliate
7760,2022-03-02,WA,Organic Search
3784,2022-03-02,NY,Email
4534,2022-03-02,FL,Paid Social
28220,2022-03-02,NY,Paid Social
5780,2022-03-02,TX,Organic Search
6441,2022-03-02,WA,Organic Search
1874,2022-03-02,NY,Email
5145,2022-03-02,IL,Paid Social
15454,2022-03-02,CA,Paid Social
20117,2022-03-02,TX,Paid Social
3680,2022-03-03,WA,Paid Social
1143,2022-03-03,GA,Paid Social
14872,2022-03-03,CA,Paid Social
19407,2022-03-03,FL,Organic Search
7178,2022-03-03,WA,Email
20831,2022-03-03,FL,Referral
9836,2022-03-03,,Organic Search
27465,2022-03-03,IL,Paid Social
29315,2022-03-03,,Paid Social
17154,2022-03-03,WA,Paid Social
390,2022-03-03,,Email
18703,2022-03-03,NY,Paid Social
27435,2022-03-03,FL,Organic Search
714,2022-03-03,GA,Paid Social
3607,2022-03-03,FL,Email
3641,2022-03-03,IL,Organic Search
6094,2022-03-03,GA,Paid Social
8950,2022-03-03,GA,Paid Social
21260,2022-03-03,WA,Affiliate
11954,2022-03-03,,Paid Social
11332,2022-03-03,NY,Organic Search
23740,2022-03-03,TX,Email
17149,2022-03-03,WA,Paid Social
13741,2022-03-04,WA,Organic Search
15498,2022-03-04,GA,Organic Search
25315,2022-03-04,TX,Paid Social
2836,2022-03-04,FL,Affiliate
8559,2022-03-04,NY,Email
3902,2022-03-04,FL,Paid Social
11815,2022-03-04,IL,Organic Search
2209,2022-03-04,GA,Organic Search
25685,2022-03-04,IL,Paid Social
26360,2022-03-04,GA,Paid Social
5463,2022-03-04,,Organic Search
1406,2022-03-04,WA,Paid Social
8224,2022-03-04,NY,Referral
29636,2022-03-04,NY,Affiliate
18869,2022-03-04,IL,Organic Search
17334,2022-03-04,FL,Affiliate
2180,2022-03-04,NY,Paid Social
10764,2022-03-04,IL,Organic Search
17200,2022-03-04,,Email
17955,2022-03-04,,Referral
12419,2022-03-04,WA,Email
29846,2022-03-05,IL,Paid Social
12651,2022-03-05,CA,Paid Social
7744,2022-03-05,CA,Paid Social
19306,2022-03-05,IL,Paid Social
4118,2022-03-05,TX,Paid Social
720,2022-03-05,IL,Email
17603,2022-03-05,GA,Organic Search
20643,2022-03-05,WA,Organic Search
6212,2022-03-05,,Organic Search
9837,2022-03-05,,Referral
22069,2022-03-05,,Affiliate
11570,2022-03-05,NY,Email
21844,2022-03-05,TX,Organic Search
28890,2022-03-05,WA,Organic Search
18279,2022-03-05,FL,Organic Search
3660,2022-03-05,TX,Affiliate
8944,2022-03-05,FL,Affiliate
228,2022-03-05,WA,Paid Social
27770,2022-03-06,,Organic Search
24182,2022-03-06,FL,Paid Social
22750,2022-03-06,GA,Paid Social
10140,2022-03-06,TX,Paid Social
11919,2022-03-06,FL,Organic Search
3279,2022-03-06,WA,Paid Social
21662,2022-03-06,IL,Paid Social
15939,2022-03-06,IL,Organic Search
23404,2022-03-06,,Email
5930,2022-03-06,GA,Referral
27135,2022-03-06,CA,Organic Search
2539,2022-03-06,CA,Email
2350,2022-03-06,WA,Organic Search
22567,2022-03-06,,Organic Search
7507,2022-03-06,GA,Paid Social
22001,2022-03-06,NY,Email
3237,2022-03-06,,Organic Search
20426,2022-03-06,CA,Paid Social
3867,2022-03-06,TX,Paid Social
3452,2022-03-06,WA,Paid Social
21952,2022-03-06,,Referral
17657,2022-03-06,CA,Organic Search
17662,2022-03-06,TX,Paid Social
20791,2022-03-06,,Organic Search
13570,2022-03-07,,Referral
8321,2022-03-07,CA,Organic Search
28960,2022-03-07,IL,Organic Search
3122,2022-03-07,FL,Organic Search
6864,2022-03-07,IL,Organic Search
15465,2022-03-07,,Email
23936,2022-03-07,,Paid Social
12810,2022-03-07,WA,Paid Social
2413,2022-03-07,IL,Paid Social
7654,2022-03-07,WA,Email
17016,2022-03-07,CA,Affiliate
17189,2022-03-07,CA,Organic Search
15628,2022-03-07,FL,Referral
25335,2022-03-07,FL,Paid Social
3689,2022-03-07,TX,Organic Search
5224,2022-03-07,CA,Paid Social
4705,2022-03-07,CA,Paid Social
28400,2022-03-07,,Organic Search
16396,2022-03-07,,Paid Social
7167,2022-03-07,TX,Referral
9889,2022-03-07,FL,Organic Search
5742,2022-03-07,TX,Paid Social
22833,2022-03-07,,Paid Social
1769,2022-03-07,CA,Paid Social
18690,2022-03-07,,Paid Social
18571,2022-03-07,TX,Organic Search
11699,2022-03-07,CA,Affiliate
760,2022-03-07,NY,Email
22272,2022-03-07,CA,Paid Social
24827,2022-03-07,NY,Paid Social
13753,2022-03-07,GA,Organic Search
22628,2022-03-07,GA,Paid Social
15427,2022-03-07,FL,Paid Social
9637,2022-03-08,WA,Affiliate
27218,2022-03-08,WA,Paid Social
11808,2022-03-08,WA,Organic Search
13846,2022-03-08,WA,Organic Search
12346,2022-03-08,FL,Email
5735,2022-03-08,WA,Paid Social
24246,2022-03-08,TX,Paid Social
28054,2022-03-08,CA,Paid Social
20792,2022-03-08,WA,Email
20036,2022-03-08,WA,Email
25745,2022-03-08,TX,Paid Social
13398,2022-03-08,IL,Paid Social
10381,2022-03-08,GA,Email
1014,2022-03-08,CA,Organic Search
7226,2022-03-08,,Affiliate
10682,2022-03-08,GA,Affiliate
8788,2022-03-08,CA,Email
23591,2022-03-08,FL,Paid Social
9120,2022-03-08,,Referral
15627,2022-03-08,CA,Paid Social
17941,2022-03-08,IL,Paid Social
29522,2022-03-08,WA,Paid Social
20140,2022-03-08,,Paid Social
15858,2022-03-08,GA,Paid Social
3940,2022-03-08,TX,Paid Social
27750,2022-03-09,GA,Paid Social
9454,2022-03-09,NY,Organic Search
13911,2022-03-09,CA,Email
12091,2022-03-09,GA,Organic Search
9955,2022-03-09,NY,Organic Search
934,2022-03-09,CA,Paid Social
9655,2022-03-09,CA,Paid Social
16603,2022-03-09,,Paid Social
29479,2022-03-09,IL,Organic Search
12805,2022-03-09,WA,Email
5504,2022-03-09,FL,Paid Social
18956,2022-03-09,NY,Affiliate
1729,2022-03-09,WA,Email
21455,2022-03-09,CA,Paid Social
27991,2022-03-09,,Paid Social
23412,2022-03-09,,Paid Social
255,2022-03-09,FL,Organic Search
19125,2022-03-09,FL,Email
23658,2022-03-09,,Paid Social
11807,2022-03-09,IL,Email
19003,2022-03-09,NY,Organic Search
12967,2022-03-09,IL,Paid Social
29966,2022-03-10,FL,Organic Search
1997,2022-03-10,IL,Affiliate
14354,2022-03-10,NY,Paid Social
21609,2022-03-10,,Paid Social
29283,2022-03-10,CA,Referral
13518,2022-03-10,CA,Affiliate
6228,2022-03-10,,Affiliate
22769,2022-03-10,,Paid Social
513,2022-03-10,FL,Affiliate
2826,2022-03-10,IL,Email
15915,2022-03-10,NY,Email
7289,2022-03-10,WA,Affiliate
24810,2022-03-10,IL,Referral
20550,2022-03-10,NY,Affiliate
20962,2022-03-11,GA,Organic Search
12261,2022-03-11,NY,Affiliate
27897,2022-03-11,,Paid Social
24689,2022-03-11,NY,Email
10795,2022-03-11,GA,Organic Search
19069,2022-03-11,NY,Paid Social
5699,2022-03-11,WA,Affiliate
22722,2022-03-11,,Paid Social
29581,2022-03-11,NY,Affiliate
774,2022-03-11,,Paid Social
22010,2022-03-11,FL,Email
10942,2022-03-11,CA,Paid Social
6917,2022-03-11,TX,Paid Social
21414,2022-03-11,TX,Email
19370,2022-03-11,FL,Paid Social
21162,2022-03-11,WA,Organic Search
701,2022-03-11,NY,Paid Social
5007,2022-03-11,GA,Email
2954,2022-03-11,,Paid Social
19501,2022-03-11,GA,Organic Search
23469,2022-03-11,NY,Referral
26560,2022-03-11,WA,Paid Social
13845,2022-03-11,FL,Paid Social
19441,2022-03-11,IL,Paid Social
12915,2022-03-11,WA,Email
29270,2022-03-12,NY,Email
21646,2022-03-12,NY,Affiliate
18337,2022-03-12,,Email
8113,2022-03-12,,Affiliate
23838,2022-03-12,WA,Paid Social
14564,2022-03-12,,Email
17329,2022-03-12,WA,Email
5799,2022-03-12,GA,Affiliate
15182,2022-03-12,NY,Organic Search
23074,2022-03-12,NY,Email
7605,2022-03-12,,Paid Social
25518,2022-03-12,GA,Paid Social
1013,2022-03-12,WA,Affiliate
2284,2022-03-12,NY,Organic Search
5618,2022-03-12,,Organic Search
3482,2022-03-12,IL,Paid Social
14542,2022-03-12,FL,Paid Social
23773,2022-03-12,,Paid Social
27063,2022-03-12,FL,Paid Social
19695,2022-03-12,GA,Email
6820,2022-03-12,CA,Email
11287,2022-03-12,TX,Affiliate
10414,2022-03-12,TX,Organic Search
25646,2022-03-13,GA,Affiliate
3306,2022-03-13,GA,Paid Social
8829,2022-03-13,WA,Paid Social
23662,2022-03-13,,Organic Search
18484,2022-03-13,,Email
12268,2022-03-13,CA,Paid Social
28594,2022-03-13,CA,Email
18427,2022-03-13,FL,Paid Social
5529,2022-03-13,NY,Paid Social
2602,2022-03-13,CA,Organic Search
20969,2022-03-13,NY,Paid Social
3774,2022-03-13,FL,Email
28720,2022-03-13,TX,Organic Search
433,2022-03-13,,Paid Social
11337,2022-03-13,NY,Paid Social
29619,2022-03-13,TX,Paid Social
9410,2022-03-13,FL,Paid Social
18196,2022-03-13,TX,Paid Social
992,2022-03-13,NY,Paid Social
21016,2022-03-13,NY,Paid Social
5319,2022-03-13,IL,Organic Search
26565,2022-03-13,FL,Paid Social
3390,2022-03-14,CA,Paid Social
14196,2022-03-14,GA,Organic Search
10975,2022-03-14,IL,Email
4427,2022-03-14,GA,Organic Search
17961,2022-03-14,FL,Organic Search
27066,2022-03-14,FL,Paid Social
24819,2022-03-14,GA,Paid Social
16561,2022-03-14,WA,Organic Search
18891,2022-03-14,TX,Paid Social
3235,2022-03-14,CA,Paid Social
4348,2022-03-14,CA,Paid Social
5376,2022-03-14,NY,Email
7579,2022-03-14,,Affiliate
420,2022-03-14,GA,Email
27028,2022-03-14,TX,Organic Search
12385,2022-03-14,NY,Paid Social
16650,2022-03-14,TX,Paid Social
18466,2022-03-14,,Email
28144,2022-03-14,CA,Organic Search
22948,2022-03-14,NY,Organic Search
5370,2022-03-14,NY,Organic Search
29059,2022-03-14,TX,Paid Social
13106,2022-03-15,FL,Paid Social
10240,2022-03-15,,Organic Search
23087,2022-03-15,WA,Paid Social
8116,2022-03-15,CA,Organic Search
6037,2022-03-15,FL,Email
7832,2022-03-15,IL,Paid Social
23963,2022-03-15,WA,Paid Social
19711,2022-03-15,IL,Paid Social
3284,2022-03-15,TX,Referral
2722,2022-03-15,TX,Email
28177,2022-03-15,FL,Email
988,2022-03-15,FL,Paid Social
28179,2022-03-15,WA,Organic Search
12271,2022-03-15,FL,Affiliate
23304,2022-03-15,WA,Affiliate
25676,2022-03-15,,Email
15060,2022-03-15,CA,Paid Social
11758,2022-03-16,GA,Email
11884,2022-03-16,IL,Organic Search
14499,2022-03-16,TX,Paid Social
10365,2022-03-16,FL,Organic Search
12668,2022-03-16,NY,Email
12574,2022-03-16,NY,Organic Search
26917,2022-03-16,IL,Paid Social
21704,2022-03-16,NY,Paid Social
24011,2022-03-16,CA,Paid Social
23819,2022-03-16,TX,Paid Social
10050,2022-03-16,TX,Affiliate
22949,2022-03-16,CA,Paid Social
27153,2022-03-16,NY,Organic Search
12344,2022-03-16,CA,Paid Social
15004,2022-03-16,NY,Organic Search
18309,2022-03-16,IL,Paid Social
657,2022-03-16,WA,Organic Search
1384,2022-03-16,IL,Organic Search
8288,2022-03-16,IL,Organic Search
21279,2022-03-16,,Organic Search
4723,2022-03-16,IL,Organic Search
21490,2022-03-16,TX,Organic Search
26925,2022-03-16,NY,Paid Social
8994,2022-03-16,IL,Paid Social
26337,2022-03-17,FL,Referral
5526,2022-03-17,IL,Organic Search
5456,2022-03-17,IL,Organic Search
27426,2022-03-17,NY,Organic Search
21546,2022-03-17,NY,Email
24748,2022-03-17,GA,Email
15943,2022-03-17,CA,Paid Social
29725,2022-03-17,FL,Referral
2073,2022-03-17,IL,Organic Search
3325,2022-03-17,IL,Email
3258,2022-03-17,TX,Organic Search
17318,2022-03-17,FL,Paid Social
16759,2022-03-17,,Paid Social
12460,2022-03-17,FL,Organic Search
10256,2022-03-17,CA,Organic Search
3048,2022-03-17,FL,Paid Social
8190,2022-03-17,CA,Paid Social
28503,2022-03-17,IL,Organic Search
23996,2022-03-17,CA,Affiliate
28136,2022-03-17,NY,Organic Search
14509,2022-03-17,WA,Affiliate
2573,2022-03-17,GA,Paid Social
5098,2022-03-17,GA,Organic Search
17156,2022-03-17,WA,Paid Social
4674,2022-03-18,IL,Organic Search
18720,2022-03-18,TX,Affiliate
16593,2022-03-18,WA,Paid Social
17535,2022-03-18,WA,Affiliate
25868,2022-03-18,,Email
15968,2022-03-18,TX,Paid Social
8273,2022-03-18,CA,Organic Search
6839,2022-03-18,CA,Organic Search
17656,2022-03-18,NY,Email
4979,2022-03-18,TX,Organic Search
26859,2022-03-18,WA,Paid Social
18505,2022-03-18,IL,Paid Social
18047,2022-03-18,GA,Email
29319,2022-03-18,IL,Organic Search
919,2022-03-18,GA,Email
23988,2022-03-18,IL,Paid Social
14868,2022-03-18,,Paid Social
13125,2022-03-18,CA,Organic Search
15850,2022-03-18,GA,Paid Social
18291,2022-03-18,,Affiliate
15324,2022-03-18,WA,Referral
28393,2022-03-18,IL,Referral
11642,2022-03-18,CA,Email
29289,2022-03-18,GA,Paid Social
2767,2022-03-18,FL,Paid Social
19612,2022-03-18,CA,Organic Search
23410,2022-03-18,FL,Paid Social
14917,2022-03-18,WA,Email
29352,2022-03-19,FL,Email
24718,2022-03-19,WA,Email
20939,2022-03-19,NY,Organic Search
25332,2022-03-19,NY,Email
10987,2022-03-19,GA,Organic Search
23317,2022-03-19,NY,Paid Social
2096,2022-03-19,NY,Email
5391,2022-03-19,FL,Organic Search
27022,2022-03-19,NY,Email
15271,2022-03-19,WA,Organic Search
3706,2022-03-19,,Referral
27864,2022-03-19,GA,Paid Social
3397,2022-03-19,GA,Email
27885,2022-03-19,NY,Organic Search
5017,2022-03-19,GA,Organic Search
5809,2022-03-19,IL,Paid Social
9263,2022-03-19,NY,Paid Social
23356,2022-03-19,,Referral
5428,2022-03-19,,Organic Search
26267,2022-03-19,NY,Organic Search
15999,2022-03-19,CA,Email
25171,2022-03-19,GA,Paid Social
20039,2022-03-19,NY,Referral
4500,2022-03-19,NY,Paid Social
1848,2022-03-19,,Organic Search
16950,2022-03-20,GA,Paid Social
27987,2022-03-20,GA,Paid Social
28188,2022-03-20,,Paid Social
15566,2022-03-20,IL,Organic Search
10036,2022-03-20,CA,Paid Social
388,2022-03-20,CA,Organic Search
17017,2022-03-20,IL,Paid Social
6291,2022-03-20,IL,Organic Search
12028,2022-03-20,CA,Paid Social
21465,2022-03-20,GA,Organic Search
4522,2022-03-20,GA,Paid Social
24284,2022-03-20,,Organic Search
14934,2022-03-20,FL,Paid Social
22257,2022-03-20,IL,Email
4541,2022-03-20,TX,Organic Search
23881,2022-03-20,WA,Paid Social
4087,2022-03-20,WA,Organic Search
8191,2022-03-20,FL,Referral
17629,2022-03-20,NY,Paid Social
26236,2022-03-20,NY,Referral
26738,2022-03-20,CA,Paid Social
22570,2022-03-20,TX,Paid Social
4227,2022-03-20,NY,Paid Social
23361,2022-03-21,TX,Email
27204,2022-03-21,CA,Paid Social
24417,2022-03-21,CA,Paid Social
21990,2022-03-21,TX,Email
2953,2022-03-21,CA,Email
20946,2022-03-21,GA,Organic Search
1241,2022-03-21,GA,Referral
24562,2022-03-21,FL,Referral
15665,2022-03-21,CA,Paid Social
17279,2022-03-21,TX,Organic Search
26144,2022-03-21,TX,Referral
12962,2022-03-21,GA,Organic Search
4804,2022-03-21,CA,Organic Search
8170,2022-03-21,GA,Organic Search
19076,2022-03-21,IL,Paid Social
18105,2022-03-21,WA,Paid Social
1952,2022-03-21,WA,Organic Search
20807,2022-03-21,FL,Affiliate
22926,2022-03-21,WA,Paid Social
24477,2022-03-22,WA,Email
12336,2022-03-22,FL,Organic Search
15472,2022-03-22,GA,Email
25690,2022-03-22,WA,Paid Social
24445,2022-03-22,NY,Organic Search
26429,2022-03-22,NY,Organic Search
26494,2022-03-22,,Paid Social
17845,2022-03-22,NY,Affiliate
8109,2022-03-22,IL,Email
12515,2022-03-22,,Email
16209,2022-03-22,,Paid Social
9881,2022-03-22,FL,Paid Social
5793,2022-03-22,,Affiliate
5577,2022-03-22,TX,Paid Social
17059,2022-03-22,TX,Email
14630,2022-03-22,FL,Organic Search
29065,2022-03-22,GA,Paid Social
29814,2022-03-22,,Email
25450,2022-03-22,WA,Affiliate
24548,2022-03-23,NY,Paid Social
12873,2022-03-23,TX,Paid Social
8608,2022-03-23,GA,Organic Search
11016,2022-03-23,GA,Affiliate
27674,2022-03-23,GA,Paid Social
12110,2022-03-23,FL,Organic Search
19661,2022-03-23,TX,Affiliate
25313,2022-03-23,WA,Email
23480,2022-03-23,,Email
10278,2022-03-23,NY,Email
2753,2022-03-23,,Organic Search
13397,2022-03-23,CA,Paid Social
20903,2022-03-23,IL,Paid Social
21258,2022-03-23,IL,Organic Search
10393,2022-03-23,IL,Paid Social
13775,2022-03-23,IL,Referral
15740,2022-03-24,IL,Paid Social
16043,2022-03-24,IL,Organic Search
11367,2022-03-24,WA,Paid Social
29702,2022-03-24,IL,Paid Social
28358,2022-03-24,NY,Organic Search
486,2022-03-24,WA,Affiliate
29484,2022-03-24,WA,Paid Social
18878,2022-03-24,WA,Affiliate
24921,2022-03-24,TX,Affiliate
7877,2022-03-24,CA,Paid Social
4440,2022-03-24,NY,Organic Search
7375,2022-03-24,TX,Organic Search
9326,2022-03-24,FL,Affiliate
22930,2022-03-24,FL,Paid Social
808,2022-03-24,FL,Affiliate
23605,2022-03-24,IL,Organic Search
24007,2022-03-24,TX,Paid Social
19148,2022-03-24,IL,Referral
9042,2022-03-24,GA,Paid Social
22509,2022-03-24,CA,Organic Search
3219,2022-03-24,GA,Email
7571,2022-03-24,TX,Paid Social
6513,2022-03-24,WA,Email
19792,2022-03-24,NY,Paid Social
15854,2022-03-24,NY,Affiliate
11904,2022-03-24,TX,Paid Social
15815,2022-03-24,TX,Paid Social
5717,2022-03-24,NY,Organic Search
14701,2022-03-24,,Affiliate
9280,2022-03-25,WA,Organic Search
1806,2022-03-25,NY,Email
15633,2022-03-25,GA,Affiliate
16606,2022-03-25,GA,Paid Social
3430,2022-03-25,,Paid Social
20537,2022-03-25,CA,Organic Search
22223,2022-03-25,GA,Organic Search
24959,2022-03-25,NY,Paid Social
19723,2022-03-25,IL,Paid Social
28410,2022-03-25,WA,Email
27745,2022-03-25,IL,Organic Search
8177,2022-03-25,FL,Organic Search
5194,2022-03-25,WA,Affiliate
25494,2022-03-25,,Paid Social
16150,2022-03-25,TX,Referral
6699,2022-03-25,NY,Email
64,2022-03-25,GA,Paid Social
28248,2022-03-25,NY,Paid Social
21215,2022-03-25,CA,Paid Social
26268,2022-03-25,GA,Paid Social
20951,2022-03-25,TX,Affiliate
7749,2022-03-25,GA,Paid Social
15088,2022-03-25,NY,Organic Search
16496,2022-03-26,WA,Paid Social
26200,2022-03-26,TX,Organic Search
21192,2022-03-26,TX,Paid Social
19887,2022-03-26,FL,Affiliate
10058,2022-03-26,IL,Email
5667,2022-03-26,CA,Email
13715,2022-03-26,CA,Organic Search
17097,2022-03-26,IL,Email
8301,2022-03-26,CA,Email
12630,2022-03-26,IL,Email
22961,2022-03-26,FL,Paid Social
18761,2022-03-26,CA,Organic Search
18593,2022-03-26,,Paid Social
26015,2022-03-26,TX,Paid Social
27308,2022-03-26,CA,Affiliate
9234,2022-03-26,TX,Paid Social
28308,2022-03-27,IL,Organic Search
1639,2022-03-27,TX,Affiliate
15724,2022-03-27,TX,Organic Search
21972,2022-03-27,IL,Paid Social
10787,2022-03-27,NY,Organic Search
25140,2022-03-27,FL,Referral
21782,2022-03-27,,Affiliate
23686,2022-03-27,FL,Organic Search
4177,2022-03-27,NY,Paid Social
15756,2022-03-27,,Email
5377,2022-03-27,CA,Paid Social
25674,2022-03-27,,Paid Social
12583,2022-03-27,GA,Email
6294,2022-03-27,TX,Paid Social
10415,2022-03-27,GA,Affiliate
4062,2022-03-27,GA,Organic Search
21137,2022-03-27,NY,Affiliate
1685,2022-03-27,,Organic Search
25324,2022-03-27,NY,Paid Social
4912,2022-03-27,,Paid Social
2946,2022-03-27,IL,Organic Search
26121,2022-03-27,FL,Paid Social
12118,2022-03-27,TX,Email
21563,2022-03-27,TX,Paid Social
1665,2022-03-27,CA,Affiliate
1999,2022-03-28,FL,Organic Search
28289,2022-03-28,NY,Email
24249,2022-03-28,GA,Paid Social
19362,2022-03-28,IL,Referral
9381,2022-03-28,,Organic Search
1031,2022-03-28,FL,Organic Search
17919,2022-03-28,GA,Organic Search
29925,2022-03-28,,Email
23261,2022-03-28,NY,Affiliate
4164,2022-03-28,,Paid Social
29855,2022-03-28,FL,Organic Search
6028,2022-03-28,IL,Organic Search
509,2022-03-28,CA,Affiliate
1154,2022-03-28,TX,Paid Social
29677,2022-03-28,NY,Organic Search
1879,2022-03-28,TX,Organic Search
7470,2022-03-28,FL,Paid Social
15371,2022-03-28,WA,Organic Search
522,2022-03-28,WA,Paid Social
28713,2022-03-28,FL,Email
15927,2022-03-28,IL,Organic Search
26165,2022-03-28,CA,Paid Social
29809,2022-03-28,WA,Affiliate
1590,2022-03-28,,Email
26849,2022-03-28,IL,Organic Search
11534,2022-03-28,TX,Organic Search
13062,2022-03-28,IL,Organic Search
16373,2022-03-28,FL,Paid Social
23969,2022-03-28,FL,Paid Social
27513,2022-03-29,IL,Paid Social
737,2022-03-29,NY,Paid Social
1798,2022-03-29,IL,Organic Search
21221,2022-03-29,,Paid Social
7150,2022-03-29,CA,Paid Social
19685,2022-03-29,CA,Organic Search
12727,2022-03-29,IL,Email
7335,2022-03-29,NY,Paid Social
28508,2022-03-29,,Organic Search
21984,2022-03-29,NY,Paid Social
22598,2022-03-29,NY,Email
12765,2022-03-29,TX,Email
29828,2022-03-29,WA,Organic Search
13979,2022-03-29,GA,Organic Search
14920,2022-03-29,CA,Paid Social
3257,2022-03-29,,Paid Social
9596,2022-03-29,TX,Paid Social
25383,2022-03-29,CA,Paid Social
829,2022-03-29,IL,Email
22573,2022-03-29,WA,Paid Social
9196,2022-03-29,FL,Organic Search
10293,2022-03-29,IL,Paid Social
15332,2022-03-29,NY,Affiliate
1301,2022-03-29,GA,Organic Search
3177,2022-03-29,FL,Paid Social
3712,2022-03-29,CA,Email
17311,2022-03-29,GA,Paid Social
13613,2022-03-29,WA,Paid Social
5797,2022-03-29,NY,Organic Search
16716,2022-03-29,NY,Affiliate
18204,2022-03-29,FL,Email
11754,2022-03-30,,Organic Search
15140,2022-03-30,WA,Email
24467,2022-03-30,TX,Paid Social
15023,2022-03-30,,Organic Search
29569,2022-03-30,GA,Organic Search
7156,2022-03-30,CA,Email
28886,2022-03-30,IL,Organic Search
14515,2022-03-30,WA,Paid Social
11507,2022-03-30,IL,Referral
1890,2022-03-30,IL,Affiliate
355,2022-03-30,FL,Organic Search
10133,2022-03-30,TX,Paid Social
27013,2022-03-30,TX,Paid Social
22170,2022-03-30,TX,Paid Social
12037,2022-03-30,CA,Organic Search
27690,2022-03-30,GA,Paid Social
4800,2022-03-30,IL,Paid Social
12475,2022-03-30,,Paid Social
17433,2022-03-30,WA,Paid Social
127,2022-03-31,FL,Email
15715,2022-03-31,TX,Organic Search
2048,2022-03-31,FL,Email
14700,2022-03-31,TX,Paid Social
5903,2022-03-31,NY,Organic Search
6601,2022-03-31,GA,Paid Social
3188,2022-03-31,GA,Paid Social
4341,2022-03-31,FL,Paid Social
13674,2022-03-31,IL,Organic Search
13527,2022-03-31,NY,Email
13276,2022-03-31,FL,Paid Social
9265,2022-03-31,GA,Email
22575,2022-03-31,WA,Organic Search
8294,2022-03-31,,Organic Search
19935,2022-03-31,WA,Email
4514,2022-03-31,FL,Paid Social
18317,2022-03-31,WA,Organic Search
9937,2022-03-31,TX,Paid Social
23751,2022-03-31,IL,Email
11034,2022-03-31,NY,Email
9343,2022-03-31,FL,Email
13988,2022-03-31,CA,Organic Search
18542,2022-03-31,GA,Affiliate
25443,2022-04-01,NY,Paid Social
19121,2022-04-01,IL,Organic Search
23797,2022-04-01,GA,Paid Social
29200,2022-04-01,IL,Email
26891,2022-04-01,IL,Paid Social
5053,2022-04-01,TX,Organic Search
5732,2022-04-01,,Paid Social
25840,2022-04-01,WA,Paid Social
378,2022-04-01,GA,Organic Search
23011,2022-04-01,NY,Affiliate
17068,2022-04-01,IL,Affiliate
15863,2022-04-01,IL,Paid Social
22594,2022-04-01,,Organic Search
11619,2022-04-01,TX,Affiliate
904,2022-04-02,,Paid Social
14402,2022-04-02,WA,Paid Social
27328,2022-04-02,TX,Email
25721,2022-04-02,NY,Organic Search
10905,2022-04-02,,Paid Social
1337,2022-04-02,NY,Organic Search
4252,2022-04-02,GA,Organic Search
15428,2022-04-02,,Organic Search
24351,2022-04-02,,Organic Search
13450,2022-04-02,NY,Organic Search
21736,2022-04-02,FL,Paid Social
3560,2022-04-02,FL,Paid Social
17817,2022-04-02,WA,Paid Social
12463,2022-04-02,NY,Affiliate
28670,2022-04-02,TX,Paid Social
9844,2022-04-02,,Email
24464,2022-04-02,WA,Paid Social
11605,2022-04-02,CA,Paid Social
16357,2022-04-02,,Organic Search
3725,2022-04-02,WA,Paid Social
29733,2022-04-02,,Paid Social
12705,2022-04-03,WA,Organic Search
16040,2022-04-03,FL,Paid Social
13530,2022-04-03,TX,Organic Search
15778,2022-04-03,,Paid Social
27509,2022-04-03,TX,Paid Social
19253,2022-04-03,CA,Paid Social
12221,2022-04-03,CA,Organic Search
3863,2022-04-03,CA,Paid Social
20285,2022-04-03,CA,Organic Search
13861,2022-04-03,NY,Paid Social
10965,2022-04-03,TX,Referral
9358,2022-04-03,GA,Organic Search
22998,2022-04-03,FL,Referral
28074,2022-04-03,NY,Paid Social
7154,2022-04-03,IL,Referral
11306,2022-04-03,,Organic Search
5048,2022-04-03,,Paid Social
24522,2022-04-03,,Paid Social
18627,2022-04-03,GA,Organic Search
23231,2022-04-03,IL,Paid Social
19177,2022-04-03,CA,Paid Social
20259,2022-04-03,IL,Paid Social
22742,2022-04-03,WA,Organic Search
23839,2022-04-03,TX,Email
25693,2022-04-03,GA,Affiliate
11535,2022-04-03,TX,Paid Social
16449,2022-04-03,FL,Affiliate
14414,2022-04-04,TX,Organic Search
26944,2022-04-04,NY,Email
69,2022-04-04,FL,Organic Search
12067,2022-04-04,WA,Paid Social
23970,2022-04-04,CA,Organic Search
28933,2022-04-04,IL,Paid Social
21677,2022-04-04,,Organic Search
7616,2022-04-04,NY,Paid Social
11142,2022-04-04,GA,Affiliate
12319,2022-04-04,CA,Organic Search
11929,2022-04-04,,Paid Social
1022,2022-04-04,NY,Organic Search
27941,2022-04-04,TX,Organic Search
22077,2022-04-04,,Paid Social
6627,2022-04-04,NY,Email
25444,2022-04-04,,Paid Social
10600,2022-04-04,TX,Paid Social
27667,2022-04-04,TX,Organic Search
453,2022-04-04,,Paid Social
8278,2022-04-04,FL,Paid Social
21168,2022-04-04,TX,Organic Search
21169,2022-04-04,GA,Referral
1788,2022-04-04,NY,Paid Social
2450,2022-04-04,FL,Paid Social
15789,2022-04-04,WA,Paid Social
12423,2022-04-04,IL,Organic Search
3051,2022-04-05,GA,Organic Search
16968,2022-04-05,IL,Organic Search
11163,2022-04-05,FL,Email
14206,2022-04-05,NY,Paid Social
14676,2022-04-05,,Organic Search
14802,2022-04-05,WA,Email
21547,2022-04-05,IL,Email
16704,2022-04-05,WA,Paid Social
12720,2022-04-05,CA,Organic Search
26957,2022-04-05,WA,Paid Social
12071,2022-04-05,CA,Paid Social
19513,2022-04-05,WA,Affiliate
28428,2022-04-05,IL,Paid Social
4696,2022-04-05,WA,Referral
1564,2022-04-05,IL,Organic Search
12577,2022-04-05,WA,Organic Search
26492,2022-04-05,TX,Paid Social
14178,2022-04-05,NY,Paid Social
2749,2022-04-05,WA,Email
13401,2022-04-05,FL,Affiliate
22610,2022-04-05,NY,Organic Search
1207,2022-04-05,TX,Paid Social
17207,2022-04-05,NY,Paid Social
7699,2022-04-05,NY,Paid Social
27855,2022-04-05,GA,Affiliate
23715,2022-04-05,CA,Paid Social
22113,2022-04-06,IL,Paid Social
13281,2022-04-06,WA,Email
21596,2022-04-06,NY,Referral
7619,2022-04-06,WA,Affiliate
4596,2022-04-06,FL,Paid Social
25474,2022-04-06,GA,Paid Social
8927,2022-04-06,GA,Paid Social
8052,2022-04-06,GA,Organic Search
17596,2022-04-06,,Email
20394,2022-04-06,WA,Referral
2401,2022-04-06,CA,Paid Social
14397,2022-04-06,NY,Affiliate
28015,2022-04-06,GA,Referral
6357,2022-04-06,IL,Paid Social
29919,2022-04-06,TX,Paid Social
15772,2022-04-06,FL,Organic Search
16784,2022-04-06,WA,Paid Social
9872,2022-04-06,FL,Paid Social
11237,2022-04-06,FL,Paid Social
12247,2022-04-07,IL,Organic Search
12676,2022-04-07,NY,Email
11726,2022-04-07,IL,Paid Social
27931,2022-04-07,IL,Paid Social
7879,2022-04-07,TX,Paid Social
4379,2022-04-07,TX,Organic Search
5792,2022-04-07,FL,Paid Social
7805,2022-04-07,CA,Organic Search
14160,2022-04-07,CA,Organic Search
6921,2022-04-07,TX,Affiliate
13720,2022-04-07,FL,Organic Search
10821,2022-04-07,GA,Paid Social
23135,2022-04-07,FL,Affiliate
13040,2022-04-07,GA,Email
15935,2022-04-07,CA,Paid Social
26169,2022-04-07,GA,Paid Social
29447,2022-04-07,GA,Affiliate
13691,2022-04-07,WA,Paid Social
6605,2022-04-07,CA,Paid Social
865,2022-04-07,TX,Paid Social
7073,2022-04-07,,Paid Social
26075,2022-04-07,FL,Affiliate
17114,2022-04-07,,Affiliate
10739,2022-04-07,NY,Organic Search
2778,2022-04-07,WA,Organic Search
6348,2022-04-07,CA,Affiliate
6063,2022-04-07,CA,Paid Social
17431,2022-04-07,CA,Affiliate
21535,2022-04-07,NY,Organic Search
27772,2022-04-08,,Paid Social
23885,2022-04-08,FL,Organic Search
6069,2022-04-08,FL,Organic Search
23270,2022-04-08,GA,Referral
26152,2022-04-08,TX,Paid Social
17931,2022-04-08,,Email
1263,2022-04-08,WA,Paid Social
24266,2022-04-08,IL,Paid Social
24059,2022-04-08,CA,Paid Social
16198,2022-04-08,GA,Organic Search
14749,2022-04-08,,Organic Search
20328,2022-04-08,,Email
6502,2022-04-08,FL,Organic Search
12330,2022-04-08,,Organic Search
14050,2022-04-08,,Organic Search
6941,2022-04-08,GA,Email
15993,2022-04-08,NY,Affiliate
15914,2022-04-08,WA,Organic Search
28098,2022-04-08,NY,Organic Search
2542,2022-04-08,FL,Email
28659,2022-04-08,IL,Organic Search
24577,2022-04-08,,Paid Social
3980,2022-04-08,NY,Paid Social
5601,2022-04-08,NY,Organic Search
2552,2022-04-08,NY,Organic Search
14683,2022-04-08,,Email
19489,2022-04-08,IL,Paid Social
24494,2022-04-08,IL,Organic Search
1122,2022-04-08,TX,Affiliate
3710,2022-04-08,FL,Affiliate
16682,2022-04-08,TX,Paid Social
10699,2022-04-08,CA,Email
29281,2022-04-09,GA,Organic Search
14742,2022-04-09,,Paid Social
18286,2022-04-09,CA,Paid Social
1869,2022-04-09,GA,Organic Search
29026,2022-04-09,,Organic Search
9659,2022-04-09,WA,Paid Social
27511,2022-04-09,FL,Paid Social
13798,2022-04-09,NY,Paid Social
5403,2022-04-09,IL,Affiliate
15676,2022-04-09,CA,Email
3108,2022-04-09,WA,Organic Search
5347,2022-04-09,WA,Organic Search
5232,2022-04-09,IL,Paid Social
10300,2022-04-09,CA,Email
9946,2022-04-09,FL,Organic Search
1247,2022-04-09,IL,Organic Search
12909,2022-04-09,GA,Email
6553,2022-04-09,WA,Paid Social
28827,2022-04-09,WA,Paid Social
19162,2022-04-09,GA,Paid Social
5841,2022-04-10,CA,Paid Social
4774,2022-04-10,,Email
16739,2022-04-10,,Email
4323,2022-04-10,,Paid Social
10652,2022-04-10,IL,Email
2977,2022-04-10,,Email
20597,2022-04-10,CA,Paid Social
10854,2022-04-10,TX,Email
4059,2022-04-10,GA,Referral
24396,2022-04-10,GA,Organic Search
12587,2022-04-10,NY,Organic Search
8743,2022-04-10,NY,Paid Social
15208,2022-04-10,IL,Email
11154,2022-04-10,CA,Paid Social
11035,2022-04-10,WA,Email
4880,2022-04-10,IL,Email
9905,2022-04-10,WA,Affiliate
21726,2022-04-10,NY,Paid Social
12679,2022-04-10,NY,Email
23413,2022-04-10,TX,Affiliate
26365,2022-04-10,IL,Paid Social
655,2022-04-10,FL,Paid Social
12728,2022-04-10,,Email
12735,2022-04-10,CA,Organic Search
5855,2022-04-11,IL,Paid Social
29142,2022-04-11,IL,Paid Social
3492,2022-04-11,IL,Paid Social
1416,2022-04-11,TX,Affiliate
7262,2022-04-11,TX,Organic Search
1784,2022-04-11,GA,Paid Social
27203,2022-04-11,NY,Email
14269,2022-04-11,,Referral
23959,2022-04-11,,Paid Social
7625,2022-04-11,GA,Paid Social
23417,2022-04-11,,Referral
2541,2022-04-11,CA,Paid Social
12768,2022-04-11,NY,Affiliate
8989,2022-04-11,,Email
4416,2022-04-11,GA,Paid Social
12782,2022-04-11,WA,Referral
28824,2022-04-11,IL,Paid Social
2869,2022-04-11,,Organic Search
19990,2022-04-11,NY,Affiliate
902,2022-04-11,,Organic Search
543,2022-04-11,GA,Organic Search
11847,2022-04-11,NY,Affiliate
9958,2022-04-11,FL,Email
13522,2022-04-11,IL,Organic Search
2804,2022-04-12,FL,Affiliate
24790,2022-04-12,WA,Organic Search
9255,2022-04-12,NY,Email
4556,2022-04-12,TX,Paid Social
13929,2022-04-12,TX,Email
4184,2022-04-12,IL,Paid Social
12214,2022-04-12,IL,Affiliate
14674,2022-04-12,NY,Email
5584,2022-04-12,WA,Email
16403,2022-04-12,GA,Paid Social
3627,2022-04-12,GA,Organic Search
29075,2022-04-12,IL,Paid Social
12556,2022-04-12,IL,Paid Social
9590,2022-04-12,GA,Email
13939,2022-04-12,NY,Paid Social
15959,2022-04-12,FL,Paid Social
357,2022-04-12,CA,Organic Search
2634,2022-04-12,FL,Organic Search
14574,2022-04-12,TX,Referral
7009,2022-04-12,GA,Organic Search
20725,2022-04-12,CA,Organic Search
23334,2022-04-12,IL,Paid Social
23063,2022-04-13,GA,Paid Social
695,2022-04-13,IL,Organic Search
6125,2022-04-13,GA,Email
6171,2022-04-13,FL,Organic Search
1741,2022-04-13,IL,Email
20943,2022-04-13,NY,Email
14978,2022-04-13,IL,Organic Search
6474,2022-04-13,TX,Affiliate
29377,2022-04-13,NY,Organic Search
19565,2022-04-13,CA,Paid Social
21206,2022-04-13,CA,Organic Search
1279,2022-04-13,FL,Organic Search
23064,2022-04-13,CA,Paid Social
25393,2022-04-13,IL,Paid Social
14220,2022-04-13,IL,Paid Social
3738,2022-04-13,WA,Email
7331,2022-04-13,FL,Organic Search
16934,2022-04-13,CA,Organic Search
21314,2022-04-13,IL,Paid Social
8712,2022-04-13,FL,Organic Search
8657,2022-04-13,FL,Paid Social
4368,2022-04-13,IL,Paid Social
6385,2022-04-14,WA,Paid Social
12571,2022-04-14,,Affiliate
25896,2022-04-14,FL,Affiliate
3897,2022-04-14,IL,Organic Search
7452,2022-04-14,WA,Paid Social
6968,2022-04-14,NY,Paid Social
13998,2022-04-14,NY,Paid Social
5375,2022-04-14,,Paid Social
7418,2022-04-14,TX,Organic Search
18185,2022-04-14,WA,Organic Search
14895,2022-04-14,FL,Organic Search
3288,2022-04-14,,Email
17093,2022-04-14,IL,Affiliate
4799,2022-04-14,FL,Organic Search
25777,2022-04-14,NY,Email
8602,2022-04-14,IL,Email
21829,2022-04-14,FL,Email
26720,2022-04-14,IL,Paid Social
22242,2022-04-15,GA,Organic Search
4538,2022-04-15,,Paid Social
29667,2022-04-15,FL,Paid Social
24231,2022-04-15,IL,Organic Search
22884,2022-04-15,FL,Referral
15002,2022-04-15,,Email
9411,2022-04-15,CA,Organic Search
13130,2022-04-15,GA,Organic Search
16663,2022-04-15,CA,Referral
13822,2022-04-15,IL,Organic Search
12176,2022-04-15,,Paid Social
13268,2022-04-15,IL,Email
221,2022-04-15,IL,Paid Social
17650,2022-04-15,TX,Affiliate
26478,2022-04-15,WA,Affiliate
885,2022-04-15,TX,Email
25853,2022-04-15,,Paid Social
13495,2022-04-15,WA,Email
7344,2022-04-15,GA,Paid Social
8275,2022-04-15,CA,Paid Social
15345,2022-04-15,FL,Email
6205,2022-04-15,IL,Organic Search
4219,2022-04-16,NY,Paid Social
16246,2022-04-16,,Paid Social
13346,2022-04-16,WA,Paid Social
14690,2022-04-16,,Paid Social
8585,2022-04-16,NY,Paid Social
22430,2022-04-16,FL,Paid Social
1559,2022-04-16,CA,Email
18691,2022-04-16,GA,Paid Social
3964,2022-04-16,GA,Paid Social
546,2022-04-16,,Paid Social
24630,2022-04-16,NY,Organic Search
26935,2022-04-16,IL,Organic Search
4761,2022-04-16,NY,Paid Social
17387,2022-04-16,NY,Paid Social
19773,2022-04-16,,Organic Search
24297,2022-04-16,,Paid Social
14891,2022-04-16,WA,Paid Social
12298,2022-04-16,IL,Paid Social
12237,2022-04-16,TX,Email
28109,2022-04-16,FL,Organic Search
12421,2022-04-16,TX,Affiliate
24768,2022-04-16,FL,Paid Social
23049,2022-04-16,GA,Paid Social
9914,2022-04-16,GA,Paid Social
26367,2022-04-16,IL,Email
2696,2022-04-16,IL,Paid Social
26054,2022-04-16,GA,Organic Search
17821,2022-04-16,NY,Email
2604,2022-04-17,,Paid Social
27172,2022-04-17,IL,Paid Social
24366,2022-04-17,FL,Organic Search
22333,2022-04-17,TX,Paid Social
2593,2022-04-17,TX,Paid Social
28880,2022-04-17,IL,Paid Social
10661,2022-04-17,,Paid Social
18418,2022-04-17,IL,Email
5610,2022-04-17,CA,Paid Social
11608,2022-04-17,FL,Organic Search
5593,2022-04-17,FL,Organic Search
22582,2022-04-17,,Email
28754,2022-04-17,WA,Paid Social
2087,2022-04-17,FL,Organic Search
17389,2022-04-17,CA,Email
26069,2022-04-17,IL,Paid Social
10060,2022-04-17,,Paid Social
29003,2022-04-17,NY,Paid Social
3896,2022-04-17,WA,Email
2566,2022-04-17,CA,Organic Search
4128,2022-04-17,,Affiliate
13997,2022-04-18,WA,Affiliate
5322,2022-04-18,FL,Organic Search
13662,2022-04-18,TX,Organic Search
22731,2022-04-18,,Paid Social
13713,2022-04-18,TX,Email
1340,2022-04-18,NY,Organic Search
17838,2022-04-18,TX,Paid Social
22764,2022-04-18,WA,Email
15313,2022-04-18,CA,Organic Search
22243,2022-04-18,IL,Affiliate
9139,2022-04-18,CA,Paid Social
19846,2022-04-18,TX,Organic Search
13294,2022-04-18,WA,Organic Search
2116,2022-04-18,,Organic Search
15605,2022-04-18,,Organic Search
18353,2022-04-18,GA,Email
14152,2022-04-18,TX,Referral
4204,2022-04-18,CA,Affiliate
10607,2022-04-18,GA,Paid Social
10818,2022-04-18,TX,Email
25611,2022-04-18,IL,Organic Search
18586,2022-04-18,GA,Organic Search
4648,2022-04-18,GA,Organic Search
4647,2022-04-18,NY,Paid Social
379,2022-04-18,CA,Email
10121,2022-04-18,TX,Organic Search
24073,2022-04-19,NY,Paid Social
14839,2022-04-19,FL,Organic Search
13645,2022-04-19,WA,Paid Social
14765,2022-04-19,FL,Affiliate
17473,2022-04-19,GA,Paid Social
23696,2022-04-19,,Paid Social
26574,2022-04-19,FL,Organic Search
16724,2022-04-19,WA,Email
6819,2022-04-19,,Referral
19395,2022-04-19,CA,Affiliate
9163,2022-04-19,WA,Email
17890,2022-04-19,FL,Email
26774,2022-04-19,,Paid Social
5382,2022-04-19,CA,Paid Social
27290,2022-04-19,GA,Organic Search
26536,2022-04-19,WA,Organic Search
19611,2022-04-19,NY,Organic Search
24744,2022-04-19,NY,Email
3232,2022-04-20,TX,Paid Social
21739,2022-04-20,WA,Organic Search
18872,2022-04-20,FL,Paid Social
24338,2022-04-20,CA,Paid Social
23544,2022-04-20,TX,Affiliate
6054,2022-04-20,TX,Paid Social
22673,2022-04-20,WA,Organic Search
26327,2022-04-20,NY,Paid Social
21116,2022-04-20,WA,Organic Search
13893,2022-04-20,,Organic Search
21294,2022-04-20,,Organic Search
8535,2022-04-20,NY,Paid Social
24488,2022-04-20,WA,Referral
29654,2022-04-20,FL,Organic Search
10649,2022-04-20,FL,Affiliate
18077,2022-04-20,WA,Paid Social
14005,2022-04-21,NY,Email
23380,2022-04-21,,Organic Search
27233,2022-04-21,GA,Organic Search
6823,2022-04-21,TX,Affiliate
27366,2022-04-21,NY,Email
3943,2022-04-21,GA,Organic Search
23702,2022-04-21,WA,Paid Social
14207,2022-04-21,TX,Paid Social
5078,2022-04-21,NY,Organic Search
16805,2022-04-21,FL,Referral
17213,2022-04-21,IL,Paid Social
6584,2022-04-21,,Organic Search
24801,2022-04-21,IL,Paid Social
1046,2022-04-21,TX,Paid Social
8405,2022-04-21,IL,Paid Social
9441,2022-04-21,WA,Organic Search
16095,2022-04-21,GA,Referral
11031,2022-04-21,FL,Organic Search
24806,2022-04-21,FL,Email
10232,2022-04-21,,Paid Social
16326,2022-04-22,IL,Organic Search
24298,2022-04-22,TX,Paid Social
23355,2022-04-22,NY,Organic Search
11850,2022-04-22,,Affiliate
9882,2022-04-22,IL,Paid Social
6079,2022-04-22,NY,Paid Social
6372,2022-04-22,IL,Paid Social
10314,2022-04-22,,Organic Search
24403,2022-04-22,,Organic Search
11644,2022-04-22,,Email
21681,2022-04-22,CA,Email
26033,2022-04-22,TX,Paid Social
5283,2022-04-22,NY,Organic Search
18292,2022-04-22,NY,Paid Social
22834,2022-04-22,WA,Paid Social
27965,2022-04-22,,Paid Social
5108,2022-04-22,GA,Organic Search
24729,2022-04-22,TX,Affiliate
24773,2022-04-22,IL,Paid Social
3353,2022-04-22,TX,Affiliate
1530,2022-04-22,NY,Paid Social
398,2022-04-22,IL,Paid Social
27500,2022-04-22,,Affiliate
13922,2022-04-22,,Organic Search
8545,2022-04-22,NY,Paid Social
24001,2022-04-22,CA,Paid Social
75,2022-04-22,FL,Email
26688,2022-04-22,GA,Paid Social
28800,2022-04-22,IL,Paid Social
26906,2022-04-22,,Paid Social
17670,2022-04-22,GA,Paid Social
9806,2022-04-22,NY,Email
18994,2022-04-22,,Paid Social
23627,2022-04-22,NY,Email
10469,2022-04-22,TX,Email
21383,2022-04-23,CA,Organic Search
7109,2022-04-23,TX,Referral
14082,2022-04-23,NY,Email
22087,2022-04-23,WA,Paid Social
16844,2022-04-23,IL,Email
26262,2022-04-23,FL,Referral
9459,2022-04-23,WA,Paid Social
26388,2022-04-23,NY,Organic Search
28305,2022-04-23,GA,Email
24856,2022-04-23,TX,Organic Search
2393,2022-04-23,WA,Paid Social
10217,2022-04-23,TX,Paid Social
24650,2022-04-23,FL,Organic Search
4422,2022-04-23,CA,Affiliate
14087,2022-04-23,,Email
8180,2022-04-23,GA,Organic Search
18796,2022-04-23,IL,Paid Social
2883,2022-04-23,GA,Organic Search
11461,2022-04-23,IL,Organic Search
6389,2022-04-23,GA,Organic Search
3263,2022-04-23,CA,Paid Social
27814,2022-04-24,NY,Email
5820,2022-04-24,,Paid Social
21241,2022-04-24,FL,Email
13921,2022-04-24,,Organic Search
22698,2022-04-24,FL,Affiliate
19804,2022-04-24,NY,Paid Social
13225,2022-04-24,GA,Paid Social
1556,2022-04-24,,Organic Search
8795,2022-04-24,NY,Paid Social
19566,2022-04-24,,Referral
7885,2022-04-24,IL,Organic Search
1070,2022-04-24,CA,Organic Search
1145,2022-04-24,IL,Organic Search
9055,2022-04-24,WA,Paid Social
19258,2022-04-24,TX,Organic Search
22224,2022-04-24,NY,Paid Social
11550,2022-04-24,CA,Affiliate
29494,2022-04-24,NY,Paid Social
27314,2022-04-24,IL,Organic Search
7526,2022-04-24,GA,Paid Social
2799,2022-04-24,WA,Affiliate
13859,2022-04-24,,Paid Social
29567,2022-04-24,GA,Paid Social
13381,2022-04-24,WA,Organic Search
13178,2022-04-24,TX,Paid Social
12202,2022-04-24,,Email
22454,2022-04-24,TX,Referral
7453,2022-04-24,,Organic Search
4969,2022-04-25,CA,Affiliate
732,2022-04-25,TX,Email
19453,2022-04-25,NY,Paid Social
19406,2022-04-25,,Organic Search
11202,2022-04-25,WA,Paid Social
28707,2022-04-25,CA,Organic Search
21918,2022-04-25,WA,Affiliate
28903,2022-04-25,NY,Paid Social
4336,2022-04-25,FL,Organic Search
29513,2022-04-25,FL,Referral
16826,2022-04-25,NY,Organic Search
4519,2022-04-25,NY,Organic Search
25229,2022-04-25,FL,Email
9827,2022-04-25,FL,Paid Social
18685,2022-04-25,FL,Organic Search
4086,2022-04-25,WA,Organic Search
27297,2022-04-25,WA,Email
9660,2022-04-25,FL,Email
25750,2022-04-25,FL,Organic Search
15656,2022-04-26,IL,Organic Search
15483,2022-04-26,IL,Paid Social
15213,2022-04-26,FL,Referral
17993,2022-04-26,IL,Organic Search
27416,2022-04-26,IL,Organic Search
22447,2022-04-26,GA,Organic Search
19485,2022-04-26,WA,Organic Search
22676,2022-04-26,FL,Paid Social
21212,2022-04-26,IL,Paid Social
7751,2022-04-26,WA,Organic Search
1482,2022-04-26,TX,Organic Search
749,2022-04-26,,Affiliate
10827,2022-04-26,,Organic Search
16407,2022-04-26,IL,Organic Search
9842,2022-04-26,GA,Affiliate
9846,2022-04-26,NY,Paid Social
4961,2022-04-26,FL,Paid Social
2721,2022-04-26,,Referral
2377,2022-04-26,FL,Paid Social
18925,2022-04-26,NY,Organic Search
9206,2022-04-26,GA,Organic Search
24495,2022-04-26,NY,Organic Search
6073,2022-04-26,TX,Organic Search
28186,2022-04-26,,Paid Social
9374,2022-04-26,CA,Referral
3554,2022-04-26,WA,Paid Social
7730,2022-04-27,WA,Paid Social
11643,2022-04-27,FL,Paid Social
15016,2022-04-27,IL,Email
727,2022-04-27,GA,Organic Search
7363,2022-04-27,,Paid Social
7239,2022-04-27,CA,Paid Social
15421,2022-04-27,IL,Paid Social
16763,2022-04-27,,Organic Search
9107,2022-04-27,TX,Organic Search
14675,2022-04-27,TX,Organic Search
14599,2022-04-27,IL,Paid Social
14595,2022-04-27,WA,Paid Social
8167,2022-04-27,IL,Organic Search
1473,2022-04-27,NY,Referral
29907,2022-04-27,IL,Organic Search
19437,2022-04-27,CA,Paid Social
14318,2022-04-27,TX,Organic Search
22793,2022-04-27,CA,Paid Social
11826,2022-04-27,GA,Organic Search
4237,2022-04-27,GA,Organic Search
27685,2022-04-27,GA,Paid Social
13672,2022-04-27,IL,Organic Search
20341,2022-04-28,WA,Affiliate
698,2022-04-28,,Paid Social
26674,2022-04-28,,Email
26379,2022-04-28,GA,Affiliate
20511,2022-04-28,NY,Organic Search
11667,2022-04-28,IL,Paid Social
20913,2022-04-28,WA,Email
3692,2022-04-28,TX,Paid Social
811,2022-04-28,GA,Affiliate
8135,2022-04-28,TX,Paid Social
22280,2022-04-28,IL,Paid Social
22529,2022-04-28,GA,Paid Social
10399,2022-04-28,FL,Paid Social
22942,2022-04-28,GA,Paid Social
1477,2022-04-28,GA,Email
24151,2022-04-28,FL,Paid Social
24260,2022-04-28,TX,Organic Search
24527,2022-04-28,CA,Organic Search
7644,2022-04-28,TX,Organic Search
28250,2022-04-28,,Organic Search
27026,2022-04-28,CA,Affiliate
2853,2022-04-28,,Organic Search
13121,2022-04-28,GA,Paid Social
6021,2022-04-28,CA,Paid Social
230,2022-04-28,FL,Paid Social
16461,2022-04-28,GA,Organic Search
18321,2022-04-28,WA,Organic Search
24391,2022-04-29,IL,Email
21919,2022-04-29,FL,Email
26154,2022-04-29,CA,Organic Search
16058,2022-04-29,TX,Affiliate
8856,2022-04-29,WA,Organic Search
14570,2022-04-29,TX,Paid Social
10893,2022-04-29,GA,Email
9335,2022-04-29,NY,Paid Social
17707,2022-04-29,TX,Email
13786,2022-04-29,CA,Organic Search
20662,2022-04-29,GA,Paid Social
20756,2022-04-29,,Organic Search
4506,2022-04-29,CA,Organic Search
24423,2022-04-29,GA,Email
10888,2022-04-29,FL,Organic Search
13373,2022-04-29,WA,Organic Search
18598,2022-04-29,IL,Organic Search
10130,2022-04-29,NY,Paid Social
28157,2022-04-29,WA,Organic Search
1516,2022-04-29,WA,Organic Search
18333,2022-04-29,WA,Paid Social
5873,2022-04-29,WA,Paid Social
27673,2022-04-29,CA,Email
5435,2022-04-29,CA,Paid Social
17233,2022-04-29,TX,Email
16685,2022-04-29,IL,Organic Search
24947,2022-04-29,TX,Organic Search
26493,2022-04-30,NY,Organic Search
5883,2022-04-30,WA,Paid Social
13962,2022-04-30,NY,Paid Social
16514,2022-04-30,TX,Paid Social
26404,2022-04-30,NY,Paid Social
17224,2022-04-30,GA,Paid Social
26204,2022-04-30,FL,Paid Social
26362,2022-04-30,GA,Paid Social
2838,2022-04-30,WA,Organic Search
9606,2022-04-30,NY,Email
23903,2022-04-30,WA,Organic Search
15102,2022-04-30,TX,Organic Search
23475,2022-04-30,GA,Paid Social
14446,2022-04-30,WA,Paid Social
4084,2022-04-30,TX,Email
18582,2022-04-30,FL,Email
28787,2022-04-30,WA,Paid Social
6538,2022-04-30,,Referral
19092,2022-04-30,WA,Email
27510,2022-04-30,NY,Email
28641,2022-04-30,TX,Paid Social
12201,2022-04-30,NY,Paid Social
17835,2022-04-30,,Paid Social
6112,2022-04-30,GA,Paid Social
13690,2022-04-30,TX,Email
4364,2022-04-30,TX,Paid Social
6007,2022-04-30,IL,Paid Social
20809,2022-04-30,WA,Paid Social
13969,2022-05-01,TX,Email
9014,2022-05-01,GA,Organic Search
304,2022-05-01,GA,Paid Social
12546,2022-05-01,TX,Organic Search
24954,2022-05-01,,Paid Social
12604,2022-05-01,NY,Paid Social
19214,2022-05-01,GA,Organic Search
13318,2022-05-01,FL,Paid Social
84,2022-05-01,GA,Organic Search
14751,2022-05-01,IL,Organic Search
6790,2022-05-01,IL,Paid Social
1304,2022-05-01,WA,Paid Social
25452,2022-05-01,,Paid Social
3346,2022-05-01,WA,Email
23769,2022-05-01,WA,Referral
4082,2022-05-01,GA,Organic Search
29322,2022-05-01,CA,Email
10690,2022-05-01,,Organic Search
24140,2022-05-01,NY,Paid Social
16090,2022-05-01,FL,Affiliate
26978,2022-05-01,GA,Affiliate
5956,2022-05-01,WA,Paid Social
19894,2022-05-01,FL,Organic Search
16855,2022-05-01,NY,Email
26047,2022-05-01,NY,Paid Social
26483,2022-05-01,CA,Organic Search
639,2022-05-01,WA,Organic Search
5920,2022-05-01,FL,Paid Social
17880,2022-05-01,CA,Paid Social
9479,2022-05-01,TX,Organic Search
25930,2022-05-01,GA,Affiliate
21797,2022-05-01,TX,Organic Search
5275,2022-05-01,,Paid Social
14608,2022-05-02,WA,Paid Social
29960,2022-05-02,GA,Paid Social
26243,2022-05-02,CA,Organic Search
22865,2022-05-02,TX,Organic Search
2446,2022-05-02,WA,Paid Social
19054,2022-05-02,TX,Affiliate
19630,2022-05-02,IL,Paid Social
12355,2022-05-02,FL,Paid Social
19841,2022-05-02,CA,Affiliate
12087,2022-05-02,TX,Paid Social
20059,2022-05-02,CA,Affiliate
17750,2022-05-02,,Paid Social
20658,2022-05-02,TX,Paid Social
3463,2022-05-02,NY,Paid Social
25263,2022-05-02,NY,Organic Search
15011,2022-05-02,CA,Organic Search
3443,2022-05-02,GA,Organic Search
7876,2022-05-02,GA,Paid Social
28286,2022-05-02,GA,Affiliate
16761,2022-05-02,FL,Organic Search
22499,2022-05-02,IL,Affiliate
29490,2022-05-02,WA,Paid Social
22728,2022-05-02,NY,Organic Search
2848,2022-05-02,WA,Organic Search
15846,2022-05-02,TX,Paid Social
4591,2022-05-03,WA,Paid Social
8107,2022-05-03,GA,Organic Search
1150,2022-05-03,GA,Referral
4649,2022-05-03,NY,Referral
910,2022-05-03,WA,Paid Social
27967,2022-05-03,CA,Paid Social
29213,2022-05-03,CA,Referral
23070,2022-05-03,FL,Organic Search
11378,2022-05-03,,Paid Social
15876,2022-05-03,IL,Affiliate
10323,2022-05-03,CA,Affiliate
13994,2022-05-03,WA,Paid Social
14935,2022-05-03,TX,Organic Search
2686,2022-05-03,GA,Organic Search
2007,2022-05-03,CA,Paid Social
18545,2022-05-03,,Paid Social
21576,2022-05-03,IL,Paid Social
13669,2022-05-03,IL,Referral
12284,2022-05-04,GA,Paid Social
21656,2022-05-04,GA,Organic Search
11196,2022-05-04,TX,Organic Search
5410,2022-05-04,WA,Paid Social
5889,2022-05-04,FL,Email
21117,2022-05-04,IL,Paid Social
17683,2022-05-04,FL,Email
2110,2022-05-04,FL,Affiliate
29044,2022-05-04,,Affiliate
7462,2022-05-04,WA,Paid Social
20370,2022-05-04,CA,Paid Social
4056,2022-05-04,NY,Organic Search
4949,2022-05-04,GA,Email
27332,2022-05-04,IL,Paid Social
3536,2022-05-04,WA,Organic Search
15923,2022-05-04,NY,Organic Search
18434,2022-05-04,IL,Email
16179,2022-05-04,WA,Paid Social
23483,2022-05-04,IL,Paid Social
15205,2022-05-04,TX,Paid Social
16708,2022-05-04,FL,Affiliate
5672,2022-05-04,WA,Organic Search
16476,2022-05-04,WA,Organic Search
26923,2022-05-04,NY,Organic Search
7074,2022-05-04,FL,Organic Search
25465,2022-05-04,TX,Email
22305,2022-05-04,WA,Paid Social
10856,2022-05-04,IL,Paid Social
6960,2022-05-04,WA,Affiliate
3841,2022-05-05,WA,Paid Social
19147,2022-05-05,GA,Organic Search
19201,2022-05-05,NY,Organic Search
6824,2022-05-05,CA,Affiliate
19428,2022-05-05,,Paid Social
19955,2022-05-05,GA,Organic Search
3576,2022-05-05,NY,Paid Social
28014,2022-05-05,GA,Affiliate
12140,2022-05-05,FL,Referral
13458,2022-05-05,NY,Organic Search
28095,2022-05-05,GA,Organic Search
9018,2022-05-05,CA,Email
20440,2022-05-05,CA,Organic Search
11749,2022-05-05,FL,Organic Search
24677,2022-05-05,FL,Paid Social
9391,2022-05-05,WA,Affiliate
29629,2022-05-05,IL,Organic Search
21449,2022-05-05,TX,Referral
25197,2022-05-05,GA,Organic Search
5700,2022-05-05,NY,Organic Search
981,2022-05-05,TX,Paid Social
11964,2022-05-05,CA,Organic Search
129,2022-05-05,CA,Organic Search
14296,2022-05-05,NY,Email
14941,2022-05-06,IL,Paid Social
5575,2022-05-06,WA,Paid Social
5202,2022-05-06,NY,Affiliate
3386,2022-05-06,NY,Referral
16943,2022-05-06,NY,Paid Social
13887,2022-05-06,NY,Paid Social
28962,2022-05-06,TX,Email
29004,2022-05-06,TX,Organic Search
17355,2022-05-06,NY,Organic Search
29108,2022-05-06,WA,Email
141,2022-05-06,FL,Affiliate
5992,2022-05-06,NY,Paid Social
9031,2022-05-06,FL,Paid Social
7163,2022-05-06,NY,Paid Social
21881,2022-05-06,IL,Paid Social
4578,2022-05-06,NY,Organic Search
12882,2022-05-06,GA,Email
18973,2022-05-06,,Paid Social
8117,2022-05-06,GA,Email
25136,2022-05-06,FL,Organic Search
26745,2022-05-06,TX,Paid Social
7544,2022-05-06,WA,Affiliate
27019,2022-05-06,NY,Organic Search
14835,2022-05-06,GA,Email
8386,2022-05-06,WA,Paid Social
21926,2022-05-07,TX,Organic Search
29406,2022-05-07,CA,Paid Social
5770,2022-05-07,CA,Affiliate
23301,2022-05-07,TX,Organic Search
5687,2022-05-07,NY,Paid Social
1447,2022-05-07,TX,Paid Social
1350,2022-05-07,,Organic Search
23810,2022-05-07,CA,Organic Search
24452,2022-05-07,TX,Paid Social
16920,2022-05-07,FL,Email
21770,2022-05-07,,Paid Social
18783,2022-05-07,NY,Organic Search
21687,2022-05-07,FL,Organic Search
423,2022-05-07,IL,Organic Search
27803,2022-05-07,NY,Organic Search
9050,2022-05-07,GA,Paid Social
12893,2022-05-07,CA,Organic Search
3833,2022-05-07,GA,Email
4972,2022-05-07,GA,Referral
27047,2022-05-07,NY,Organic Search
28806,2022-05-07,IL,Paid Social
4968,2022-05-07,NY,Email
15014,2022-05-07,NY,Paid Social
11437,2022-05-07,WA,Paid Social
7776,2022-05-07,TX,Organic Search
21664,2022-05-07,FL,Email
29028,2022-05-07,GA,Paid Social
15029,2022-05-07,,Paid Social
26577,2022-05-08,WA,Affiliate
15461,2022-05-08,FL,Organic Search
25063,2022-05-08,WA,Email
19704,2022-05-08,NY,Paid Social
29908,2022-05-08,WA,Paid Social
29913,2022-05-08,IL,Paid Social
18493,2022-05-08,,Paid Social
15000,2022-05-08,GA,Organic Search
6206,2022-05-08,,Affiliate
10470,2022-05-08,WA,Paid Social
7173,2022-05-08,GA,Paid Social
11227,2022-05-08,TX,Email
9986,2022-05-08,FL,Paid Social
6472,2022-05-08,FL,Email
9769,2022-05-08,FL,Affiliate
11674,2022-05-08,NY,Affiliate
8868,2022-05-08,FL,Paid Social
12743,2022-05-08,,Paid Social
10306,2022-05-08,GA,Email
6388,2022-05-08,,Email
7803,2022-05-08,FL,Affiliate
24180,2022-05-09,FL,Paid Social
42,2022-05-09,GA,Paid Social
13912,2022-05-09,IL,Organic Search
2623,2022-05-09,,Paid Social
23165,2022-05-09,IL,Email
2215,2022-05-09,GA,Email
27849,2022-05-09,IL,Email
10666,2022-05-09,NY,Organic Search
19398,2022-05-09,,Email
13572,2022-05-09,TX,Organic Search
17397,2022-05-09,,Paid Social
15557,2022-05-09,IL,Affiliate
21044,2022-05-09,,Affiliate
2984,2022-05-09,CA,Email
16020,2022-05-09,,Affiliate
16489,2022-05-09,CA,Affiliate
3645,2022-05-09,,Email
20894,2022-05-09,,Affiliate
2313,2022-05-09,CA,Paid Social
24442,2022-05-09,TX,Organic Search
27577,2022-05-09,GA,Affiliate
20482,2022-05-09,NY,Organic Search
22067,2022-05-09,WA,Email
349,2022-05-09,NY,Paid Social
10091,2022-05-09,GA,Organic Search
20596,2022-05-10,NY,Organic Search
4513,2022-05-10,TX,Organic Search
4034,2022-05-10,CA,Affiliate
17390,2022-05-10,NY,Organic Search
20340,2022-05-10,GA,Affiliate
26591,2022-05-10,GA,Referral
28513,2022-05-10,GA,Affiliate
21202,2022-05-10,FL,Paid Social
2108,2022-05-10,GA,Affiliate
3331,2022-05-10,IL,Paid Social
11841,2022-05-10,GA,Organic Search
28326,2022-05-10,FL,Paid Social
22405,2022-05-10,CA,Paid Social
16596,2022-05-10,FL,Organic Search
14829,2022-05-10,TX,Paid Social
4316,2022-05-10,CA,Organic Search
15801,2022-05-10,IL,Paid Social
12132,2022-05-10,IL,Organic Search
9076,2022-05-10,NY,Email
16054,2022-05-10,NY,Email
26006,2022-05-10,WA,Email
4611,2022-05-10,GA,Paid Social
10247,2022-05-10,CA,Organic Search
10642,2022-05-10,IL,Referral
2066,2022-05-10,CA,Email
15768,2022-05-10,FL,Paid Social
21228,2022-05-10,,Organic Search
12178,2022-05-10,CA,Paid Social
692,2022-05-10,TX,Paid Social
6952,2022-05-11,,Paid Social
18008,2022-05-11,TX,Affiliate
21451,2022-05-11,,Referral
12927,2022-05-11,NY,Paid Social
7084,2022-05-11,GA,Paid Social
1228,2022-05-11,WA,Organic Search
3472,2022-05-11,GA,Email
2894,2022-05-11,IL,Paid Social
21522,2022-05-11,,Affiliate
28771,2022-05-11,TX,Affiliate
15190,2022-05-11,NY,Paid Social
17319,2022-05-11,FL,Referral
2360,2022-05-11,IL,Organic Search
26727,2022-05-11,GA,Paid Social
476,2022-05-11,,Affiliate
21961,2022-05-11,TX,Organic Search
6678,2022-05-11,IL,Organic Search
26446,2022-05-11,TX,Affiliate
10018,2022-05-11,CA,Organic Search
20857,2022-05-11,,Paid Social
18983,2022-05-11,CA,Organic Search
6491,2022-05-11,GA,Paid Social
26464,2022-05-12,FL,Paid Social
14353,2022-05-12,IL,Organic Search
27202,2022-05-12,NY,Organic Search
5233,2022-05-12,WA,Email
3248,2022-05-12,WA,Paid Social
13214,2022-05-12,CA,Affiliate
3635,2022-05-12,GA,Organic Search
5029,2022-05-12,WA,Email
5682,2022-05-12,IL,Paid Social
18379,2022-05-12,NY,Paid Social
24550,2022-05-12,TX,Organic Search
7875,2022-05-12,FL,Paid Social
22104,2022-05-12,FL,Email
3562,2022-05-12,GA,Email
20935,2022-05-12,IL,Organic Search
29333,2022-05-12,FL,Paid Social
20150,2022-05-12,IL,Referral
28123,2022-05-12,IL,Email
29166,2022-05-12,,Paid Social
27943,2022-05-12,GA,Email
22681,2022-05-13,WA,Referral
13357,2022-05-13,,Organic Search
24063,2022-05-13,FL,Paid Social
25905,2022-05-13,FL,Paid Social
24701,2022-05-13,TX,Email
12455,2022-05-13,FL,Paid Social
21467,2022-05-13,CA,Organic Search
20502,2022-05-13,GA,Paid Social
24825,2022-05-13,GA,Paid Social
23363,2022-05-13,,Organic Search
3274,2022-05-13,CA,Paid Social
25297,2022-05-13,NY,Email
2654,2022-05-13,NY,Organic Search
29307,2022-05-13,CA,Organic Search
6015,2022-05-13,CA,Paid Social
11549,2022-05-14,TX,Paid Social
25694,2022-05-14,CA,Paid Social
2906,2022-05-14,GA,Organic Search
13889,2022-05-14,FL,Organic Search
1546,2022-05-14,,Paid Social
24635,2022-05-14,WA,Paid Social
13204,2022-05-14,NY,Email
18112,2022-05-14,IL,Organic Search
4632,2022-05-14,GA,Paid Social
23707,2022-05-14,TX,Organic Search
12042,2022-05-14,,Paid Social
9672,2022-05-14,TX,Paid Social
5121,2022-05-14,TX,Paid Social
4329,2022-05-14,,Organic Search
26301,2022-05-14,GA,Paid Social
12191,2022-05-14,,Paid Social
21626,2022-05-14,NY,Organic Search
28214,2022-05-14,CA,Paid Social
16034,2022-05-14,CA,Paid Social
13636,2022-05-14,FL,Email
19556,2022-05-14,FL,Paid Social
10750,2022-05-14,NY,Organic Search
6092,2022-05-14,TX,Email
27793,2022-05-14,NY,Organic Search
17476,2022-05-14,WA,Organic Search
16541,2022-05-14,,Organic Search
29139,2022-05-14,TX,Paid Social
20929,2022-05-14,,Organic Search
14755,2022-05-14,IL,Paid Social
9959,2022-05-15,CA,Paid Social
17749,2022-05-15,FL,Organic Search
11218,2022-05-15,TX,Paid Social
9783,2022-05-15,IL,Paid Social
24310,2022-05-15,,Paid Social
22889,2022-05-15,WA,Email
20960,2022-05-15,TX,Paid Social
12014,2022-05-15,,Email
27684,2022-05-15,IL,Affiliate
3508,2022-05-15,NY,Paid Social
25980,2022-05-15,NY,Email
23714,2022-05-15,,Paid Social
2658,2022-05-15,GA,Referral
21309,2022-05-15,NY,Affiliate
24290,2022-05-15,NY,Paid Social
10461,2022-05-15,FL,Paid Social
5186,2022-05-15,NY,Affiliate
771,2022-05-15,NY,Organic Search
1666,2022-05-15,IL,Referral
19897,2022-05-15,IL,Organic Search
7067,2022-05-15,WA,Organic Search
10711,2022-05-15,IL,Paid Social
20534,2022-05-15,,Organic Search
7021,2022-05-15,NY,Paid Social
26699,2022-05-16,NY,Organic Search
7070,2022-05-16,,Organic Search
1602,2022-05-16,FL,Paid Social
1267,2022-05-16,IL,Paid Social
17883,2022-05-16,WA,Paid Social
18515,2022-05-16,TX,Email
23508,2022-05-16,,Paid Social
18844,2022-05-16,GA,Paid Social
2567,2022-05-16,TX,Organic Search
6341,2022-05-16,NY,Organic Search
17361,2022-05-16,,Paid Social
9282,2022-05-16,GA,Affiliate
11702,2022-05-16,IL,Paid Social
26513,2022-05-16,NY,Organic Search
11857,2022-05-16,,Paid Social
14217,2022-05-16,CA,Organic Search
914,2022-05-16,FL,Paid Social
5587,2022-05-16,NY,Paid Social
28432,2022-05-16,CA,Organic Search
17553,2022-05-16,FL,Paid Social
16161,2022-05-16,TX,Paid Social
17873,2022-05-16,WA,Affiliate
12697,2022-05-16,WA,Organic Search
5256,2022-05-16,TX,Paid Social
9201,2022-05-16,FL,Affiliate
4894,2022-05-16,,Organic Search
22029,2022-05-17,IL,Email
6195,2022-05-17,WA,Paid Social
19468,2022-05-17,,Paid Social
6223,2022-05-17,WA,Organic Search
20479,2022-05-17,FL,Organic Search
3580,2022-05-17,,Paid Social
9395,2022-05-17,NY,Paid Social
20184,2022-05-17,NY,Affiliate
29808,2022-05-17,IL,Organic Search
12400,2022-05-17,FL,Organic Search
1649,2022-05-17,TX,Email
12392,2022-05-17,TX,Affiliate
15129,2022-05-17,,Referral
14278,2022-05-17,WA,Paid Social
20421,2022-05-17,IL,Paid Social
4509,2022-05-17,WA,Paid Social
15928,2022-05-17,TX,Referral
18369,2022-05-17,WA,Paid Social
7419,2022-05-17,FL,Organic Search
23776,2022-05-17,WA,Organic Search
1796,2022-05-17,TX,Organic Search
16912,2022-05-17,CA,Paid Social
28120,2022-05-17,GA,Paid Social
12903,2022-05-17,CA,Organic Search
1719,2022-05-17,NY,Affiliate
19634,2022-05-17,,Paid Social
257,2022-05-17,NY,Affiliate
18747,2022-05-17,CA,Organic Search
10679,2022-05-17,NY,Organic Search
17644,2022-05-17,NY,Organic Search
26241,2022-05-18,GA,Organic Search
25065,2022-05-18,CA,Paid Social
19511,2022-05-18,GA,Paid Social
8923,2022-05-18,,Paid Social
19329,2022-05-18,,Organic Search
11855,2022-05-18,,Paid Social
25382,2022-05-18,FL,Referral
4886,2022-05-18,TX,Referral
22947,2022-05-18,CA,Paid Social
8662,2022-05-18,IL,Paid Social
8490,2022-05-18,FL,Organic Search
28942,2022-05-18,FL,Organic Search
21951,2022-05-18,FL,Paid Social
19120,2022-05-18,NY,Email
6373,2022-05-18,,Affiliate
21840,2022-05-18,,Paid Social
23966,2022-05-18,IL,Paid Social
13038,2022-05-18,TX,Paid Social
14189,2022-05-18,TX,Organic Search
23296,2022-05-18,IL,Paid Social
3255,2022-05-18,TX,Paid Social
26830,2022-05-18,GA,Organic Search
5215,2022-05-18,FL,Paid Social
18678,2022-05-18,GA,Affiliate
27216,2022-05-18,IL,Email
19907,2022-05-18,WA,Paid Social
6834,2022-05-18,NY,Affiliate
1509,2022-05-18,IL,Paid Social
28058,2022-05-18,WA,Email
13139,2022-05-18,GA,Referral
23512,2022-05-18,GA,Paid Social
7761,2022-05-18,FL,Paid Social
3949,2022-05-18,TX,Organic Search
5729,2022-05-19,,Organic Search
26021,2022-05-19,IL,Paid Social
26066,2022-05-19,IL,Email
12146,2022-05-19,,Paid Social
2591,2022-05-19,WA,Email
2490,2022-05-19,NY,Paid Social
6991,2022-05-19,IL,Affiliate
18464,2022-05-19,IL,Organic Search
1929,2022-05-19,FL,Paid Social
7295,2022-05-19,WA,Organic Search
23170,2022-05-19,IL,Paid Social
7040,2022-05-19,FL,Paid Social
25889,2022-05-19,IL,Organic Search
21072,2022-05-19,NY,Organic Search
6807,2022-05-19,GA,Email
18334,2022-05-19,TX,Paid Social
25538,2022-05-19,IL,Paid Social
15217,2022-05-19,,Referral
27728,2022-05-19,FL,Organic Search
25282,2022-05-19,NY,Paid Social
13985,2022-05-19,FL,Affiliate
11264,2022-05-19,GA,Paid Social
28863,2022-05-19,CA,Organic Search
14808,2022-05-19,FL,Email
2049,2022-05-19,NY,Paid Social
16380,2022-05-19,IL,Affiliate
15891,2022-05-19,NY,Organic Search
26346,2022-05-19,GA,Organic Search
417,2022-05-20,NY,Organic Search
23391,2022-05-20,GA,Email
19520,2022-05-20,,Paid Social
24058,2022-05-20,TX,Organic Search
13006,2022-05-20,CA,Paid Social
29398,2022-05-20,CA,Organic Search
6428,2022-05-20,,Email
8634,2022-05-20,IL,Paid Social
17590,2022-05-20,FL,Paid Social
14918,2022-05-20,CA,Paid Social
10339,2022-05-20,WA,Paid Social
16000,2022-05-20,CA,Affiliate
21184,2022-05-20,CA,Organic Search
12827,2022-05-20,,Email
21138,2022-05-20,FL,Paid Social
11382,2022-05-20,CA,Email
26473,2022-05-20,GA,Paid Social
14185,2022-05-20,FL,Paid Social
11001,2022-05-20,NY,Paid Social
11910,2022-05-20,NY,Organic Search
827,2022-05-20,NY,Paid Social
24309,2022-05-20,FL,Email
21173,2022-05-20,CA,Organic Search
15655,2022-05-21,,Email
6900,2022-05-21,WA,Paid Social
3084,2022-05-21,FL,Paid Social
11804,2022-05-21,IL,Affiliate
25510,2022-05-21,NY,Email
705,2022-05-21,,Organic Search
8133,2022-05-21,WA,Affiliate
28112,2022-05-21,FL,Paid Social
26679,2022-05-21,FL,Email
23086,2022-05-21,CA,Organic Search
23400,2022-05-21,GA,Organic Search
11716,2022-05-21,TX,Paid Social
23593,2022-05-21,TX,Paid Social
28424,2022-05-21,TX,Paid Social
6722,2022-05-21,FL,Organic Search
5885,2022-05-21,GA,Paid Social
8360,2022-05-21,CA,Organic Search
19009,2022-05-21,GA,Organic Search
19150,2022-05-21,TX,Affiliate
26261,2022-05-21,IL,Email
25457,2022-05-21,NY,Email
28889,2022-05-21,WA,Referral
21287,2022-05-21,FL,Email
11614,2022-05-21,TX,Affiliate
7052,2022-05-21,FL,Paid Social
20185,2022-05-22,,Paid Social
28437,2022-05-22,,Organic Search
16687,2022-05-22,FL,Organic Search
29051,2022-05-22,TX,Organic Search
29527,2022-05-22,FL,Affiliate
7537,2022-05-22,CA,Email
25165,2022-05-22,FL,Email
25524,2022-05-22,GA,Paid Social
22169,2022-05-22,FL,Organic Search
18763,2022-05-22,WA,Paid Social
5890,2022-05-22,,Paid Social
8094,2022-05-22,,Affiliate
23592,2022-05-22,,Paid Social
2496,2022-05-22,NY,Paid Social
25307,2022-05-22,TX,Paid Social
29635,2022-05-22,IL,Paid Social
25223,2022-05-22,TX,Paid Social
4469,2022-05-22,CA,Affiliate
13422,2022-05-22,,Organic Search
1840,2022-05-22,FL,Organic Search
12756,2022-05-22,TX,Email
1390,2022-05-22,FL,Paid Social
27042,2022-05-22,TX,Organic Search
6604,2022-05-22,TX,Email
21122,2022-05-22,TX,Organic Search
11887,2022-05-22,FL,Organic Search
7127,2022-05-22,FL,Organic Search
5262,2022-05-22,,Email
10963,2022-05-22,CA,Paid Social
27107,2022-05-22,NY,Paid Social
6399,2022-05-22,GA,Paid Social
15298,2022-05-22,CA,Organic Search
12013,2022-05-23,WA,Referral
14343,2022-05-23,TX,Organic Search
5127,2022-05-23,FL,Paid Social
1633,2022-05-23,TX,Paid Social
28843,2022-05-23,IL,Organic Search
14667,2022-05-23,NY,Organic Search
12205,2022-05-23,CA,Organic Search
322,2022-05-23,FL,Email
6048,2022-05-23,NY,Paid Social
3474,2022-05-23,NY,Paid Social
5197,2022-05-23,GA,Email
20216,2022-05-23,CA,Paid Social
8100,2022-05-23,TX,Paid Social
12018,2022-05-23,WA,Email
14122,2022-05-23,WA,Paid Social
6563,2022-05-23,CA,Organic Search
13625,2022-05-23,NY,Paid Social
19017,2022-05-23,,Organic Search
20427,2022-05-23,NY,Paid Social
13209,2022-05-23,,Organic Search
25137,2022-05-23,NY,Paid Social
2495,2022-05-23,GA,Paid Social
10088,2022-05-23,GA,Paid Social
22647,2022-05-23,WA,Affiliate
24581,2022-05-23,WA,Paid Social
5399,2022-05-23,TX,Paid Social
2024,2022-05-23,CA,Organic Search
23047,2022-05-23,GA,Paid Social
14556,2022-05-24,TX,Paid Social
26382,2022-05-24,GA,Email
19917,2022-05-24,IL,Paid Social
23813,2022-05-24,CA,Paid Social
7204,2022-05-24,GA,Organic Search
19491,2022-05-24,TX,Affiliate
20057,2022-05-24,FL,Organic Search
18895,2022-05-24,FL,Paid Social
13804,2022-05-24,WA,Paid Social
14735,2022-05-24,GA,Paid Social
29253,2022-05-24,WA,Organic Search
21964,2022-05-24,TX,Paid Social
5244,2022-05-24,GA,Affiliate
20371,2022-05-24,TX,Organic Search
7169,2022-05-24,CA,Organic Search
12730,2022-05-24,CA,Paid Social
14408,2022-05-24,FL,Paid Social
9644,2022-05-24,WA,Organic Search
20766,2022-05-24,,Organic Search
12189,2022-05-24,WA,Paid Social
9476,2022-05-25,TX,Email
14373,2022-05-25,IL,Email
7103,2022-05-25,,Affiliate
19509,2022-05-25,CA,Affiliate
2705,2022-05-25,,Email
19996,2022-05-25,CA,Referral
10303,2022-05-25,WA,Organic Search
27312,2022-05-25,IL,Organic Search
5853,2022-05-25,GA,Referral
25149,2022-05-25,IL,Organic Search
16443,2022-05-25,CA,Organic Search
1037,2022-05-25,FL,Paid Social
10520,2022-05-25,FL,Email
25080,2022-05-25,TX,Paid Social
1383,2022-05-25,IL,Affiliate
23013,2022-05-25,CA,Organic Search
4314,2022-05-25,TX,Referral
25455,2022-05-25,,Organic Search
5947,2022-05-25,NY,Paid Social
21472,2022-05-25,IL,Organic Search
20420,2022-05-25,CA,Paid Social
19479,2022-05-25,WA,Organic Search
26209,2022-05-25,FL,Organic Search
424,2022-05-25,NY,Paid Social
3617,2022-05-25,GA,Paid Social
20186,2022-05-25,WA,Organic Search
4537,2022-05-25,CA,Paid Social
3671,2022-05-25,TX,Organic Search
2587,2022-05-25,NY,Organic Search
2480,2022-05-25,,Email
14791,2022-05-26,NY,Paid Social
18199,2022-05-26,CA,Paid Social
10759,2022-05-26,FL,Paid Social
12565,2022-05-26,,Paid Social
28714,2022-05-26,GA,Paid Social
13344,2022-05-26,NY,Paid Social
6377,2022-05-26,TX,Email
27998,2022-05-26,CA,Organic Search
25493,2022-05-26,NY,Referral
6700,2022-05-26,FL,Organic Search
15234,2022-05-26,IL,Paid Social
13782,2022-05-26,CA,Organic Search
12468,2022-05-26,IL,Organic Search
14572,2022-05-26,FL,Affiliate
5061,2022-05-26,WA,Affiliate
22472,2022-05-26,NY,Email
12357,2022-05-27,NY,Email
19027,2022-05-27,TX,Organic Search
4823,2022-05-27,IL,Paid Social
21758,2022-05-27,CA,Email
17572,2022-05-27,CA,Affiliate
14482,2022-05-27,,Paid Social
14798,2022-05-27,,Organic Search
485,2022-05-27,CA,Paid Social
14744,2022-05-27,CA,Paid Social
4815,2022-05-27,CA,Email
15354,2022-05-27,WA,Affiliate
27785,2022-05-27,,Paid Social
28704,2022-05-27,FL,Organic Search
4811,2022-05-27,NY,Organic Search
8574,2022-05-27,GA,Organic Search
2454,2022-05-27,CA,Paid Social
6416,2022-05-27,GA,Paid Social
21270,2022-05-27,NY,Paid Social
12000,2022-05-27,GA,Paid Social
9372,2022-05-27,NY,Organic Search
6187,2022-05-27,FL,Email
40,2022-05-27,CA,Paid Social
6149,2022-05-27,IL,Paid Social
29796,2022-05-27,GA,Email
18181,2022-05-27,WA,Referral
26562,2022-05-27,FL,Paid Social
15343,2022-05-27,FL,Organic Search
29031,2022-05-27,NY,Email
15491,2022-05-28,CA,Paid Social
12032,2022-05-28,NY,Paid Social
19261,2022-05-28,TX,Paid Social
1791,2022-05-28,IL,Organic Search
2351,2022-05-28,,Paid Social
3678,2022-05-28,TX,Paid Social
10815,2022-05-28,FL,Email
19192,2022-05-28,WA,Affiliate
13200,2022-05-28,TX,Organic Search
15384,2022-05-28,NY,Email
7953,2022-05-28,GA,Paid Social
10780,2022-05-28,TX,Organic Search
9136,2022-05-28,TX,Paid Social
18287,2022-05-28,IL,Organic Search
2682,2022-05-28,,Email
2859,2022-05-28,,Organic Search
15955,2022-05-28,IL,Organic Search
24179,2022-05-28,NY,Referral
8660,2022-05-28,WA,Referral
27293,2022-05-28,TX,Affiliate
27296,2022-05-28,FL,Paid Social
17594,2022-05-28,,Organic Search
4471,2022-05-29,,Affiliate
24972,2022-05-29,GA,Organic Search
7320,2022-05-29,WA,Affiliate
17546,2022-05-29,,Email
17764,2022-05-29,WA,Paid Social
24634,2022-05-29,TX,Organic Search
9694,2022-05-29,CA,Email
8639,2022-05-29,TX,Paid Social
10317,2022-05-29,WA,Paid Social
18499,2022-05-29,NY,Organic Search
17099,2022-05-29,CA,Paid Social
17260,2022-05-29,,Email
26010,2022-05-29,IL,Organic Search
2316,2022-05-29,WA,Organic Search
25258,2022-05-29,IL,Email
6381,2022-05-29,,Paid Social
2881,2022-05-29,NY,Paid Social
16370,2022-05-29,WA,Organic Search
25684,2022-05-29,NY,Organic Search
26936,2022-05-29,FL,Email
20446,2022-05-29,,Paid Social
10193,2022-05-29,CA,Organic Search
20289,2022-05-29,IL,Paid Social
8546,2022-05-29,IL,Paid Social
24047,2022-05-29,CA,Organic Search
20657,2022-05-29,TX,Organic Search
20541,2022-05-29,,Paid Social
16427,2022-05-29,TX,Organic Search
7590,2022-05-29,TX,Organic Search
2868,2022-05-30,NY,Email
23502,2022-05-30,IL,Affiliate
3132,2022-05-30,FL,Email
15794,2022-05-30,IL,Email
28574,2022-05-30,NY,Paid Social
1269,2022-05-30,GA,Paid Social
19883,2022-05-30,CA,Email
18562,2022-05-30,NY,Paid Social
26364,2022-05-30,,Paid Social
22020,2022-05-30,CA,Organic Search
26762,2022-05-30,IL,Paid Social
11529,2022-05-30,GA,Paid Social
23676,2022-05-30,IL,Paid Social
6931,2022-05-30,GA,Paid Social
10993,2022-05-30,CA,Email
21544,2022-05-30,CA,Organic Search
20242,2022-05-30,,Email
16187,2022-05-30,GA,Paid Social
26339,2022-05-30,TX,Paid Social
5660,2022-05-30,WA,Paid Social
17348,2022-05-30,WA,Paid Social
8595,2022-05-30,WA,Email
22227,2022-05-30,CA,Referral
17285,2022-05-30,NY,Paid Social
22325,2022-05-30,GA,Paid Social
19369,2022-05-30,,Email
25834,2022-05-30,IL,Organic Search
13770,2022-05-30,CA,Organic Search
22331,2022-05-30,WA,Email
4209,2022-05-30,CA,Organic Search
8318,2022-05-30,WA,Email
14167,2022-05-31,IL,Paid Social
28376,2022-05-31,NY,Paid Social
1217,2022-05-31,CA,Organic Search
7177,2022-05-31,CA,Affiliate
22694,2022-05-31,GA,Referral
7171,2022-05-31,,Paid Social
7683,2022-05-31,TX,Paid Social
24604,2022-05-31,WA,Referral
29381,2022-05-31,NY,Paid Social
15282,2022-05-31,NY,Email
5664,2022-05-31,WA,Paid Social
25204,2022-05-31,CA,Organic Search
3228,2022-05-31,,Paid Social
26077,2022-05-31,IL,Email
29462,2022-05-31,GA,Organic Search
4489,2022-05-31,GA,Email
10320,2022-05-31,TX,Organic Search
6161,2022-05-31,WA,Organic Search
15156,2022-06-01,GA,Paid Social
5766,2022-06-01,TX,Email
8548,2022-06-01,WA,Paid Social
26962,2022-06-01,FL,Paid Social
25127,2022-06-01,NY,Affiliate
16688,2022-06-01,NY,Paid Social
9047,2022-06-01,GA,Paid Social
7224,2022-06-01,IL,Paid Social
11765,2022-06-01,GA,Paid Social
20532,2022-06-01,IL,Paid Social
23450,2022-06-01,CA,Organic Search
12896,2022-06-01,GA,Organic Search
11467,2022-06-01,IL,Organic Search
5951,2022-06-01,IL,Organic Search
27156,2022-06-01,GA,Email
2568,2022-06-01,FL,Organic Search
18391,2022-06-01,GA,Organic Search
4276,2022-06-01,,Paid Social
7775,2022-06-01,GA,Paid Social
17231,2022-06-01,WA,Paid Social
4308,2022-06-01,WA,Paid Social
8656,2022-06-01,NY,Paid Social
284,2022-06-02,FL,Organic Search
14147,2022-06-02,,Paid Social
24476,2022-06-02,NY,Paid Social
26837,2022-06-02,,Organic Search
21519,2022-06-02,IL,Organic Search
922,2022-06-02,WA,Paid Social
3163,2022-06-02,GA,Paid Social
8456,2022-06-02,GA,Organic Search
15635,2022-06-02,NY,Paid Social
18615,2022-06-02,,Email
13931,2022-06-02,IL,Paid Social
21006,2022-06-02,WA,Paid Social
7994,2022-06-02,GA,Paid Social
28681,2022-06-02,CA,Paid Social
13818,2022-06-02,GA,Paid Social
7243,2022-06-02,,Organic Search
8211,2022-06-02,GA,Organic Search
18552,2022-06-02,GA,Referral
2813,2022-06-02,TX,Paid Social
12742,2022-06-02,WA,Paid Social
17075,2022-06-02,FL,Paid Social
9932,2022-06-02,GA,Organic Search
6622,2022-06-02,CA,Paid Social
2886,2022-06-02,,Affiliate
11618,2022-06-02,GA,Organic Search
12297,2022-06-02,TX,Paid Social
7143,2022-06-02,WA,Email
24341,2022-06-02,GA,Email
20208,2022-06-02,FL,Paid Social
11349,2022-06-03,WA,Organic Search
28294,2022-06-03,NY,Email
956,2022-06-03,WA,Paid Social
19810,2022-06-03,,Paid Social
10478,2022-06-03,CA,Organic Search
19312,2022-06-03,NY,Paid Social
28915,2022-06-03,IL,Paid Social
23448,2022-06-03,IL,Paid Social
20161,2022-06-03,TX,Paid Social
7888,2022-06-03,TX,Paid Social
6422,2022-06-03,IL,Paid Social
19032,2022-06-03,TX,Paid Social
9034,2022-06-03,WA,Email
23730,2022-06-03,TX,Paid Social
12180,2022-06-03,,Organic Search
27650,2022-06-03,TX,Email
29442,2022-06-03,GA,Paid Social
4683,2022-06-04,IL,Affiliate
13745,2022-06-04,CA,Organic Search
23217,2022-06-04,CA,Paid Social
21077,2022-06-04,FL,Organic Search
11492,2022-06-04,CA,Organic Search
18383,2022-06-04,WA,Affiliate
728,2022-06-04,TX,Email
11911,2022-06-04,IL,Affiliate
28185,2022-06-04,,Organic Search
11179,2022-06-04,CA,Paid Social
22247,2022-06-04,NY,Paid Social
28063,2022-06-04,NY,Paid Social
15404,2022-06-04,GA,Organic Search
28609,2022-06-04,FL,Paid Social
15806,2022-06-04,TX,Organic Search
5974,2022-06-04,NY,Referral
15748,2022-06-04,GA,Organic Search
2105,2022-06-04,IL,Email
22991,2022-06-04,,Organic Search
28932,2022-06-04,GA,Paid Social
22933,2022-06-04,,Referral
4345,2022-06-05,TX,Paid Social
10718,2022-06-05,CA,Organic Search
13651,2022-06-05,NY,Paid Social
25542,2022-06-05,CA,Paid Social
29516,2022-06-05,FL,Email
23666,2022-06-05,GA,Referral
6355,2022-06-05,,Affiliate
11429,2022-06-05,FL,Organic Search
17643,2022-06-05,GA,Paid Social
19774,2022-06-05,IL,Affiliate
5028,2022-06-05,NY,Organic Search
15150,2022-06-06,CA,Organic Search
29835,2022-06-06,IL,Paid Social
11004,2022-06-06,NY,Paid Social
5252,2022-06-06,GA,Affiliate
21694,2022-06-06,TX,Paid Social
1260,2022-06-06,,Paid Social
25055,2022-06-06,TX,Affiliate
15115,2022-06-06,FL,Organic Search
22435,2022-06-06,GA,Organic Search
19721,2022-06-06,,Paid Social
18006,2022-06-06,WA,Organic Search
12678,2022-06-06,FL,Email
3676,2022-06-06,CA,Organic Search
17649,2022-06-06,TX,Paid Social
22078,2022-06-06,GA,Paid Social
28038,2022-06-06,CA,Paid Social
4183,2022-06-06,IL,Paid Social
15741,2022-06-06,IL,Paid Social
24369,2022-06-06,FL,Organic Search
20486,2022-06-06,WA,Paid Social
4041,2022-06-06,IL,Referral
17258,2022-06-07,WA,Affiliate
17137,2022-06-07,WA,Paid Social
27134,2022-06-07,GA,Organic Search
1041,2022-06-07,IL,Paid Social
26372,2022-06-07,WA,Paid Social
718,2022-06-07,NY,Affiliate
9790,2022-06-07,GA,Organic Search
29060,2022-06-07,IL,Email
26352,2022-06-07,IL,Paid Social
21059,2022-06-07,FL,Email
29477,2022-06-07,NY,Email
15353,2022-06-07,TX,Paid Social
19296,2022-06-07,GA,Organic Search
6279,2022-06-07,NY,Email
14123,2022-06-07,TX,Paid Social
19305,2022-06-07,TX,Email
24343,2022-06-07,GA,Email
13553,2022-06-07,FL,Email
13218,2022-06-07,,Paid Social
19997,2022-06-07,CA,Organic Search
1008,2022-06-08,,Email
4212,2022-06-08,GA,Paid Social
20715,2022-06-08,FL,Organic Search
5939,2022-06-08,IL,Organic Search
23595,2022-06-08,WA,Paid Social
9973,2022-06-08,GA,Affiliate
6744,2022-06-08,FL,Referral
22370,2022-06-08,,Paid Social
13794,2022-06-08,CA,Email
2167,2022-06-08,NY,Paid Social
27791,2022-06-08,NY,Paid Social
13956,2022-06-08,WA,Email
23258,2022-06-08,TX,Organic Search
19386,2022-06-08,FL,Referral
28939,2022-06-08,,Paid Social
25482,2022-06-08,CA,Organic Search
29410,2022-06-08,IL,Paid Social
20797,2022-06-08,TX,Affiliate
2433,2022-06-08,NY,Affiliate
24994,2022-06-08,,Organic Search
21539,2022-06-08,WA,Paid Social
12975,2022-06-08,FL,Affiliate
6452,2022-06-08,NY,Affiliate
2783,2022-06-08,WA,Affiliate
19157,2022-06-08,IL,Organic Search
22965,2022-06-08,,Organic Search
7660,2022-06-08,,Paid Social
1128,2022-06-08,NY,Paid Social
27784,2022-06-08,CA,Affiliate
9880,2022-06-08,IL,Paid Social
95,2022-06-08,NY,Email
29193,2022-06-08,WA,Paid Social
11816,2022-06-08,GA,Paid Social
24966,2022-06-08,CA,Paid Social
18529,2022-06-09,IL,Paid Social
2099,2022-06-09,WA,Email
23761,2022-06-09,TX,Organic Search
7031,2022-06-09,NY,Paid Social
1882,2022-06-09,FL,Referral
24078,2022-06-09,CA,Organic Search
22634,2022-06-09,CA,Affiliate
1316,2022-06-09,GA,Paid Social
5923,2022-06-09,NY,Organic Search
9138,2022-06-09,FL,Paid Social
26444,2022-06-09,CA,Email
24277,2022-06-09,FL,Paid Social
17375,2022-06-09,,Organic Search
1930,2022-06-09,IL,Organic Search
8033,2022-06-09,NY,Organic Search
9360,2022-06-09,WA,Paid Social
15464,2022-06-09,NY,Organic Search
17384,2022-06-09,NY,Paid Social
26213,2022-06-09,GA,Paid Social
17127,2022-06-09,WA,Organic Search
15838,2022-06-09,FL,Paid Social
22095,2022-06-09,FL,Referral
19094,2022-06-09,CA,Organic Search
15381,2022-06-10,,Referral
2742,2022-06-10,NY,Organic Search
4107,2022-06-10,GA,Affiliate
5429,2022-06-10,CA,Paid Social
18813,2022-06-10,NY,Organic Search
26012,2022-06-10,,Email
1196,2022-06-10,NY,Referral
11146,2022-06-10,TX,Paid Social
12236,2022-06-10,WA,Affiliate
12596,2022-06-10,CA,Organic Search
29631,2022-06-10,GA,Referral
24684,2022-06-10,,Organic Search
7643,2022-06-10,FL,Paid Social
29282,2022-06-10,,Organic Search
22072,2022-06-10,FL,Referral
25389,2022-06-10,TX,Paid Social
25466,2022-06-10,GA,Email
4764,2022-06-10,WA,Organic Search
9216,2022-06-10,CA,Paid Social
1647,2022-06-10,NY,Organic Search
5834,2022-06-10,GA,Paid Social
13791,2022-06-10,,Organic Search
5362,2022-06-10,GA,Organic Search
17525,2022-06-10,TX,Organic Search
20141,2022-06-10,FL,Email
8679,2022-06-10,FL,Paid Social
25503,2022-06-10,IL,Affiliate
16692,2022-06-10,CA,Paid Social
24219,2022-06-10,TX,Referral
1737,2022-06-10,FL,Paid Social
6959,2022-06-10,NY,Email
22184,2022-06-11,CA,Email
2606,2022-06-11,FL,Paid Social
14098,2022-06-11,GA,Affiliate
4855,2022-06-11,,Paid Social
2058,2022-06-11,CA,Paid Social
1947,2022-06-11,,Paid Social
11232,2022-06-11,WA,Paid Social
16429,2022-06-11,GA,Paid Social
24374,2022-06-11,IL,Email
27865,2022-06-11,,Paid Social
6755,2022-06-11,NY,Organic Search
6525,2022-06-11,CA,Organic Search
816,2022-06-11,IL,Paid Social
9517,2022-06-11,IL,Paid Social
1292,2022-06-11,GA,Organic Search
27188,2022-06-11,IL,Affiliate
27065,2022-06-11,,Paid Social
10310,2022-06-11,FL,Paid Social
2034,2022-06-11,WA,Affiliate
27000,2022-06-11,CA,Organic Search
25635,2022-06-12,NY,Paid Social
8587,2022-06-12,CA,Referral
4328,2022-06-12,TX,Affiliate
1259,2022-06-12,GA,Organic Search
23520,2022-06-12,FL,Affiliate
15055,2022-06-12,IL,Paid Social
28617,2022-06-12,IL,Organic Search
22934,2022-06-12,WA,Affiliate
20415,2022-06-12,WA,Paid Social
22374,2022-06-12,NY,Referral
24029,2022-06-12,GA,Organic Search
184,2022-06-12,GA,Referral
21862,2022-06-12,,Paid Social
26317,2022-06-12,CA,Paid Social
8086,2022-06-12,TX,Paid Social
12084,2022-06-12,IL,Organic Search
19936,2022-06-12,WA,Organic Search
20574,2022-06-12,GA,Paid Social
9504,2022-06-12,NY,Affiliate
24166,2022-06-12,,Organic Search
17104,2022-06-12,CA,Paid Social
29869,2022-06-12,FL,Organic Search
11039,2022-06-12,IL,Affiliate
9338,2022-06-12,CA,Affiliate
13982,2022-06-12,WA,Email
14426,2022-06-12,FL,Email
7792,2022-06-12,IL,Organic Search
7799,2022-06-13,CA,Organic Search
23453,2022-06-13,CA,Organic Search
3187,2022-06-13,CA,Paid Social
16100,2022-06-13,WA,Referral
28306,2022-06-13,CA,Referral
3566,2022-06-13,GA,Email
16922,2022-06-13,CA,Organic Search
13007,2022-06-13,FL,Affiliate
23946,2022-06-13,TX,Email
5995,2022-06-13,WA,Organic Search
26082,2022-06-13,FL,Organic Search
22212,2022-06-13,WA,Paid Social
27833,2022-06-13,WA,Paid Social
19930,2022-06-13,,Affiliate
23852,2022-06-13,CA,Organic Search
15506,2022-06-13,GA,Email
22365,2022-06-13,FL,Paid Social
28480,2022-06-13,IL,Organic Search
24161,2022-06-13,WA,Affiliate
15750,2022-06-13,NY,Organic Search
25661,2022-06-13,CA,Paid Social
7006,2022-06-13,CA,Paid Social
10824,2022-06-13,FL,Organic Search
23739,2022-06-13,NY,Paid Social
1136,2022-06-13,IL,Organic Search
26860,2022-06-13,FL,Paid Social
24307,2022-06-13,WA,Organic Search
27193,2022-06-14,TX,Affiliate
14347,2022-06-14,IL,Organic Search
14238,2022-06-14,IL,Organic Search
7905,2022-06-14,IL,Organic Search
8945,2022-06-14,GA,Paid Social
2820,2022-06-14,,Paid Social
9922,2022-06-14,GA,Referral
23621,2022-06-14,,Email
23811,2022-06-14,GA,Paid Social
680,2022-06-14,TX,Referral
722,2022-06-14,NY,Organic Search
24645,2022-06-14,TX,Paid Social
18851,2022-06-14,FL,Affiliate
10326,2022-06-14,WA,Organic Search
2780,2022-06-14,WA,Organic Search
3043,2022-06-14,IL,Organic Search
26358,2022-06-15,CA,Organic Search
12162,2022-06-15,NY,Paid Social
28238,2022-06-15,,Organic Search
8222,2022-06-15,,Organic Search
4619,2022-06-15,IL,Paid Social
17313,2022-06-15,TX,Email
21337,2022-06-15,CA,Paid Social
8843,2022-06-15,FL,Organic Search
26328,2022-06-15,TX,Paid Social
23136,2022-06-15,FL,Paid Social
24439,2022-06-15,,Organic Search
7707,2022-06-15,WA,Paid Social
2773,2022-06-15,WA,Email
25907,2022-06-15,CA,Email
19145,2022-06-15,NY,Organic Search
2630,2022-06-15,,Paid Social
26833,2022-06-15,CA,Paid Social
16264,2022-06-15,TX,Paid Social
6387,2022-06-15,WA,Paid Social
19051,2022-06-15,TX,Organic Search
4182,2022-06-15,FL,Paid Social
7241,2022-06-15,FL,Email
7893,2022-06-15,WA,Email
15219,2022-06-15,WA,Organic Search
10628,2022-06-15,CA,Paid Social
20258,2022-06-15,GA,Affiliate
15653,2022-06-15,FL,Email
18257,2022-06-15,,Organic Search
11660,2022-06-15,NY,Organic Search
26161,2022-06-15,,Paid Social
16842,2022-06-16,IL,Referral
2561,2022-06-16,WA,Email
18610,2022-06-16,GA,Paid Social
21872,2022-06-16,GA,Paid Social
16215,2022-06-16,NY,Paid Social
3124,2022-06-16,,Paid Social
20859,2022-06-16,NY,Referral
17812,2022-06-16,IL,Organic Search
29647,2022-06-16,FL,Organic Search
21834,2022-06-16,FL,Affiliate
14773,2022-06-16,,Paid Social
9446,2022-06-16,WA,Organic Search
14673,2022-06-16,,Organic Search
25579,2022-06-16,,Paid Social
9275,2022-06-16,NY,Email
17602,2022-06-16,WA,Paid Social
11531,2022-06-16,,Affiliate
24087,2022-06-16,NY,Organic Search
14860,2022-06-16,GA,Email
27317,2022-06-16,CA,Affiliate
16985,2022-06-16,GA,Organic Search
717,2022-06-17,NY,Email
26785,2022-06-17,CA,Paid Social
27817,2022-06-17,TX,Organic Search
15714,2022-06-17,WA,Referral
4036,2022-06-17,NY,Affiliate
24571,2022-06-17,FL,Organic Search
24038,2022-06-17,NY,Organic Search
13567,2022-06-17,,Organic Search
7223,2022-06-17,FL,Organic Search
14134,2022-06-17,FL,Paid Social
7780,2022-06-17,TX,Paid Social
14040,2022-06-17,TX,Organic Search
27456,2022-06-17,IL,Email
11407,2022-06-17,CA,Organic Search
1261,2022-06-17,GA,Organic Search
11062,2022-06-17,WA,Organic Search
22644,2022-06-17,NY,Organic Search
28658,2022-06-17,IL,Email
12323,2022-06-17,WA,Organic Search
14118,2022-06-17,TX,Organic Search
27850,2022-06-17,GA,Email
19958,2022-06-17,WA,Referral
22995,2022-06-17,IL,Paid Social
21497,2022-06-17,IL,Organic Search
8218,2022-06-17,GA,Paid Social
12438,2022-06-17,TX,Paid Social
20284,2022-06-17,WA,Organic Search
10521,2022-06-17,IL,Paid Social
24074,2022-06-18,IL,Organic Search
11935,2022-06-18,WA,Paid Social
28634,2022-06-18,NY,Organic Search
1023,2022-06-18,IL,Affiliate
28845,2022-06-18,NY,Paid Social
13022,2022-06-18,CA,Referral
21176,2022-06-18,FL,Email
16047,2022-06-18,CA,Affiliate
26412,2022-06-18,TX,Organic Search
24935,2022-06-18,CA,Organic Search
8243,2022-06-18,WA,Organic Search
26472,2022-06-18,IL,Paid Social
20459,2022-06-18,CA,Paid Social
2987,2022-06-18,IL,Organic Search
5114,2022-06-18,TX,Email
13783,2022-06-18,GA,Paid Social
26880,2022-06-18,CA,Paid Social
25856,2022-06-18,TX,Paid Social
772,2022-06-18,TX,Email
1490,2022-06-18,GA,Paid Social
28520,2022-06-18,IL,Paid Social
18609,2022-06-18,TX,Affiliate
17784,2022-06-18,CA,Organic Search
19979,2022-06-18,FL,Organic Search
12382,2022-06-18,WA,Paid Social
5665,2022-06-18,GA,Paid Social
2717,2022-06-18,TX,Paid Social
27580,2022-06-18,,Organic Search
23976,2022-06-18,GA,Email
14639,2022-06-19,,Paid Social
13577,2022-06-19,GA,Paid Social
12595,2022-06-19,FL,Organic Search
5341,2022-06-19,,Email
24715,2022-06-19,,Paid Social
12418,2022-06-19,GA,Paid Social
22603,2022-06-19,WA,Organic Search
27064,2022-06-19,IL,Paid Social
19900,2022-06-19,GA,Paid Social
29844,2022-06-19,TX,Organic Search
13151,2022-06-19,IL,Organic Search
16880,2022-06-19,IL,Organic Search
1809,2022-06-19,NY,Organic Search
3086,2022-06-19,NY,Paid Social
20566,2022-06-19,IL,Paid Social
9627,2022-06-19,FL,Paid Social
16959,2022-06-19,TX,Referral
9260,2022-06-19,WA,Organic Search
28694,2022-06-19,NY,Paid Social
17542,2022-06-19,CA,Email
18021,2022-06-20,CA,Paid Social
16694,2022-06-20,WA,Organic Search
14225,2022-06-20,GA,Paid Social
24695,2022-06-20,NY,Paid Social
28735,2022-06-20,,Paid Social
326,2022-06-20,CA,Email
19011,2022-06-20,TX,Email
23717,2022-06-20,WA,Email
1790,2022-06-20,IL,Paid Social
18174,2022-06-20,CA,Organic Search
2575,2022-06-20,NY,Organic Search
20820,2022-06-20,FL,Organic Search
19783,2022-06-20,,Organic Search
19112,2022-06-20,CA,Paid Social
7715,2022-06-20,TX,Organic Search
17155,2022-06-20,FL,Email
19285,2022-06-20,CA,Email
29400,2022-06-20,FL,Paid Social
13103,2022-06-20,,Organic Search
4744,2022-06-20,GA,Affiliate
14415,2022-06-20,NY,Paid Social
29010,2022-06-20,FL,Organic Search
4454,2022-06-21,WA,Email
17087,2022-06-21,WA,Email
29870,2022-06-21,CA,Organic Search
17770,2022-06-21,NY,Email
12061,2022-06-21,TX,Affiliate
9063,2022-06-21,IL,Email
14963,2022-06-21,NY,Referral
12257,2022-06-21,CA,Paid Social
5718,2022-06-21,WA,Paid Social
23382,2022-06-21,GA,Paid Social
6052,2022-06-21,NY,Affiliate
27488,2022-06-21,GA,Email
13767,2022-06-21,GA,Organic Search
12853,2022-06-21,FL,Referral
21332,2022-06-21,,Organic Search
1632,2022-06-21,IL,Paid Social
18422,2022-06-21,GA,Organic Search
9908,2022-06-21,,Organic Search
14947,2022-06-21,TX,Organic Search
24267,2022-06-21,CA,Affiliate
739,2022-06-21,TX,Paid Social
29665,2022-06-22,CA,Organic Search
17265,2022-06-22,NY,Referral
20889,2022-06-22,FL,Referral
6685,2022-06-22,,Paid Social
24665,2022-06-22,WA,Paid Social
6572,2022-06-22,TX,Organic Search
7788,2022-06-22,CA,Affiliate
15547,2022-06-22,FL,Paid Social
9396,2022-06-22,FL,Organic Search
21624,2022-06-22,WA,Paid Social
22651,2022-06-22,NY,Organic Search
23577,2022-06-22,IL,Organic Search
24474,2022-06-22,IL,Organic Search
21149,2022-06-22,FL,Affiliate
19523,2022-06-22,,Paid Social
4453,2022-06-22,GA,Email
26265,2022-06-22,,Paid Social
26453,2022-06-22,TX,Affiliate
8740,2022-06-22,FL,Paid Social
16301,2022-06-22,FL,Paid Social
26332,2022-06-22,NY,Paid Social
8749,2022-06-22,CA,Organic Search
4303,2022-06-22,FL,Email
9346,2022-06-22,TX,Affiliate
26506,2022-06-22,CA,Organic Search
29455,2022-06-22,NY,Paid Social
5229,2022-06-22,CA,Organic Search
4931,2022-06-22,,Paid Social
22913,2022-06-22,WA,Email
22156,2022-06-23,CA,Paid Social
27482,2022-06-23,GA,Organic Search
22359,2022-06-23,GA,Affiliate
28223,2022-06-23,,Paid Social
16042,2022-06-23,,Referral
8096,2022-06-23,CA,Affiliate
7839,2022-06-23,NY,Paid Social
27654,2022-06-23,WA,Email
3063,2022-06-23,CA,Paid Social
5626,2022-06-23,GA,Email
10920,2022-06-23,TX,Organic Search
4530,2022-06-23,GA,Organic Search
286,2022-06-23,GA,Organic Search
21531,2022-06-23,IL,Paid Social
6165,2022-06-23,IL,Organic Search
25657,2022-06-23,FL,Affiliate
16172,2022-06-23,,Paid Social
27586,2022-06-23,FL,Paid Social
23429,2022-06-23,NY,Organic Search
7506,2022-06-23,IL,Affiliate
12026,2022-06-23,GA,Organic Search
11178,2022-06-23,IL,Affiliate
3910,2022-06-23,GA,Paid Social
6144,2022-06-23,IL,Referral
11050,2022-06-24,FL,Organic Search
21335,2022-06-24,IL,Paid Social
18739,2022-06-24,FL,Affiliate
12456,2022-06-24,FL,Organic Search
6799,2022-06-24,FL,Organic Search
14360,2022-06-24,TX,Email
1961,2022-06-24,NY,Organic Search
1671,2022-06-24,,Paid Social
1920,2022-06-24,NY,Paid Social
16809,2022-06-24,WA,Email
25843,2022-06-24,FL,Affiliate
9965,2022-06-24,TX,Paid Social
7187,2022-06-24,NY,Paid Social
21846,2022-06-24,GA,Referral
89,2022-06-24,CA,Referral
28925,2022-06-24,FL,Email
17349,2022-06-24,TX,Paid Social
22512,2022-06-24,GA,Paid Social
16474,2022-06-24,CA,Paid Social
29730,2022-06-24,WA,Paid Social
28128,2022-06-24,WA,Email
4127,2022-06-25,FL,Paid Social
12464,2022-06-25,,Email
17096,2022-06-25,CA,Affiliate
29901,2022-06-25,GA,Paid Social
13771,2022-06-25,NY,Paid Social
28062,2022-06-25,,Organic Search
26717,2022-06-25,TX,Organic Search
22657,2022-06-25,FL,Organic Search
15797,2022-06-25,TX,Paid Social
27411,2022-06-25,,Paid Social
25886,2022-06-25,WA,Paid Social
8433,2022-06-25,FL,Organic Search
3409,2022-06-25,FL,Organic Search
28537,2022-06-25,NY,Paid Social
529,2022-06-25,NY,Organic Search
7866,2022-06-25,GA,Affiliate
27473,2022-06-25,WA,Organic Search
7110,2022-06-25,IL,Paid Social
3260,2022-06-25,NY,Referral
29968,2022-06-25,TX,Referral
2233,2022-06-25,CA,Affiliate
3062,2022-06-26,CA,Organic Search
20081,2022-06-26,,Paid Social
29489,2022-06-26,FL,Paid Social
820,2022-06-26,TX,Paid Social
22861,2022-06-26,FL,Paid Social
14208,2022-06-26,FL,Referral
18194,2022-06-26,NY,Organic Search
948,2022-06-26,WA,Affiliate
4986,2022-06-26,IL,Organic Search
11793,2022-06-26,TX,Affiliate
21508,2022-06-26,CA,Paid Social
8084,2022-06-26,NY,Organic Search
3633,2022-06-26,,Paid Social
15133,2022-06-26,CA,Affiliate
603,2022-06-26,,Organic Search
16641,2022-06-27,TX,Paid Social
18470,2022-06-27,FL,Organic Search
6985,2022-06-27,NY,Email
16101,2022-06-27,IL,Paid Social
17345,2022-06-27,CA,Paid Social
679,2022-06-27,FL,Affiliate
23601,2022-06-27,NY,Paid Social
18907,2022-06-27,,Email
5819,2022-06-27,CA,Affiliate
6109,2022-06-27,GA,Organic Search
26139,2022-06-27,FL,Email
15839,2022-06-27,WA,Affiliate
28867,2022-06-27,CA,Paid Social
18762,2022-06-27,FL,Organic Search
23137,2022-06-27,IL,Organic Search
4069,2022-06-27,CA,Paid Social
27075,2022-06-27,TX,Organic Search
22566,2022-06-27,FL,Email
630,2022-06-27,WA,Organic Search
25802,2022-06-27,,Paid Social
29397,2022-06-27,,Paid Social
25749,2022-06-27,FL,Affiliate
28716,2022-06-27,FL,Organic Search
4206,2022-06-27,FL,Paid Social
2269,2022-06-28,NY,Organic Search
26164,2022-06-28,WA,Paid Social
28712,2022-06-28,GA,Organic Search
12821,2022-06-28,CA,Organic Search
8514,2022-06-28,GA,Paid Social
3801,2022-06-28,WA,Organic Search
22389,2022-06-28,NY,Affiliate
8189,2022-06-28,CA,Paid Social
12120,2022-06-28,IL,Email
909,2022-06-28,TX,Organic Search
8598,2022-06-28,,Paid Social
6696,2022-06-28,WA,Email
23923,2022-06-28,,Paid Social
25703,2022-06-28,IL,Email
12190,2022-06-28,CA,Paid Social
7882,2022-06-28,GA,Paid Social
24559,2022-06-28,FL,Email
16632,2022-06-28,TX,Paid Social
9017,2022-06-28,IL,Organic Search
20002,2022-06-28,CA,Organic Search
4502,2022-06-28,FL,Paid Social
14490,2022-06-28,NY,Paid Social
3934,2022-06-28,GA,Organic Search
7386,2022-06-28,,Paid Social
23829,2022-06-28,NY,Email
63,2022-06-28,NY,Email
15503,2022-06-28,WA,Paid Social
28007,2022-06-28,CA,Paid Social
13239,2022-06-28,CA,Affiliate
27128,2022-06-29,WA,Paid Social
24214,2022-06-29,IL,Organic Search
10410,2022-06-29,TX,Organic Search
22819,2022-06-29,GA,Paid Social
28757,2022-06-29,GA,Organic Search
26980,2022-06-29,CA,Referral
10919,2022-06-29,FL,Paid Social
5512,2022-06-29,TX,Affiliate
21133,2022-06-29,,Paid Social
24868,2022-06-29,TX,Affiliate
16585,2022-06-29,GA,Paid Social
15530,2022-06-29,NY,Paid Social
15907,2022-06-29,WA,Affiliate
8025,2022-06-29,FL,Organic Search
14779,2022-06-29,FL,Paid Social
23921,2022-06-29,FL,Email
14565,2022-06-29,FL,Paid Social
20006,2022-06-30,GA,Email
23437,2022-06-30,TX,Organic Search
15432,2022-06-30,FL,Affiliate
16556,2022-06-30,GA,Paid Social
7029,2022-06-30,NY,Paid Social
24508,2022-06-30,CA,Email
14003,2022-06-30,TX,Paid Social
7115,2022-06-30,WA,Paid Social
12866,2022-06-30,FL,Email
6359,2022-06-30,IL,Affiliate
20787,2022-06-30,GA,Paid Social
27880,2022-06-30,NY,Paid Social
24448,2022-06-30,IL,Organic Search
11985,2022-06-30,GA,Paid Social
5733,2022-06-30,CA,Paid Social
3457,2022-06-30,GA,Paid Social
29705,2022-06-30,CA,Paid Social
17410,2022-06-30,TX,Paid Social
25079,2022-06-30,,Paid Social
14554,2022-06-30,,Referral
24364,2022-06-30,IL,Organic Search
27123,2022-06-30,,Paid Social
25155,2022-06-30,CA,Paid Social
14429,2022-06-30,TX,Paid Social
13616,2022-07-01,GA,Email
26913,2022-07-01,,Paid Social
3988,2022-07-01,FL,Paid Social
4094,2022-07-01,FL,Affiliate
9681,2022-07-01,TX,Paid Social
3728,2022-07-01,TX,Organic Search
23210,2022-07-01,GA,Paid Social
15597,2022-07-01,FL,Organic Search
6630,2022-07-01,IL,Paid Social
2640,2022-07-01,GA,Email
11009,2022-07-01,WA,Paid Social
20724,2022-07-01,FL,Organic Search
24409,2022-07-01,GA,Paid Social
16633,2022-07-01,GA,Paid Social
27074,2022-07-01,FL,Paid Social
3819,2022-07-01,IL,Email
13206,2022-07-01,,Affiliate
27246,2022-07-01,FL,Paid Social
23320,2022-07-01,NY,Organic Search
19200,2022-07-01,WA,Organic Search
25633,2022-07-01,,Paid Social
1951,2022-07-01,WA,Organic Search
8982,2022-07-01,TX,Paid Social
8325,2022-07-01,CA,Organic Search
9642,2022-07-01,TX,Paid Social
16979,2022-07-01,CA,Organic Search
23916,2022-07-02,FL,Organic Search
12740,2022-07-02,FL,Email
15833,2022-07-02,GA,Paid Social
28322,2022-07-02,TX,Affiliate
6038,2022-07-02,IL,Referral
18527,2022-07-02,GA,Organic Search
9290,2022-07-02,GA,Organic Search
4720,2022-07-02,GA,Affiliate
15012,2022-07-02,NY,Organic Search
13622,2022-07-02,NY,Organic Search
23178,2022-07-02,FL,Paid Social
22147,2022-07-02,,Organic Search
11912,2022-07-02,TX,Paid Social
17036,2022-07-02,TX,Email
4443,2022-07-02,CA,Organic Search
15849,2022-07-02,WA,Organic Search
13340,2022-07-02,NY,Paid Social
29819,2022-07-02,IL,Paid Social
9100,2022-07-02,FL,Paid Social
1668,2022-07-02,TX,Affiliate
11722,2022-07-03,GA,Referral
22856,2022-07-03,,Email
24679,2022-07-03,WA,Email
15910,2022-07-03,WA,Organic Search
4350,2022-07-03,FL,Paid Social
8785,2022-07-03,WA,Paid Social
20543,2022-07-03,,Affiliate
6369,2022-07-03,TX,Paid Social
7458,2022-07-03,NY,Paid Social
18745,2022-07-03,CA,Organic Search
11116,2022-07-03,CA,Referral
14333,2022-07-03,TX,Organic Search
16856,2022-07-03,,Affiliate
6282,2022-07-03,IL,Paid Social
15095,2022-07-03,WA,Paid Social
1902,2022-07-03,TX,Organic Search
12865,2022-07-03,NY,Paid Social
28813,2022-07-03,FL,Organic Search
22266,2022-07-03,WA,Paid Social
26071,2022-07-03,IL,Paid Social
3985,2022-07-03,IL,Email
18683,2022-07-03,FL,Paid Social
27286,2022-07-03,FL,Affiliate
26342,2022-07-03,FL,Affiliate
14249,2022-07-03,IL,Paid Social
1851,2022-07-03,,Organic Search
17780,2022-07-03,NY,Email
24035,2022-07-03,FL,Organic Search
8504,2022-07-03,WA,Affiliate
10657,2022-07-03,TX,Paid Social
15575,2022-07-03,TX,Organic Search
18368,2022-07-04,,Paid Social
13904,2022-07-04,WA,Email
161,2022-07-04,FL,Paid Social
11742,2022-07-04,TX,Paid Social
5564,2022-07-04,GA,Organic Search
23362,2022-07-04,TX,Organic Search
4455,2022-07-04,WA,Referral
19333,2022-07-04,WA,Paid Social
1977,2022-07-04,IL,Organic Search
8734,2022-07-04,,Paid Social
18458,2022-07-04,IL,Paid Social
29659,2022-07-04,FL,Paid Social
7342,2022-07-04,GA,Paid Social
28545,2022-07-04,IL,Organic Search
1802,2022-07-04,FL,Email
29987,2022-07-04,FL,Paid Social
2967,2022-07-04,NY,Email
8236,2022-07-04,CA,Paid Social
25873,2022-07-04,FL,Affiliate
6194,2022-07-04,WA,Affiliate
28884,2022-07-04,FL,Email
16154,2022-07-04,TX,Organic Search
4496,2022-07-04,GA,Paid Social
29149,2022-07-04,,Paid Social
24653,2022-07-04,TX,Organic Search
13316,2022-07-05,CA,Organic Search
8519,2022-07-05,GA,Paid Social
6760,2022-07-05,TX,Organic Search
21959,2022-07-05,WA,Paid Social
13952,2022-07-05,CA,Email
21870,2022-07-05,IL,Organic Search
24830,2022-07-05,,Paid Social
2603,2022-07-05,NY,Email
15674,2022-07-05,,Email
23654,2022-07-05,WA,Paid Social
18128,2022-07-05,FL,Affiliate
29778,2022-07-05,IL,Email
13319,2022-07-05,FL,Referral
2941,2022-07-05,CA,Organic Search
1409,2022-07-05,CA,Paid Social
17139,2022-07-05,CA,Email
1429,2022-07-05,NY,Paid Social
10218,2022-07-05,WA,Paid Social
15861,2022-07-05,GA,Organic Search
9599,2022-07-05,WA,Organic Search
14666,2022-07-05,WA,Paid Social
27932,2022-07-05,IL,Organic Search
22550,2022-07-05,NY,Paid Social
13732,2022-07-05,CA,Paid Social
26055,2022-07-06,,Organic Search
16980,2022-07-06,TX,Paid Social
13499,2022-07-06,WA,Paid Social
13334,2022-07-06,NY,Referral
16675,2022-07-06,,Paid Social
4718,2022-07-06,CA,Affiliate
6304,2022-07-06,TX,Email
2088,2022-07-06,FL,Paid Social
24574,2022-07-06,GA,Paid Social
1599,2022-07-06,WA,Organic Search
9589,2022-07-06,CA,Paid Social
11176,2022-07-06,CA,Paid Social
2346,2022-07-06,CA,Paid Social
2398,2022-07-06,IL,Organic Search
24539,2022-07-06,IL,Organic Search
1843,2022-07-07,IL,Paid Social
27716,2022-07-07,GA,Organic Search
21372,2022-07-07,CA,Email
12601,2022-07-07,WA,Organic Search
8375,2022-07-07,CA,Paid Social
12699,2022-07-07,,Affiliate
14497,2022-07-07,GA,Email
7928,2022-07-07,TX,Referral
23634,2022-07-07,,Paid Social
27751,2022-07-07,WA,Organic Search
12858,2022-07-07,GA,Paid Social
17724,2022-07-07,IL,Email
20676,2022-07-07,NY,Organic Search
22717,2022-07-07,,Organic Search
12505,2022-07-07,GA,Paid Social
24353,2022-07-07,NY,Email
1767,2022-07-07,TX,Email
28758,2022-07-07,TX,Paid Social
11077,2022-07-07,IL,Paid Social
8322,2022-07-07,GA,Paid Social
17463,2022-07-07,,Paid Social
26476,2022-07-07,FL,Organic Search
10785,2022-07-07,,Email
9491,2022-07-07,TX,Paid Social
8332,2022-07-07,GA,Paid Social
27614,2022-07-07,IL,Email
12822,2022-07-07,TX,Paid Social
15237,2022-07-07,,Paid Social
11689,2022-07-07,WA,Paid Social
1075,2022-07-07,NY,Affiliate
1299,2022-07-08,CA,Paid Social
5928,2022-07-08,CA,Paid Social
29141,2022-07-08,WA,Referral
16079,2022-07-08,TX,Email
14449,2022-07-08,NY,Paid Social
10673,2022-07-08,WA,Organic Search
3459,2022-07-08,WA,Paid Social
20365,2022-07-08,CA,Organic Search
8627,2022-07-08,CA,Organic Search
19133,2022-07-08,TX,Paid Social
23608,2022-07-08,NY,Paid Social
23288,2022-07-08,GA,Paid Social
11584,2022-07-08,GA,Email
25312,2022-07-08,,Organic Search
21975,2022-07-08,,Paid Social
648,2022-07-08,GA,Paid Social
25367,2022-07-08,NY,Affiliate
28646,2022-07-08,,Paid Social
23190,2022-07-08,,Paid Social
13959,2022-07-08,TX,Paid Social
12964,2022-07-08,CA,Organic Search
456,2022-07-08,WA,Paid Social
6913,2022-07-08,,Organic Search
8388,2022-07-08,GA,Paid Social
12251,2022-07-09,WA,Paid Social
26603,2022-07-09,NY,Affiliate
14464,2022-07-09,GA,Organic Search
27195,2022-07-09,GA,Paid Social
28467,2022-07-09,IL,Paid Social
3846,2022-07-09,GA,Paid Social
14025,2022-07-09,FL,Paid Social
19183,2022-07-09,IL,Affiliate
12879,2022-07-09,FL,Paid Social
20471,2022-07-09,IL,Paid Social
21608,2022-07-09,IL,Email
16349,2022-07-09,WA,Paid Social
6782,2022-07-09,NY,Paid Social
19006,2022-07-09,IL,Paid Social
1985,2022-07-09,TX,Organic Search
24028,2022-07-09,NY,Organic Search
23926,2022-07-09,,Paid Social
29742,2022-07-09,,Email
8124,2022-07-09,WA,Paid Social
203,2022-07-09,WA,Organic Search
26013,2022-07-09,WA,Organic Search
21698,2022-07-09,CA,Referral
25723,2022-07-09,FL,Organic Search
3206,2022-07-09,,Email
501,2022-07-09,IL,Paid Social
14313,2022-07-09,NY,Paid Social
911,2022-07-09,GA,Paid Social
27762,2022-07-10,TX,Paid Social
10794,2022-07-10,CA,Organic Search
22559,2022-07-10,GA,Paid Social
28087,2022-07-10,IL,Organic Search
19240,2022-07-10,FL,Affiliate
9755,2022-07-10,TX,Organic Search
27794,2022-07-10,FL,Organic Search
28870,2022-07-10,NY,Affiliate
5544,2022-07-10,NY,Email
27568,2022-07-10,IL,Paid Social
15712,2022-07-10,,Affiliate
6074,2022-07-10,,Paid Social
23153,2022-07-10,WA,Paid Social
19649,2022-07-10,CA,Paid Social
28246,2022-07-10,IL,Affiliate
26569,2022-07-10,,Paid Social
28327,2022-07-10,CA,Affiliate
9424,2022-07-10,FL,Paid Social
23584,2022-07-11,CA,Paid Social
26175,2022-07-11,,Paid Social
27710,2022-07-11,,Organic Search
13430,2022-07-11,NY,Paid Social
13441,2022-07-11,CA,Paid Social
20711,2022-07-11,,Paid Social
17107,2022-07-11,WA,Email
18491,2022-07-11,FL,Referral
26269,2022-07-11,NY,Organic Search
26183,2022-07-11,WA,Email
23186,2022-07-11,GA,Paid Social
23248,2022-07-11,TX,Paid Social
17726,2022-07-11,IL,Affiliate
28790,2022-07-11,NY,Affiliate
21034,2022-07-11,CA,Organic Search
15242,2022-07-11,NY,Paid Social
17904,2022-07-11,WA,Organic Search
19641,2022-07-11,IL,Organic Search
28576,2022-07-11,IL,Email
25157,2022-07-11,,Email
24796,2022-07-11,CA,Paid Social
14879,2022-07-11,IL,Paid Social
21552,2022-07-11,CA,Paid Social
28440,2022-07-11,CA,Paid Social
6118,2022-07-11,NY,Affiliate
25248,2022-07-12,FL,Paid Social
28941,2022-07-12,WA,Organic Search
24293,2022-07-12,IL,Paid Social
29390,2022-07-12,FL,Affiliate
14770,2022-07-12,TX,Organic Search
18845,2022-07-12,TX,Paid Social
27053,2022-07-12,,Paid Social
8472,2022-07-12,,Organic Search
7653,2022-07-12,WA,Organic Search
14790,2022-07-12,CA,Affiliate
11189,2022-07-12,FL,Organic Search
16680,2022-07-12,TX,Paid Social
29834,2022-07-12,IL,Paid Social
28675,2022-07-12,NY,Affiliate
5160,2022-07-12,,Organic Search
28491,2022-07-12,CA,Affiliate
1486,2022-07-12,IL,Paid Social
15831,2022-07-12,WA,Email
6097,2022-07-12,,Organic Search
19222,2022-07-13,TX,Affiliate
10884,2022-07-13,NY,Paid Social
28569,2022-07-13,IL,Paid Social
23734,2022-07-13,WA,Email
19190,2022-07-13,WA,Paid Social
863,2022-07-13,NY,Paid Social
6735,2022-07-13,,Organic Search
26848,2022-07-13,NY,Affiliate
310,2022-07-13,GA,Organic Search
3491,2022-07-13,NY,Organic Search
24985,2022-07-13,TX,Paid Social
26912,2022-07-13,GA,Referral
25638,2022-07-13,NY,Affiliate
19368,2022-07-13,GA,Organic Search
23315,2022-07-13,FL,Organic Search
22278,2022-07-13,GA,Affiliate
24198,2022-07-13,,Paid Social
16249,2022-07-13,CA,Paid Social
21631,2022-07-13,GA,Email
13167,2022-07-13,FL,Paid Social
18158,2022-07-13,TX,Organic Search
2390,2022-07-13,,Paid Social
25306,2022-07-13,WA,Organic Search
2261,2022-07-13,IL,Email
22339,2022-07-13,,Affiliate
7299,2022-07-13,IL,Paid Social
6658,2022-07-13,,Paid Social
1335,2022-07-14,WA,Affiliate
22544,2022-07-14,NY,Referral
18018,2022-07-14,CA,Referral
26710,2022-07-14,WA,Paid Social
15220,2022-07-14,CA,Paid Social
27502,2022-07-14,NY,Organic Search
28980,2022-07-14,CA,Affiliate
22106,2022-07-14,TX,Paid Social
10157,2022-07-14,FL,Organic Search
14287,2022-07-14,CA,Organic Search
24050,2022-07-14,FL,Organic Search
1085,2022-07-14,NY,Affiliate
24746,2022-07-14,CA,Paid Social
15104,2022-07-14,FL,Paid Social
11141,2022-07-14,CA,Email
12274,2022-07-14,CA,Email
25872,2022-07-14,GA,Paid Social
13601,2022-07-14,FL,Organic Search
7973,2022-07-14,IL,Organic Search
15050,2022-07-14,,Paid Social
12617,2022-07-14,GA,Organic Search
20892,2022-07-14,TX,Paid Social
11813,2022-07-14,WA,Organic Search
17882,2022-07-14,,Email
19941,2022-07-14,WA,Organic Search
15644,2022-07-14,IL,Organic Search
27857,2022-07-14,CA,Email
23910,2022-07-15,CA,Email
23423,2022-07-15,IL,Paid Social
4474,2022-07-15,GA,Paid Social
17905,2022-07-15,WA,Paid Social
20575,2022-07-15,CA,Affiliate
6727,2022-07-15,FL,Paid Social
13339,2022-07-15,IL,Paid Social
5964,2022-07-15,TX,Email
23727,2022-07-15,IL,Paid Social
19550,2022-07-15,FL,Email
7464,2022-07-15,IL,Paid Social
2865,2022-07-15,TX,Paid Social
11169,2022-07-15,FL,Paid Social
28452,2022-07-15,TX,Organic Search
24991,2022-07-15,FL,Paid Social
19093,2022-07-15,IL,Organic Search
15389,2022-07-15,TX,Paid Social
12592,2022-07-15,IL,Paid Social
22974,2022-07-15,,Paid Social
4881,2022-07-15,NY,Organic Search
26210,2022-07-15,NY,Paid Social
7558,2022-07-15,FL,Paid Social
1307,2022-07-15,,Email
9414,2022-07-15,TX,Organic Search
28005,2022-07-15,CA,Paid Social
2590,2022-07-15,FL,Email
9877,2022-07-16,IL,Organic Search
28300,2022-07-16,GA,Paid Social
11336,2022-07-16,IL,Paid Social
6032,2022-07-16,,Paid Social
3456,2022-07-16,CA,Organic Search
16909,2022-07-16,WA,Referral
21207,2022-07-16,CA,Paid Social
23324,2022-07-16,TX,Paid Social
5472,2022-07-16,GA,Paid Social
24468,2022-07-16,WA,Organic Search
21375,2022-07-16,GA,Paid Social
2739,2022-07-16,CA,Affiliate
8037,2022-07-16,WA,Organic Search
10574,2022-07-16,IL,Paid Social
26790,2022-07-16,CA,Paid Social
10569,2022-07-16,FL,Affiliate
22654,2022-07-16,TX,Referral
25449,2022-07-16,GA,Organic Search
9834,2022-07-16,,Affiliate
17581,2022-07-16,IL,Paid Social
5790,2022-07-16,,Organic Search
25357,2022-07-16,IL,Organic Search
22730,2022-07-16,GA,Organic Search
13101,2022-07-16,FL,Organic Search
13164,2022-07-16,IL,Organic Search
10082,2022-07-17,NY,Paid Social
10190,2022-07-17,TX,Organic Search
26938,2022-07-17,TX,Email
23313,2022-07-17,WA,Organic Search
26731,2022-07-17,GA,Paid Social
16924,2022-07-17,IL,Email
19637,2022-07-17,CA,Organic Search
28971,2022-07-17,CA,Organic Search
13233,2022-07-17,,Email
683,2022-07-17,WA,Organic Search
13948,2022-07-17,FL,Paid Social
17310,2022-07-17,,Organic Search
25894,2022-07-17,IL,Email
22128,2022-07-17,NY,Affiliate
8447,2022-07-17,WA,Paid Social
8695,2022-07-17,FL,Paid Social
765,2022-07-17,CA,Organic Search
190,2022-07-18,IL,Organic Search
17554,2022-07-18,FL,Email
20530,2022-07-18,WA,Paid Social
16419,2022-07-18,,Email
10208,2022-07-18,,Organic Search
724,2022-07-18,IL,Email
291,2022-07-18,FL,Organic Search
24692,2022-07-18,,Paid Social
29807,2022-07-18,CA,Email
5656,2022-07-18,NY,Organic Search
13071,2022-07-18,GA,Paid Social
23937,2022-07-18,TX,Paid Social
24299,2022-07-18,CA,Paid Social
15346,2022-07-18,IL,Email
2594,2022-07-18,,Paid Social
28651,2022-07-18,IL,Paid Social
21523,2022-07-18,CA,Organic Search
26425,2022-07-18,,Email
18933,2022-07-18,CA,Paid Social
29314,2022-07-18,IL,Paid Social
28425,2022-07-18,FL,Paid Social
29385,2022-07-19,FL,Paid Social
7637,2022-07-19,,Paid Social
22008,2022-07-19,NY,Affiliate
3866,2022-07-19,IL,Paid Social
5386,2022-07-19,IL,Paid Social
14858,2022-07-19,CA,Paid Social
29451,2022-07-19,IL,Paid Social
6884,2022-07-19,,Paid Social
5551,2022-07-19,GA,Organic Search
12303,2022-07-19,NY,Paid Social
14653,2022-07-19,NY,Paid Social
29076,2022-07-19,FL,Paid Social
1654,2022-07-19,IL,Paid Social
11276,2022-07-19,CA,Paid Social
14216,2022-07-19,GA,Organic Search
23559,2022-07-19,WA,Paid Social
623,2022-07-19,WA,Paid Social
18101,2022-07-19,CA,Organic Search
25832,2022-07-19,TX,Paid Social
19418,2022-07-19,IL,Affiliate
29990,2022-07-20,IL,Organic Search
18165,2022-07-20,NY,Paid Social
22007,2022-07-20,GA,Paid Social
4750,2022-07-20,GA,Email
9710,2022-07-20,TX,Paid Social
17774,2022-07-20,IL,Organic Search
25923,2022-07-20,,Organic Search
22492,2022-07-20,FL,Organic Search
28059,2022-07-20,CA,Organic Search
21222,2022-07-20,TX,Email
10546,2022-07-20,NY,Paid Social
13860,2022-07-20,FL,Paid Social
20422,2022-07-20,NY,Email
5103,2022-07-20,,Paid Social
13680,2022-07-20,NY,Paid Social
22616,2022-07-20,IL,Organic Search
15048,2022-07-20,FL,Paid Social
22090,2022-07-20,NY,Paid Social
14143,2022-07-20,TX,Paid Social
17504,2022-07-20,TX,Organic Search
26945,2022-07-20,,Organic Search
21289,2022-07-20,NY,Organic Search
28882,2022-07-20,NY,Email
2348,2022-07-21,FL,Paid Social
832,2022-07-21,,Paid Social
24843,2022-07-21,TX,Referral
17340,2022-07-21,GA,Organic Search
22871,2022-07-21,GA,Paid Social
28047,2022-07-21,NY,Organic Search
14893,2022-07-21,WA,Organic Search
11395,2022-07-21,GA,Email
10839,2022-07-21,GA,Paid Social
23548,2022-07-21,NY,Affiliate
1660,2022-07-21,GA,Paid Social
28330,2022-07-21,NY,Organic Search
9307,2022-07-21,CA,Organic Search
7349,2022-07-21,CA,Email
3280,2022-07-21,IL,Email
1446,2022-07-21,GA,Organic Search
27704,2022-07-21,GA,Organic Search
23155,2022-07-21,NY,Email
29697,2022-07-21,TX,Email
9025,2022-07-21,NY,Paid Social
18311,2022-07-21,GA,Paid Social
24138,2022-07-21,WA,Paid Social
23395,2022-07-21,NY,Email
5475,2022-07-22,WA,Organic Search
17485,2022-07-22,CA,Referral
9833,2022-07-22,CA,Organic Search
345,2022-07-22,,Paid Social
1615,2022-07-22,TX,Paid Social
6221,2022-07-22,FL,Email
10944,2022-07-22,,Paid Social
25009,2022-07-22,TX,Paid Social
11684,2022-07-22,GA,Organic Search
269,2022-07-22,IL,Paid Social
2633,2022-07-22,WA,Organic Search
20041,2022-07-22,CA,Organic Search
5563,2022-07-22,FL,Organic Search
5290,2022-07-22,IL,Email
22066,2022-07-22,NY,Organic Search
3569,2022-07-22,GA,Email
6828,2022-07-22,CA,Organic Search
11551,2022-07-22,WA,Organic Search
6677,2022-07-22,FL,Paid Social
27620,2022-07-22,,Organic Search
697,2022-07-22,NY,Organic Search
5081,2022-07-22,WA,Organic Search
619,2022-07-22,NY,Email
19319,2022-07-22,,Affiliate
28945,2022-07-22,WA,Paid Social
14871,2022-07-22,GA,Organic Search
27994,2022-07-23,NY,Paid Social
29280,2022-07-23,FL,Paid Social
21428,2022-07-23,FL,Organic Search
6668,2022-07-23,FL,Email
10038,2022-07-23,NY,Organic Search
12020,2022-07-23,NY,Organic Search
803,2022-07-23,WA,Paid Social
15871,2022-07-23,,Paid Social
10205,2022-07-23,GA,Organic Search
25887,2022-07-23,FL,Organic Search
23915,2022-07-23,FL,Organic Search
15779,2022-07-23,GA,Organic Search
9366,2022-07-23,NY,Paid Social
9822,2022-07-23,FL,Email
12980,2022-07-23,CA,Email
2529,2022-07-23,WA,Organic Search
14245,2022-07-23,WA,Email
3371,2022-07-23,TX,Organic Search
6925,2022-07-24,FL,Paid Social
2156,2022-07-24,WA,Organic Search
12145,2022-07-24,NY,Paid Social
15374,2022-07-24,GA,Paid Social
12816,2022-07-24,FL,Organic Search
12031,2022-07-24,IL,Paid Social
5828,2022-07-24,NY,Organic Search
27112,2022-07-24,NY,Affiliate
9853,2022-07-24,WA,Organic Search
3998,2022-07-24,GA,Paid Social
22636,2022-07-24,CA,Paid Social
28949,2022-07-24,FL,Organic Search
13327,2022-07-24,CA,Paid Social
3202,2022-07-24,IL,Paid Social
14738,2022-07-24,FL,Referral
10378,2022-07-24,TX,Paid Social
18425,2022-07-24,CA,Organic Search
11278,2022-07-24,GA,Paid Social
8509,2022-07-24,IL,Affiliate
29756,2022-07-25,WA,Paid Social
13277,2022-07-25,GA,Paid Social
5654,2022-07-25,CA,Paid Social
15284,2022-07-25,WA,Paid Social
8849,2022-07-25,NY,Paid Social
16769,2022-07-25,GA,Email
15906,2022-07-25,,Organic Search
17798,2022-07-25,IL,Paid Social
2255,2022-07-25,GA,Referral
29933,2022-07-25,NY,Affiliate
4866,2022-07-25,IL,Paid Social
18564,2022-07-25,,Paid Social
5000,2022-07-25,NY,Paid Social
17050,2022-07-25,IL,Organic Search
12871,2022-07-25,TX,Email
20173,2022-07-25,IL,Organic Search
26768,2022-07-25,IL,Paid Social
20193,2022-07-25,,Paid Social
20669,2022-07-25,WA,Paid Social
18626,2022-07-25,NY,Email
2793,2022-07-26,NY,Paid Social
2288,2022-07-26,FL,Paid Social
15948,2022-07-26,,Paid Social
28612,2022-07-26,WA,Email
12801,2022-07-26,IL,Paid Social
11231,2022-07-26,FL,Email
20031,2022-07-26,,Email
25841,2022-07-26,CA,Email
20536,2022-07-26,CA,Paid Social
179,2022-07-26,GA,Affiliate
6590,2022-07-26,TX,Email
1585,2022-07-26,FL,Affiliate
20771,2022-07-26,TX,Organic Search
5764,2022-07-26,NY,Organic Search
24907,2022-07-26,FL,Affiliate
13274,2022-07-26,FL,Paid Social
9406,2022-07-26,WA,Paid Social
26104,2022-07-26,FL,Paid Social
27178,2022-07-26,,Organic Search
15793,2022-07-26,GA,Organic Search
26230,2022-07-26,CA,Organic Search
9485,2022-07-26,TX,Referral
18366,2022-07-26,IL,Organic Search
9757,2022-07-26,GA,Organic Search
16152,2022-07-26,GA,Paid Social
22625,2022-07-26,GA,Organic Search
4684,2022-07-26,NY,Organic Search
22855,2022-07-26,FL,Paid Social
19383,2022-07-26,GA,Affiliate
616,2022-07-26,GA,Affiliate
29625,2022-07-26,TX,Paid Social
22704,2022-07-27,NY,Affiliate
28384,2022-07-27,CA,Affiliate
8946,2022-07-27,NY,Referral
14060,2022-07-27,GA,Affiliate
1184,2022-07-27,IL,Affiliate
12184,2022-07-27,,Paid Social
6737,2022-07-27,NY,Affiliate
5292,2022-07-27,GA,Organic Search
24129,2022-07-27,CA,Paid Social
21134,2022-07-27,FL,Paid Social
17480,2022-07-27,NY,Organic Search
17974,2022-07-27,GA,Email
11255,2022-07-27,NY,Paid Social
24167,2022-07-27,TX,Referral
27127,2022-07-27,IL,Paid Social
12479,2022-07-27,FL,Organic Search
9741,2022-07-27,FL,Organic Search
3624,2022-07-27,CA,Referral
21359,2022-07-28,FL,Organic Search
13858,2022-07-28,NY,Referral
17419,2022-07-28,NY,Paid Social
19861,2022-07-28,CA,Email
10040,2022-07-28,TX,Organic Search
16437,2022-07-28,CA,Paid Social
27171,2022-07-28,NY,Paid Social
5393,2022-07-28,FL,Referral
15429,2022-07-28,NY,Referral
1611,2022-07-28,TX,Referral
7640,2022-07-28,,Organic Search
4687,2022-07-28,CA,Organic Search
10912,2022-07-28,CA,Paid Social
5721,2022-07-28,,Organic Search
6762,2022-07-29,TX,Organic Search
3718,2022-07-29,IL,Organic Search
21318,2022-07-29,,Organic Search
19488,2022-07-29,,Organic Search
4077,2022-07-29,GA,Paid Social
22577,2022-07-29,CA,Paid Social
6031,2022-07-29,WA,Paid Social
6477,2022-07-29,CA,Paid Social
10166,2022-07-29,TX,Organic Search
23950,2022-07-29,GA,Affiliate
27301,2022-07-29,,Organic Search
13944,2022-07-29,WA,Organic Search
1289,2022-07-29,TX,Organic Search
25844,2022-07-29,IL,Organic Search
22134,2022-07-29,NY,Paid Social
27118,2022-07-29,IL,Affiliate
4548,2022-07-30,,Paid Social
2466,2022-07-30,TX,Organic Search
17783,2022-07-30,CA,Paid Social
19737,2022-07-30,TX,Paid Social
8266,2022-07-30,CA,Organic Search
26716,2022-07-30,GA,Email
4973,2022-07-30,TX,Paid Social
18371,2022-07-30,TX,Paid Social
16722,2022-07-30,TX,Paid Social
11149,2022-07-30,FL,Referral
14623,2022-07-30,TX,Paid Social
8960,2022-07-30,FL,Referral
29431,2022-07-30,IL,Organic Search
21917,2022-07-30,WA,Email
23588,2022-07-30,,Affiliate
16455,2022-07-30,GA,Organic Search
26155,2022-07-30,IL,Organic Search
25351,2022-07-30,,Paid Social
14136,2022-07-30,WA,Paid Social
1220,2022-07-30,GA,Organic Search
24076,2022-07-30,IL,Organic Search
13578,2022-07-30,NY,Paid Social
27285,2022-07-30,GA,Organic Search
9919,2022-07-30,NY,Organic Search
25785,2022-07-30,TX,Organic Search
17157,2022-07-30,WA,Email
10579,2022-07-31,,Organic Search
29740,2022-07-31,IL,Paid Social
18133,2022-07-31,TX,Paid Social
9923,2022-07-31,GA,Paid Social
17357,2022-07-31,GA,Organic Search
3324,2022-07-31,CA,Paid Social
25734,2022-07-31,TX,Paid Social
28463,2022-07-31,TX,Organic Search
13181,2022-07-31,CA,Organic Search
13002,2022-07-31,FL,Organic Search
10391,2022-07-31,GA,Referral
22639,2022-07-31,,Paid Social
16505,2022-07-31,WA,Organic Search
9464,2022-07-31,FL,Paid Social
18607,2022-07-31,CA,Email
4459,2022-07-31,WA,Paid Social
25670,2022-07-31,IL,Paid Social
29927,2022-07-31,IL,Organic Search
12315,2022-07-31,TX,Paid Social
19487,2022-07-31,TX,Affiliate
13293,2022-07-31,CA,Paid Social
21950,2022-07-31,CA,Paid Social
27060,2022-07-31,FL,Paid Social
28804,2022-08-01,,Email
2382,2022-08-01,WA,Referral
3655,2022-08-01,,Organic Search
23216,2022-08-01,,Paid Social
15089,2022-08-01,WA,Paid Social
19664,2022-08-01,TX,Paid Social
8006,2022-08-01,,Paid Social
17487,2022-08-01,NY,Paid Social
6147,2022-08-01,GA,Paid Social
6644,2022-08-01,NY,Referral
4970,2022-08-01,IL,Paid Social
27271,2022-08-01,NY,Organic Search
29445,2022-08-01,NY,Email
19658,2022-08-01,IL,Referral
21774,2022-08-01,FL,Paid Social
5517,2022-08-01,TX,Email
23640,2022-08-02,WA,Organic Search
18462,2022-08-02,,Email
3321,2022-08-02,TX,Paid Social
6151,2022-08-02,CA,Paid Social
815,2022-08-02,CA,Referral
21402,2022-08-02,WA,Email
5353,2022-08-02,,Organic Search
15475,2022-08-02,WA,Paid Social
25418,2022-08-02,NY,Affiliate
13870,2022-08-02,TX,Paid Social
14120,2022-08-02,FL,Organic Search
17964,2022-08-02,GA,Paid Social
21331,2022-08-02,WA,Paid Social
12215,2022-08-02,GA,Paid Social
10501,2022-08-02,WA,Organic Search
24798,2022-08-02,,Affiliate
16551,2022-08-02,,Organic Search
12029,2022-08-02,NY,Paid Social
4006,2022-08-03,FL,Organic Search
20931,2022-08-03,GA,Paid Social
8977,2022-08-03,TX,Paid Social
29818,2022-08-03,CA,Paid Social
14537,2022-08-03,NY,Paid Social
5471,2022-08-03,FL,Paid Social
7340,2022-08-03,GA,Paid Social
25531,2022-08-03,IL,Organic Search
1899,2022-08-03,,Paid Social
11173,2022-08-03,NY,Affiliate
27645,2022-08-03,IL,Organic Search
9797,2022-08-03,TX,Affiliate
21941,2022-08-03,CA,Organic Search
19470,2022-08-03,TX,Paid Social
7400,2022-08-03,,Organic Search
13347,2022-08-03,WA,Paid Social
177,2022-08-03,FL,Paid Social
24535,2022-08-03,,Organic Search
24025,2022-08-03,NY,Paid Social
28898,2022-08-03,FL,Paid Social
10277,2022-08-03,GA,Paid Social
26984,2022-08-03,NY,Paid Social
23043,2022-08-04,CA,Email
19099,2022-08-04,NY,Organic Search
7071,2022-08-04,,Paid Social
1878,2022-08-04,GA,Paid Social
2473,2022-08-04,TX,Affiliate
28689,2022-08-04,TX,Paid Social
13107,2022-08-04,,Paid Social
16450,2022-08-04,IL,Paid Social
14819,2022-08-04,,Organic Search
13633,2022-08-04,IL,Organic Search
11256,2022-08-04,CA,Affiliate
21890,2022-08-04,IL,Organic Search
1401,2022-08-04,NY,Organic Search
27205,2022-08-04,CA,Organic Search
4289,2022-08-04,TX,Paid Social
27844,2022-08-04,CA,Email
12294,2022-08-04,CA,Paid Social
6748,2022-08-04,NY,Organic Search
12655,2022-08-04,IL,Organic Search
24100,2022-08-05,NY,Organic Search
28981,2022-08-05,IL,Paid Social
1614,2022-08-05,CA,Paid Social
12019,2022-08-05,,Organic Search
6667,2022-08-05,WA,Paid Social
7305,2022-08-05,,Organic Search
1804,2022-08-05,IL,Organic Search
21703,2022-08-05,NY,Affiliate
11470,2022-08-05,GA,Referral
25585,2022-08-05,IL,Paid Social
10782,2022-08-05,FL,Paid Social
10079,2022-08-05,TX,Organic Search
10259,2022-08-05,NY,Referral
3145,2022-08-05,IL,Organic Search
12754,2022-08-05,TX,Organic Search
26634,2022-08-05,,Paid Social
6049,2022-08-05,CA,Email
21218,2022-08-05,IL,Affiliate
2001,2022-08-05,,Organic Search
1913,2022-08-05,CA,Affiliate
19,2022-08-06,WA,Paid Social
13426,2022-08-06,TX,Email
27749,2022-08-06,,Referral
1852,2022-08-06,FL,Email
2668,2022-08-06,NY,Paid Social
24287,2022-08-06,CA,Paid Social
21061,2022-08-06,,Paid Social
3693,2022-08-06,NY,Email
4176,2022-08-06,NY,Affiliate
1352,2022-08-06,CA,Paid Social
4703,2022-08-06,FL,Paid Social
9542,2022-08-06,TX,Paid Social
17767,2022-08-06,IL,Organic Search
25230,2022-08-06,WA,Paid Social
16183,2022-08-06,GA,Paid Social
26078,2022-08-06,FL,Organic Search
29893,2022-08-06,CA,Paid Social
18550,2022-08-06,WA,Organic Search
21481,2022-08-07,GA,Paid Social
20545,2022-08-07,,Paid Social
25057,2022-08-07,IL,Affiliate
7553,2022-08-07,GA,Paid Social
9148,2022-08-07,IL,Paid Social
5356,2022-08-07,FL,Paid Social
20818,2022-08-07,WA,Paid Social
26940,2022-08-07,GA,Referral
23800,2022-08-07,,Paid Social
12669,2022-08-07,,Paid Social
23551,2022-08-07,WA,Email
1287,2022-08-07,NY,Organic Search
27524,2022-08-07,CA,Paid Social
4372,2022-08-07,GA,Paid Social
20743,2022-08-07,,Email
26420,2022-08-07,NY,Email
15857,2022-08-07,GA,Referral
21634,2022-08-07,FL,Organic Search
1146,2022-08-07,,Referral
25559,2022-08-08,WA,Email
26835,2022-08-08,WA,Email
20333,2022-08-08,WA,Email
8988,2022-08-08,IL,Affiliate
16316,2022-08-08,,Paid Social
2619,2022-08-08,NY,Email
4987,2022-08-08,GA,Email
26789,2022-08-08,CA,Organic Search
18898,2022-08-08,FL,Paid Social
21322,2022-08-08,WA,Paid Social
2345,2022-08-08,IL,Affiliate
19568,2022-08-08,,Email
15100,2022-08-08,FL,Organic Search
9534,2022-08-08,FL,Email
2536,2022-08-08,,Email
2912,2022-08-08,GA,Organic Search
1894,2022-08-08,WA,Organic Search
9364,2022-08-08,,Organic Search
29469,2022-08-08,WA,Paid Social
9344,2022-08-08,,Email
7302,2022-08-08,GA,Paid Social
29078,2022-08-08,CA,Paid Social
7186,2022-08-08,WA,Affiliate
4470,2022-08-08,CA,Referral
25859,2022-08-08,GA,Affiliate
3782,2022-08-08,,Paid Social
24136,2022-08-09,CA,Organic Search
24262,2022-08-09,TX,Paid Social
3640,2022-08-09,GA,Organic Search
12106,2022-08-09,GA,Email
6656,2022-08-09,GA,Paid Social
1683,2022-08-09,CA,Paid Social
15981,2022-08-09,TX,Paid Social
18341,2022-08-09,IL,Paid Social
15484,2022-08-09,IL,Email
25097,2022-08-09,WA,Paid Social
17991,2022-08-09,TX,Organic Search
21895,2022-08-09,GA,Paid Social
2035,2022-08-09,IL,Paid Social
6500,2022-08-09,IL,Email
26883,2022-08-09,NY,Paid Social
7786,2022-08-09,WA,Paid Social
26864,2022-08-09,WA,Organic Search
1759,2022-08-09,FL,Organic Search
2451,2022-08-09,CA,Organic Search
3823,2022-08-09,FL,Email
24482,2022-08-09,GA,Organic Search
1418,2022-08-09,IL,Organic Search
24470,2022-08-09,FL,Paid Social
13993,2022-08-09,IL,Organic Search
9628,2022-08-09,FL,Referral
9930,2022-08-09,IL,Referral
10654,2022-08-09,TX,Paid Social
15141,2022-08-09,,Email
16225,2022-08-09,FL,Organic Search
18062,2022-08-09,NY,Referral
6426,2022-08-10,,Organic Search
14613,2022-08-10,IL,Paid Social
1459,2022-08-10,WA,Organic Search
2510,2022-08-10,GA,Referral
8258,2022-08-10,GA,Affiliate
5972,2022-08-10,FL,Organic Search
18714,2022-08-10,TX,Email
4911,2022-08-10,TX,Referral
9023,2022-08-10,FL,Paid Social
24638,2022-08-10,GA,Paid Social
1253,2022-08-10,IL,Organic Search
21223,2022-08-10,GA,Referral
20822,2022-08-10,CA,Organic Search
18130,2022-08-10,WA,Email
28478,2022-08-10,,Paid Social
871,2022-08-10,WA,Paid Social
18773,2022-08-10,NY,Email
3323,2022-08-10,GA,Email
3871,2022-08-10,,Paid Social
3275,2022-08-10,GA,Email
13227,2022-08-10,CA,Paid Social
16824,2022-08-10,GA,Organic Search
7911,2022-08-10,GA,Referral
12333,2022-08-10,IL,Referral
28355,2022-08-10,,Email
22343,2022-08-10,,Paid Social
28110,2022-08-10,FL,Organic Search
356,2022-08-10,TX,Paid Social
7235,2022-08-10,,Paid Social
24368,2022-08-10,WA,Email
29552,2022-08-11,FL,Paid Social
5628,2022-08-11,IL,Paid Social
14086,2022-08-11,FL,Paid Social
21699,2022-08-11,NY,Paid Social
15576,2022-08-11,,Paid Social
15947,2022-08-11,TX,Organic Search
14219,2022-08-11,WA,Organic Search
16678,2022-08-11,,Paid Social
15259,2022-08-11,GA,Email
4405,2022-08-11,CA,Affiliate
6686,2022-08-11,TX,Organic Search
17889,2022-08-11,IL,Email
26638,2022-08-11,FL,Organic Search
5148,2022-08-11,FL,Referral
13392,2022-08-11,WA,Paid Social
4906,2022-08-11,CA,Organic Search
23207,2022-08-11,IL,Organic Search
19583,2022-08-11,,Email
7432,2022-08-11,FL,Paid Social
23924,2022-08-11,WA,Referral
4765,2022-08-11,WA,Paid Social
13466,2022-08-11,FL,Paid Social
27590,2022-08-11,WA,Referral
7498,2022-08-11,CA,Referral
28378,2022-08-11,FL,Affiliate
23384,2022-08-11,WA,Affiliate
9427,2022-08-11,GA,Organic Search
7471,2022-08-11,WA,Email
28085,2022-08-11,FL,Organic Search
7831,2022-08-11,NY,Organic Search
21195,2022-08-11,NY,Email
20871,2022-08-11,TX,Paid Social
18581,2022-08-11,TX,Paid Social
16810,2022-08-11,WA,Organic Search
22005,2022-08-11,IL,Paid Social
13089,2022-08-12,IL,Paid Social
15148,2022-08-12,WA,Email
20679,2022-08-12,TX,Paid Social
14693,2022-08-12,,Email
20395,2022-08-12,,Organic Search
13727,2022-08-12,IL,Affiliate
25709,2022-08-12,IL,Paid Social
22057,2022-08-12,IL,Organic Search
26191,2022-08-12,,Paid Social
6430,2022-08-12,WA,Paid Social
14443,2022-08-12,,Organic Search
16875,2022-08-12,,Paid Social
6101,2022-08-12,WA,Paid Social
8774,2022-08-12,TX,Paid Social
27070,2022-08-12,TX,Paid Social
2165,2022-08-12,NY,Paid Social
21255,2022-08-12,IL,Organic Search
673,2022-08-12,NY,Organic Search
14569,2022-08-12,WA,Email
9580,2022-08-12,WA,Organic Search
4544,2022-08-12,NY,Organic Search
17312,2022-08-12,CA,Paid Social
16640,2022-08-12,CA,Email
52,2022-08-12,FL,Email
5692,2022-08-12,,Organic Search
2216,2022-08-12,NY,Paid Social
27154,2022-08-12,WA,Paid Social
24361,2022-08-12,GA,Email
23021,2022-08-12,IL,Email
5830,2022-08-12,FL,Paid Social
23468,2022-08-13,TX,Paid Social
16730,2022-08-13,FL,Paid Social
941,2022-08-13,IL,Organic Search
7891,2022-08-13,NY,Organic Search
13983,2022-08-13,FL,Organic Search
11270,2022-08-13,IL,Organic Search
22151,2022-08-13,,Paid Social
22494,2022-08-13,CA,Email
28881,2022-08-13,GA,Paid Social
12064,2022-08-13,GA,Paid Social
24900,2022-08-13,NY,Organic Search
4908,2022-08-13,,Organic Search
9315,2022-08-13,FL,Paid Social
4955,2022-08-13,WA,Paid Social
23941,2022-08-14,CA,Email
20053,2022-08-14,,Paid Social
20581,2022-08-14,WA,Email
28868,2022-08-14,CA,Affiliate
18871,2022-08-14,NY,Organic Search
15174,2022-08-14,WA,Paid Social
2363,2022-08-14,,Organic Search
10758,2022-08-14,FL,Email
4110,2022-08-14,CA,Paid Social
20089,2022-08-14,CA,Paid Social
3549,2022-08-14,,Paid Social
16873,2022-08-14,,Organic Search
8635,2022-08-14,IL,Organic Search
19610,2022-08-14,WA,Paid Social
10351,2022-08-14,IL,Paid Social
19962,2022-08-14,NY,Organic Search
15677,2022-08-14,IL,Paid Social
17491,2022-08-14,NY,Affiliate
17424,2022-08-14,NY,Affiliate
22602,2022-08-14,TX,Affiliate
16203,2022-08-14,IL,Organic Search
8582,2022-08-15,WA,Email
17158,2022-08-15,GA,Paid Social
13258,2022-08-15,FL,Paid Social
22003,2022-08-15,,Paid Social
12606,2022-08-15,IL,Paid Social
4760,2022-08-15,WA,Affiliate
23981,2022-08-15,TX,Organic Search
25201,2022-08-15,WA,Paid Social
2857,2022-08-15,GA,Organic Search
19484,2022-08-15,NY,Affiliate
6269,2022-08-15,GA,Paid Social
3408,2022-08-15,FL,Affiliate
22371,2022-08-15,FL,Organic Search
6930,2022-08-15,WA,Paid Social
17004,2022-08-15,NY,Paid Social
4749,2022-08-15,IL,Paid Social
1948,2022-08-15,,Organic Search
4585,2022-08-15,TX,Paid Social
837,2022-08-15,TX,Affiliate
11156,2022-08-15,GA,Paid Social
27092,2022-08-15,NY,Email
18336,2022-08-15,CA,Affiliate
3479,2022-08-15,GA,Paid Social
11753,2022-08-15,IL,Email
13514,2022-08-15,,Email
3814,2022-08-15,WA,Paid Social
9724,2022-08-15,,Email
3529,2022-08-15,NY,Affiliate
5278,2022-08-15,GA,Paid Social
27175,2022-08-15,IL,Email
1945,2022-08-15,CA,Email
16069,2022-08-16,IL,Organic Search
24564,2022-08-16,FL,Email
28293,2022-08-16,IL,Email
713,2022-08-16,WA,Paid Social
9051,2022-08-16,,Email
22780,2022-08-16,WA,Email
20275,2022-08-16,FL,Email
15436,2022-08-16,WA,Organic Search
209,2022-08-16,GA,Organic Search
12619,2022-08-16,IL,Organic Search
7140,2022-08-16,CA,Organic Search
29955,2022-08-16,GA,Email
19943,2022-08-16,TX,Affiliate
25392,2022-08-16,IL,Paid Social
24932,2022-08-16,TX,Email
28922,2022-08-16,WA,Paid Social
23675,2022-08-16,WA,Paid Social
9367,2022-08-16,GA,Paid Social
20626,2022-08-16,CA,Organic Search
9243,2022-08-16,CA,Paid Social
18780,2022-08-16,CA,Email
28297,2022-08-16,NY,Organic Search
18662,2022-08-16,TX,Affiliate
18043,2022-08-16,WA,Paid Social
5345,2022-08-17,,Affiliate
26829,2022-08-17,GA,Affiliate
25434,2022-08-17,WA,Paid Social
7564,2022-08-17,CA,Email
22236,2022-08-17,NY,Paid Social
20311,2022-08-17,WA,Paid Social
21463,2022-08-17,,Email
20904,2022-08-17,IL,Email
20488,2022-08-17,FL,Email
19782,2022-08-17,GA,Paid Social
16740,2022-08-17,WA,Paid Social
176,2022-08-17,CA,Organic Search
26113,2022-08-17,CA,Paid Social
29650,2022-08-17,TX,Affiliate
23185,2022-08-17,WA,Organic Search
24020,2022-08-17,,Organic Search
3504,2022-08-17,,Organic Search
15651,2022-08-17,,Organic Search
10916,2022-08-17,CA,Organic Search
10986,2022-08-17,GA,Organic Search
25445,2022-08-17,FL,Affiliate
25092,2022-08-18,CA,Referral
32,2022-08-18,TX,Organic Search
1271,2022-08-18,NY,Paid Social
20390,2022-08-18,FL,Organic Search
13070,2022-08-18,GA,Paid Social
22905,2022-08-18,WA,Organic Search
23516,2022-08-18,CA,Paid Social
29226,2022-08-18,,Paid Social
29605,2022-08-18,IL,Referral
15255,2022-08-18,IL,Paid Social
22782,2022-08-18,FL,Organic Search
25555,2022-08-18,NY,Organic Search
20610,2022-08-18,CA,Paid Social
14648,2022-08-18,CA,Paid Social
17085,2022-08-18,,Paid Social
20278,2022-08-18,TX,Paid Social
14575,2022-08-18,WA,Paid Social
17368,2022-08-18,FL,Affiliate
26087,2022-08-18,,Organic Search
19741,2022-08-18,NY,Paid Social
26198,2022-08-18,FL,Paid Social
21301,2022-08-18,TX,Paid Social
25459,2022-08-19,CA,Organic Search
17996,2022-08-19,FL,Paid Social
2152,2022-08-19,NY,Organic Search
27738,2022-08-19,GA,Paid Social
14797,2022-08-19,WA,Organic Search
1462,2022-08-19,TX,Paid Social
12881,2022-08-19,GA,Email
25577,2022-08-19,GA,Organic Search
19928,2022-08-19,NY,Organic Search
26096,2022-08-19,,Paid Social
19679,2022-08-19,CA,Organic Search
6800,2022-08-19,TX,Paid Social
15126,2022-08-19,WA,Organic Search
21904,2022-08-19,CA,Paid Social
9779,2022-08-19,GA,Paid Social
7086,2022-08-19,CA,Organic Search
15568,2022-08-19,WA,Paid Social
4923,2022-08-19,TX,Paid Social
23782,2022-08-19,TX,Organic Search
3195,2022-08-19,WA,Paid Social
27921,2022-08-19,FL,Organic Search
28745,2022-08-19,,Organic Search
29343,2022-08-19,GA,Organic Search
23561,2022-08-19,FL,Affiliate
18414,2022-08-19,NY,Affiliate
937,2022-08-20,GA,Organic Search
23790,2022-08-20,WA,Paid Social
27571,2022-08-20,,Paid Social
1328,2022-08-20,WA,Email
8551,2022-08-20,FL,Affiliate
9619,2022-08-20,,Email
4780,2022-08-20,,Organic Search
938,2022-08-20,CA,Affiliate
25813,2022-08-20,NY,Paid Social
16823,2022-08-20,FL,Organic Search
2321,2022-08-20,TX,Affiliate
16417,2022-08-20,NY,Affiliate
12229,2022-08-20,,Paid Social
24849,2022-08-20,WA,Organic Search
11694,2022-08-20,FL,Affiliate
14614,2022-08-21,IL,Paid Social
3380,2022-08-21,TX,Paid Social
17848,2022-08-21,WA,Paid Social
19856,2022-08-21,,Email
29701,2022-08-21,GA,Paid Social
25861,2022-08-21,IL,Paid Social
8817,2022-08-21,,Paid Social
18096,2022-08-21,NY,Paid Social
19573,2022-08-21,CA,Email
25398,2022-08-21,NY,Paid Social
842,2022-08-21,WA,Paid Social
29595,2022-08-21,WA,Affiliate
13387,2022-08-21,CA,Paid Social
13587,2022-08-21,WA,Affiliate
23534,2022-08-21,IL,Affiliate
7392,2022-08-21,GA,Organic Search
15666,2022-08-21,NY,Email
26396,2022-08-21,GA,Organic Search
24946,2022-08-21,WA,Affiliate
28530,2022-08-21,FL,Paid Social
27754,2022-08-21,NY,Affiliate
23067,2022-08-21,IL,Paid Social
14987,2022-08-22,CA,Email
17921,2022-08-22,,Organic Search
25529,2022-08-22,FL,Organic Search
24958,2022-08-22,IL,Affiliate
23940,2022-08-22,GA,Organic Search
10495,2022-08-22,IL,Paid Social
7727,2022-08-22,WA,Organic Search
18885,2022-08-22,NY,Email
28580,2022-08-22,IL,Paid Social
21722,2022-08-22,GA,Paid Social
27025,2022-08-22,GA,Organic Search
28844,2022-08-22,TX,Email
15623,2022-08-22,TX,Email
4667,2022-08-22,TX,Organic Search
14435,2022-08-22,IL,Affiliate
20559,2022-08-22,GA,Organic Search
6141,2022-08-22,CA,Paid Social
8755,2022-08-22,WA,Affiliate
16314,2022-08-22,GA,Organic Search
9573,2022-08-22,GA,Organic Search
7014,2022-08-22,GA,Organic Search
1435,2022-08-23,IL,Organic Search
822,2022-08-23,IL,Organic Search
23345,2022-08-23,TX,Email
22346,2022-08-23,WA,Organic Search
27587,2022-08-23,GA,Email
14456,2022-08-23,,Paid Social
3586,2022-08-23,TX,Paid Social
14100,2022-08-23,TX,Referral
17968,2022-08-23,NY,Paid Social
27225,2022-08-23,FL,Organic Search
9231,2022-08-23,FL,Paid Social
3694,2022-08-23,FL,Organic Search
11555,2022-08-23,IL,Paid Social
18251,2022-08-23,FL,Organic Search
4560,2022-08-23,CA,Affiliate
17273,2022-08-23,GA,Paid Social
29504,2022-08-23,TX,Email
5458,2022-08-23,IL,Paid Social
1049,2022-08-23,FL,Referral
12199,2022-08-23,FL,Organic Search
12890,2022-08-23,NY,Email
27038,2022-08-23,TX,Organic Search
24178,2022-08-23,FL,Referral
19336,2022-08-23,WA,Affiliate
28948,2022-08-23,CA,Paid Social
16328,2022-08-23,,Organic Search
20887,2022-08-23,,Affiliate
21407,2022-08-23,GA,Referral
5932,2022-08-23,GA,Paid Social
9114,2022-08-23,IL,Paid Social
7256,2022-08-24,FL,Paid Social
25803,2022-08-24,NY,Paid Social
9867,2022-08-24,WA,Paid Social
19822,2022-08-24,FL,Paid Social
11400,2022-08-24,IL,Paid Social
3550,2022-08-24,IL,Paid Social
21239,2022-08-24,WA,Paid Social
1497,2022-08-24,TX,Paid Social
15909,2022-08-24,CA,Organic Search
15370,2022-08-24,WA,Paid Social
28830,2022-08-24,,Organic Search
21743,2022-08-24,CA,Paid Social
21587,2022-08-24,WA,Paid Social
3597,2022-08-24,TX,Organic Search
14305,2022-08-24,WA,Paid Social
15476,2022-08-24,WA,Organic Search
24698,2022-08-24,TX,Paid Social
19554,2022-08-24,IL,Paid Social
16284,2022-08-24,NY,Paid Social
27279,2022-08-24,IL,Affiliate
11476,2022-08-24,IL,Organic Search
21671,2022-08-25,NY,Paid Social
4827,2022-08-25,TX,Paid Social
10984,2022-08-25,NY,Paid Social
20314,2022-08-25,WA,Affiliate
20439,2022-08-25,,Organic Search
27369,2022-08-25,TX,Paid Social
26088,2022-08-25,IL,Email
24612,2022-08-25,GA,Organic Search
26393,2022-08-25,,Paid Social
22311,2022-08-25,FL,Paid Social
19828,2022-08-25,GA,Paid Social
2750,2022-08-25,GA,Paid Social
17398,2022-08-25,IL,Paid Social
4229,2022-08-25,CA,Paid Social
17436,2022-08-25,,Paid Social
9670,2022-08-25,,Email
28134,2022-08-25,GA,Affiliate
8794,2022-08-25,GA,Email
2932,2022-08-25,NY,Paid Social
3699,2022-08-25,TX,Affiliate
963,2022-08-25,WA,Organic Search
17109,2022-08-25,WA,Email
9786,2022-08-25,NY,Email
18902,2022-08-25,NY,Paid Social
8184,2022-08-25,FL,Affiliate
4401,2022-08-25,CA,Organic Search
20142,2022-08-25,IL,Organic Search
29197,2022-08-25,NY,Referral
29553,2022-08-25,FL,Organic Search
19503,2022-08-25,CA,Paid Social
4264,2022-08-26,NY,Paid Social
26114,2022-08-26,,Email
24785,2022-08-26,GA,Organic Search
7172,2022-08-26,TX,Referral
20647,2022-08-26,IL,Organic Search
300,2022-08-26,TX,Organic Search
2511,2022-08-26,CA,Organic Search
20061,2022-08-26,IL,Paid Social
21537,2022-08-26,CA,Paid Social
4883,2022-08-26,IL,Email
13903,2022-08-26,GA,Paid Social
17283,2022-08-26,TX,Paid Social
7861,2022-08-26,FL,Organic Search
5975,2022-08-26,IL,Organic Search
1397,2022-08-26,,Paid Social
8612,2022-08-26,IL,Affiliate
6247,2022-08-26,FL,Organic Search
26926,2022-08-26,TX,Organic Search
8175,2022-08-26,WA,Paid Social
23947,2022-08-26,IL,Paid Social
18980,2022-08-26,FL,Organic Search
18010,2022-08-26,CA,Organic Search
12749,2022-08-26,,Organic Search
5247,2022-08-26,CA,Email
12149,2022-08-27,GA,Organic Search
16325,2022-08-27,WA,Affiliate
173,2022-08-27,TX,Paid Social
151,2022-08-27,IL,Affiliate
25250,2022-08-27,CA,Organic Search
17186,2022-08-27,FL,Organic Search
27812,2022-08-27,TX,Email
24261,2022-08-27,GA,Paid Social
7449,2022-08-27,IL,Paid Social
12614,2022-08-27,NY,Organic Search
16622,2022-08-27,GA,Email
25162,2022-08-27,IL,Paid Social
27010,2022-08-27,NY,Paid Social
3893,2022-08-27,IL,Paid Social
21798,2022-08-27,TX,Affiliate
23124,2022-08-27,WA,Organic Search
17597,2022-08-27,GA,Organic Search
25738,2022-08-27,NY,Organic Search
29313,2022-08-27,IL,Paid Social
21473,2022-08-27,GA,Paid Social
8527,2022-08-27,WA,Paid Social
19837,2022-08-27,GA,Paid Social
24589,2022-08-27,FL,Paid Social
28605,2022-08-27,NY,Referral
2143,2022-08-27,FL,Email
20030,2022-08-27,GA,Organic Search
17118,2022-08-28,IL,Organic Search
17589,2022-08-28,,Paid Social
20615,2022-08-28,,Paid Social
23732,2022-08-28,CA,Paid Social
24363,2022-08-28,IL,Email
24484,2022-08-28,FL,Paid Social
3277,2022-08-28,GA,Email
20551,2022-08-28,CA,Paid Social
26821,2022-08-28,TX,Organic Search
21469,2022-08-28,FL,Email
11632,2022-08-28,GA,Affiliate
12444,2022-08-28,FL,Organic Search
16088,2022-08-28,,Referral
21692,2022-08-28,CA,Email
21719,2022-08-28,TX,Paid Social
20641,2022-08-28,TX,Paid Social
21196,2022-08-28,WA,Organic Search
15502,2022-08-28,WA,Paid Social
24043,2022-08-28,FL,Affiliate
9622,2022-08-28,,Organic Search
27548,2022-08-28,,Paid Social
11017,2022-08-28,IL,Paid Social
26344,2022-08-28,NY,Organic Search
3246,2022-08-28,TX,Organic Search
6986,2022-08-28,NY,Paid Social
555,2022-08-29,FL,Referral
5076,2022-08-29,WA,Paid Social
6718,2022-08-29,WA,Paid Social
24018,2022-08-29,CA,Email
17371,2022-08-29,IL,Organic Search
17171,2022-08-29,WA,Paid Social
10454,2022-08-29,WA,Affiliate
22535,2022-08-29,WA,Paid Social
311,2022-08-29,NY,Paid Social
8284,2022-08-29,,Paid Social
23808,2022-08-29,CA,Organic Search
22977,2022-08-29,NY,Email
7072,2022-08-29,,Paid Social
21689,2022-08-29,TX,Paid Social
33,2022-08-29,WA,Organic Search
28061,2022-08-29,,Paid Social
2201,2022-08-29,CA,Affiliate
11090,2022-08-30,,Paid Social
13723,2022-08-30,NY,Organic Search
9222,2022-08-30,IL,Paid Social
6290,2022-08-30,WA,Paid Social
2240,2022-08-30,NY,Organic Search
26570,2022-08-30,CA,Email
9865,2022-08-30,,Paid Social
9244,2022-08-30,GA,Email
11795,2022-08-30,,Paid Social
3628,2022-08-30,TX,Referral
17861,2022-08-30,NY,Affiliate
7984,2022-08-30,IL,Organic Search
22299,2022-08-30,IL,Organic Search
8796,2022-08-30,,Paid Social
12440,2022-08-30,WA,Organic Search
17769,2022-08-30,WA,Paid Social
15135,2022-08-30,IL,Email
27481,2022-08-30,FL,Organic Search
8019,2022-08-30,NY,Paid Social
550,2022-08-30,GA,Email
23444,2022-08-30,NY,Email
11947,2022-08-31,CA,Paid Social
14911,2022-08-31,IL,Organic Search
27946,2022-08-31,FL,Affiliate
16647,2022-08-31,GA,Affiliate
12713,2022-08-31,,Paid Social
26779,2022-08-31,GA,Paid Social
24733,2022-08-31,WA,Paid Social
12910,2022-08-31,CA,Referral
29931,2022-08-31,IL,Paid Social
22853,2022-08-31,GA,Organic Search
7631,2022-08-31,FL,Paid Social
538,2022-08-31,NY,Organic Search
14806,2022-08-31,WA,Paid Social
19104,2022-08-31,FL,Paid Social
10587,2022-08-31,FL,Organic Search
28207,2022-08-31,,Organic Search
2461,2022-08-31,NY,Affiliate
23189,2022-08-31,GA,Organic Search
21136,2022-08-31,GA,Organic Search
4919,2022-09-01,CA,Email
17965,2022-09-01,NY,Paid Social
24570,2022-09-01,FL,Organic Search
2531,2022-09-01,GA,Paid Social
2803,2022-09-01,,Affiliate
8798,2022-09-01,IL,Paid Social
17183,2022-09-01,FL,Paid Social
18067,2022-09-01,CA,Organic Search
27071,2022-09-01,IL,Email
29964,2022-09-01,TX,Paid Social
846,2022-09-01,,Paid Social
24146,2022-09-01,CA,Paid Social
23997,2022-09-01,GA,Paid Social
20438,2022-09-01,FL,Email
27391,2022-09-01,TX,Paid Social
27891,2022-09-01,NY,Email
5201,2022-09-01,TX,Paid Social
23665,2022-09-01,CA,Paid Social
1813,2022-09-01,IL,Organic Search
11592,2022-09-02,GA,Referral
10110,2022-09-02,IL,Organic Search
12375,2022-09-02,IL,Affiliate
9081,2022-09-02,IL,Paid Social
21103,2022-09-02,NY,Paid Social
8591,2022-09-02,FL,Email
10112,2022-09-02,TX,Organic Search
15340,2022-09-02,TX,Organic Search
14351,2022-09-02,FL,Organic Search
17117,2022-09-02,TX,Organic Search
29763,2022-09-02,CA,Paid Social
26838,2022-09-02,CA,Paid Social
3822,2022-09-02,GA,Paid Social
29264,2022-09-02,TX,Organic Search
8696,2022-09-02,WA,Paid Social
4130,2022-09-02,TX,Organic Search
16345,2022-09-02,CA,Paid Social
1537,2022-09-02,,Organic Search
12700,2022-09-02,IL,Organic Search
2324,2022-09-02,WA,Paid Social
7298,2022-09-02,,Paid Social
26290,2022-09-02,WA,Email
26558,2022-09-02,,Email
6046,2022-09-02,GA,Email
3336,2022-09-03,,Email
16484,2022-09-03,TX,Paid Social
28538,2022-09-03,WA,Paid Social
21078,2022-09-03,CA,Paid Social
26772,2022-09-03,IL,Paid Social
20068,2022-09-03,GA,Paid Social
9544,2022-09-03,FL,Paid Social
26792,2022-09-03,,Paid Social
12241,2022-09-03,NY,Organic Search
3278,2022-09-03,CA,Paid Social
7540,2022-09-03,TX,Paid Social
24720,2022-09-03,FL,Organic Search
29892,2022-09-03,FL,Paid Social
17501,2022-09-03,GA,Organic Search
612,2022-09-03,TX,Email
21896,2022-09-03,,Email
7258,2022-09-03,NY,Organic Search
14281,2022-09-03,GA,Referral
5867,2022-09-03,NY,Email
9197,2022-09-03,GA,Email
21741,2022-09-03,GA,Organic Search
13902,2022-09-03,TX,Email
13269,2022-09-03,FL,Affiliate
13869,2022-09-03,GA,Paid Social
14257,2022-09-03,WA,Organic Search
22940,2022-09-03,FL,Paid Social
20210,2022-09-04,,Organic Search
7293,2022-09-04,WA,Organic Search
3143,2022-09-04,TX,Paid Social
6773,2022-09-04,NY,Paid Social
28506,2022-09-04,CA,Organic Search
19010,2022-09-04,FL,Organic Search
25543,2022-09-04,IL,Paid Social
5086,2022-09-04,TX,Paid Social
2082,2022-09-04,CA,Organic Search
797,2022-09-04,IL,Affiliate
25910,2022-09-04,NY,Organic Search
1186,2022-09-04,GA,Affiliate
25891,2022-09-04,,Affiliate
19209,2022-09-04,GA,Paid Social
13431,2022-09-04,FL,Organic Search
24694,2022-09-04,WA,Organic Search
11845,2022-09-04,TX,Affiliate
1839,2022-09-04,CA,Affiliate
26380,2022-09-04,CA,Organic Search
85,2022-09-04,,Paid Social
22136,2022-09-04,GA,Paid Social
7025,2022-09-04,NY,Paid Social
26575,2022-09-04,CA,Affiliate
6398,2022-09-04,CA,Paid Social
28183,2022-09-04,FL,Affiliate
18236,2022-09-04,GA,Email
11272,2022-09-04,NY,Organic Search
4392,2022-09-04,GA,Paid Social
21933,2022-09-04,GA,Organic Search
17646,2022-09-04,,Referral
19746,2022-09-04,TX,Paid Social
1172,2022-09-04,CA,Affiliate
6061,2022-09-04,WA,Paid Social
14105,2022-09-04,FL,Email
24836,2022-09-04,WA,Organic Search
24875,2022-09-05,CA,Organic Search
8172,2022-09-05,IL,Email
27937,2022-09-05,GA,Affiliate
9621,2022-09-05,IL,Paid Social
17523,2022-09-05,FL,Paid Social
2671,2022-09-05,TX,Paid Social
19249,2022-09-05,GA,Affiliate
23596,2022-09-05,GA,Paid Social
11771,2022-09-05,,Organic Search
28260,2022-09-05,CA,Organic Search
2598,2022-09-05,TX,Paid Social
17498,2022-09-05,WA,Paid Social
29694,2022-09-05,WA,Email
12335,2022-09-05,,Paid Social
5011,2022-09-05,NY,Organic Search
15316,2022-09-05,IL,Email
9425,2022-09-05,WA,Affiliate
27712,2022-09-05,CA,Paid Social
3670,2022-09-05,NY,Paid Social
4151,2022-09-05,,Organic Search
16504,2022-09-05,CA,Paid Social
14419,2022-09-05,NY,Affiliate
5190,2022-09-05,NY,Organic Search
11536,2022-09-05,FL,Referral
26451,2022-09-05,NY,Paid Social
16052,2022-09-05,WA,Paid Social
12789,2022-09-05,FL,Paid Social
24881,2022-09-06,CA,Email
10065,2022-09-06,GA,Organic Search
4136,2022-09-06,WA,Organic Search
7636,2022-09-06,CA,Organic Search
11242,2022-09-06,IL,Referral
6595,2022-09-06,TX,Email
15926,2022-09-06,,Referral
5497,2022-09-06,CA,Paid Social
11175,2022-09-06,WA,Affiliate
2807,2022-09-06,CA,Email
23720,2022-09-06,NY,Organic Search
12959,2022-09-06,CA,Paid Social
26881,2022-09-06,FL,Organic Search
4161,2022-09-06,IL,Paid Social
19139,2022-09-06,TX,Affiliate
14253,2022-09-06,,Paid Social
11869,2022-09-06,,Paid Social
11836,2022-09-06,FL,Organic Search
10299,2022-09-06,TX,Organic Search
8282,2022-09-06,NY,Affiliate
25464,2022-09-06,CA,Paid Social
1081,2022-09-06,GA,Email
24997,2022-09-06,,Email
24821,2022-09-07,TX,Paid Social
7478,2022-09-07,FL,Organic Search
13358,2022-09-07,GA,Affiliate
13008,2022-09-07,FL,Affiliate
15524,2022-09-07,WA,Email
6937,2022-09-07,IL,Paid Social
487,2022-09-07,GA,Organic Search
19851,2022-09-07,NY,Paid Social
5666,2022-09-07,,Email
16499,2022-09-07,CA,Organic Search
18288,2022-09-07,GA,Affiliate
26677,2022-09-07,IL,Paid Social
4299,2022-09-07,FL,Paid Social
4340,2022-09-07,,Organic Search
14203,2022-09-07,WA,Email
26787,2022-09-07,GA,Paid Social
4202,2022-09-07,TX,Organic Search
17418,2022-09-07,CA,Paid Social
4429,2022-09-07,TX,Organic Search
7343,2022-09-07,FL,Paid Social
16927,2022-09-07,FL,Organic Search
17077,2022-09-07,NY,Organic Search
25566,2022-09-07,GA,Paid Social
18897,2022-09-07,NY,Paid Social
2214,2022-09-08,FL,Affiliate
10763,2022-09-08,IL,Email
15165,2022-09-08,CA,Organic Search
22166,2022-09-08,WA,Affiliate
19364,2022-09-08,WA,Paid Social
7013,2022-09-08,WA,Organic Search
9043,2022-09-08,IL,Affiliate
2796,2022-09-08,TX,Paid Social
19050,2022-09-08,FL,Paid Social
16097,2022-09-08,NY,Paid Social
21721,2022-09-08,CA,Paid Social
2535,2022-09-08,IL,Email
4557,2022-09-08,NY,Paid Social
26126,2022-09-08,WA,Organic Search
4384,2022-09-08,,Paid Social
23755,2022-09-08,FL,Organic Search
25864,2022-09-08,IL,Organic Search
5154,2022-09-08,WA,Email
1669,2022-09-08,TX,Organic Search
27741,2022-09-09,GA,Affiliate
21256,2022-09-09,NY,Organic Search
28193,2022-09-09,WA,Affiliate
29331,2022-09-09,NY,Paid Social
17143,2022-09-09,IL,Paid Social
29327,2022-09-09,NY,Organic Search
10663,2022-09-09,CA,Referral
8753,2022-09-09,TX,Organic Search
26433,2022-09-09,TX,Organic Search
1083,2022-09-09,NY,Paid Social
8073,2022-09-09,,Email
4451,2022-09-09,IL,Paid Social
17428,2022-09-09,IL,Organic Search
10052,2022-09-09,TX,Paid Social
23863,2022-09-09,IL,Paid Social
3007,2022-09-09,TX,Affiliate
26742,2022-09-09,FL,Organic Search
21635,2022-09-09,,Organic Search
5407,2022-09-09,GA,Affiliate
24360,2022-09-10,,Paid Social
2154,2022-09-10,FL,Email
1119,2022-09-10,TX,Organic Search
13920,2022-09-10,CA,Paid Social
6089,2022-09-10,,Email
22140,2022-09-10,CA,Affiliate
25927,2022-09-10,NY,Paid Social
16391,2022-09-10,FL,Organic Search
24792,2022-09-10,FL,Organic Search
8401,2022-09-10,NY,Paid Social
636,2022-09-10,GA,Paid Social
10402,2022-09-10,GA,Organic Search
21521,2022-09-10,TX,Organic Search
25837,2022-09-10,FL,Email
16806,2022-09-10,IL,Affiliate
26111,2022-09-10,FL,Email
11011,2022-09-10,CA,Paid Social
17945,2022-09-10,GA,Paid Social
3437,2022-09-10,,Organic Search
10053,2022-09-11,WA,Affiliate
9168,2022-09-11,FL,Organic Search
2151,2022-09-11,GA,Paid Social
15792,2022-09-11,FL,Paid Social
1781,2022-09-11,WA,Organic Search
7485,2022-09-11,GA,Paid Social
13958,2022-09-11,,Paid Social
25314,2022-09-11,IL,Affiliate
20353,2022-09-11,FL,Organic Search
22568,2022-09-11,IL,Organic Search
26470,2022-09-11,TX,Paid Social
15672,2022-09-11,CA,Paid Social
10211,2022-09-11,WA,Affiliate
26616,2022-09-11,IL,Paid Social
12796,2022-09-11,TX,Affiliate
12798,2022-09-11,IL,Paid Social
22927,2022-09-11,,Organic Search
5859,2022-09-11,IL,Organic Search
12811,2022-09-11,IL,Organic Search
19514,2022-09-11,FL,Paid Social
28204,2022-09-11,WA,Email
20005,2022-09-11,FL,Paid Social
22403,2022-09-11,WA,Paid Social
5954,2022-09-12,GA,Paid Social
28180,2022-09-12,NY,Organic Search
13754,2022-09-12,GA,Organic Search
13543,2022-09-12,FL,Organic Search
13540,2022-09-12,GA,Paid Social
16015,2022-09-12,FL,Organic Search
9445,2022-09-12,TX,Paid Social
19871,2022-09-12,CA,Email
11047,2022-09-12,FL,Organic Search
2016,2022-09-12,CA,Paid Social
23212,2022-09-12,,Organic Search
10985,2022-09-12,,Organic Search
9248,2022-09-12,CA,Paid Social
25195,2022-09-12,,Paid Social
21800,2022-09-12,WA,Paid Social
6851,2022-09-12,IL,Organic Search
22944,2022-09-12,CA,Paid Social
5558,2022-09-12,TX,Email
1132,2022-09-12,CA,Paid Social
23000,2022-09-12,,Organic Search
29579,2022-09-12,TX,Organic Search
25969,2022-09-13,NY,Paid Social
26065,2022-09-13,GA,Referral
14550,2022-09-13,IL,Paid Social
5500,2022-09-13,TX,Paid Social
10515,2022-09-13,IL,Paid Social
14344,2022-09-13,NY,Affiliate
12404,2022-09-13,TX,Organic Search
27442,2022-09-13,FL,Paid Social
29016,2022-09-13,IL,Organic Search
5358,2022-09-13,NY,Affiliate
15594,2022-09-13,IL,Paid Social
18923,2022-09-13,GA,Paid Social
14927,2022-09-13,NY,Affiliate
26991,2022-09-13,FL,Paid Social
10301,2022-09-13,TX,Affiliate
3868,2022-09-13,FL,Paid Social
22500,2022-09-13,NY,Paid Social
4843,2022-09-13,GA,Paid Social
12070,2022-09-13,,Paid Social
9235,2022-09-13,GA,Email
4441,2022-09-13,NY,Referral
19530,2022-09-13,NY,Paid Social
18207,2022-09-13,,Paid Social
23425,2022-09-13,TX,Email
4373,2022-09-13,TX,Organic Search
23112,2022-09-14,NY,Organic Search
9835,2022-09-14,IL,Organic Search
12334,2022-09-14,NY,Affiliate
25492,2022-09-14,FL,Organic Search
6307,2022-09-14,,Paid Social
8055,2022-09-14,CA,Email
8154,2022-09-14,FL,Affiliate
9709,2022-09-14,WA,Paid Social
5138,2022-09-14,IL,Organic Search
28910,2022-09-14,GA,Paid Social
10511,2022-09-14,GA,Organic Search
19933,2022-09-14,,Organic Search
2409,2022-09-14,FL,Affiliate
23638,2022-09-14,WA,Paid Social
1638,2022-09-14,IL,Organic Search
9562,2022-09-14,CA,Organic Search
15440,2022-09-14,,Organic Search
21793,2022-09-14,GA,Organic Search
24413,2022-09-14,,Email
16701,2022-09-15,CA,Referral
11934,2022-09-15,CA,Organic Search
7954,2022-09-15,IL,Organic Search
23166,2022-09-15,IL,Affiliate
17236,2022-09-15,CA,Paid Social
25983,2022-09-15,FL,Organic Search
18629,2022-09-15,GA,Affiliate
2715,2022-09-15,GA,Organic Search
18539,2022-09-15,WA,Organic Search
17425,2022-09-15,FL,Paid Social
22148,2022-09-15,IL,Paid Social
29839,2022-09-15,CA,Referral
29088,2022-09-15,IL,Organic Search
21628,2022-09-15,NY,Referral
6215,2022-09-15,NY,Email
12844,2022-09-15,IL,Organic Search
28017,2022-09-15,,Paid Social
18883,2022-09-15,FL,Paid Social
4639,2022-09-15,IL,Email
23532,2022-09-15,GA,Affiliate
20253,2022-09-15,NY,Email
13716,2022-09-15,GA,Organic Search
26607,2022-09-15,WA,Paid Social
15822,2022-09-15,CA,Referral
11737,2022-09-15,NY,Paid Social
23,2022-09-15,NY,Organic Search
18122,2022-09-16,CA,Affiliate
4612,2022-09-16,CA,Organic Search
218,2022-09-16,TX,Email
12588,2022-09-16,NY,Email
16102,2022-09-16,WA,Organic Search
14548,2022-09-16,CA,Paid Social
20555,2022-09-16,CA,Paid Social
4126,2022-09-16,NY,Paid Social
1191,2022-09-16,GA,Organic Search
16091,2022-09-16,NY,Organic Search
6979,2022-09-16,,Email
23687,2022-09-16,CA,Organic Search
122,2022-09-16,CA,Referral
15392,2022-09-16,GA,Email
5608,2022-09-16,TX,Referral
29924,2022-09-16,TX,Referral
6022,2022-09-16,IL,Referral
17986,2022-09-16,CA,Paid Social
15671,2022-09-16,NY,Paid Social
9036,2022-09-16,,Email
27287,2022-09-16,GA,Organic Search
8637,2022-09-16,TX,Email
3383,2022-09-17,GA,Organic Search
6310,2022-09-17,CA,Email
20608,2022-09-17,NY,Organic Search
2315,2022-09-17,NY,Affiliate
27079,2022-09-17,GA,Paid Social
20424,2022-09-17,WA,Paid Social
21764,2022-09-17,GA,Paid Social
16105,2022-09-17,IL,Email
7360,2022-09-17,WA,Referral
9191,2022-09-17,NY,Affiliate
21446,2022-09-17,TX,Paid Social
24719,2022-09-17,TX,Paid Social
10503,2022-09-17,IL,Email
19629,2022-09-17,TX,Paid Social
20243,2022-09-17,,Affiliate
21259,2022-09-17,GA,Paid Social
27859,2022-09-17,GA,Paid Social
28492,2022-09-17,WA,Organic Search
22081,2022-09-17,WA,Referral
22982,2022-09-17,,Email
9451,2022-09-17,WA,Paid Social
19002,2022-09-17,IL,Organic Search
28833,2022-09-17,CA,Organic Search
2979,2022-09-17,GA,Email
25558,2022-09-17,WA,Paid Social
27015,2022-09-17,CA,Affiliate
38,2022-09-17,IL,Organic Search
13081,2022-09-17,WA,Organic Search
29644,2022-09-18,IL,Email
13333,2022-09-18,TX,Paid Social
12859,2022-09-18,FL,Paid Social
1865,2022-09-18,NY,Affiliate
661,2022-09-18,FL,Paid Social
9254,2022-09-18,CA,Paid Social
18613,2022-09-18,TX,Paid Social
13210,2022-09-18,IL,Referral
14519,2022-09-18,WA,Affiliate
20751,2022-09-18,WA,Referral
3976,2022-09-18,WA,Affiliate
7354,2022-09-18,CA,Paid Social
7011,2022-09-18,GA,Organic Search
29007,2022-09-18,,Paid Social
18,2022-09-18,NY,Paid Social
24955,2022-09-18,NY,Paid Social
4741,2022-09-18,GA,Email
4505,2022-09-18,CA,Paid Social
23603,2022-09-18,TX,Organic Search
14862,2022-09-18,,Paid Social
17415,2022-09-19,NY,Organic Search
18706,2022-09-19,CA,Paid Social
2622,2022-09-19,NY,Referral
11472,2022-09-19,TX,Organic Search
15201,2022-09-19,FL,Paid Social
18952,2022-09-19,,Organic Search
23858,2022-09-19,NY,Affiliate
27634,2022-09-19,TX,Paid Social
21302,2022-09-19,IL,Email
25826,2022-09-19,TX,Paid Social
1245,2022-09-19,TX,Email
6485,2022-09-19,NY,Organic Search
14991,2022-09-19,NY,Affiliate
26102,2022-09-19,TX,Referral
13272,2022-09-19,GA,Paid Social
13266,2022-09-19,,Affiliate
8756,2022-09-19,NY,Referral
4950,2022-09-19,TX,Email
10244,2022-09-19,IL,Paid Social
13521,2022-09-19,NY,Paid Social
13475,2022-09-19,CA,Paid Social
14009,2022-09-19,NY,Paid Social
26933,2022-09-19,IL,Paid Social
25143,2022-09-19,FL,Paid Social
4213,2022-09-20,FL,Paid Social
16368,2022-09-20,TX,Organic Search
21020,2022-09-20,TX,Affiliate
19260,2022-09-20,FL,Organic Search
23767,2022-09-20,WA,Referral
28494,2022-09-20,CA,Organic Search
597,2022-09-20,IL,Paid Social
14064,2022-09-20,WA,Paid Social
22463,2022-09-20,WA,Email
17736,2022-09-20,FL,Paid Social
2331,2022-09-20,FL,Organic Search
27132,2022-09-20,CA,Paid Social
4271,2022-09-20,WA,Paid Social
14019,2022-09-20,GA,Affiliate
1116,2022-09-20,WA,Paid Social
11971,2022-09-20,NY,Organic Search
17042,2022-09-20,FL,Paid Social
9061,2022-09-20,TX,Affiliate
21141,2022-09-20,GA,Email
2353,2022-09-20,IL,Paid Social
24952,2022-09-20,NY,Affiliate
6978,2022-09-20,,Email
2204,2022-09-20,WA,Organic Search
15902,2022-09-20,WA,Organic Search
4497,2022-09-21,GA,Paid Social
9024,2022-09-21,CA,Paid Social
1695,2022-09-21,WA,Paid Social
5089,2022-09-21,IL,Paid Social
10394,2022-09-21,,Paid Social
16463,2022-09-21,GA,Organic Search
22723,2022-09-21,TX,Paid Social
2076,2022-09-21,GA,Referral
13511,2022-09-21,,Paid Social
10817,2022-09-21,CA,Referral
12119,2022-09-21,WA,Email
16200,2022-09-21,NY,Email
26680,2022-09-21,IL,Paid Social
26283,2022-09-21,GA,Paid Social
24216,2022-09-21,CA,Paid Social
27514,2022-09-21,,Affiliate
23828,2022-09-21,FL,Paid Social
1820,2022-09-21,IL,Paid Social
24112,2022-09-21,GA,Organic Search
16858,2022-09-21,,Organic Search
21746,2022-09-21,FL,Affiliate
12314,2022-09-21,WA,Paid Social
9952,2022-09-21,CA,Paid Social
3297,2022-09-21,IL,Paid Social
12985,2022-09-21,IL,Paid Social
2042,2022-09-21,NY,Paid Social
25316,2022-09-22,FL,Organic Search
4820,2022-09-22,IL,Organic Search
14711,2022-09-22,TX,Paid Social
13702,2022-09-22,GA,Email
27717,2022-09-22,FL,Referral
17438,2022-09-22,WA,Paid Social
27415,2022-09-22,NY,Email
28303,2022-09-22,FL,Paid Social
14358,2022-09-22,,Paid Social
2642,2022-09-22,FL,Organic Search
8879,2022-09-22,IL,Paid Social
6164,2022-09-22,NY,Paid Social
8881,2022-09-22,NY,Paid Social
3937,2022-09-22,IL,Paid Social
753,2022-09-22,GA,Paid Social
11309,2022-09-22,CA,Email
22218,2022-09-22,,Email
11252,2022-09-22,FL,Email
24846,2022-09-22,,Paid Social
9826,2022-09-22,WA,Email
14955,2022-09-22,,Paid Social
21565,2022-09-22,NY,Organic Search
2565,2022-09-23,CA,Paid Social
26132,2022-09-23,FL,Paid Social
19066,2022-09-23,WA,Organic Search
6400,2022-09-23,WA,Referral
5605,2022-09-23,GA,Organic Search
7618,2022-09-23,GA,Email
25012,2022-09-23,CA,Paid Social
24348,2022-09-23,WA,Organic Search
14562,2022-09-23,IL,Organic Search
22633,2022-09-23,TX,Affiliate
1597,2022-09-23,WA,Organic Search
21536,2022-09-23,CA,Referral
4332,2022-09-23,FL,Organic Search
12627,2022-09-23,CA,Paid Social
27368,2022-09-23,NY,Affiliate
8642,2022-09-23,FL,Paid Social
18417,2022-09-23,TX,Organic Search
5865,2022-09-23,CA,Email
5299,2022-09-23,GA,Paid Social
20635,2022-09-23,NY,Organic Search
16898,2022-09-23,FL,Paid Social
26972,2022-09-23,IL,Organic Search
27491,2022-09-23,GA,Paid Social
5969,2022-09-23,WA,Affiliate
21682,2022-09-23,TX,Email
187,2022-09-23,CA,Email
29639,2022-09-23,,Organic Search
29435,2022-09-23,WA,Organic Search
2279,2022-09-23,FL,Paid Social
15539,2022-09-23,TX,Paid Social
27266,2022-09-23,GA,Organic Search
8729,2022-09-23,GA,Paid Social
19621,2022-09-23,GA,Email
3425,2022-09-23,WA,Email
8562,2022-09-24,NY,Referral
843,2022-09-24,CA,Organic Search
17365,2022-09-24,,Email
7514,2022-09-24,FL,Organic Search
23262,2022-09-24,GA,Organic Search
24221,2022-09-24,GA,Email
1504,2022-09-24,TX,Paid Social
4898,2022-09-24,GA,Organic Search
2970,2022-09-24,FL,Paid Social
14290,2022-09-24,,Organic Search
27883,2022-09-24,IL,Affiliate
3193,2022-09-24,WA,Affiliate
27988,2022-09-24,NY,Email
9577,2022-09-24,FL,Email
29500,2022-09-24,TX,Organic Search
1731,2022-09-24,,Paid Social
28349,2022-09-24,FL,Organic Search
19957,2022-09-24,TX,Email
28501,2022-09-24,CA,Paid Social
17632,2022-09-24,CA,Paid Social
26755,2022-09-25,CA,Paid Social
1837,2022-09-25,CA,Organic Search
18778,2022-09-25,CA,Email
13730,2022-09-25,TX,Organic Search
12439,2022-09-25,GA,Organic Search
20412,2022-09-25,NY,Email
24311,2022-09-25,CA,Paid Social
8951,2022-09-25,FL,Organic Search
1845,2022-09-25,IL,Affiliate
447,2022-09-25,FL,Affiliate
11037,2022-09-25,CA,Paid Social
7351,2022-09-25,NY,Paid Social
13697,2022-09-25,WA,Affiliate
11014,2022-09-25,CA,Organic Search
19342,2022-09-25,CA,Paid Social
1039,2022-09-25,FL,Organic Search
22376,2022-09-25,TX,Email
27985,2022-09-25,CA,Organic Search
2843,2022-09-25,CA,Affiliate
18839,2022-09-26,IL,Affiliate
11026,2022-09-26,IL,Paid Social
12745,2022-09-26,TX,Referral
12010,2022-09-26,GA,Affiliate
3050,2022-09-26,FL,Organic Search
27575,2022-09-26,IL,Paid Social
24711,2022-09-26,WA,Paid Social
25849,2022-09-26,TX,Affiliate
6297,2022-09-26,IL,Paid Social
12113,2022-09-26,GA,Organic Search
19902,2022-09-26,,Organic Search
19915,2022-09-26,,Organic Search
28102,2022-09-26,GA,Paid Social
1211,2022-09-26,TX,Paid Social
23644,2022-09-26,WA,Paid Social
26231,2022-09-26,GA,Email
11205,2022-09-26,TX,Affiliate
21236,2022-09-26,WA,Organic Search
7133,2022-09-26,TX,Paid Social
20354,2022-09-26,IL,Paid Social
28726,2022-09-26,FL,Paid Social
5736,2022-09-26,WA,Paid Social
5492,2022-09-26,GA,Email
27479,2022-09-26,CA,Email
4567,2022-09-26,,Organic Search
237,2022-09-26,,Organic Search
8378,2022-09-27,CA,Organic Search
26076,2022-09-27,GA,Paid Social
11994,2022-09-27,NY,Organic Search
13774,2022-09-27,,Email
20571,2022-09-27,IL,Email
6777,2022-09-27,IL,Email
29587,2022-09-27,TX,Paid Social
18713,2022-09-27,TX,Affiliate
13250,2022-09-27,TX,Paid Social
23646,2022-09-27,IL,Paid Social
10732,2022-09-27,TX,Referral
8486,2022-09-27,TX,Email
2242,2022-09-27,GA,Organic Search
25897,2022-09-27,TX,Paid Social
6945,2022-09-27,GA,Paid Social
2924,2022-09-27,WA,Organic Search
12248,2022-09-27,,Organic Search
10953,2022-09-27,GA,Organic Search
19072,2022-09-27,CA,Paid Social
22702,2022-09-27,NY,Email
4902,2022-09-27,NY,Paid Social
26177,2022-09-27,TX,Email
15103,2022-09-27,GA,Organic Search
22215,2022-09-27,,Referral
21275,2022-09-27,WA,Paid Social
21177,2022-09-27,,Organic Search
20614,2022-09-28,TX,Paid Social
23490,2022-09-28,WA,Paid Social
13255,2022-09-28,GA,Organic Search
22101,2022-09-28,TX,Organic Search
20704,2022-09-28,,Affiliate
17706,2022-09-28,CA,Affiliate
16500,2022-09-28,NY,Referral
19449,2022-09-28,GA,Organic Search
58,2022-09-28,GA,Organic Search
17615,2022-09-28,GA,Email
12808,2022-09-28,,Paid Social
21416,2022-09-28,FL,Paid Social
1240,2022-09-28,CA,Organic Search
28887,2022-09-28,FL,Affiliate
28201,2022-09-28,TX,Paid Social
4893,2022-09-28,WA,Paid Social
205,2022-09-28,FL,Paid Social
1923,2022-09-28,TX,Paid Social
23897,2022-09-28,TX,Paid Social
28765,2022-09-28,IL,Paid Social
18326,2022-09-28,GA,Paid Social
9654,2022-09-28,NY,Organic Search
21220,2022-09-28,FL,Referral
24380,2022-09-28,TX,Paid Social
26877,2022-09-28,TX,Paid Social
6558,2022-09-28,CA,Organic Search
3393,2022-09-28,IL,Referral
6698,2022-09-28,NY,Paid Social
4476,2022-09-28,IL,Paid Social
6827,2022-09-28,FL,Organic Search
26915,2022-09-28,NY,Paid Social
16768,2022-09-28,GA,Organic Search
10020,2022-09-29,GA,Organic Search
2191,2022-09-29,TX,Organic Search
15426,2022-09-29,WA,Paid Social
19118,2022-09-29,,Organic Search
6262,2022-09-29,NY,Referral
20049,2022-09-29,IL,Paid Social
13355,2022-09-29,NY,Organic Search
13001,2022-09-29,,Affiliate
17432,2022-09-29,WA,Affiliate
13803,2022-09-29,FL,Affiliate
24953,2022-09-29,CA,Organic Search
9774,2022-09-29,TX,Paid Social
24106,2022-09-29,NY,Email
16531,2022-09-29,TX,Email
9848,2022-09-29,WA,Paid Social
13694,2022-09-29,NY,Organic Search
26292,2022-09-29,IL,Organic Search
4865,2022-09-29,TX,Paid Social
20670,2022-09-29,NY,Paid Social
7082,2022-09-29,GA,Email
5208,2022-09-29,IL,Paid Social
15045,2022-09-29,CA,Email
19759,2022-09-29,IL,Paid Social
4402,2022-09-29,GA,Paid Social
22824,2022-09-29,,Email
24094,2022-09-29,,Paid Social
14852,2022-09-30,FL,Email
26999,2022-09-30,CA,Organic Search
15497,2022-09-30,IL,Paid Social
23369,2022-09-30,CA,Organic Search
28148,2022-09-30,,Paid Social
464,2022-09-30,TX,Paid Social
20472,2022-09-30,FL,Organic Search
28394,2022-09-30,TX,Organic Search
15105,2022-09-30,NY,Referral
27816,2022-09-30,WA,Email
8604,2022-09-30,,Organic Search
19397,2022-09-30,NY,Email
16324,2022-09-30,IL,Email
7455,2022-09-30,TX,Referral
26825,2022-09-30,FL,Email
19577,2022-09-30,IL,Paid Social
25806,2022-09-30,GA,Paid Social
2043,2022-09-30,IL,Paid Social
6948,2022-09-30,TX,Organic Search
29271,2022-09-30,GA,Paid Social
4225,2022-09-30,IL,Paid Social
18929,2022-09-30,WA,Organic Search
10498,2022-09-30,GA,Paid Social
5394,2022-10-01,GA,Paid Social
11485,2022-10-01,GA,Organic Search
12494,2022-10-01,IL,Organic Search
18039,2022-10-01,TX,Email
1770,2022-10-01,CA,Paid Social
10011,2022-10-01,WA,Referral
20847,2022-10-01,GA,Email
9632,2022-10-01,GA,Paid Social
9194,2022-10-01,NY,Email
22445,2022-10-01,WA,Affiliate
12264,2022-10-01,CA,Organic Search
14191,2022-10-01,TX,Paid Social
15723,2022-10-01,CA,Email
7638,2022-10-01,GA,Paid Social
8530,2022-10-01,WA,Paid Social
26285,2022-10-01,WA,Organic Search
28551,2022-10-01,WA,Email
12025,2022-10-01,,Paid Social
9135,2022-10-01,FL,Email
2621,2022-10-01,FL,Email
14410,2022-10-02,IL,Paid Social
27533,2022-10-02,NY,Affiliate
27121,2022-10-02,FL,Paid Social
7495,2022-10-02,WA,Referral
16861,2022-10-02,,Paid Social
20921,2022-10-02,NY,Affiliate
27942,2022-10-02,IL,Paid Social
19800,2022-10-02,WA,Paid Social
15601,2022-10-02,GA,Paid Social
2637,2022-10-02,CA,Affiliate
21821,2022-10-02,CA,Organic Search
25427,2022-10-02,GA,Organic Search
28788,2022-10-02,GA,Referral
23470,2022-10-02,CA,Organic Search
1706,2022-10-02,GA,Organic Search
4000,2022-10-02,TX,Organic Search
24333,2022-10-02,NY,Email
8351,2022-10-02,FL,Email
16613,2022-10-02,TX,Organic Search
16905,2022-10-03,GA,Paid Social
29240,2022-10-03,NY,Organic Search
11140,2022-10-03,FL,Affiliate
3916,2022-10-03,FL,Paid Social
8767,2022-10-03,IL,Email
24107,2022-10-03,TX,Email
21248,2022-10-03,FL,Organic Search
13114,2022-10-03,IL,Paid Social
7231,2022-10-03,NY,Organic Search
12173,2022-10-03,FL,Organic Search
18280,2022-10-03,,Email
11432,2022-10-03,,Paid Social
28947,2022-10-03,IL,Paid Social
21641,2022-10-03,IL,Affiliate
23408,2022-10-03,TX,Email
2672,2022-10-03,,Paid Social
7860,2022-10-03,WA,Organic Search
21208,2022-10-03,,Email
26084,2022-10-03,GA,Referral
2006,2022-10-03,GA,Email
25938,2022-10-03,FL,Paid Social
14514,2022-10-03,FL,Organic Search
6905,2022-10-03,NY,Organic Search
6091,2022-10-03,TX,Paid Social
16720,2022-10-03,NY,Paid Social
17095,2022-10-03,NY,Referral
11762,2022-10-03,GA,Organic Search
19591,2022-10-03,CA,Email
1973,2022-10-03,WA,Organic Search
14883,2022-10-03,,Paid Social
20214,2022-10-04,WA,Paid Social
28093,2022-10-04,TX,Referral
27534,2022-10-04,GA,Paid Social
14480,2022-10-04,IL,Organic Search
3696,2022-10-04,,Organic Search
23750,2022-10-04,FL,Paid Social
10911,2022-10-04,TX,Organic Search
10128,2022-10-04,GA,Email
9933,2022-10-04,FL,Organic Search
2064,2022-10-04,,Paid Social
19198,2022-10-04,IL,Paid Social
27886,2022-10-04,WA,Organic Search
6873,2022-10-04,TX,Paid Social
23907,2022-10-04,,Paid Social
15451,2022-10-04,TX,Paid Social
12168,2022-10-04,CA,Email
4508,2022-10-04,GA,Organic Search
1242,2022-10-04,NY,Email
16611,2022-10-04,NY,Paid Social
11398,2022-10-04,FL,Paid Social
2146,2022-10-04,,Email
13019,2022-10-04,GA,Paid Social
24656,2022-10-04,GA,Organic Search
28956,2022-10-04,CA,Organic Search
13838,2022-10-04,FL,Email
28070,2022-10-04,WA,Email
15447,2022-10-04,NY,Paid Social
4327,2022-10-05,TX,Organic Search
16534,2022-10-05,GA,Organic Search
22537,2022-10-05,IL,Paid Social
13539,2022-10-05,WA,Email
1600,2022-10-05,IL,Referral
25814,2022-10-05,FL,Organic Search
23183,2022-10-05,TX,Organic Search
3016,2022-10-05,WA,Paid Social
19241,2022-10-05,CA,Paid Social
1800,2022-10-05,CA,Organic Search
16539,2022-10-05,WA,Paid Social
24489,2022-10-05,FL,Organic Search
27574,2022-10-05,WA,Paid Social
11863,2022-10-05,NY,Email
24525,2022-10-05,CA,Affiliate
2618,2022-10-05,IL,Organic Search
10742,2022-10-05,FL,Email
19606,2022-10-05,GA,Paid Social
6918,2022-10-05,IL,Affiliate
10966,2022-10-05,NY,Organic Search
20355,2022-10-05,WA,Affiliate
6929,2022-10-05,,Paid Social
11774,2022-10-05,GA,Organic Search
12461,2022-10-05,,Organic Search
15132,2022-10-05,TX,Affiliate
10123,2022-10-05,TX,Referral
5020,2022-10-05,,Referral
12709,2022-10-05,WA,Paid Social
24669,2022-10-05,IL,Paid Social
23003,2022-10-05,GA,Organic Search
3688,2022-10-05,GA,Paid Social
549,2022-10-05,,Paid Social
12504,2022-10-05,IL,Paid Social
10737,2022-10-05,CA,Email
29741,2022-10-05,NY,Paid Social
15221,2022-10-05,TX,Referral
18254,2022-10-05,GA,Paid Social
1126,2022-10-05,FL,Paid Social
18234,2022-10-06,WA,Paid Social
9734,2022-10-06,,Email
25801,2022-10-06,TX,Email
7820,2022-10-06,WA,Paid Social
25010,2022-10-06,GA,Organic Search
25658,2022-10-06,TX,Paid Social
20389,2022-10-06,GA,Affiliate
28928,2022-10-06,GA,Paid Social
275,2022-10-06,WA,Paid Social
19225,2022-10-06,TX,Organic Search
29346,2022-10-06,TX,Organic Search
14059,2022-10-06,WA,Paid Social
27958,2022-10-06,IL,Organic Search
27868,2022-10-06,FL,Paid Social
9382,2022-10-06,CA,Paid Social
1323,2022-10-06,CA,Referral
11913,2022-10-06,CA,Organic Search
4235,2022-10-06,FL,Organic Search
16802,2022-10-06,FL,Paid Social
21768,2022-10-06,CA,Email
10315,2022-10-06,IL,Email
13603,2022-10-06,FL,Paid Social
12245,2022-10-06,CA,Organic Search
26648,2022-10-07,WA,Email
9818,2022-10-07,CA,Paid Social
14067,2022-10-07,CA,Affiliate
14378,2022-10-07,CA,Paid Social
266,2022-10-07,CA,Email
18468,2022-10-07,GA,Organic Search
29082,2022-10-07,CA,Paid Social
10120,2022-10-07,IL,Email
28593,2022-10-07,GA,Paid Social
21328,2022-10-07,FL,Affiliate
21367,2022-10-07,FL,Paid Social
21649,2022-10-07,WA,Affiliate
8349,2022-10-07,NY,Paid Social
12522,2022-10-07,NY,Email
7138,2022-10-07,FL,Paid Social
13500,2022-10-07,NY,Email
7771,2022-10-07,TX,Paid Social
15152,2022-10-07,CA,Referral
13638,2022-10-07,FL,Paid Social
2067,2022-10-07,NY,Organic Search
19433,2022-10-07,GA,Paid Social
9304,2022-10-07,WA,Paid Social
4317,2022-10-07,FL,Email
7957,2022-10-07,WA,Paid Social
7853,2022-10-07,GA,Email
18095,2022-10-07,WA,Paid Social
18244,2022-10-07,,Organic Search
27578,2022-10-08,GA,Paid Social
15802,2022-10-08,IL,Organic Search
27234,2022-10-08,NY,Organic Search
17024,2022-10-08,IL,Organic Search
29501,2022-10-08,GA,Email
27401,2022-10-08,,Affiliate
24271,2022-10-08,CA,Email
270,2022-10-08,GA,Organic Search
20235,2022-10-08,GA,Organic Search
27338,2022-10-08,,Organic Search
14331,2022-10-08,CA,Organic Search
16710,2022-10-08,WA,Paid Social
24879,2022-10-08,FL,Paid Social
6199,2022-10-08,IL,Organic Search
12443,2022-10-08,TX,Affiliate
18976,2022-10-08,,Referral
25798,2022-10-08,CA,Paid Social
12623,2022-10-08,GA,Affiliate
25476,2022-10-08,FL,Email
3850,2022-10-08,TX,Organic Search
27846,2022-10-08,,Paid Social
2892,2022-10-08,,Paid Social
3948,2022-10-08,NY,Paid Social
22552,2022-10-08,,Paid Social
15028,2022-10-08,IL,Paid Social
13411,2022-10-08,WA,Organic Search
4887,2022-10-09,,Paid Social
17477,2022-10-09,NY,Paid Social
21032,2022-10-09,,Email
24666,2022-10-09,,Paid Social
23545,2022-10-09,FL,Referral
28667,2022-10-09,GA,Paid Social
18040,2022-10-09,IL,Paid Social
29699,2022-10-09,WA,Referral
9077,2022-10-09,CA,Email
21909,2022-10-09,CA,Paid Social
9623,2022-10-09,IL,Paid Social
18316,2022-10-09,CA,Email
17239,2022-10-09,GA,Email
795,2022-10-09,,Organic Search
21012,2022-10-09,GA,Paid Social
5527,2022-10-09,WA,Paid Social
123,2022-10-09,IL,Paid Social
8498,2022-10-09,GA,Paid Social
24995,2022-10-09,NY,Organic Search
3033,2022-10-09,IL,Email
10274,2022-10-09,GA,Organic Search
27531,2022-10-09,NY,Organic Search
22955,2022-10-09,NY,Organic Search
19235,2022-10-09,FL,Email
16599,2022-10-09,NY,Paid Social
16393,2022-10-09,,Paid Social
21333,2022-10-09,GA,Organic Search
3781,2022-10-09,GA,Paid Social
4294,2022-10-09,IL,Affiliate
23697,2022-10-09,FL,Email
19906,2022-10-10,NY,Paid Social
4214,2022-10-10,NY,Organic Search
20296,2022-10-10,FL,Organic Search
1476,2022-10-10,NY,Paid Social
21610,2022-10-10,CA,Paid Social
10776,2022-10-10,TX,Organic Search
20033,2022-10-10,WA,Email
13523,2022-10-10,GA,Organic Search
12833,2022-10-10,,Paid Social
29972,2022-10-10,GA,Email
14976,2022-10-10,WA,Paid Social
7244,2022-10-10,TX,Paid Social
6614,2022-10-10,FL,Organic Search
5149,2022-10-10,NY,Paid Social
7438,2022-10-10,,Organic Search
7735,2022-10-10,,Organic Search
5444,2022-10-10,CA,Affiliate
16009,2022-10-10,WA,Paid Social
15430,2022-10-10,CA,Organic Search
29656,2022-10-10,TX,Organic Search
8370,2022-10-10,TX,Organic Search
14851,2022-10-10,NY,Email
24126,2022-10-10,GA,Paid Social
13263,2022-10-10,WA,Paid Social
18189,2022-10-10,GA,Organic Search
15320,2022-10-10,IL,Paid Social
22556,2022-10-11,TX,Email
4532,2022-10-11,GA,Organic Search
20688,2022-10-11,FL,Paid Social
5459,2022-10-11,GA,Affiliate
19189,2022-10-11,NY,Organic Search
29543,2022-10-11,TX,Referral
15248,2022-10-11,,Organic Search
1297,2022-10-11,,Organic Search
17393,2022-10-11,WA,Referral
8512,2022-10-11,FL,Paid Social
20776,2022-10-11,TX,Affiliate
21627,2022-10-11,,Email
22532,2022-10-11,WA,Paid Social
25386,2022-10-11,TX,Paid Social
6886,2022-10-11,GA,Affiliate
3449,2022-10-11,IL,Paid Social
9453,2022-10-11,TX,Organic Search
3035,2022-10-11,CA,Organic Search
11999,2022-10-11,CA,Affiliate
28869,2022-10-11,NY,Email
29194,2022-10-11,,Email
21574,2022-10-11,GA,Organic Search
21166,2022-10-11,TX,Paid Social
17639,2022-10-12,WA,Paid Social
8227,2022-10-12,WA,Paid Social
725,2022-10-12,TX,Paid Social
9568,2022-10-12,TX,Referral
19549,2022-10-12,TX,Referral
8147,2022-10-12,IL,Paid Social
5314,2022-10-12,GA,Affiliate
17440,2022-10-12,TX,Affiliate
4035,2022-10-12,FL,Organic Search
13596,2022-10-12,TX,Paid Social
23812,2022-10-12,WA,Paid Social
11520,2022-10-12,TX,Referral
20489,2022-10-12,WA,Email
14928,2022-10-12,FL,Paid Social
29123,2022-10-12,CA,Organic Search
29452,2022-10-12,CA,Paid Social
7479,2022-10-12,,Referral
4527,2022-10-12,IL,Email
28950,2022-10-12,CA,Referral
2845,2022-10-12,TX,Paid Social
1453,2022-10-12,IL,Referral
18504,2022-10-13,IL,Paid Social
28784,2022-10-13,CA,Paid Social
24145,2022-10-13,CA,Organic Search
2129,2022-10-13,FL,Referral
13839,2022-10-13,,Paid Social
19279,2022-10-13,IL,Organic Search
18600,2022-10-13,GA,Organic Search
12761,2022-10-13,TX,Organic Search
25220,2022-10-13,FL,Paid Social
13365,2022-10-13,TX,Paid Social
23871,2022-10-13,FL,Paid Social
11799,2022-10-13,CA,Organic Search
24435,2022-10-13,,Organic Search
25008,2022-10-13,NY,Organic Search
27997,2022-10-13,GA,Email
15988,2022-10-13,FL,Paid Social
14507,2022-10-13,IL,Referral
26515,2022-10-13,TX,Organic Search
18959,2022-10-13,CA,Paid Social
26439,2022-10-13,GA,Paid Social
22146,2022-10-13,WA,Paid Social
3723,2022-10-14,CA,Affiliate
24978,2022-10-14,FL,Paid Social
18995,2022-10-14,CA,Email
3995,2022-10-14,NY,Paid Social
2570,2022-10-14,,Affiliate
1959,2022-10-14,FL,Paid Social
17697,2022-10-14,,Organic Search
1391,2022-10-14,,Organic Search
28407,2022-10-14,NY,Affiliate
1545,2022-10-14,WA,Affiliate
15252,2022-10-14,,Paid Social
9470,2022-10-14,,Paid Social
10702,2022-10-14,TX,Paid Social
7225,2022-10-14,NY,Referral
19687,2022-10-14,WA,Paid Social
19909,2022-10-14,NY,Referral
23312,2022-10-14,,Email
18760,2022-10-14,IL,Paid Social
18788,2022-10-14,IL,Affiliate
14171,2022-10-14,CA,Email
3587,2022-10-15,GA,Paid Social
5237,2022-10-15,IL,Paid Social
7450,2022-10-15,IL,Organic Search
15136,2022-10-15,IL,Organic Search
19278,2022-10-15,FL,Paid Social
21981,2022-10-15,IL,Organic Search
15134,2022-10-15,FL,Organic Search
18399,2022-10-15,IL,Email
12209,2022-10-15,NY,Paid Social
18191,2022-10-15,TX,Paid Social
14803,2022-10-15,IL,Affiliate
26496,2022-10-15,TX,Paid Social
26247,2022-10-15,CA,Email
20263,2022-10-15,GA,Paid Social
23610,2022-10-15,,Paid Social
12474,2022-10-15,TX,Paid Social
7745,2022-10-15,WA,Paid Social
4258,2022-10-15,CA,Paid Social
25835,2022-10-15,WA,Paid Social
2631,2022-10-15,TX,Paid Social
8449,2022-10-15,WA,Organic Search
2704,2022-10-15,GA,Organic Search
23431,2022-10-15,GA,Affiliate
8667,2022-10-15,IL,Email
22026,2022-10-15,IL,Organic Search
10296,2022-10-15,,Affiliate
26652,2022-10-15,NY,Paid Social
17521,2022-10-15,TX,Paid Social
6989,2022-10-16,TX,Organic Search
28008,2022-10-16,FL,Affiliate
5478,2022-10-16,NY,Paid Social
279,2022-10-16,CA,Email
20893,2022-10-16,NY,Organic Search
11709,2022-10-16,TX,Paid Social
28555,2022-10-16,GA,Paid Social
14094,2022-10-16,,Affiliate
16817,2022-10-16,WA,Paid Social
12454,2022-10-16,GA,Email
4573,2022-10-16,,Organic Search
21201,2022-10-16,,Organic Search
947,2022-10-16,WA,Organic Search
19728,2022-10-16,GA,Organic Search
2310,2022-10-16,TX,Paid Social
8847,2022-10-16,GA,Affiliate
25052,2022-10-16,TX,Paid Social
6657,2022-10-16,CA,Organic Search
7593,2022-10-16,TX,Email
21023,2022-10-16,FL,Paid Social
29984,2022-10-16,,Email
23935,2022-10-16,,Organic Search
9578,2022-10-16,TX,Email
20228,2022-10-17,GA,Organic Search
18065,2022-10-17,CA,Paid Social
14348,2022-10-17,WA,Paid Social
4836,2022-10-17,FL,Organic Search
18328,2022-10-17,CA,Organic Search
22912,2022-10-17,CA,Paid Social
20112,2022-10-17,CA,Email
9009,2022-10-17,GA,Paid Social
1540,2022-10-17,NY,Paid Social
11290,2022-10-17,TX,Email
19719,2022-10-17,IL,Affiliate
10836,2022-10-17,,Affiliate
16953,2022-10-17,GA,Paid Social
10330,2022-10-17,TX,Referral
11040,2022-10-17,GA,Email
23071,2022-10-17,IL,Paid Social
27753,2022-10-17,IL,Email
18089,2022-10-17,TX,Paid Social
12928,2022-10-18,,Paid Social
994,2022-10-18,WA,Paid Social
20622,2022-10-18,TX,Referral
1582,2022-10-18,,Paid Social
18665,2022-10-18,FL,Organic Search
25071,2022-10-18,WA,Organic Search
12006,2022-10-18,NY,Affiliate
23352,2022-10-18,GA,Paid Social
7436,2022-10-18,CA,Referral
3405,2022-10-18,GA,Email
16252,2022-10-18,WA,Paid Social
7807,2022-10-18,IL,Email
7607,2022-10-18,GA,Organic Search
21434,2022-10-18,,Paid Social
8078,2022-10-18,TX,Paid Social
8874,2022-10-18,,Organic Search
2407,2022-10-18,FL,Paid Social
14381,2022-10-18,IL,Affiliate
3739,2022-10-18,IL,Email
17696,2022-10-18,TX,Paid Social
6866,2022-10-18,FL,Paid Social
23241,2022-10-18,IL,Paid Social
15787,2022-10-19,GA,Organic Search
25284,2022-10-19,WA,Organic Search
20183,2022-10-19,TX,Affiliate
19331,2022-10-19,NY,Organic Search
12305,2022-10-19,WA,Affiliate
17843,2022-10-19,CA,Affiliate
16255,2022-10-19,WA,Organic Search
18215,2022-10-19,GA,Paid Social
8251,2022-10-19,GA,Affiliate
29558,2022-10-19,GA,Email
3917,2022-10-19,WA,Email
16442,2022-10-19,TX,Organic Search
9480,2022-10-19,CA,Organic Search
12511,2022-10-19,IL,Paid Social
653,2022-10-19,CA,Paid Social
3981,2022-10-19,NY,Email
19585,2022-10-19,,Organic Search
28826,2022-10-19,IL,Paid Social
4695,2022-10-19,WA,Paid Social
28874,2022-10-19,GA,Organic Search
29801,2022-10-19,FL,Email
25082,2022-10-19,IL,Affiliate
21063,2022-10-19,IL,Organic Search
15670,2022-10-19,,Organic Search
6854,2022-10-19,CA,Email
7205,2022-10-20,CA,Affiliate
1631,2022-10-20,NY,Email
9885,2022-10-20,FL,Organic Search
9841,2022-10-20,IL,Referral
18549,2022-10-20,GA,Referral
510,2022-10-20,IL,Email
6075,2022-10-20,TX,Paid Social
7192,2022-10-20,TX,Paid Social
29754,2022-10-20,NY,Paid Social
21115,2022-10-20,TX,Organic Search
678,2022-10-20,IL,Paid Social
15413,2022-10-20,FL,Referral
10573,2022-10-20,TX,Organic Search
25978,2022-10-20,FL,Affiliate
24177,2022-10-20,,Paid Social
1320,2022-10-20,CA,Organic Search
46,2022-10-20,,Paid Social
17382,2022-10-20,IL,Email
11868,2022-10-20,CA,Organic Search
26857,2022-10-20,GA,Email
26234,2022-10-20,WA,Affiliate
7176,2022-10-20,TX,Paid Social
16900,2022-10-20,,Referral
8409,2022-10-20,IL,Paid Social
2457,2022-10-20,FL,Paid Social
1071,2022-10-20,IL,Organic Search
12776,2022-10-21,FL,Paid Social
24593,2022-10-21,GA,Affiliate
1563,2022-10-21,CA,Email
2781,2022-10-21,CA,Organic Search
3402,2022-10-21,,Organic Search
14145,2022-10-21,FL,Paid Social
16404,2022-10-21,CA,Paid Social
767,2022-10-21,WA,Email
6741,2022-10-21,FL,Organic Search
14723,2022-10-21,IL,Paid Social
24490,2022-10-21,,Affiliate
11393,2022-10-21,GA,Paid Social
13222,2022-10-21,WA,Affiliate
11778,2022-10-21,GA,Paid Social
9740,2022-10-21,NY,Paid Social
4013,2022-10-21,NY,Paid Social
19357,2022-10-21,,Email
25460,2022-10-21,,Email
16762,2022-10-21,,Affiliate
11418,2022-10-21,,Paid Social
6435,2022-10-21,,Email
1421,2022-10-21,IL,Paid Social
9142,2022-10-21,,Organic Search
28018,2022-10-22,IL,Email
20020,2022-10-22,TX,Organic Search
19875,2022-10-22,,Organic Search
5026,2022-10-22,GA,Paid Social
15231,2022-10-22,GA,Organic Search
6697,2022-10-22,TX,Paid Social
16699,2022-10-22,,Paid Social
1141,2022-10-22,FL,Email
5294,2022-10-22,GA,Organic Search
24889,2022-10-22,IL,Affiliate
15051,2022-10-22,FL,Referral
10255,2022-10-22,GA,Affiliate
21014,2022-10-22,FL,Organic Search
17660,2022-10-22,FL,Affiliate
13097,2022-10-22,TX,Organic Search
2133,2022-10-22,WA,Paid Social
28944,2022-10-22,WA,Paid Social
4273,2022-10-22,CA,Organic Search
19588,2022-10-22,FL,Affiliate
26094,2022-10-22,NY,Affiliate
13191,2022-10-22,TX,Email
20720,2022-10-22,NY,Paid Social
305,2022-10-22,FL,Email
3530,2022-10-22,TX,Paid Social
27698,2022-10-22,,Paid Social
9065,2022-10-22,WA,Paid Social
26662,2022-10-22,WA,Organic Search
1185,2022-10-22,NY,Organic Search
4555,2022-10-22,,Paid Social
9731,2022-10-23,NY,Organic Search
8381,2022-10-23,IL,Paid Social
2222,2022-10-23,FL,Paid Social
20753,2022-10-23,CA,Organic Search
8235,2022-10-23,,Organic Search
532,2022-10-23,WA,Affiliate
18061,2022-10-23,TX,Organic Search
8688,2022-10-23,CA,Organic Search
27494,2022-10-23,TX,Organic Search
5870,2022-10-23,FL,Paid Social
13421,2022-10-23,NY,Affiliate
26127,2022-10-23,IL,Organic Search
18384,2022-10-23,GA,Paid Social
10071,2022-10-23,GA,Affiliate
16029,2022-10-23,FL,Organic Search
9646,2022-10-23,IL,Paid Social
7216,2022-10-23,FL,Paid Social
1019,2022-10-23,,Affiliate
17147,2022-10-23,WA,Email
7811,2022-10-23,CA,Organic Search
24683,2022-10-23,TX,Email
26418,2022-10-23,GA,Email
2369,2022-10-23,NY,Paid Social
22700,2022-10-23,FL,Affiliate
24971,2022-10-23,IL,Organic Search
9555,2022-10-24,NY,Paid Social
4192,2022-10-24,FL,Referral
8259,2022-10-24,NY,Paid Social
25438,2022-10-24,TX,Organic Search
1691,2022-10-24,,Organic Search
22785,2022-10-24,,Organic Search
2305,2022-10-24,FL,Affiliate
23392,2022-10-24,CA,Organic Search
7274,2022-10-24,GA,Organic Search
14194,2022-10-24,,Email
14297,2022-10-24,TX,Email
7773,2022-10-24,WA,Organic Search
23336,2022-10-24,WA,Affiliate
25437,2022-10-24,WA,Organic Search
24938,2022-10-24,FL,Referral
23814,2022-10-24,WA,Email
6587,2022-10-24,FL,Paid Social
4412,2022-10-24,NY,Organic Search
15147,2022-10-24,TX,Email
11130,2022-10-24,WA,Referral
24554,2022-10-24,CA,Organic Search
24376,2022-10-24,WA,Email
11268,2022-10-24,,Organic Search
19059,2022-10-24,FL,Organic Search
24420,2022-10-24,GA,Organic Search
14636,2022-10-24,CA,Organic Search
20040,2022-10-24,IL,Organic Search
22877,2022-10-25,NY,Organic Search
25967,2022-10-25,GA,Organic Search
28239,2022-10-25,FL,Email
875,2022-10-25,,Organic Search
27046,2022-10-25,WA,Email
10956,2022-10-25,,Referral
20604,2022-10-25,GA,Paid Social
6268,2022-10-25,CA,Organic Search
2228,2022-10-25,TX,Paid Social
849,2022-10-25,WA,Paid Social
6692,2022-10-25,NY,Organic Search
25153,2022-10-25,TX,Email
9123,2022-10-25,FL,Paid Social
23757,2022-10-25,IL,Paid Social
8416,2022-10-25,,Organic Search
28271,2022-10-25,GA,Organic Search
11928,2022-10-25,GA,Organic Search
1206,2022-10-25,NY,Email
21621,2022-10-25,FL,Organic Search
6116,2022-10-25,NY,Email
12498,2022-10-25,FL,Paid Social
2339,2022-10-25,NY,Organic Search
6862,2022-10-25,IL,Affiliate
26467,2022-10-25,NY,Organic Search
16104,2022-10-25,FL,Organic Search
11696,2022-10-25,CA,Paid Social
14428,2022-10-25,TX,Organic Search
4971,2022-10-25,FL,Paid Social
12741,2022-10-25,NY,Paid Social
10170,2022-10-25,GA,Paid Social
5195,2022-10-25,CA,Organic Search
5805,2022-10-25,TX,Paid Social
18861,2022-10-25,FL,Organic Search
6660,2022-10-26,GA,Organic Search
24201,2022-10-26,NY,Email
10253,2022-10-26,TX,Organic Search
21905,2022-10-26,CA,Paid Social
29203,2022-10-26,,Organic Search
14552,2022-10-26,WA,Organic Search
23295,2022-10-26,,Affiliate
11293,2022-10-26,CA,Paid Social
2976,2022-10-26,,Organic Search
24208,2022-10-26,NY,Paid Social
5816,2022-10-26,IL,Organic Search
15614,2022-10-26,CA,Paid Social
604,2022-10-26,GA,Organic Search
8811,2022-10-26,IL,Organic Search
12725,2022-10-26,TX,Paid Social
2579,2022-10-26,GA,Paid Social
23226,2022-10-26,IL,Affiliate
193,2022-10-26,WA,Affiliate
4457,2022-10-26,GA,Paid Social
8494,2022-10-26,TX,Affiliate
8341,2022-10-26,TX,Email
29114,2022-10-26,CA,Organic Search
26861,2022-10-27,FL,Email
5395,2022-10-27,NY,Email
6059,2022-10-27,,Email
9777,2022-10-27,FL,Paid Social
17261,2022-10-27,WA,Email
27490,2022-10-27,,Paid Social
4245,2022-10-27,FL,Paid Social
17631,2022-10-27,NY,Email
24370,2022-10-27,IL,Paid Social
26776,2022-10-27,GA,Paid Social
9643,2022-10-27,TX,Paid Social
26255,2022-10-27,NY,Organic Search
2285,2022-10-27,WA,Organic Search
14052,2022-10-27,WA,Paid Social
19954,2022-10-27,FL,Paid Social
29537,2022-10-27,GA,Email
22980,2022-10-27,,Email
28706,2022-10-27,,Paid Social
23088,2022-10-27,GA,Paid Social
10212,2022-10-27,GA,Paid Social
5902,2022-10-27,CA,Paid Social
11743,2022-10-27,FL,Paid Social
9289,2022-10-27,FL,Paid Social
4272,2022-10-27,FL,Affiliate
20528,2022-10-27,,Affiliate
12715,2022-10-27,WA,Organic Search
18599,2022-10-27,GA,Paid Social
5532,2022-10-27,CA,Organic Search
25349,2022-10-27,,Organic Search
16099,2022-10-28,CA,Paid Social
238,2022-10-28,FL,Organic Search
18324,2022-10-28,WA,Organic Search
11436,2022-10-28,CA,Paid Social
17046,2022-10-28,WA,Paid Social
29512,2022-10-28,GA,Organic Search
6093,2022-10-28,WA,Paid Social
4714,2022-10-28,GA,Email
11589,2022-10-28,,Email
16820,2022-10-28,,Email
22063,2022-10-28,TX,Organic Search
17573,2022-10-28,IL,Paid Social
24740,2022-10-28,,Paid Social
3763,2022-10-28,,Paid Social
13899,2022-10-28,GA,Affiliate
16283,2022-10-28,,Email
8156,2022-10-28,IL,Organic Search
25091,2022-10-28,WA,Paid Social
14792,2022-10-28,CA,Paid Social
28958,2022-10-29,WA,Paid Social
29157,2022-10-29,CA,Organic Search
6230,2022-10-29,IL,Paid Social
26186,2022-10-29,FL,Organic Search
20954,2022-10-29,CA,Paid Social
21297,2022-10-29,CA,Paid Social
11314,2022-10-29,IL,Affiliate
5234,2022-10-29,NY,Paid Social
8159,2022-10-29,IL,Paid Social
11315,2022-10-29,NY,Affiliate
4473,2022-10-29,NY,Organic Search
5280,2022-10-29,FL,Paid Social
14165,2022-10-29,,Paid Social
9685,2022-10-29,WA,Paid Social
16296,2022-10-29,TX,Paid Social
21923,2022-10-29,TX,Paid Social
24920,2022-10-29,,Paid Social
11114,2022-10-29,FL,Paid Social
1904,2022-10-29,,Organic Search
28369,2022-10-29,NY,Organic Search
19337,2022-10-29,,Paid Social
11557,2022-10-29,IL,Referral
3414,2022-10-29,WA,Paid Social
12929,2022-10-29,,Paid Social
19752,2022-10-29,,Organic Search
3044,2022-10-30,CA,Paid Social
7190,2022-10-30,CA,Paid Social
1573,2022-10-30,WA,Email
21526,2022-10-30,IL,Organic Search
9001,2022-10-30,,Affiliate
29420,2022-10-30,GA,Paid Social
2325,2022-10-30,IL,Email
28992,2022-10-30,TX,Affiliate
14273,2022-10-30,,Organic Search
939,2022-10-30,CA,Organic Search
4945,2022-10-30,CA,Email
29097,2022-10-30,CA,Affiliate
369,2022-10-30,,Organic Search
2870,2022-10-30,GA,Paid Social
15137,2022-10-30,FL,Organic Search
4792,2022-10-30,IL,Affiliate
5845,2022-10-30,TX,Referral
13386,2022-10-30,IL,Paid Social
24400,2022-10-30,FL,Affiliate
11997,2022-10-30,IL,Referral
13509,2022-10-30,NY,Paid Social
28588,2022-10-30,NY,Paid Social
23649,2022-10-30,IL,Paid Social
14403,2022-10-30,IL,Organic Search
8986,2022-10-30,WA,Paid Social
6674,2022-10-31,WA,Organic Search
20896,2022-10-31,FL,Organic Search
17482,2022-10-31,FL,Referral
9775,2022-10-31,CA,Email
1514,2022-10-31,NY,Organic Search
16486,2022-10-31,CA,Paid Social
22555,2022-10-31,NY,Email
14407,2022-10-31,CA,Organic Search
13329,2022-10-31,WA,Paid Social
14247,2022-10-31,IL,Organic Search
14549,2022-10-31,CA,Paid Social
15593,2022-10-31,NY,Email
14642,2022-10-31,,Email
9075,2022-10-31,TX,Paid Social
18725,2022-10-31,,Organic Search
23439,2022-10-31,GA,Organic Search
16788,2022-10-31,GA,Paid Social
13298,2022-10-31,,Email
3594,2022-10-31,GA,Paid Social
22969,2022-10-31,GA,Organic Search
6220,2022-10-31,GA,Organic Search
7401,2022-10-31,FL,Organic Search
21860,2022-10-31,IL,Organic Search
19790,2022-11-01,NY,Paid Social
4063,2022-11-01,NY,Email
14430,2022-11-01,CA,Organic Search
23982,2022-11-01,IL,Paid Social
13547,2022-11-01,FL,Paid Social
17343,2022-11-01,NY,Email
14924,2022-11-01,,Paid Social
590,2022-11-01,GA,Organic Search
10892,2022-11-01,CA,Organic Search
23791,2022-11-01,FL,Organic Search
15604,2022-11-01,GA,Email
3932,2022-11-01,CA,Organic Search
23157,2022-11-01,CA,Paid Social
3264,2022-11-01,FL,Organic Search
17328,2022-11-01,,Organic Search
12394,2022-11-01,GA,Referral
10115,2022-11-01,IL,Organic Search
6618,2022-11-01,NY,Paid Social
21542,2022-11-01,,Paid Social
18009,2022-11-01,TX,Paid Social
6766,2022-11-01,FL,Affiliate
28086,2022-11-01,CA,Email
20589,2022-11-01,FL,Referral
13891,2022-11-01,GA,Email
13244,2022-11-01,WA,Email
6950,2022-11-02,FL,Organic Search
19742,2022-11-02,CA,Paid Social
3495,2022-11-02,IL,Paid Social
11448,2022-11-02,TX,Paid Social
6924,2022-11-02,TX,Paid Social
21873,2022-11-02,,Paid Social
10485,2022-11-02,TX,Organic Search
26724,2022-11-02,FL,Organic Search
3082,2022-11-02,WA,Referral
15199,2022-11-02,,Organic Search
21253,2022-11-02,,Organic Search
6843,2022-11-02,CA,Organic Search
18803,2022-11-02,,Paid Social
10540,2022-11-02,IL,Paid Social
8001,2022-11-02,WA,Email
19560,2022-11-02,FL,Paid Social
14894,2022-11-02,FL,Email
11503,2022-11-02,TX,Paid Social
14018,2022-11-02,TX,Organic Search
15358,2022-11-02,CA,Affiliate
20682,2022-11-02,CA,Paid Social
8570,2022-11-02,TX,Organic Search
24787,2022-11-02,IL,Paid Social
1103,2022-11-02,,Referral
19408,2022-11-02,FL,Organic Search
8996,2022-11-02,NY,Paid Social
8437,2022-11-03,NY,Paid Social
4840,2022-11-03,NY,Organic Search
401,2022-11-03,IL,Organic Search
12696,2022-11-03,CA,Paid Social
16230,2022-11-03,TX,Email
19301,2022-11-03,,Email
16467,2022-11-03,IL,Paid Social
11602,2022-11-03,CA,Email
11083,2022-11-03,TX,Paid Social
9746,2022-11-03,,Paid Social
23500,2022-11-03,IL,Paid Social
19525,2022-11-03,FL,Email
22139,2022-11-03,,Paid Social
215,2022-11-03,IL,Email
107,2022-11-03,WA,Paid Social
17691,2022-11-03,TX,Organic Search
20731,2022-11-03,IL,Affiliate
13072,2022-11-03,,Referral
22835,2022-11-03,TX,Organic Search
16028,2022-11-03,GA,Email
23066,2022-11-03,GA,Organic Search
18530,2022-11-03,WA,Paid Social
8854,2022-11-04,GA,Paid Social
22485,2022-11-04,CA,Paid Social
17672,2022-11-04,WA,Email
5879,2022-11-04,,Paid Social
6200,2022-11-04,CA,Organic Search
20919,2022-11-04,NY,Paid Social
24789,2022-11-04,TX,Paid Social
8174,2022-11-04,FL,Organic Search
24743,2022-11-04,GA,Organic Search
17534,2022-11-04,FL,Affiliate
21348,2022-11-04,CA,Affiliate
14174,2022-11-04,TX,Email
27999,2022-11-04,WA,Organic Search
5998,2022-11-04,GA,Email
11568,2022-11-04,,Paid Social
29389,2022-11-04,IL,Paid Social
1933,2022-11-04,FL,Paid Social
8292,2022-11-04,GA,Paid Social
10724,2022-11-04,,Referral
16930,2022-11-04,FL,Email
13824,2022-11-04,GA,Paid Social
18594,2022-11-04,,Email
21499,2022-11-04,CA,Organic Search
29898,2022-11-04,GA,Organic Search
7079,2022-11-04,,Paid Social
28199,2022-11-04,GA,Paid Social
26659,2022-11-04,FL,Referral
12299,2022-11-05,NY,Organic Search
15897,2022-11-05,,Paid Social
14477,2022-11-05,,Affiliate
8521,2022-11-05,FL,Paid Social
7987,2022-11-05,CA,Email
4208,2022-11-05,IL,Paid Social
26331,2022-11-05,GA,Paid Social
25899,2022-11-05,IL,Organic Search
1940,2022-11-05,GA,Organic Search
24475,2022-11-05,,Affiliate
11952,2022-11-05,IL,Organic Search
12388,2022-11-05,GA,Paid Social
23001,2022-11-05,IL,Paid Social
6522,2022-11-05,WA,Organic Search
7651,2022-11-05,WA,Organic Search
22903,2022-11-05,WA,Affiliate
20578,2022-11-05,IL,Paid Social
22791,2022-11-05,CA,Email
27787,2022-11-05,TX,Organic Search
29776,2022-11-05,,Affiliate
9211,2022-11-06,TX,Affiliate
26627,2022-11-06,,Referral
8308,2022-11-06,CA,Paid Social
6392,2022-11-06,CA,Paid Social
3844,2022-11-06,,Paid Social
11399,2022-11-06,NY,Paid Social
29692,2022-11-06,IL,Paid Social
3038,2022-11-06,NY,Affiliate
425,2022-11-06,CA,Organic Search
26879,2022-11-06,FL,Paid Social
26279,2022-11-06,CA,Email
12550,2022-11-06,CA,Referral
27365,2022-11-06,NY,Affiliate
4189,2022-11-06,GA,Paid Social
24980,2022-11-06,,Paid Social
14949,2022-11-06,CA,Paid Social
23208,2022-11-06,CA,Affiliate
28335,2022-11-06,WA,Organic Search
6549,2022-11-06,IL,Organic Search
22851,2022-11-07,FL,Email
15043,2022-11-07,IL,Organic Search
5446,2022-11-07,,Organic Search
19818,2022-11-07,CA,Affiliate
11266,2022-11-07,TX,Referral
18913,2022-11-07,IL,Affiliate
24977,2022-11-07,WA,Organic Search
15662,2022-11-07,IL,Organic Search
11861,2022-11-07,FL,Affiliate
6119,2022-11-07,CA,Organic Search
2065,2022-11-07,GA,Organic Search
7929,2022-11-07,GA,Email
12437,2022-11-07,NY,Paid Social
1566,2022-11-07,,Paid Social
22744,2022-11-07,WA,Paid Social
22736,2022-11-07,GA,Organic Search
14014,2022-11-07,TX,Email
3253,2022-11-07,,Paid Social
10563,2022-11-07,IL,Organic Search
20716,2022-11-07,GA,Email
12260,2022-11-07,NY,Email
276,2022-11-07,TX,Paid Social
10765,2022-11-07,GA,Email
11650,2022-11-07,NY,Email
23341,2022-11-07,NY,Organic Search
12451,2022-11-07,WA,Referral
20468,2022-11-07,WA,Referral
26109,2022-11-08,WA,Paid Social
7545,2022-11-08,IL,Organic Search
19596,2022-11-08,IL,Paid Social
21613,2022-11-08,TX,Organic Search
25241,2022-11-08,TX,Email
5047,2022-11-08,NY,Paid Social
28042,2022-11-08,WA,Email
11544,2022-11-08,CA,Paid Social
12625,2022-11-08,WA,Paid Social
1318,2022-11-08,TX,Email
19725,2022-11-08,GA,Organic Search
27789,2022-11-08,FL,Email
16173,2022-11-08,NY,Referral
16568,2022-11-08,IL,Paid Social
10882,2022-11-08,GA,Organic Search
8206,2022-11-08,WA,Organic Search
21080,2022-11-08,IL,Paid Social
8441,2022-11-08,TX,Organic Search
8128,2022-11-08,GA,Affiliate
21277,2022-11-08,FL,Paid Social
8453,2022-11-08,TX,Paid Social
2684,2022-11-08,CA,Paid Social
20255,2022-11-08,FL,Paid Social
12972,2022-11-09,GA,Affiliate
7936,2022-11-09,FL,Organic Search
23778,2022-11-09,NY,Paid Social
3064,2022-11-09,NY,Paid Social
10235,2022-11-09,IL,Email
2256,2022-11-09,FL,Paid Social
9620,2022-11-09,CA,Organic Search
8792,2022-11-09,,Organic Search
14624,2022-11-09,,Referral
25791,2022-11-09,WA,Referral
7712,2022-11-09,GA,Paid Social
9348,2022-11-09,IL,Referral
4659,2022-11-09,CA,Organic Search
20838,2022-11-09,CA,Paid Social
2867,2022-11-09,NY,Paid Social
1047,2022-11-09,IL,Organic Search
29066,2022-11-09,GA,Paid Social
22695,2022-11-09,WA,Email
29849,2022-11-09,,Organic Search
18263,2022-11-09,WA,Organic Search
4572,2022-11-09,CA,Paid Social
24988,2022-11-09,IL,Paid Social
27331,2022-11-10,IL,Organic Search
11817,2022-11-10,TX,Paid Social
220,2022-11-10,CA,Email
6680,2022-11-10,WA,Paid Social
22546,2022-11-10,CA,Referral
10194,2022-11-10,,Referral
17461,2022-11-10,TX,Organic Search
7704,2022-11-10,GA,Paid Social
8072,2022-11-10,IL,Paid Social
6926,2022-11-10,GA,Organic Search
24808,2022-11-10,GA,Organic Search
23804,2022-11-10,GA,Paid Social
2907,2022-11-10,GA,Affiliate
16222,2022-11-10,GA,Paid Social
3513,2022-11-10,FL,Affiliate
28301,2022-11-10,FL,Paid Social
8327,2022-11-10,WA,Organic Search
19461,2022-11-10,,Paid Social
14695,2022-11-10,IL,Organic Search
12773,2022-11-10,GA,Organic Search
25101,2022-11-10,CA,Organic Search
22924,2022-11-10,CA,Paid Social
9810,2022-11-10,CA,Paid Social
29771,2022-11-10,TX,Organic Search
15956,2022-11-11,CA,Email
16887,2022-11-11,GA,Affiliate
7520,2022-11-11,FL,Organic Search
20436,2022-11-11,WA,Paid Social
6261,2022-11-11,,Organic Search
9944,2022-11-11,FL,Paid Social
8208,2022-11-11,CA,Organic Search
9686,2022-11-11,FL,Paid Social
14750,2022-11-11,NY,Affiliate
24770,2022-11-11,NY,Affiliate
13073,2022-11-11,IL,Organic Search
21864,2022-11-11,GA,Affiliate
16132,2022-11-11,WA,Affiliate
8961,2022-11-11,IL,Organic Search
15828,2022-11-11,TX,Paid Social
335,2022-11-11,,Organic Search
1553,2022-11-11,NY,Email
26855,2022-11-11,WA,Organic Search
12371,2022-11-11,CA,Organic Search
23054,2022-11-11,,Paid Social
8139,2022-11-11,FL,Paid Social
9852,2022-11-11,FL,Affiliate
3175,2022-11-11,FL,Organic Search
11058,2022-11-11,CA,Affiliate
13583,2022-11-11,FL,Organic Search
17218,2022-11-11,FL,Referral
20694,2022-11-11,,Affiliate
16571,2022-11-12,CA,Paid Social
12829,2022-11-12,NY,Paid Social
15759,2022-11-12,NY,Organic Search
15056,2022-11-12,NY,Email
17102,2022-11-12,IL,Email
11445,2022-11-12,GA,Paid Social
17569,2022-11-12,GA,Email
10650,2022-11-12,CA,Paid Social
7296,2022-11-12,TX,Affiliate
15328,2022-11-12,IL,Organic Search
24814,2022-11-12,NY,Paid Social
18802,2022-11-12,,Email
7015,2022-11-12,WA,Paid Social
6180,2022-11-12,FL,Paid Social
2266,2022-11-12,NY,Paid Social
6353,2022-11-12,IL,Organic Search
13802,2022-11-12,CA,Organic Search
7886,2022-11-12,CA,Email
101,2022-11-12,FL,Organic Search
12892,2022-11-12,TX,Paid Social
1011,2022-11-12,,Organic Search
28905,2022-11-13,,Paid Social
10643,2022-11-13,NY,Paid Social
8981,2022-11-13,CA,Email
25475,2022-11-13,CA,Paid Social
14854,2022-11-13,,Organic Search
16945,2022-11-13,WA,Organic Search
28292,2022-11-13,WA,Organic Search
22845,2022-11-13,CA,Referral
8161,2022-11-13,IL,Affiliate
29623,2022-11-13,,Organic Search
19061,2022-11-13,NY,Paid Social
23399,2022-11-13,FL,Paid Social
18259,2022-11-13,CA,Email
3385,2022-11-13,NY,Organic Search
12643,2022-11-13,TX,Email
4975,2022-11-13,NY,Organic Search
12769,2022-11-13,,Organic Search
19445,2022-11-13,FL,Organic Search
29279,2022-11-13,CA,Paid Social
11822,2022-11-13,GA,Paid Social
5697,2022-11-13,TX,Paid Social
8280,2022-11-13,CA,Organic Search
20151,2022-11-13,NY,Organic Search
8238,2022-11-13,FL,Email
27773,2022-11-13,FL,Paid Social
262,2022-11-13,WA,Affiliate
6758,2022-11-13,GA,Paid Social
7800,2022-11-13,NY,Organic Search
19199,2022-11-13,CA,Paid Social
22841,2022-11-13,CA,Affiliate
29323,2022-11-14,GA,Organic Search
8309,2022-11-14,CA,Paid Social
7921,2022-11-14,CA,Paid Social
27556,2022-11-14,CA,Organic Search
19854,2022-11-14,WA,Paid Social
27407,2022-11-14,WA,Paid Social
29012,2022-11-14,GA,Email
18423,2022-11-14,FL,Paid Social
15505,2022-11-14,FL,Paid Social
5511,2022-11-14,NY,Organic Search
27052,2022-11-14,GA,Organic Search
16290,2022-11-14,FL,Organic Search
11537,2022-11-14,CA,Affiliate
13264,2022-11-14,,Email
14523,2022-11-14,NY,Referral
7324,2022-11-14,NY,Email
23968,2022-11-14,NY,Organic Search
23862,2022-11-14,,Email
23121,2022-11-14,WA,Email
8824,2022-11-15,,Organic Search
13784,2022-11-15,FL,Organic Search
214,2022-11-15,WA,Organic Search
27443,2022-11-15,TX,Affiliate
8432,2022-11-15,CA,Paid Social
5638,2022-11-15,CA,Email
2676,2022-11-15,CA,Organic Search
10386,2022-11-15,WA,Organic Search
9979,2022-11-15,,Affiliate
29302,2022-11-15,FL,Organic Search
10801,2022-11-15,CA,Paid Social
27635,2022-11-15,GA,Paid Social
13288,2022-11-15,FL,Paid Social
29749,2022-11-15,,Email
3609,2022-11-15,TX,Affiliate
18092,2022-11-15,IL,Paid Social
13758,2022-11-15,NY,Email
25221,2022-11-15,CA,Affiliate
386,2022-11-15,,Email
27163,2022-11-15,GA,Paid Social
416,2022-11-15,WA,Paid Social
11824,2022-11-15,NY,Email
21855,2022-11-15,GA,Email
14263,2022-11-16,GA,Paid Social
10843,2022-11-16,,Referral
5722,2022-11-16,,Paid Social
11638,2022-11-16,NY,Paid Social
4395,2022-11-16,CA,Affiliate
20713,2022-11-16,IL,Paid Social
25021,2022-11-16,CA,Organic Search
1356,2022-11-16,,Referral
6393,2022-11-16,WA,Email
29511,2022-11-16,CA,Email
14596,2022-11-16,TX,Email
17926,2022-11-16,,Email
4170,2022-11-16,WA,Organic Search
14181,2022-11-16,,Organic Search
20431,2022-11-16,TX,Affiliate
1079,2022-11-16,TX,Organic Search
5008,2022-11-16,TX,Email
17289,2022-11-16,WA,Email
4437,2022-11-16,,Paid Social
715,2022-11-16,WA,Paid Social
12638,2022-11-16,CA,Email
5811,2022-11-16,CA,Organic Search
15456,2022-11-16,WA,Paid Social
13188,2022-11-16,FL,Affiliate
14110,2022-11-17,,Organic Search
10522,2022-11-17,IL,Paid Social
1774,2022-11-17,CA,Affiliate
27441,2022-11-17,NY,Email
1824,2022-11-17,,Email
15003,2022-11-17,FL,Paid Social
27589,2022-11-17,TX,Affiliate
15761,2022-11-17,GA,Organic Search
3827,2022-11-17,,Paid Social
6849,2022-11-17,CA,Paid Social
877,2022-11-17,NY,Email
16247,2022-11-17,TX,Paid Social
1677,2022-11-17,IL,Organic Search
3292,2022-11-17,IL,Referral
7574,2022-11-17,IL,Email
22264,2022-11-17,,Organic Search
16816,2022-11-18,FL,Organic Search
15512,2022-11-18,FL,Email
16229,2022-11-18,IL,Organic Search
21986,2022-11-18,,Affiliate
9891,2022-11-18,IL,Email
4266,2022-11-18,,Paid Social
20383,2022-11-18,GA,Organic Search
5689,2022-11-18,WA,Organic Search
23062,2022-11-18,TX,Paid Social
10154,2022-11-18,CA,Organic Search
14525,2022-11-18,,Paid Social
8725,2022-11-18,,Referral
20911,2022-11-18,GA,Email
470,2022-11-18,TX,Affiliate
29750,2022-11-18,NY,Organic Search
27805,2022-11-18,CA,Paid Social
16981,2022-11-18,CA,Email
24942,2022-11-18,CA,Organic Search
7763,2022-11-18,NY,Paid Social
10832,2022-11-18,TX,Organic Search
5821,2022-11-18,FL,Email
10203,2022-11-18,NY,Paid Social
1526,2022-11-18,CA,Organic Search
7077,2022-11-18,,Paid Social
9046,2022-11-19,CA,Organic Search
16113,2022-11-19,GA,Paid Social
11330,2022-11-19,NY,Organic Search
24230,2022-11-19,NY,Organic Search
14826,2022-11-19,TX,Organic Search
19884,2022-11-19,IL,Organic Search
6923,2022-11-19,FL,Organic Search
15699,2022-11-19,GA,Paid Social
14154,2022-11-19,CA,Organic Search
14267,2022-11-19,TX,Affiliate
976,2022-11-19,,Organic Search
17895,2022-11-19,FL,Organic Search
25151,2022-11-19,TX,Paid Social
19803,2022-11-19,FL,Paid Social
21902,2022-11-19,TX,Organic Search
12884,2022-11-20,IL,Paid Social
27454,2022-11-20,TX,Paid Social
25093,2022-11-20,FL,Paid Social
2171,2022-11-20,CA,Paid Social
9032,2022-11-20,TX,Email
13471,2022-11-20,FL,Organic Search
20816,2022-11-20,FL,Paid Social
9598,2022-11-20,TX,Paid Social
5589,2022-11-20,,Affiliate
21749,2022-11-20,FL,Organic Search
2929,2022-11-20,WA,Email
11578,2022-11-20,TX,Affiliate
1730,2022-11-20,IL,Paid Social
12597,2022-11-20,GA,Paid Social
17446,2022-11-20,CA,Organic Search
4231,2022-11-20,GA,Email
16895,2022-11-20,IL,Email
4691,2022-11-20,NY,Paid Social
11564,2022-11-20,TX,Paid Social
10761,2022-11-20,CA,Organic Search
8900,2022-11-20,CA,Affiliate
744,2022-11-20,WA,Paid Social
12154,2022-11-20,FL,Paid Social
15180,2022-11-20,FL,Organic Search
12470,2022-11-20,WA,Paid Social
6434,2022-11-20,GA,Paid Social
4418,2022-11-21,NY,Organic Search
24654,2022-11-21,NY,Paid Social
5814,2022-11-21,GA,Organic Search
21955,2022-11-21,CA,Paid Social
23129,2022-11-21,,Paid Social
28647,2022-11-21,WA,Email
28215,2022-11-21,TX,Organic Search
17840,2022-11-21,WA,Email
13799,2022-11-21,FL,Affiliate
11073,2022-11-21,,Paid Social
10783,2022-11-21,IL,Affiliate
2659,2022-11-21,IL,Organic Search
8364,2022-11-21,TX,Paid Social
29896,2022-11-21,FL,Email
26199,2022-11-21,TX,Affiliate
16999,2022-11-21,,Email
26469,2022-11-21,,Organic Search
26735,2022-11-21,NY,Paid Social
29642,2022-11-21,CA,Affiliate
26326,2022-11-21,TX,Paid Social
20154,2022-11-21,,Paid Social
1916,2022-11-21,,Email
2347,2022-11-22,NY,Paid Social
1591,2022-11-22,,Paid Social
28019,2022-11-22,NY,Affiliate
18151,2022-11-22,CA,Email
3104,2022-11-22,FL,Paid Social
24579,2022-11-22,IL,Organic Search
29821,2022-11-22,IL,Referral
16135,2022-11-22,IL,Organic Search
12518,2022-11-22,FL,Affiliate
419,2022-11-22,,Paid Social
8654,2022-11-22,TX,Paid Social
3460,2022-11-22,WA,Paid Social
1442,2022-11-22,,Organic Search
3227,2022-11-22,WA,Organic Search
8373,2022-11-22,TX,Paid Social
24121,2022-11-22,CA,Paid Social
25680,2022-11-22,FL,Affiliate
14881,2022-11-22,,Email
11411,2022-11-22,GA,Organic Search
17599,2022-11-22,IL,Email
20455,2022-11-22,CA,Paid Social
21932,2022-11-22,GA,Referral
11953,2022-11-22,NY,Organic Search
3337,2022-11-22,WA,Affiliate
25947,2022-11-22,,Email
15382,2022-11-22,TX,Paid Social
27214,2022-11-22,IL,Email
25100,2022-11-23,,Referral
15230,2022-11-23,TX,Referral
9329,2022-11-23,WA,Paid Social
27928,2022-11-23,,Paid Social
14715,2022-11-23,FL,Paid Social
21908,2022-11-23,IL,Organic Search
2394,2022-11-23,IL,Organic Search
20332,2022-11-23,IL,Paid Social
24498,2022-11-23,,Affiliate
17383,2022-11-23,WA,Organic Search
17663,2022-11-23,WA,Affiliate
22770,2022-11-23,IL,Paid Social
27277,2022-11-23,GA,Paid Social
10517,2022-11-23,NY,Paid Social
21217,2022-11-23,IL,Paid Social
11497,2022-11-23,IL,Organic Search
17202,2022-11-23,,Email
15980,2022-11-23,IL,Organic Search
8782,2022-11-23,FL,Referral
27101,2022-11-23,TX,Organic Search
22191,2022-11-23,,Organic Search
2281,2022-11-23,WA,Organic Search
6713,2022-11-23,TX,Email
6665,2022-11-23,CA,Referral
24218,2022-11-23,WA,Organic Search
20229,2022-11-23,,Paid Social
7697,2022-11-24,GA,Paid Social
25913,2022-11-24,,Organic Search
12473,2022-11-24,NY,Organic Search
18618,2022-11-24,TX,Affiliate
18751,2022-11-24,,Organic Search
975,2022-11-24,FL,Organic Search
14964,2022-11-24,GA,Organic Search
26129,2022-11-24,FL,Paid Social
24152,2022-11-24,,Organic Search
6275,2022-11-24,WA,Paid Social
2089,2022-11-24,TX,Email
20225,2022-11-24,NY,Paid Social
2414,2022-11-24,FL,Organic Search
3950,2022-11-24,WA,Organic Search
5104,2022-11-24,GA,Paid Social
26151,2022-11-24,,Affiliate
3716,2022-11-24,NY,Paid Social
9907,2022-11-24,WA,Email
10851,2022-11-24,NY,Paid Social
7188,2022-11-24,WA,Paid Social
20864,2022-11-24,,Affiliate
16846,2022-11-24,IL,Paid Social
11120,2022-11-25,,Paid Social
21257,2022-11-25,IL,Paid Social
14942,2022-11-25,GA,Organic Search
9328,2022-11-25,FL,Organic Search
28848,2022-11-25,,Paid Social
427,2022-11-25,CA,Paid Social
28313,2022-11-25,WA,Paid Social
19087,2022-11-25,,Organic Search
11676,2022-11-25,WA,Organic Search
5012,2022-11-25,,Email
24774,2022-11-25,,Organic Search
1111,2022-11-25,IL,Email
29942,2022-11-25,TX,Paid Social
1821,2022-11-25,CA,Organic Search
21773,2022-11-25,CA,Email
12894,2022-11-25,TX,Affiliate
24968,2022-11-25,TX,Organic Search
16070,2022-11-25,GA,Organic Search
20051,2022-11-25,NY,Organic Search
22682,2022-11-25,,Organic Search
2223,2022-11-25,,Organic Search
19263,2022-11-25,NY,Organic Search
18569,2022-11-25,CA,Paid Social
26354,2022-11-25,TX,Paid Social
18004,2022-11-25,NY,Email
19202,2022-11-25,NY,Paid Social
18540,2022-11-25,IL,Email
13837,2022-11-25,TX,Affiliate
5080,2022-11-26,GA,Paid Social
22720,2022-11-26,NY,Paid Social
4896,2022-11-26,WA,Organic Search
22124,2022-11-26,WA,Email
19315,2022-11-26,IL,Paid Social
13937,2022-11-26,IL,Paid Social
29545,2022-11-26,WA,Organic Search
27971,2022-11-26,TX,Paid Social
2364,2022-11-26,TX,Paid Social
15191,2022-11-26,,Affiliate
21948,2022-11-26,WA,Paid Social
17344,2022-11-26,WA,Organic Search
12514,2022-11-26,GA,Paid Social
2801,2022-11-26,NY,Email
16583,2022-11-26,TX,Paid Social
13004,2022-11-26,NY,Paid Social
5151,2022-11-26,NY,Paid Social
26832,2022-11-26,CA,Affiliate
25957,2022-11-26,CA,Paid Social
27536,2022-11-26,IL,Organic Search
10004,2022-11-26,IL,Paid Social
19504,2022-11-26,CA,Paid Social
22795,2022-11-26,IL,Email
23038,2022-11-26,NY,Paid Social
20527,2022-11-26,CA,Affiliate
20309,2022-11-26,NY,Paid Social
9878,2022-11-26,GA,Paid Social
22418,2022-11-26,CA,Paid Social
22862,2022-11-26,NY,Organic Search
16884,2022-11-26,CA,Paid Social
21491,2022-11-26,TX,Paid Social
19320,2022-11-26,WA,Affiliate
6025,2022-11-26,FL,Organic Search
2772,2022-11-26,CA,Organic Search
20878,2022-11-27,WA,Paid Social
23113,2022-11-27,TX,Referral
19283,2022-11-27,WA,Paid Social
1393,2022-11-27,GA,Organic Search
10618,2022-11-27,TX,Referral
29491,2022-11-27,IL,Email
11483,2022-11-27,,Paid Social
12121,2022-11-27,CA,Paid Social
3293,2022-11-27,TX,Paid Social
12846,2022-11-27,FL,Organic Search
20075,2022-11-27,FL,Email
12717,2022-11-27,NY,Organic Search
22014,2022-11-27,FL,Organic Search
10074,2022-11-27,FL,Paid Social
28872,2022-11-27,TX,Paid Social
27119,2022-11-27,CA,Affiliate
25170,2022-11-27,,Organic Search
25319,2022-11-27,WA,Organic Search
646,2022-11-27,IL,Referral
1962,2022-11-27,CA,Paid Social
13589,2022-11-27,NY,Organic Search
15019,2022-11-27,CA,Organic Search
16157,2022-11-28,NY,Paid Social
28298,2022-11-28,IL,Paid Social
7208,2022-11-28,NY,Paid Social
19195,2022-11-28,IL,Paid Social
5110,2022-11-28,CA,Affiliate
14588,2022-11-28,FL,Organic Search
552,2022-11-28,NY,Referral
12030,2022-11-28,GA,Paid Social
17163,2022-11-28,CA,Paid Social
450,2022-11-28,WA,Organic Search
26050,2022-11-28,IL,Paid Social
16381,2022-11-28,WA,Organic Search
26856,2022-11-28,TX,Paid Social
21615,2022-11-28,NY,Email
22513,2022-11-28,WA,Affiliate
17761,2022-11-28,TX,Paid Social
766,2022-11-28,CA,Paid Social
21826,2022-11-28,IL,Paid Social
20011,2022-11-28,IL,Paid Social
16416,2022-11-28,IL,Paid Social
14620,2022-11-29,TX,Paid Social
25616,2022-11-29,IL,Paid Social
29899,2022-11-29,IL,Paid Social
18938,2022-11-29,CA,Affiliate
4254,2022-11-29,FL,Paid Social
24023,2022-11-29,CA,Referral
12478,2022-11-29,NY,Paid Social
13472,2022-11-29,CA,Paid Social
22404,2022-11-29,TX,Organic Search
23244,2022-11-29,GA,Affiliate
6211,2022-11-29,CA,Paid Social
8225,2022-11-29,CA,Paid Social
19086,2022-11-29,,Paid Social
28687,2022-11-29,TX,Paid Social
14736,2022-11-29,,Organic Search
27085,2022-11-29,NY,Organic Search
24421,2022-11-29,NY,Affiliate
25735,2022-11-29,FL,Organic Search
523,2022-11-29,TX,Affiliate
9658,2022-11-29,NY,Organic Search
8624,2022-11-29,IL,Email
19205,2022-11-29,FL,Paid Social
19346,2022-11-29,GA,Paid Social
444,2022-11-29,,Paid Social
12281,2022-11-29,GA,Paid Social
14334,2022-11-29,FL,Organic Search
6971,2022-11-29,NY,Organic Search
13352,2022-11-30,,Organic Search
2031,2022-11-30,GA,Organic Search
15567,2022-11-30,GA,Paid Social
10268,2022-11-30,FL,Paid Social
12278,2022-11-30,GA,Paid Social
7633,2022-11-30,CA,Paid Social
4307,2022-11-30,NY,Paid Social
1053,2022-11-30,,Affiliate
6850,2022-11-30,GA,Organic Search
907,2022-11-30,,Email
4391,2022-11-30,GA,Organic Search
18919,2022-11-30,CA,Paid Social
5661,2022-11-30,NY,Organic Search
264,2022-11-30,CA,Paid Social
22842,2022-11-30,FL,Referral
14910,2022-11-30,NY,Organic Search
15308,2022-11-30,GA,Affiliate
23693,2022-11-30,IL,Paid Social
19193,2022-11-30,GA,Paid Social
9560,2022-11-30,NY,Paid Social
27357,2022-11-30,CA,Paid Social
21495,2022-11-30,NY,Email
27841,2022-11-30,GA,Email
15747,2022-11-30,CA,Paid Social
3817,2022-11-30,CA,Paid Social
3283,2022-11-30,,Referral
1357,2022-11-30,,Affiliate
1910,2022-12-01,,Organic Search
20182,2022-12-01,CA,Paid Social
28587,2022-12-01,WA,Paid Social
24534,2022-12-01,CA,Paid Social
3100,2022-12-01,,Paid Social
18624,2022-12-01,GA,Paid Social
24560,2022-12-01,CA,Paid Social
1117,2022-12-01,GA,Organic Search
28127,2022-12-01,TX,Organic Search
5917,2022-12-01,TX,Affiliate
17681,2022-12-01,IL,Paid Social
8573,2022-12-01,CA,Organic Search
25046,2022-12-01,NY,Organic Search
20905,2022-12-01,,Referral
21142,2022-12-01,,Organic Search
21818,2022-12-01,WA,Paid Social
19826,2022-12-01,FL,Paid Social
12447,2022-12-01,IL,Paid Social
13529,2022-12-01,NY,Paid Social
19090,2022-12-01,WA,Email
5545,2022-12-01,NY,Paid Social
3665,2022-12-01,NY,Paid Social
19632,2022-12-01,GA,Organic Search
20376,2022-12-02,CA,Paid Social
1864,2022-12-02,,Paid Social
28693,2022-12-02,WA,Organic Search
5461,2022-12-02,GA,Email
11044,2022-12-02,GA,Email
26431,2022-12-02,NY,Paid Social
24326,2022-12-02,IL,Referral
17395,2022-12-02,FL,Paid Social
27573,2022-12-02,WA,Organic Search
14068,2022-12-02,TX,Paid Social
14192,2022-12-02,IL,Organic Search
15439,2022-12-02,NY,Email
2744,2022-12-02,TX,Organic Search
14520,2022-12-02,CA,Paid Social
13683,2022-12-02,IL,Email
26814,2022-12-02,TX,Organic Search
1125,2022-12-02,TX,Paid Social
11580,2022-12-02,GA,Email
15583,2022-12-02,WA,Organic Search
13157,2022-12-03,GA,Organic Search
29777,2022-12-03,CA,Paid Social
2643,2022-12-03,FL,Email
6391,2022-12-03,CA,Organic Search
3342,2022-12-03,,Paid Social
20710,2022-12-03,,Affiliate
16681,2022-12-03,FL,Affiliate
21518,2022-12-03,CA,Organic Search
22800,2022-12-03,,Organic Search
20638,2022-12-03,WA,Paid Social
14015,2022-12-03,TX,Organic Search
19016,2022-12-03,WA,Organic Search
6263,2022-12-03,IL,Organic Search
19670,2022-12-03,GA,Referral
12009,2022-12-03,NY,Paid Social
28244,2022-12-03,TX,Paid Social
19246,2022-12-03,,Affiliate
27348,2022-12-03,,Organic Search
18419,2022-12-03,TX,Email
17619,2022-12-03,CA,Affiliate
18639,2022-12-03,NY,Email
25015,2022-12-03,WA,Organic Search
19053,2022-12-03,NY,Affiliate
26042,2022-12-03,GA,Organic Search
12549,2022-12-03,NY,Paid Social
7446,2022-12-03,NY,Email
7120,2022-12-03,FL,Paid Social
26786,2022-12-03,GA,Organic Search
13159,2022-12-04,GA,Affiliate
25431,2022-12-04,TX,Paid Social
27094,2022-12-04,FL,Email
8313,2022-12-04,CA,Organic Search
3907,2022-12-04,,Paid Social
17565,2022-12-04,TX,Email
3167,2022-12-04,CA,Affiliate
23625,2022-12-04,FL,Paid Social
4199,2022-12-04,FL,Paid Social
22173,2022-12-04,TX,Organic Search
669,2022-12-04,IL,Organic Search
19535,2022-12-04,TX,Organic Search
12901,2022-12-04,,Referral
9547,2022-12-04,WA,Organic Search
29273,2022-12-04,,Organic Search
24144,2022-12-04,NY,Organic Search
7670,2022-12-04,TX,Paid Social
16358,2022-12-04,,Paid Social
9575,2022-12-04,GA,Paid Social
6927,2022-12-04,,Paid Social
10167,2022-12-04,TX,Paid Social
14845,2022-12-04,NY,Email
22939,2022-12-04,CA,Organic Search
18318,2022-12-04,FL,Affiliate
25166,2022-12-05,WA,Email
3608,2022-12-05,TX,Organic Search
20012,2022-12-05,CA,Organic Search
1343,2022-12-05,TX,Referral
20773,2022-12-05,WA,Paid Social
10539,2022-12-05,,Paid Social
12785,2022-12-05,NY,Paid Social
25112,2022-12-05,TX,Paid Social
8244,2022-12-05,NY,Paid Social
5787,2022-12-05,IL,Organic Search
14510,2022-12-05,WA,Paid Social
22165,2022-12-05,NY,Organic Search
7750,2022-12-05,FL,Paid Social
10838,2022-12-05,GA,Referral
6222,2022-12-05,IL,Email
13946,2022-12-05,WA,Affiliate
6235,2022-12-05,GA,Paid Social
11316,2022-12-05,CA,Email
24357,2022-12-05,WA,Email
27005,2022-12-05,WA,Paid Social
15295,2022-12-05,CA,Paid Social
24864,2022-12-05,IL,Email
29917,2022-12-06,GA,Email
4099,2022-12-06,WA,Organic Search
19625,2022-12-06,CA,Organic Search
974,2022-12-06,TX,Organic Search
17086,2022-12-06,NY,Email
13769,2022-12-06,GA,Email
19432,2022-12-06,,Organic Search
1872,2022-12-06,NY,Organic Search
13652,2022-12-06,GA,Organic Search
11155,2022-12-06,,Email
1975,2022-12-06,FL,Organic Search
26017,2022-12-06,FL,Paid Social
13590,2022-12-06,IL,Organic Search
14049,2022-12-06,WA,Affiliate
17346,2022-12-06,TX,Paid Social
1799,2022-12-06,GA,Organic Search
5707,2022-12-06,IL,Referral
23788,2022-12-06,FL,Paid Social
15765,2022-12-06,WA,Organic Search
8922,2022-12-06,,Organic Search
11456,2022-12-06,WA,Organic Search
29366,2022-12-06,GA,Organic Search
20775,2022-12-06,NY,Email
7395,2022-12-06,,Organic Search
3109,2022-12-06,CA,Paid Social
16421,2022-12-06,GA,Paid Social
10792,2022-12-06,NY,Paid Social
24871,2022-12-07,CA,Email
3131,2022-12-07,FL,Email
15175,2022-12-07,NY,Affiliate
29014,2022-12-07,FL,Paid Social
10820,2022-12-07,FL,Paid Social
27699,2022-12-07,NY,Organic Search
3839,2022-12-07,GA,Affiliate
5055,2022-12-07,,Paid Social
7698,2022-12-07,WA,Paid Social
13098,2022-12-07,CA,Organic Search
19492,2022-12-07,CA,Affiliate
12532,2022-12-07,,Paid Social
9482,2022-12-07,TX,Organic Search
11515,2022-12-07,CA,Email
11657,2022-12-07,NY,Affiliate
14706,2022-12-07,WA,Paid Social
4207,2022-12-07,GA,Paid Social
12953,2022-12-07,IL,Paid Social
22150,2022-12-07,GA,Paid Social
139,2022-12-07,WA,Paid Social
4783,2022-12-07,CA,Paid Social
12703,2022-12-07,GA,Email
29350,2022-12-07,TX,Paid Social
10604,2022-12-07,NY,Affiliate
10859,2022-12-07,GA,Email
19024,2022-12-07,,Affiliate
29087,2022-12-08,TX,Referral
5049,2022-12-08,FL,Paid Social
21197,2022-12-08,,Referral
20152,2022-12-08,,Organic Search
8552,2022-12-08,,Organic Search
2720,2022-12-08,IL,Organic Search
6643,2022-12-08,IL,Paid Social
17790,2022-12-08,,Organic Search
27522,2022-12-08,FL,Referral
9303,2022-12-08,NY,Email
4610,2022-12-08,TX,Paid Social
1532,2022-12-08,,Paid Social
26696,2022-12-08,,Organic Search
22832,2022-12-08,TX,Paid Social
28690,2022-12-08,CA,Organic Search
6533,2022-12-08,NY,Affiliate
9571,2022-12-08,,Paid Social
23455,2022-12-08,IL,Email
9847,2022-12-08,FL,Email
3222,2022-12-09,,Organic Search
7904,2022-12-09,NY,Email
13497,2022-12-09,,Affiliate
6498,2022-12-09,GA,Organic Search
21364,2022-12-09,IL,Organic Search
19242,2022-12-09,TX,Organic Search
2430,2022-12-09,IL,Referral
8058,2022-12-09,NY,Organic Search
22330,2022-12-09,IL,Affiliate
12710,2022-12-09,,Paid Social
23250,2022-12-09,WA,Paid Social
11946,2022-12-09,TX,Email
26237,2022-12-09,IL,Organic Search
26543,2022-12-09,IL,Affiliate
14837,2022-12-09,,Paid Social
12109,2022-12-09,,Paid Social
12122,2022-12-09,TX,Paid Social
7933,2022-12-09,IL,Paid Social
11825,2022-12-09,TX,Email
12179,2022-12-10,,Paid Social
9347,2022-12-10,CA,Email
10665,2022-12-10,WA,Paid Social
26289,2022-12-10,GA,Organic Search
19197,2022-12-10,FL,Organic Search
23582,2022-12-10,TX,Affiliate
9840,2022-12-10,,Email
5413,2022-12-10,GA,Email
20298,2022-12-10,CA,Paid Social
1812,2022-12-10,WA,Email
14857,2022-12-10,CA,Paid Social
17897,2022-12-10,,Organic Search
21395,2022-12-10,IL,Email
21945,2022-12-10,IL,Paid Social
18649,2022-12-10,NY,Organic Search
20834,2022-12-10,GA,Email
19365,2022-12-10,,Paid Social
28540,2022-12-10,FL,Paid Social
25687,2022-12-10,WA,Paid Social
11424,2022-12-10,GA,Paid Social
21308,2022-12-10,,Organic Search
27014,2022-12-10,CA,Paid Social
12820,2022-12-10,GA,Paid Social
5702,2022-12-11,TX,Paid Social
11526,2022-12-11,FL,Email
5416,2022-12-11,NY,Paid Social
11761,2022-12-11,,Paid Social
22607,2022-12-11,TX,Email
29105,2022-12-11,,Referral
16322,2022-12-11,GA,Affiliate
2945,2022-12-11,WA,Email
9204,2022-12-11,TX,Paid Social
10371,2022-12-11,NY,Paid Social
1251,2022-12-11,IL,Email
14390,2022-12-11,,Paid Social
13091,2022-12-11,CA,Organic Search
13627,2022-12-11,TX,Paid Social
4707,2022-12-11,WA,Email
14726,2022-12-11,CA,Referral
19898,2022-12-11,IL,Paid Social
28663,2022-12-11,WA,Email
5219,2022-12-11,NY,Organic Search
4711,2022-12-11,,Paid Social
26398,2022-12-11,,Paid Social
6065,2022-12-11,GA,Organic Search
13857,2022-12-11,,Organic Search
17350,2022-12-11,,Organic Search
12293,2022-12-11,,Affiliate
26573,2022-12-12,GA,Email
11830,2022-12-12,GA,Organic Search
2356,2022-12-12,GA,Organic Search
22093,2022-12-12,FL,Paid Social
15565,2022-12-12,CA,Organic Search
17135,2022-12-12,,Affiliate
26395,2022-12-12,GA,Paid Social
22401,2022-12-12,FL,Organic Search
5537,2022-12-12,IL,Organic Search
13885,2022-12-12,NY,Organic Search
9463,2022-12-12,CA,Email
29467,2022-12-12,WA,Organic Search
14384,2022-12-12,,Organic Search
8397,2022-12-13,FL,Paid Social
21825,2022-12-13,GA,Organic Search
21802,2022-12-13,NY,Paid Social
3767,2022-12-13,WA,Paid Social
16566,2022-12-13,CA,Affiliate
20016,2022-12-13,IL,Referral
19228,2022-12-13,IL,Paid Social
5714,2022-12-13,WA,Affiliate
3519,2022-12-13,CA,Organic Search
8093,2022-12-13,NY,Paid Social
11110,2022-12-13,CA,Paid Social
10298,2022-12-13,GA,Paid Social
27902,2022-12-13,IL,Email
13012,2022-12-13,WA,Paid Social
21229,2022-12-13,CA,Organic Search
1430,2022-12-13,TX,Referral
9964,2022-12-13,GA,Paid Social
29946,2022-12-13,WA,Organic Search
13179,2022-12-13,FL,Organic Search
15310,2022-12-13,GA,Organic Search
15758,2022-12-13,WA,Organic Search
9219,2022-12-13,IL,Email
21069,2022-12-13,NY,Paid Social
2411,2022-12-13,FL,Paid Social
18812,2022-12-13,IL,Affiliate
28194,2022-12-13,NY,Organic Search
6556,2022-12-13,WA,Email
4091,2022-12-13,WA,Email
13874,2022-12-14,WA,Referral
2698,2022-12-14,IL,Paid Social
14,2022-12-14,WA,Organic Search
3469,2022-12-14,GA,Email
6166,2022-12-14,GA,Paid Social
1991,2022-12-14,CA,Email
20772,2022-12-14,GA,Organic Search
4375,2022-12-14,GA,Paid Social
14109,2022-12-14,,Email
27114,2022-12-14,IL,Paid Social
7352,2022-12-14,WA,Organic Search
6124,2022-12-14,CA,Affiliate
10197,2022-12-14,WA,Email
27356,2022-12-14,NY,Email
24882,2022-12-14,WA,Organic Search
6847,2022-12-14,IL,Paid Social
8773,2022-12-14,NY,Paid Social
19117,2022-12-14,CA,Organic Search
20959,2022-12-14,GA,Paid Social
19389,2022-12-14,GA,Paid Social
17826,2022-12-14,NY,Email
3858,2022-12-14,NY,Paid Social
29510,2022-12-14,IL,Paid Social
20953,2022-12-14,IL,Email
11018,2022-12-14,,Affiliate
23953,2022-12-14,GA,Paid Social
4586,2022-12-15,CA,Affiliate
10226,2022-12-15,IL,Paid Social
4414,2022-12-15,TX,Paid Social
1281,2022-12-15,GA,Paid Social
23101,2022-12-15,GA,Paid Social
23876,2022-12-15,,Paid Social
1345,2022-12-15,TX,Email
3619,2022-12-15,IL,Email
12368,2022-12-15,IL,Paid Social
17854,2022-12-15,,Paid Social
12943,2022-12-15,,Organic Search
25583,2022-12-15,FL,Organic Search
13119,2022-12-15,WA,Affiliate
25354,2022-12-15,IL,Email
10456,2022-12-15,FL,Paid Social
17297,2022-12-15,GA,Referral
28556,2022-12-15,IL,Paid Social
11093,2022-12-15,TX,Organic Search
19972,2022-12-15,TX,Email
5043,2022-12-15,IL,Organic Search
7153,2022-12-15,CA,Affiliate
21891,2022-12-15,GA,Affiliate
7503,2022-12-15,FL,Organic Search
14782,2022-12-15,IL,Affiliate
12220,2022-12-15,GA,Paid Social
5282,2022-12-15,TX,Paid Social
7580,2022-12-15,TX,Email
125,2022-12-15,,Organic Search
17037,2022-12-15,CA,Organic Search
11516,2022-12-15,NY,Paid Social
21997,2022-12-16,WA,Paid Social
23719,2022-12-16,WA,Paid Social
20198,2022-12-16,WA,Organic Search
20879,2022-12-16,CA,Affiliate
28439,2022-12-16,TX,Paid Social
25520,2022-12-16,CA,Email
21791,2022-12-16,GA,Paid Social
26544,2022-12-16,WA,Paid Social
3882,2022-12-16,,Email
27563,2022-12-16,GA,Paid Social
1470,2022-12-16,GA,Email
20523,2022-12-16,,Organic Search
15189,2022-12-16,FL,Organic Search
20734,2022-12-16,TX,Paid Social
2589,2022-12-16,WA,Organic Search
17526,2022-12-16,TX,Paid Social
15736,2022-12-16,,Paid Social
730,2022-12-16,WA,Organic Search
19165,2022-12-16,,Email
104,2022-12-16,GA,Paid Social
18837,2022-12-16,FL,Organic Search
1716,2022-12-16,NY,Affiliate
21350,2022-12-16,CA,Paid Social
4938,2022-12-16,,Paid Social
29842,2022-12-16,GA,Paid Social
4952,2022-12-17,FL,Organic Search
15890,2022-12-17,CA,Affiliate
23529,2022-12-17,TX,Paid Social
26347,2022-12-17,WA,Organic Search
3285,2022-12-17,GA,Paid Social
19277,2022-12-17,GA,Affiliate
502,2022-12-17,IL,Paid Social
17160,2022-12-17,FL,Organic Search
8764,2022-12-17,WA,Referral
12998,2022-12-17,GA,Referral
13525,2022-12-17,FL,Paid Social
26581,2022-12-17,GA,Email
23474,2022-12-17,WA,Paid Social
6475,2022-12-17,IL,Email
24422,2022-12-17,TX,Email
28418,2022-12-17,IL,Organic Search
20633,2022-12-17,CA,Email
4895,2022-12-17,,Paid Social
16901,2022-12-17,WA,Organic Search
26519,2022-12-17,WA,Affiliate
25848,2022-12-17,,Organic Search
5619,2022-12-17,IL,Paid Social
5967,2022-12-17,FL,Affiliate
24728,2022-12-17,IL,Referral
4366,2022-12-17,TX,Paid Social
13367,2022-12-17,FL,Organic Search
18856,2022-12-17,FL,Email
7556,2022-12-17,NY,Paid Social
6132,2022-12-17,GA,Email
17999,2022-12-18,NY,Paid Social
20102,2022-12-18,GA,Organic Search
2926,2022-12-18,CA,Affiliate
23318,2022-12-18,FL,Paid Social
16024,2022-12-18,GA,Paid Social
14133,2022-12-18,IL,Paid Social
17488,2022-12-18,,Paid Social
8270,2022-12-18,TX,Paid Social
21174,2022-12-18,WA,Organic Search
19799,2022-12-18,NY,Referral
23407,2022-12-18,,Paid Social
29713,2022-12-18,GA,Email
22584,2022-12-18,IL,Email
23599,2022-12-18,CA,Organic Search
12255,2022-12-18,NY,Email
17827,2022-12-18,,Organic Search
3412,2022-12-18,,Organic Search
22683,2022-12-18,WA,Email
21037,2022-12-18,TX,Paid Social
4879,2022-12-19,TX,Paid Social
29131,2022-12-19,GA,Referral
28455,2022-12-19,TX,Paid Social
7999,2022-12-19,IL,Affiliate
9145,2022-12-19,WA,Email
17339,2022-12-19,GA,Organic Search
4159,2022-12-19,GA,Affiliate
9095,2022-12-19,NY,Paid Social
11101,2022-12-19,CA,Organic Search
9058,2022-12-19,TX,Organic Search
25251,2022-12-19,WA,Email
393,2022-12-19,NY,Paid Social
8972,2022-12-19,CA,Paid Social
20973,2022-12-19,FL,Organic Search
8799,2022-12-19,TX,Organic Search
21227,2022-12-19,TX,Paid Social
1370,2022-12-19,NY,Organic Search
20522,2022-12-19,NY,Email
18920,2022-12-20,GA,Affiliate
13025,2022-12-20,GA,Paid Social
18991,2022-12-20,CA,Paid Social
11327,2022-12-20,TX,Paid Social
14065,2022-12-20,FL,Email
344,2022-12-20,WA,Paid Social
26863,2022-12-20,GA,Organic Search
5950,2022-12-20,,Email
29666,2022-12-20,FL,Organic Search
2206,2022-12-20,TX,Affiliate
20526,2022-12-20,WA,Organic Search
21670,2022-12-20,IL,Paid Social
19650,2022-12-20,GA,Organic Search
25992,2022-12-20,FL,Paid Social
8600,2022-12-20,TX,Paid Social
3873,2022-12-20,GA,Organic Search
8855,2022-12-20,NY,Paid Social
20476,2022-12-20,,Email
3170,2022-12-20,GA,Paid Social
12560,2022-12-20,CA,Paid Social
17443,2022-12-20,TX,Referral
22162,2022-12-21,TX,Organic Search
29496,2022-12-21,WA,Paid Social
21017,2022-12-21,NY,Paid Social
7970,2022-12-21,CA,Referral
29474,2022-12-21,GA,Paid Social
4168,2022-12-21,,Organic Search
20760,2022-12-21,NY,Paid Social
26931,2022-12-21,NY,Referral
28931,2022-12-21,,Organic Search
11091,2022-12-21,NY,Affiliate
27900,2022-12-21,,Referral
21570,2022-12-21,WA,Referral
1895,2022-12-21,NY,Paid Social
24523,2022-12-21,NY,Email
4363,2022-12-21,,Email
8335,2022-12-21,NY,Email
25078,2022-12-21,CA,Paid Social
15215,2022-12-21,IL,Paid Social
18270,2022-12-21,CA,Paid Social
12610,2022-12-21,GA,Referral
14637,2022-12-21,CA,Organic Search
13600,2022-12-21,,Affiliate
3081,2022-12-21,WA,Email
15425,2022-12-21,TX,Affiliate
16399,2022-12-21,GA,Organic Search
20515,2022-12-21,FL,Paid Social
8255,2022-12-22,CA,Paid Social
21772,2022-12-22,FL,Affiliate
7378,2022-12-22,NY,Paid Social
22846,2022-12-22,WA,Organic Search
6578,2022-12-22,CA,Organic Search
29186,2022-12-22,NY,Organic Search
26968,2022-12-22,NY,Referral
25139,2022-12-22,FL,Paid Social
5662,2022-12-22,IL,Organic Search
28182,2022-12-22,NY,Referral
4738,2022-12-22,CA,Paid Social
6812,2022-12-22,GA,Organic Search
20748,2022-12-22,CA,Organic Search
16781,2022-12-22,IL,Paid Social
17133,2022-12-22,TX,Paid Social
17710,2022-12-22,GA,Organic Search
17747,2022-12-22,TX,Affiliate
2645,2022-12-22,IL,Organic Search
15047,2022-12-22,,Organic Search
11627,2022-12-22,GA,Email
22259,2022-12-22,GA,Organic Search
20992,2022-12-22,WA,Organic Search
10472,2022-12-22,CA,Referral
26284,2022-12-22,CA,Paid Social
9849,2022-12-22,CA,Paid Social
24080,2022-12-22,IL,Organic Search
1584,2022-12-22,TX,Paid Social
22581,2022-12-22,WA,Paid Social
2761,2022-12-23,WA,Organic Search
17472,2022-12-23,GA,Paid Social
6460,2022-12-23,TX,Paid Social
25888,2022-12-23,IL,Paid Social
606,2022-12-23,WA,Paid Social
16952,2022-12-23,IL,Organic Search
16973,2022-12-23,NY,Paid Social
24257,2022-12-23,WA,Paid Social
10374,2022-12-23,CA,Paid Social
9984,2022-12-23,TX,Affiliate
18777,2022-12-23,FL,Organic Search
7671,2022-12-23,IL,Email
3490,2022-12-23,FL,Paid Social
15270,2022-12-23,WA,Organic Search
14108,2022-12-23,IL,Organic Search
1114,2022-12-23,,Paid Social
9728,2022-12-23,NY,Organic Search
20100,2022-12-23,,Organic Search
4415,2022-12-23,IL,Paid Social
8941,2022-12-23,CA,Paid Social
16254,2022-12-23,,Organic Search
4546,2022-12-23,TX,Email
3012,2022-12-23,WA,Organic Search
18036,2022-12-23,IL,Affiliate
25161,2022-12-23,TX,Paid Social
26254,2022-12-24,WA,Paid Social
21737,2022-12-24,WA,Paid Social
5412,2022-12-24,,Organic Search
1033,2022-12-24,WA,Organic Search
15965,2022-12-24,GA,Paid Social
22043,2022-12-24,WA,Email
15110,2022-12-24,TX,Organic Search
5616,2022-12-24,CA,Email
28361,2022-12-24,TX,Paid Social
8088,2022-12-24,,Email
16821,2022-12-24,,Organic Search
23359,2022-12-24,WA,Email
4378,2022-12-24,NY,Email
26850,2022-12-24,GA,Organic Search
10290,2022-12-24,WA,Organic Search
18073,2022-12-24,NY,Referral
27945,2022-12-24,IL,Organic Search
13415,2022-12-24,TX,Affiliate
21868,2022-12-24,WA,Organic Search
1684,2022-12-24,NY,Email
5519,2022-12-24,GA,Organic Search
23669,2022-12-24,WA,Organic Search
28035,2022-12-24,TX,Paid Social
19751,2022-12-24,FL,Affiliate
21592,2022-12-25,,Organic Search
22709,2022-12-25,FL,Organic Search
17026,2022-12-25,,Paid Social
26793,2022-12-25,WA,Organic Search
24809,2022-12-25,CA,Paid Social
12425,2022-12-25,CA,Paid Social
5328,2022-12-25,WA,Organic Search
4311,2022-12-25,NY,Organic Search
16149,2022-12-25,WA,Paid Social
27051,2022-12-25,,Paid Social
15737,2022-12-25,,Organic Search
27029,2022-12-25,CA,Affiliate
26858,2022-12-25,WA,Paid Social
22342,2022-12-25,TX,Paid Social
26870,2022-12-25,TX,Email
22600,2022-12-25,CA,Paid Social
9073,2022-12-25,,Paid Social
29411,2022-12-25,,Organic Search
18469,2022-12-25,NY,Paid Social
12872,2022-12-25,GA,Referral
11945,2022-12-25,,Affiliate
20557,2022-12-25,NY,Paid Social
13836,2022-12-25,TX,Paid Social
26366,2022-12-25,WA,Email
21710,2022-12-25,FL,Referral
9787,2022-12-25,IL,Organic Search
26070,2022-12-26,IL,Referral
23290,2022-12-26,WA,Paid Social
14902,2022-12-26,WA,Organic Search
9416,2022-12-26,CA,Organic Search
21368,2022-12-26,WA,Email
19358,2022-12-26,FL,Referral
4697,2022-12-26,TX,Paid Social
11362,2022-12-26,WA,Paid Social
2017,2022-12-26,IL,Paid Social
6271,2022-12-26,NY,Paid Social
20652,2022-12-26,TX,Paid Social
5052,2022-12-26,WA,Email
4337,2022-12-26,FL,Paid Social
21036,2022-12-27,NY,Organic Search
18289,2022-12-27,NY,Email
26872,2022-12-27,IL,Organic Search
1836,2022-12-27,,Paid Social
3826,2022-12-27,GA,Organic Search
626,2022-12-27,CA,Paid Social
14338,2022-12-27,NY,Affiliate
23344,2022-12-27,FL,Email
11070,2022-12-27,IL,Paid Social
4725,2022-12-27,FL,Organic Search
26203,2022-12-27,IL,Email
29329,2022-12-27,TX,Referral
11783,2022-12-27,IL,Email
8992,2022-12-27,WA,Organic Search
18217,2022-12-27,IL,Paid Social
13163,2022-12-27,NY,Paid Social
15292,2022-12-28,TX,Email
789,2022-12-28,CA,Paid Social
28451,2022-12-28,NY,Paid Social
22137,2022-12-28,NY,Organic Search
19267,2022-12-28,WA,Organic Search
1835,2022-12-28,GA,Email
5860,2022-12-28,NY,Paid Social
29526,2022-12-28,GA,Paid Social
19213,2022-12-28,,Paid Social
10814,2022-12-28,GA,Email
26600,2022-12-28,FL,Paid Social
5188,2022-12-28,FL,Paid Social
19794,2022-12-28,IL,Organic Search
29618,2022-12-28,CA,Paid Social
18572,2022-12-28,IL,Paid Social
12105,2022-12-28,CA,Paid Social
11862,2022-12-28,WA,Organic Search
8839,2022-12-28,IL,Affiliate
12428,2022-12-28,FL,Paid Social
19862,2022-12-29,,Affiliate
15730,2022-12-29,NY,Organic Search
11948,2022-12-29,TX,Organic Search
5559,2022-12-29,GA,Organic Search
601,2022-12-29,,Organic Search
9232,2022-12-29,GA,Organic Search
25113,2022-12-29,FL,Paid Social
23139,2022-12-29,TX,Paid Social
20642,2022-12-29,IL,Paid Social
20015,2022-12-29,,Paid Social
9808,2022-12-29,GA,Paid Social
9101,2022-12-29,WA,Paid Social
19882,2022-12-29,FL,Email
7812,2022-12-29,CA,Organic Search
16006,2022-12-29,CA,Organic Search
27656,2022-12-29,TX,Organic Search
2652,2022-12-29,TX,Paid Social
13755,2022-12-29,,Organic Search
8267,2022-12-29,TX,Paid Social
174,2022-12-29,TX,Organic Search
13034,2022-12-29,FL,Organic Search
5040,2022-12-29,,Affiliate
21916,2022-12-29,GA,Paid Social
19079,2022-12-29,CA,Organic Search
13878,2022-12-29,CA,Paid Social
15125,2022-12-30,CA,Organic Search
6763,2022-12-30,IL,Organic Search
11296,2022-12-30,FL,Organic Search
10494,2022-12-30,NY,Organic Search
3797,2022-12-30,NY,Paid Social
21733,2022-12-30,GA,Paid Social
2532,2022-12-30,WA,Email
5383,2022-12-30,WA,Organic Search
28599,2022-12-30,IL,Referral
2402,2022-12-30,IL,Organic Search
12795,2022-12-30,NY,Paid Social
19747,2022-12-30,GA,Referral
26218,2022-12-30,NY,Paid Social
5739,2022-12-30,IL,Organic Search
24024,2022-12-30,,Paid Social
11144,2022-12-30,GA,Email
14825,2022-12-30,NY,Paid Social
6740,2022-12-31,TX,Affiliate
21147,2022-12-31,NY,Paid Social
18344,2022-12-31,NY,Email
4758,2022-12-31,TX,Email
8894,2022-12-31,TX,Paid Social
25278,2022-12-31,GA,Email
19563,2022-12-31,,Organic Search
15253,2022-12-31,NY,Organic Search
23158,2022-12-31,NY,Paid Social
103,2022-12-31,WA,Paid Social
24139,2022-12-31,IL,Email
17141,2022-12-31,,Paid Social
12874,2022-12-31,,Organic Search
5609,2022-12-31,CA,Paid Social
27895,2022-12-31,CA,Organic Search
16595,2022-12-31,TX,Paid Social
24854,2022-12-31,WA,Paid Social
21893,2022-12-31,NY,Affiliate
22664,2022-12-31,,Paid Social
3442,2022-12-31,TX,Paid Social
26886,2022-12-31,NY,Paid Social
8009,2022-12-31,CA,Paid Social
24509,2022-12-31,,Referral
15991,2022-12-31,GA,Paid Social
26178,2022-12-31,TX,Organic Search
14892,2022-12-31,CA,Paid Social
9045,2023-01-01,,Paid Social
8780,2023-01-01,GA,Paid Social
8739,2023-01-01,GA,Organic Search
3358,2023-01-01,CA,Paid Social
19608,2023-01-01,TX,Paid Social
11671,2023-01-01,CA,Paid Social
9252,2023-01-01,WA,Paid Social
24771,2023-01-01,GA,Organic Search
9494,2023-01-01,TX,Organic Search
10097,2023-01-01,GA,Paid Social
15865,2023-01-01,,Paid Social
26734,2023-01-01,FL,Email
28482,2023-01-01,CA,Affiliate
11251,2023-01-01,,Paid Social
18603,2023-01-01,CA,Organic Search
14965,2023-01-01,CA,Paid Social
22919,2023-01-01,GA,Paid Social
24358,2023-01-01,WA,Organic Search
14741,2023-01-01,TX,Referral
9585,2023-01-01,GA,Affiliate
24648,2023-01-01,NY,Organic Search
2200,2023-01-01,GA,Paid Social
29098,2023-01-01,CA,Paid Social
22703,2023-01-01,CA,Email
22425,2023-01-01,,Organic Search
611,2023-01-02,NY,Organic Search
2905,2023-01-02,GA,Paid Social
405,2023-01-02,WA,Paid Social
22179,2023-01-02,GA,Referral
11728,2023-01-02,,Email
10712,2023-01-02,TX,Organic Search
3760,2023-01-02,GA,Email
18354,2023-01-02,FL,Affiliate
28927,2023-01-02,IL,Paid Social
3983,2023-01-02,FL,Organic Search
10282,2023-01-02,,Paid Social
10153,2023-01-02,GA,Organic Search
20209,2023-01-02,,Paid Social
5390,2023-01-02,NY,Referral
2986,2023-01-02,IL,Affiliate
28381,2023-01-02,TX,Affiliate
20133,2023-01-02,CA,Email
4044,2023-01-02,CA,Paid Social
18238,2023-01-02,TX,Organic Search
15528,2023-01-02,,Email
6367,2023-01-02,IL,Paid Social
1221,2023-01-02,TX,Affiliate
6639,2023-01-03,GA,Organic Search
13996,2023-01-03,FL,Paid Social
21387,2023-01-03,TX,Email
18734,2023-01-03,,Affiliate
13189,2023-01-03,WA,Affiliate
5451,2023-01-03,TX,Organic Search
13195,2023-01-03,GA,Paid Social
19149,2023-01-03,IL,Organic Search
18589,2023-01-03,WA,Email
19116,2023-01-03,TX,Paid Social
18394,2023-01-03,TX,Paid Social
21296,2023-01-03,GA,Organic Search
22752,2023-01-03,NY,Affiliate
16867,2023-01-03,IL,Email
14821,2023-01-03,FL,Paid Social
20870,2023-01-03,FL,Paid Social
14828,2023-01-03,FL,Paid Social
11878,2023-01-03,,Paid Social
23888,2023-01-03,TX,Organic Search
21408,2023-01-03,GA,Email
16586,2023-01-03,FL,Email
15813,2023-01-03,GA,Paid Social
17203,2023-01-03,GA,Paid Social
27229,2023-01-03,TX,Email
4026,2023-01-03,GA,Email
14321,2023-01-03,GA,Organic Search
26788,2023-01-04,CA,Paid Social
23636,2023-01-04,TX,Paid Social
25656,2023-01-04,IL,Referral
10863,2023-01-04,IL,Organic Search
7003,2023-01-04,WA,Email
13703,2023-01-04,GA,Email
9218,2023-01-04,GA,Affiliate
7445,2023-01-04,CA,Paid Social
7099,2023-01-04,GA,Organic Search
3493,2023-01-04,WA,Referral
15396,2023-01-04,NY,Paid Social
28405,2023-01-04,FL,Paid Social
9675,2023-01-04,,Paid Social
27618,2023-01-04,WA,Paid Social
17015,2023-01-04,WA,Organic Search
25094,2023-01-04,WA,Organic Search
15800,2023-01-04,CA,Organic Search
12616,2023-01-04,,Paid Social
19496,2023-01-04,,Organic Search
16798,2023-01-04,WA,Organic Search
7037,2023-01-04,FL,Organic Search
21246,2023-01-04,IL,Affiliate
1921,2023-01-04,FL,Paid Social
27309,2023-01-05,IL,Referral
315,2023-01-05,WA,Email
11259,2023-01-05,IL,Referral
26275,2023-01-05,FL,Paid Social
5771,2023-01-05,NY,Paid Social
21211,2023-01-05,WA,Paid Social
22745,2023-01-05,CA,Paid Social
7657,2023-01-05,CA,Email
5368,2023-01-05,,Paid Social
13760,2023-01-05,CA,Paid Social
22157,2023-01-05,WA,Email
25505,2023-01-05,WA,Paid Social
6169,2023-01-05,NY,Organic Search
5506,2023-01-06,FL,Organic Search
27721,2023-01-06,TX,Paid Social
1850,2023-01-06,TX,Paid Social
26669,2023-01-06,TX,Paid Social
18266,2023-01-06,IL,Email
26624,2023-01-06,TX,Organic Search
7687,2023-01-06,,Email
15586,2023-01-06,NY,Organic Search
22678,2023-01-06,,Organic Search
4702,2023-01-06,CA,Organic Search
22253,2023-01-06,CA,Paid Social
18987,2023-01-06,CA,Referral
6829,2023-01-06,TX,Paid Social
14521,2023-01-06,GA,Email
4568,2023-01-06,IL,Organic Search
6036,2023-01-06,WA,Organic Search
27466,2023-01-06,GA,Organic Search
9501,2023-01-06,NY,Paid Social
22491,2023-01-06,FL,Paid Social
481,2023-01-06,NY,Paid Social
18171,2023-01-06,CA,Paid Social
7175,2023-01-07,WA,Organic Search
13280,2023-01-07,GA,Referral
24040,2023-01-07,TX,Affiliate
8329,2023-01-07,IL,Referral
2562,2023-01-07,GA,Email
19055,2023-01-07,TX,Paid Social
4722,2023-01-07,,Organic Search
20701,2023-01-07,WA,Referral
3700,2023-01-07,GA,Organic Search
15192,2023-01-07,IL,Organic Search
1480,2023-01-07,NY,Paid Social
14685,2023-01-07,,Email
12306,2023-01-07,IL,Organic Search
10746,2023-01-07,NY,Paid Social
24209,2023-01-07,TX,Organic Search
18977,2023-01-07,CA,Paid Social
7087,2023-01-07,TX,Paid Social
23389,2023-01-07,TX,Paid Social
18056,2023-01-07,CA,Paid Social
28097,2023-01-07,CA,Organic Search
29736,2023-01-07,WA,Paid Social
10445,2023-01-07,NY,Organic Search
17275,2023-01-07,WA,Organic Search
24459,2023-01-08,,Organic Search
1250,2023-01-08,IL,Paid Social
1542,2023-01-08,TX,Organic Search
16239,2023-01-08,FL,Paid Social
28616,2023-01-08,GA,Organic Search
17210,2023-01-08,IL,Email
23557,2023-01-08,NY,Paid Social
7795,2023-01-08,CA,Email
29161,2023-01-08,GA,Affiliate
9744,2023-01-08,IL,Paid Social
25569,2023-01-08,CA,Paid Social
27964,2023-01-08,GA,Organic Search
12951,2023-01-08,TX,Paid Social
14885,2023-01-08,GA,Paid Social
24524,2023-01-08,CA,Affiliate
6137,2023-01-08,CA,Paid Social
15305,2023-01-08,TX,Paid Social
3123,2023-01-08,IL,Organic Search
18038,2023-01-08,CA,Email
20842,2023-01-08,TX,Referral
2896,2023-01-08,WA,Referral
28696,2023-01-08,NY,Organic Search
11860,2023-01-08,IL,Email
21306,2023-01-09,,Email
317,2023-01-09,TX,Paid Social
3507,2023-01-09,GA,Affiliate
7623,2023-01-09,TX,Organic Search
21189,2023-01-09,WA,Paid Social
21295,2023-01-09,,Email
10220,2023-01-09,CA,Organic Search
12282,2023-01-09,NY,Affiliate
28317,2023-01-09,GA,Paid Social
8252,2023-01-09,CA,Affiliate
2876,2023-01-09,WA,Paid Social
14385,2023-01-09,NY,Email
16700,2023-01-09,GA,Organic Search
20665,2023-01-09,NY,Affiliate
19916,2023-01-09,GA,Email
5904,2023-01-09,IL,Paid Social
16245,2023-01-09,,Paid Social
11333,2023-01-09,IL,Referral
19831,2023-01-09,IL,Email
16331,2023-01-09,IL,Organic Search
6108,2023-01-09,NY,Organic Search
21352,2023-01-09,IL,Paid Social
10113,2023-01-09,GA,Email
16615,2023-01-09,CA,Paid Social
1717,2023-01-09,FL,Organic Search
16382,2023-01-09,WA,Paid Social
13424,2023-01-09,,Paid Social
6813,2023-01-09,GA,Organic Search
2908,2023-01-09,FL,Organic Search
12348,2023-01-09,GA,Email
24160,2023-01-09,,Paid Social
5214,2023-01-09,WA,Email
28680,2023-01-10,FL,Organic Search
27049,2023-01-10,FL,Email
8967,2023-01-10,TX,Paid Social
16353,2023-01-10,GA,Organic Search
17453,2023-01-10,CA,Paid Social
25001,2023-01-10,GA,Organic Search
5723,2023-01-10,IL,Email
24682,2023-01-10,FL,Affiliate
14156,2023-01-10,CA,Email
23107,2023-01-10,IL,Email
14056,2023-01-10,GA,Email
19905,2023-01-10,CA,Organic Search
17035,2023-01-10,CA,Paid Social
3644,2023-01-10,TX,Paid Social
14138,2023-01-10,IL,Organic Search
20073,2023-01-10,TX,Paid Social
13402,2023-01-10,WA,Paid Social
7572,2023-01-10,IL,Paid Social
12995,2023-01-10,NY,Paid Social
21629,2023-01-10,GA,Paid Social
10135,2023-01-11,TX,Organic Search
11967,2023-01-11,IL,Referral
6585,2023-01-11,NY,Paid Social
18755,2023-01-11,,Email
5177,2023-01-11,GA,Referral
10172,2023-01-11,FL,Organic Search
21311,2023-01-11,FL,Paid Social
11915,2023-01-11,NY,Affiliate
17634,2023-01-11,IL,Paid Social
13725,2023-01-11,IL,Affiliate
15188,2023-01-11,FL,Paid Social
7397,2023-01-11,GA,Organic Search
22675,2023-01-11,NY,Paid Social
204,2023-01-11,NY,Referral
20947,2023-01-11,TX,Affiliate
207,2023-01-11,CA,Organic Search
16964,2023-01-11,CA,Paid Social
15942,2023-01-11,FL,Organic Search
8268,2023-01-11,NY,Paid Social
12580,2023-01-11,,Organic Search
7555,2023-01-11,,Paid Social
18457,2023-01-11,WA,Organic Search
17081,2023-01-12,IL,Paid Social
19123,2023-01-12,TX,Organic Search
674,2023-01-12,NY,Paid Social
7536,2023-01-12,WA,Email
8888,2023-01-12,TX,Paid Social
26697,2023-01-12,FL,Organic Search
25453,2023-01-12,GA,Paid Social
25428,2023-01-12,TX,Organic Search
28746,2023-01-12,GA,Organic Search
14329,2023-01-12,WA,Organic Search
16430,2023-01-12,WA,Paid Social
9629,2023-01-12,WA,Organic Search
15279,2023-01-12,TX,Paid Social
18718,2023-01-12,,Organic Search
18283,2023-01-12,TX,Organic Search
18481,2023-01-12,TX,Paid Social
20560,2023-01-12,NY,Organic Search
24492,2023-01-12,GA,Organic Search
5057,2023-01-12,WA,Paid Social
24322,2023-01-12,GA,Paid Social
29174,2023-01-12,IL,Email
818,2023-01-12,GA,Paid Social
16749,2023-01-13,FL,Email
7557,2023-01-13,IL,Organic Search
17232,2023-01-13,GA,Paid Social
25245,2023-01-13,WA,Organic Search
27131,2023-01-13,TX,Email
5090,2023-01-13,IL,Organic Search
3707,2023-01-13,NY,Email
22887,2023-01-13,CA,Paid Social
28044,2023-01-13,NY,Email
763,2023-01-13,NY,Organic Search
20454,2023-01-13,GA,Paid Social
5122,2023-01-13,FL,Affiliate
24084,2023-01-13,IL,Paid Social
1214,2023-01-13,FL,Email
18932,2023-01-14,NY,Affiliate
21697,2023-01-14,,Paid Social
25053,2023-01-14,TX,Paid Social
17995,2023-01-14,FL,Email
12291,2023-01-14,GA,Paid Social
29154,2023-01-14,IL,Paid Social
14940,2023-01-14,GA,Email
13623,2023-01-14,IL,Email
5897,2023-01-14,NY,Affiliate
403,2023-01-14,NY,Paid Social
15492,2023-01-14,GA,Organic Search
711,2023-01-14,,Email
29320,2023-01-14,,Paid Social
19039,2023-01-14,CA,Affiliate
3054,2023-01-14,FL,Organic Search
743,2023-01-14,CA,Email
14536,2023-01-14,FL,Organic Search
15872,2023-01-14,CA,Organic Search
8918,2023-01-14,CA,Email
24858,2023-01-14,IL,Organic Search
28679,2023-01-14,FL,Affiliate
19460,2023-01-14,,Organic Search
19474,2023-01-14,,Paid Social
22829,2023-01-14,NY,Organic Search
4280,2023-01-14,TX,Paid Social
9215,2023-01-14,NY,Organic Search
10359,2023-01-15,IL,Organic Search
19892,2023-01-15,CA,Organic Search
23426,2023-01-15,,Referral
21555,2023-01-15,GA,Paid Social
27782,2023-01-15,IL,Paid Social
22879,2023-01-15,GA,Email
10419,2023-01-15,TX,Paid Social
14289,2023-01-15,CA,Email
26584,2023-01-15,GA,Organic Search
23987,2023-01-15,GA,Organic Search
7656,2023-01-15,,Email
24820,2023-01-15,IL,Paid Social
6421,2023-01-15,FL,Affiliate
20164,2023-01-15,TX,Email
10693,2023-01-15,NY,Affiliate
6413,2023-01-15,IL,Referral
7391,2023-01-15,,Paid Social
1657,2023-01-15,GA,Paid Social
10281,2023-01-15,IL,Paid Social
6877,2023-01-15,TX,Organic Search
3776,2023-01-15,FL,Affiliate
1276,2023-01-15,IL,Organic Search
19579,2023-01-15,GA,Paid Social
19351,2023-01-15,TX,Organic Search
20423,2023-01-15,FL,Paid Social
24373,2023-01-15,CA,Organic Search
7979,2023-01-15,TX,Email
24237,2023-01-15,WA,Email
21884,2023-01-15,FL,Paid Social
17113,2023-01-16,WA,Paid Social
14495,2023-01-16,FL,Email
6891,2023-01-16,CA,Paid Social
18229,2023-01-16,CA,Email
6483,2023-01-16,GA,Paid Social
14897,2023-01-16,FL,Paid Social
3091,2023-01-16,FL,Paid Social
21835,2023-01-16,NY,Email
23691,2023-01-16,NY,Paid Social
4643,2023-01-16,WA,Referral
12317,2023-01-16,GA,Paid Social
6711,2023-01-16,GA,Organic Search
2471,2023-01-16,FL,Organic Search
5745,2023-01-16,FL,Organic Search
5573,2023-01-16,TX,Email
28242,2023-01-16,NY,Organic Search
6266,2023-01-16,,Paid Social
4200,2023-01-16,,Paid Social
9541,2023-01-16,,Organic Search
20700,2023-01-17,IL,Paid Social
14528,2023-01-17,WA,Paid Social
7628,2023-01-17,IL,Paid Social
24874,2023-01-17,TX,Paid Social
13808,2023-01-17,GA,Organic Search
25909,2023-01-17,IL,Paid Social
25917,2023-01-17,NY,Paid Social
399,2023-01-17,NY,Email
29274,2023-01-17,WA,Paid Social
8104,2023-01-17,WA,Organic Search
17544,2023-01-17,WA,Affiliate
27400,2023-01-17,,Paid Social
21051,2023-01-17,FL,Paid Social
16758,2023-01-17,CA,Referral
9435,2023-01-17,,Organic Search
27752,2023-01-17,WA,Organic Search
13679,2023-01-17,GA,Paid Social
25446,2023-01-17,GA,Organic Search
20387,2023-01-17,IL,Affiliate
11892,2023-01-17,,Organic Search
17645,2023-01-17,NY,Affiliate
12231,2023-01-17,FL,Paid Social
24005,2023-01-17,TX,Affiliate
28525,2023-01-17,,Organic Search
2246,2023-01-17,CA,Paid Social
18804,2023-01-17,GA,Paid Social
21566,2023-01-17,CA,Paid Social
20717,2023-01-17,FL,Organic Search
4700,2023-01-17,TX,Affiliate
819,2023-01-18,GA,Organic Search
22864,2023-01-18,IL,Paid Social
26324,2023-01-18,WA,Organic Search
23452,2023-01-18,IL,Affiliate
26228,2023-01-18,TX,Paid Social
254,2023-01-18,NY,Paid Social
2695,2023-01-18,GA,Affiliate
3381,2023-01-18,NY,Paid Social
22363,2023-01-18,,Affiliate
3542,2023-01-18,GA,Email
1698,2023-01-18,,Organic Search
8645,2023-01-18,NY,Paid Social
13013,2023-01-18,TX,Email
2160,2023-01-18,TX,Email
13829,2023-01-18,GA,Organic Search
18790,2023-01-18,GA,Paid Social
693,2023-01-18,NY,Paid Social
27248,2023-01-18,CA,Organic Search
19807,2023-01-18,GA,Paid Social
6029,2023-01-18,IL,Email
10312,2023-01-18,CA,Organic Search
10486,2023-01-18,NY,Email
2971,2023-01-19,TX,Paid Social
29252,2023-01-19,TX,Affiliate
6361,2023-01-19,NY,Organic Search
22241,2023-01-19,CA,Email
1440,2023-01-19,WA,Paid Social
29412,2023-01-19,TX,Paid Social
4114,2023-01-19,FL,Organic Search
27678,2023-01-19,TX,Paid Social
9553,2023-01-19,,Email
8677,2023-01-19,NY,Organic Search
17049,2023-01-19,NY,Paid Social
25214,2023-01-19,GA,Paid Social
18821,2023-01-19,,Affiliate
18322,2023-01-19,GA,Paid Social
26257,2023-01-19,FL,Affiliate
15124,2023-01-19,CA,Paid Social
18060,2023-01-19,TX,Paid Social
16780,2023-01-19,TX,Paid Social
11419,2023-01-19,FL,Email
9399,2023-01-19,WA,Paid Social
24148,2023-01-19,GA,Organic Search
24433,2023-01-19,CA,Organic Search
19667,2023-01-20,GA,Paid Social
12347,2023-01-20,,Organic Search
14140,2023-01-20,GA,Paid Social
6785,2023-01-20,TX,Email
3019,2023-01-20,NY,Organic Search
6892,2023-01-20,NY,Affiliate
365,2023-01-20,WA,Affiliate
22923,2023-01-20,GA,Organic Search
5009,2023-01-20,WA,Organic Search
2596,2023-01-20,CA,Email
28652,2023-01-20,WA,Paid Social
28839,2023-01-20,GA,Paid Social
13377,2023-01-20,FL,Referral
3245,2023-01-20,IL,Email
20282,2023-01-20,,Affiliate
29013,2023-01-20,WA,Organic Search
19940,2023-01-20,CA,Organic Search
15062,2023-01-20,IL,Organic Search
20563,2023-01-20,WA,Paid Social
26402,2023-01-20,,Paid Social
9316,2023-01-20,CA,Organic Search
29277,2023-01-20,,Organic Search
17408,2023-01-20,CA,Paid Social
25783,2023-01-20,GA,Organic Search
519,2023-01-20,CA,Affiliate
18459,2023-01-20,GA,Paid Social
28141,2023-01-20,TX,Organic Search
14527,2023-01-20,,Paid Social
11838,2023-01-21,FL,Email
2828,2023-01-21,NY,Organic Search
25708,2023-01-21,NY,Organic Search
18894,2023-01-21,FL,Paid Social
6982,2023-01-21,TX,Paid Social
25846,2023-01-21,TX,Email
12812,2023-01-21,IL,Paid Social
29709,2023-01-21,IL,Affiliate
28849,2023-01-21,FL,Organic Search
19405,2023-01-21,FL,Email
1413,2023-01-21,,Organic Search
25303,2023-01-21,IL,Referral
1369,2023-01-21,FL,Organic Search
15269,2023-01-21,FL,Organic Search
16468,2023-01-21,IL,Organic Search
18268,2023-01-21,CA,Paid Social
17704,2023-01-21,CA,Email
17010,2023-01-21,IL,Email
29220,2023-01-21,FL,Organic Search
9980,2023-01-21,NY,Paid Social
22050,2023-01-21,,Organic Search
20620,2023-01-21,GA,Paid Social
17796,2023-01-21,NY,Organic Search
17802,2023-01-21,WA,Affiliate
973,2023-01-21,WA,Email
4540,2023-01-22,,Organic Search
29414,2023-01-22,,Email
19314,2023-01-22,,Paid Social
12453,2023-01-22,IL,Organic Search
13393,2023-01-22,GA,Organic Search
24807,2023-01-22,FL,Paid Social
23685,2023-01-22,,Organic Search
2733,2023-01-22,NY,Organic Search
16253,2023-01-22,TX,Organic Search
14324,2023-01-22,NY,Paid Social
22710,2023-01-22,IL,Organic Search
26523,2023-01-22,WA,Paid Social
4174,2023-01-22,FL,Paid Social
18766,2023-01-22,TX,Email
18513,2023-01-22,GA,Affiliate
28604,2023-01-22,GA,Paid Social
10766,2023-01-22,TX,Paid Social
3026,2023-01-22,IL,Paid Social
20466,2023-01-22,FL,Organic Search
3812,2023-01-22,,Paid Social
18209,2023-01-22,GA,Paid Social
12500,2023-01-23,GA,Email
5815,2023-01-23,GA,Organic Search
28505,2023-01-23,NY,Organic Search
5004,2023-01-23,TX,Paid Social
13354,2023-01-23,IL,Paid Social
27660,2023-01-23,WA,Paid Social
24176,2023-01-23,WA,Affiliate
15383,2023-01-23,IL,Organic Search
4292,2023-01-23,CA,Organic Search
22976,2023-01-23,NY,Affiliate
4058,2023-01-23,CA,Organic Search
4822,2023-01-23,FL,Organic Search
17219,2023-01-23,WA,Paid Social
8092,2023-01-23,NY,Paid Social
12186,2023-01-23,FL,Email
430,2023-01-23,CA,Organic Search
28208,2023-01-23,WA,Organic Search
8314,2023-01-23,TX,Paid Social
12256,2023-01-23,CA,Paid Social
998,2023-01-23,IL,Organic Search
7539,2023-01-23,FL,Paid Social
18108,2023-01-23,GA,Paid Social
225,2023-01-23,FL,Organic Search
28773,2023-01-23,CA,Organic Search
15082,2023-01-23,NY,Paid Social
16405,2023-01-23,FL,Referral
13429,2023-01-23,IL,Organic Search
6878,2023-01-23,CA,Organic Search
10125,2023-01-23,,Organic Search
16908,2023-01-24,NY,Organic Search
15631,2023-01-24,GA,Paid Social
10958,2023-01-24,WA,Email
3556,2023-01-24,GA,Paid Social
28864,2023-01-24,FL,Paid Social
10396,2023-01-24,GA,Email
8369,2023-01-24,IL,Paid Social
21439,2023-01-24,TX,Paid Social
247,2023-01-24,GA,Paid Social
7045,2023-01-24,TX,Affiliate
2272,2023-01-24,GA,Paid Social
15816,2023-01-24,,Paid Social
6701,2023-01-24,CA,Paid Social
11444,2023-01-24,CA,Paid Social
16432,2023-01-24,IL,Email
24157,2023-01-24,IL,Paid Social
9748,2023-01-24,IL,Paid Social
11914,2023-01-24,WA,Affiliate
27832,2023-01-24,WA,Organic Search
10059,2023-01-24,CA,Paid Social
15445,2023-01-24,NY,Paid Social
24240,2023-01-24,GA,Paid Social
23488,2023-01-24,,Paid Social
12763,2023-01-24,TX,Paid Social
12665,2023-01-25,TX,Paid Social
2379,2023-01-25,TX,Paid Social
26630,2023-01-25,FL,Organic Search
2660,2023-01-25,IL,Paid Social
24305,2023-01-25,GA,Paid Social
8779,2023-01-25,NY,Email
9052,2023-01-25,WA,Paid Social
14376,2023-01-25,TX,Email
3919,2023-01-25,IL,Paid Social
21474,2023-01-25,FL,Affiliate
9403,2023-01-25,FL,Paid Social
23403,2023-01-25,FL,Paid Social
16273,2023-01-25,FL,Affiliate
22507,2023-01-25,FL,Paid Social
15913,2023-01-25,NY,Email
14762,2023-01-25,WA,Referral
10560,2023-01-25,WA,Affiliate
15375,2023-01-25,WA,Organic Search
644,2023-01-25,GA,Paid Social
16911,2023-01-25,IL,Affiliate
8649,2023-01-25,FL,Email
19359,2023-01-25,TX,Paid Social
2441,2023-01-25,FL,Paid Social
1745,2023-01-25,WA,Paid Social
27530,2023-01-25,GA,Paid Social
17281,2023-01-25,IL,Paid Social
23249,2023-01-25,WA,Affiliate
26450,2023-01-25,GA,Affiliate
29015,2023-01-25,NY,Paid Social
17799,2023-01-25,WA,Paid Social
22188,2023-01-25,GA,Paid Social
28025,2023-01-26,IL,Affiliate
29417,2023-01-26,WA,Organic Search
14130,2023-01-26,WA,Organic Search
28445,2023-01-26,NY,Affiliate
3573,2023-01-26,TX,Email
25125,2023-01-26,FL,Paid Social
17222,2023-01-26,IL,Paid Social
17071,2023-01-26,,Paid Social
20884,2023-01-26,IL,Paid Social
29838,2023-01-26,,Paid Social
22358,2023-01-26,,Organic Search
2809,2023-01-26,CA,Paid Social
20827,2023-01-26,TX,Affiliate
11291,2023-01-26,CA,Paid Social
22040,2023-01-26,GA,Paid Social
5991,2023-01-26,CA,Organic Search
11126,2023-01-26,GA,Email
17105,2023-01-26,GA,Organic Search
26578,2023-01-26,FL,Paid Social
21430,2023-01-26,TX,Paid Social
27501,2023-01-26,CA,Affiliate
1577,2023-01-26,TX,Organic Search
12001,2023-01-26,IL,Paid Social
592,2023-01-26,NY,Paid Social
17336,2023-01-26,IL,Affiliate
556,2023-01-26,,Paid Social
18178,2023-01-26,GA,Paid Social
11757,2023-01-26,NY,Email
19361,2023-01-26,FL,Organic Search
7955,2023-01-26,FL,Referral
5633,2023-01-26,,Organic Search
20655,2023-01-27,FL,Email
11672,2023-01-27,GA,Organic Search
5606,2023-01-27,CA,Paid Social
22803,2023-01-27,FL,Paid Social
9091,2023-01-27,CA,Paid Social
5097,2023-01-27,CA,Email
3395,2023-01-27,FL,Affiliate
23364,2023-01-27,GA,Affiliate
29999,2023-01-27,IL,Paid Social
7531,2023-01-27,,Organic Search
11194,2023-01-27,WA,Paid Social
15080,2023-01-27,NY,Paid Social
13196,2023-01-27,CA,Email
8956,2023-01-27,CA,Paid Social
4295,2023-01-27,CA,Paid Social
9362,2023-01-27,IL,Email
20212,2023-01-27,FL,Organic Search
21266,2023-01-27,TX,Paid Social
20358,2023-01-27,,Email
14534,2023-01-27,NY,Paid Social
15687,2023-01-27,IL,Affiliate
1935,2023-01-27,,Paid Social
15669,2023-01-27,GA,Paid Social
14573,2023-01-27,GA,Paid Social
25381,2023-01-28,GA,Organic Search
12925,2023-01-28,TX,Paid Social
27651,2023-01-28,,Paid Social
3130,2023-01-28,WA,Email
29859,2023-01-28,WA,Email
6196,2023-01-28,TX,Organic Search
19259,2023-01-28,IL,Organic Search
19842,2023-01-28,,Paid Social
11714,2023-01-28,CA,Paid Social
29011,2023-01-28,IL,Affiliate
22110,2023-01-28,WA,Organic Search
1231,2023-01-28,WA,Referral
6283,2023-01-28,WA,Email
5760,2023-01-28,GA,Paid Social
19651,2023-01-28,NY,Organic Search
10221,2023-01-28,IL,Paid Social
14364,2023-01-28,GA,Referral
20411,2023-01-28,WA,Organic Search
12138,2023-01-29,GA,Paid Social
27638,2023-01-29,,Organic Search
29590,2023-01-29,GA,Affiliate
5757,2023-01-29,TX,Paid Social
11357,2023-01-29,IL,Organic Search
23197,2023-01-29,,Paid Social
18275,2023-01-29,CA,Paid Social
15015,2023-01-29,CA,Referral
2882,2023-01-29,TX,Referral
26195,2023-01-29,WA,Organic Search
7253,2023-01-29,GA,Organic Search
3997,2023-01-29,NY,Paid Social
10223,2023-01-29,IL,Affiliate
14301,2023-01-29,GA,Organic Search
6787,2023-01-29,CA,Affiliate
21485,2023-01-29,FL,Referral
15360,2023-01-29,IL,Paid Social
3753,2023-01-29,,Paid Social
16435,2023-01-29,IL,Paid Social
6976,2023-01-29,NY,Paid Social
23340,2023-01-29,NY,Paid Social
10385,2023-01-29,IL,Referral
20190,2023-01-29,NY,Organic Search
16169,2023-01-29,CA,Paid Social
26134,2023-01-29,GA,Organic Search
15376,2023-01-29,,Paid Social
14215,2023-01-29,GA,Paid Social
26893,2023-01-30,TX,Paid Social
22619,2023-01-30,FL,Paid Social
24406,2023-01-30,,Affiliate
2115,2023-01-30,WA,Paid Social
11115,2023-01-30,CA,Paid Social
24818,2023-01-30,,Organic Search
2039,2023-01-30,FL,Organic Search
3281,2023-01-30,NY,Paid Social
4244,2023-01-30,NY,Paid Social
25304,2023-01-30,TX,Organic Search
21315,2023-01-30,,Paid Social
20271,2023-01-30,,Paid Social
15357,2023-01-30,TX,Paid Social
18167,2023-01-30,CA,Affiliate
20883,2023-01-30,,Email
23537,2023-01-30,CA,Organic Search
1296,2023-01-30,WA,Organic Search
23954,2023-01-30,GA,Paid Social
18192,2023-01-30,TX,Paid Social
10748,2023-01-30,NY,Referral
22111,2023-01-31,FL,Paid Social
24381,2023-01-31,CA,Organic Search
13505,2023-01-31,NY,Organic Search
7528,2023-01-31,FL,Paid Social
29192,2023-01-31,WA,Paid Social
3265,2023-01-31,WA,Email
24793,2023-01-31,NY,Email
21140,2023-01-31,CA,Organic Search
24109,2023-01-31,TX,Organic Search
26000,2023-01-31,TX,Email
856,2023-01-31,FL,Organic Search
2998,2023-01-31,WA,Paid Social
20127,2023-01-31,WA,Paid Social
3030,2023-01-31,CA,Paid Social
3965,2023-01-31,NY,Organic Search
5184,2023-01-31,GA,Affiliate
830,2023-01-31,GA,Paid Social
2137,2023-01-31,TX,Organic Search
16259,2023-02-01,IL,Organic Search
11212,2023-02-01,NY,Email
29143,2023-02-01,TX,Email
2963,2023-02-01,WA,Paid Social
21102,2023-02-01,NY,Organic Search
2230,2023-02-01,TX,Organic Search
1101,2023-02-01,CA,Organic Search
21190,2023-02-01,NY,Affiliate
13833,2023-02-01,IL,Paid Social
20352,2023-02-01,GA,Paid Social
1651,2023-02-01,CA,Organic Search
18212,2023-02-01,IL,Organic Search
13565,2023-02-01,GA,Paid Social
10762,2023-02-01,WA,Paid Social
27908,2023-02-01,GA,Paid Social
25190,2023-02-01,TX,Paid Social
1040,2023-02-01,IL,Paid Social
7160,2023-02-01,GA,Paid Social
18752,2023-02-01,CA,Paid Social
28388,2023-02-01,,Organic Search
8733,2023-02-01,TX,Organic Search
13456,2023-02-01,TX,Email
29188,2023-02-01,TX,Paid Social
9647,2023-02-01,TX,Email
27834,2023-02-01,,Affiliate
17332,2023-02-02,FL,Paid Social
5258,2023-02-02,NY,Paid Social
20699,2023-02-02,GA,Affiliate
1937,2023-02-02,WA,Organic Search
27989,2023-02-02,NY,Paid Social
16235,2023-02-02,CA,Email
10270,2023-02-02,WA,Paid Social
21191,2023-02-02,IL,Paid Social
11280,2023-02-02,TX,Email
20143,2023-02-02,,Paid Social
2352,2023-02-02,NY,Affiliate
16976,2023-02-02,WA,Paid Social
15722,2023-02-02,IL,Organic Search
8838,2023-02-02,GA,Paid Social
16158,2023-02-02,FL,Organic Search
5871,2023-02-02,WA,Organic Search
7119,2023-02-02,WA,Paid Social
21011,2023-02-02,TX,Paid Social
5800,2023-02-02,WA,Organic Search
14074,2023-02-02,NY,Affiliate
24306,2023-02-02,,Organic Search
28596,2023-02-02,WA,Organic Search
24750,2023-02-02,GA,Affiliate
4985,2023-02-03,TX,Paid Social
18555,2023-02-03,WA,Paid Social
26604,2023-02-03,FL,Email
6983,2023-02-03,CA,Affiliate
15091,2023-02-03,IL,Organic Search
2537,2023-02-03,GA,Email
13198,2023-02-03,GA,Paid Social
29973,2023-02-03,IL,Organic Search
28602,2023-02-03,NY,Organic Search
22384,2023-02-03,NY,Affiliate
8555,2023-02-03,WA,Paid Social
8403,2023-02-03,NY,Paid Social
25548,2023-02-03,,Affiliate
29872,2023-02-03,,Organic Search
8478,2023-02-03,GA,Paid Social
18746,2023-02-03,WA,Referral
29783,2023-02-03,NY,Organic Search
17824,2023-02-03,CA,Paid Social
25954,2023-02-03,WA,Paid Social
28692,2023-02-03,TX,Organic Search
16408,2023-02-03,FL,Organic Search
29954,2023-02-03,GA,Email
23111,2023-02-03,GA,Organic Search
12986,2023-02-03,NY,Affiliate
10939,2023-02-03,GA,Organic Search
14474,2023-02-04,GA,Referral
15845,2023-02-04,CA,Organic Search
25679,2023-02-04,WA,Email
25417,2023-02-04,WA,Paid Social
6797,2023-02-04,NY,Affiliate
13890,2023-02-04,IL,Paid Social
21715,2023-02-04,FL,Email
338,2023-02-04,CA,Email
9351,2023-02-04,FL,Organic Search
22453,2023-02-04,CA,Paid Social
10216,2023-02-04,FL,Email
17892,2023-02-04,NY,Paid Social
7285,2023-02-04,CA,Organic Search
24747,2023-02-04,GA,Organic Search
13766,2023-02-04,NY,Paid Social
19880,2023-02-04,,Organic Search
17705,2023-02-04,,Paid Social
11208,2023-02-04,WA,Organic Search
20637,2023-02-04,NY,Affiliate
22904,2023-02-05,WA,Affiliate
9966,2023-02-05,WA,Paid Social
21422,2023-02-05,,Organic Search
27757,2023-02-05,FL,Paid Social
13588,2023-02-05,TX,Organic Search
3772,2023-02-05,GA,Affiliate
776,2023-02-05,CA,Organic Search
20499,2023-02-05,TX,Paid Social
29845,2023-02-05,FL,Organic Search
28911,2023-02-05,IL,Paid Social
3250,2023-02-05,TX,Paid Social
13894,2023-02-05,GA,Affiliate
12621,2023-02-05,NY,Email
14732,2023-02-05,IL,Organic Search
583,2023-02-05,WA,Paid Social
11365,2023-02-05,CA,Organic Search
28178,2023-02-05,GA,Organic Search
1082,2023-02-05,GA,Organic Search
29057,2023-02-05,IL,Paid Social
10613,2023-02-05,TX,Organic Search
26524,2023-02-05,,Organic Search
17069,2023-02-05,FL,Email
11668,2023-02-05,IL,Email
10348,2023-02-05,NY,Affiliate
11637,2023-02-05,GA,Paid Social
747,2023-02-06,FL,Paid Social
1235,2023-02-06,GA,Paid Social
21863,2023-02-06,IL,Paid Social
15825,2023-02-06,FL,Organic Search
8067,2023-02-06,GA,Paid Social
28272,2023-02-06,CA,Organic Search
23035,2023-02-06,TX,Organic Search
17715,2023-02-06,WA,Organic Search
5694,2023-02-06,GA,Paid Social
27719,2023-02-06,TX,Organic Search
26043,2023-02-06,GA,Organic Search
20793,2023-02-06,TX,Paid Social
28081,2023-02-06,FL,Organic Search
16532,2023-02-06,IL,Paid Social
6855,2023-02-06,TX,Organic Search
2013,2023-02-06,TX,Affiliate
11546,2023-02-06,CA,Paid Social
11003,2023-02-06,,Paid Social
20855,2023-02-06,NY,Affiliate
7758,2023-02-06,TX,Referral
15805,2023-02-06,CA,Paid Social
8607,2023-02-06,,Paid Social
21105,2023-02-06,IL,Organic Search
20531,2023-02-06,FL,Organic Search
15379,2023-02-06,FL,Email
2647,2023-02-06,TX,Affiliate
2983,2023-02-06,GA,Email
22477,2023-02-06,CA,Organic Search
11829,2023-02-06,TX,Organic Search
26031,2023-02-07,GA,Paid Social
14508,2023-02-07,WA,Paid Social
24330,2023-02-07,WA,Organic Search
9276,2023-02-07,CA,Paid Social
2712,2023-02-07,WA,Paid Social
29722,2023-02-07,FL,Organic Search
21803,2023-02-07,TX,Paid Social
16433,2023-02-07,,Email
1322,2023-02-07,GA,Organic Search
21852,2023-02-07,FL,Organic Search
19808,2023-02-07,NY,Organic Search
16771,2023-02-07,GA,Referral
22355,2023-02-07,CA,Email
23639,2023-02-07,WA,Organic Search
18141,2023-02-07,FL,Paid Social
21340,2023-02-07,TX,Paid Social
5068,2023-02-07,NY,Paid Social
19982,2023-02-07,CA,Paid Social
19776,2023-02-07,,Paid Social
5191,2023-02-07,TX,Paid Social
14887,2023-02-07,WA,Paid Social
3755,2023-02-07,FL,Organic Search
29325,2023-02-07,IL,Paid Social
2483,2023-02-07,IL,Affiliate
25030,2023-02-07,TX,Organic Search
7774,2023-02-07,TX,Paid Social
14684,2023-02-07,FL,Organic Search
6911,2023-02-07,FL,Paid Social
762,2023-02-07,TX,Paid Social
17475,2023-02-07,FL,Paid Social
7804,2023-02-07,IL,Paid Social
11471,2023-02-07,CA,Organic Search
8048,2023-02-07,FL,Organic Search
7810,2023-02-07,FL,Organic Search
28575,2023-02-08,NY,Organic Search
22957,2023-02-08,CA,Organic Search
23293,2023-02-08,CA,Paid Social
7624,2023-02-08,TX,Paid Social
22019,2023-02-08,IL,Affiliate
250,2023-02-08,IL,Referral
3436,2023-02-08,WA,Paid Social
8575,2023-02-08,,Referral
2343,2023-02-08,WA,Organic Search
7020,2023-02-08,NY,Email
1129,2023-02-08,WA,Paid Social
3727,2023-02-08,IL,Organic Search
845,2023-02-08,WA,Organic Search
13989,2023-02-08,,Organic Search
29187,2023-02-08,FL,Paid Social
15899,2023-02-08,,Organic Search
704,2023-02-08,FL,Organic Search
3913,2023-02-08,,Organic Search
13733,2023-02-08,IL,Affiliate
28640,2023-02-08,IL,Organic Search
15036,2023-02-08,IL,Email
26816,2023-02-08,FL,Organic Search
4433,2023-02-09,FL,Paid Social
16334,2023-02-09,FL,Affiliate
5067,2023-02-09,TX,Paid Social
28560,2023-02-09,IL,Organic Search
19375,2023-02-09,FL,Email
17667,2023-02-09,IL,Paid Social
11989,2023-02-09,,Email
15017,2023-02-09,CA,Paid Social
11980,2023-02-09,GA,Organic Search
12211,2023-02-09,,Paid Social
377,2023-02-09,,Email
24586,2023-02-09,IL,Email
22123,2023-02-09,FL,Affiliate
29505,2023-02-09,TX,Paid Social
15437,2023-02-09,FL,Email
23883,2023-02-09,,Paid Social
6284,2023-02-09,IL,Email
9154,2023-02-09,NY,Paid Social
1964,2023-02-09,,Paid Social
10496,2023-02-09,FL,Organic Search
21180,2023-02-09,TX,Paid Social
20382,2023-02-10,FL,Paid Social
23725,2023-02-10,FL,Paid Social
19784,2023-02-10,FL,Organic Search
24458,2023-02-10,CA,Paid Social
9947,2023-02-10,GA,Paid Social
23209,2023-02-10,IL,Paid Social
16128,2023-02-10,CA,Paid Social
20124,2023-02-10,TX,Paid Social
2326,2023-02-10,TX,Affiliate
9796,2023-02-10,,Paid Social
23493,2023-02-10,IL,Affiliate
17497,2023-02-10,FL,Paid Social
7306,2023-02-10,TX,Affiliate
5155,2023-02-10,TX,Paid Social
324,2023-02-10,FL,Organic Search
25811,2023-02-10,NY,Paid Social
27724,2023-02-10,WA,Organic Search
9122,2023-02-10,,Paid Social
26486,2023-02-10,CA,Organic Search
17564,2023-02-10,WA,Organic Search
17404,2023-02-10,,Email
10025,2023-02-11,NY,Email
16679,2023-02-11,IL,Organic Search
23349,2023-02-11,NY,Paid Social
2689,2023-02-11,,Paid Social
26932,2023-02-11,CA,Organic Search
26908,2023-02-11,FL,Paid Social
6451,2023-02-11,TX,Email
19163,2023-02-11,CA,Paid Social
12517,2023-02-11,CA,Paid Social
19297,2023-02-11,NY,Paid Social
8242,2023-02-11,IL,Paid Social
14956,2023-02-11,NY,Email
28750,2023-02-11,NY,Organic Search
14349,2023-02-11,IL,Organic Search
25358,2023-02-11,TX,Paid Social
14488,2023-02-11,WA,Email
15477,2023-02-11,CA,Email
24873,2023-02-11,FL,Organic Search
8914,2023-02-11,WA,Organic Search
699,2023-02-12,CA,Organic Search
15742,2023-02-12,IL,Email
29790,2023-02-12,WA,Paid Social
22840,2023-02-12,,Organic Search
28150,2023-02-12,NY,Affiliate
6769,2023-02-12,NY,Referral
6742,2023-02-12,IL,Organic Search
3209,2023-02-12,WA,Paid Social
15423,2023-02-12,GA,Organic Search
17023,2023-02-12,FL,Paid Social
16107,2023-02-12,NY,Paid Social
18820,2023-02-12,TX,Organic Search
24749,2023-02-12,TX,Paid Social
17115,2023-02-12,,Paid Social
25649,2023-02-12,CA,Referral
1394,2023-02-12,NY,Paid Social
8414,2023-02-12,FL,Paid Social
11692,2023-02-12,IL,Paid Social
27372,2023-02-12,CA,Paid Social
22341,2023-02-12,CA,Paid Social
1830,2023-02-12,IL,Organic Search
15296,2023-02-12,TX,Email
4466,2023-02-12,,Paid Social
6567,2023-02-12,FL,Paid Social
23048,2023-02-12,,Paid Social
585,2023-02-12,FL,Paid Social
23351,2023-02-12,CA,Paid Social
20155,2023-02-13,NY,Organic Search
29583,2023-02-13,WA,Paid Social
9301,2023-02-13,FL,Organic Search
13444,2023-02-13,GA,Email
1309,2023-02-13,WA,Paid Social
27215,2023-02-13,TX,Organic Search
7747,2023-02-13,WA,Organic Search
12712,2023-02-13,IL,Organic Search
12279,2023-02-13,,Paid Social
12044,2023-02-13,CA,Paid Social
24313,2023-02-13,FL,Paid Social
23069,2023-02-13,CA,Referral
12296,2023-02-13,NY,Referral
8038,2023-02-13,TX,Referral
3172,2023-02-13,,Organic Search
5279,2023-02-13,FL,Affiliate
12659,2023-02-13,NY,Paid Social
24609,2023-02-13,,Paid Social
22061,2023-02-13,TX,Paid Social
25026,2023-02-13,NY,Paid Social
12143,2023-02-13,FL,Paid Social
11145,2023-02-13,GA,Organic Search
28699,2023-02-13,CA,Affiliate
5868,2023-02-13,FL,Organic Search
10076,2023-02-13,,Organic Search
6928,2023-02-13,,Paid Social
14948,2023-02-13,WA,Paid Social
25280,2023-02-14,,Paid Social
22857,2023-02-14,,Paid Social
1978,2023-02-14,TX,Paid Social
22132,2023-02-14,TX,Organic Search
28406,2023-02-14,FL,Paid Social
28142,2023-02-14,,Paid Social
29408,2023-02-14,WA,Affiliate
11404,2023-02-14,,Paid Social
8954,2023-02-14,IL,Paid Social
18380,2023-02-14,FL,Paid Social
3986,2023-02-14,IL,Affiliate
7863,2023-02-14,FL,Organic Search
23020,2023-02-14,TX,Paid Social
20978,2023-02-14,GA,Referral
2891,2023-02-14,IL,Paid Social
22044,2023-02-14,TX,Paid Social
15632,2023-02-14,TX,Paid Social
27493,2023-02-14,NY,Organic Search
12923,2023-02-14,TX,Paid Social
13657,2023-02-14,CA,Paid Social
25203,2023-02-14,WA,Paid Social
7570,2023-02-14,TX,Organic Search
8065,2023-02-14,TX,Affiliate
29041,2023-02-15,IL,Email
15022,2023-02-15,NY,Email
29199,2023-02-15,IL,Organic Search
19127,2023-02-15,,Affiliate
3864,2023-02-15,WA,Organic Search
6568,2023-02-15,IL,Paid Social
15921,2023-02-15,TX,Referral
18312,2023-02-15,,Referral
4066,2023-02-15,GA,Organic Search
25186,2023-02-15,IL,Paid Social
9246,2023-02-15,NY,Affiliate
5728,2023-02-15,GA,Organic Search
26280,2023-02-15,CA,Organic Search
19847,2023-02-15,FL,Organic Search
1481,2023-02-15,CA,Email
2189,2023-02-15,NY,Email
4383,2023-02-15,IL,Paid Social
8438,2023-02-15,,Organic Search
21486,2023-02-15,FL,Affiliate
9625,2023-02-15,GA,Paid Social
13502,2023-02-15,GA,Paid Social
27223,2023-02-15,IL,Paid Social
8361,2023-02-15,GA,Email
3011,2023-02-15,IL,Paid Social
28708,2023-02-15,NY,Email
28079,2023-02-15,CA,Organic Search
3571,2023-02-15,CA,Paid Social
16011,2023-02-16,WA,Organic Search
3600,2023-02-16,,Paid Social
5134,2023-02-16,WA,Organic Search
23343,2023-02-16,GA,Affiliate
19798,2023-02-16,NY,Organic Search
5758,2023-02-16,IL,Paid Social
12432,2023-02-16,,Organic Search
11147,2023-02-16,TX,Paid Social
8384,2023-02-16,FL,Referral
5378,2023-02-16,CA,Paid Social
2707,2023-02-16,FL,Organic Search
2732,2023-02-16,GA,Paid Social
8547,2023-02-16,NY,Email
14188,2023-02-16,WA,Affiliate
598,2023-02-16,GA,Organic Search
637,2023-02-16,WA,Paid Social
29498,2023-02-16,CA,Paid Social
18848,2023-02-16,GA,Paid Social
5705,2023-02-16,CA,Affiliate
3674,2023-02-16,IL,Organic Search
21424,2023-02-16,FL,Paid Social
6454,2023-02-16,GA,Paid Social
4070,2023-02-16,WA,Email
15556,2023-02-16,CA,Email
21067,2023-02-16,TX,Paid Social
2485,2023-02-16,CA,Paid Social
29739,2023-02-16,GA,Paid Social
26842,2023-02-16,NY,Organic Search
19137,2023-02-16,,Organic Search
17416,2023-02-16,GA,Affiliate
19614,2023-02-16,GA,Paid Social
18148,2023-02-16,WA,Paid Social
5597,2023-02-16,NY,Paid Social
23292,2023-02-17,WA,Organic Search
29185,2023-02-17,WA,Organic Search
9253,2023-02-17,TX,Organic Search
26187,2023-02-17,,Paid Social
12370,2023-02-17,CA,Email
10354,2023-02-17,IL,Email
5033,2023-02-17,CA,Paid Social
1024,2023-02-17,,Affiliate
24103,2023-02-17,TX,Organic Search
5238,2023-02-17,,Paid Social
12684,2023-02-17,IL,Organic Search
23276,2023-02-17,FL,Organic Search
11408,2023-02-17,GA,Paid Social
16598,2023-02-17,GA,Paid Social
16594,2023-02-17,,Paid Social
24986,2023-02-17,TX,Email
2922,2023-02-17,GA,Email
23449,2023-02-17,CA,Email
6915,2023-02-17,WA,Organic Search
25830,2023-02-17,IL,Organic Search
26403,2023-02-17,IL,Paid Social
20811,2023-02-17,CA,Paid Social
11502,2023-02-17,TX,Referral
4101,2023-02-17,CA,Paid Social
26853,2023-02-17,NY,Paid Social
18767,2023-02-17,,Paid Social
24664,2023-02-18,GA,Affiliate
7600,2023-02-18,TX,Organic Search
4228,2023-02-18,CA,Paid Social
14501,2023-02-18,WA,Email
2708,2023-02-18,NY,Organic Search
5100,2023-02-18,GA,Organic Search
422,2023-02-18,NY,Email
23144,2023-02-18,WA,Referral
12170,2023-02-18,TX,Paid Social
7796,2023-02-18,IL,Organic Search
10181,2023-02-18,NY,Paid Social
6796,2023-02-18,GA,Organic Search
2147,2023-02-18,CA,Paid Social
285,2023-02-18,WA,Paid Social
29804,2023-02-18,CA,Organic Search
11747,2023-02-18,TX,Organic Search
6122,2023-02-18,CA,Organic Search
2263,2023-02-18,GA,Referral
19089,2023-02-18,FL,Email
10648,2023-02-18,IL,Email
3182,2023-02-18,,Organic Search
18378,2023-02-18,FL,Paid Social
28158,2023-02-18,IL,Email
1052,2023-02-18,WA,Paid Social
20927,2023-02-18,TX,Paid Social
124,2023-02-18,IL,Organic Search
4996,2023-02-18,WA,Referral
536,2023-02-18,WA,Affiliate
17008,2023-02-18,FL,Paid Social
18842,2023-02-18,FL,Affiliate
25719,2023-02-19,TX,Paid Social
22981,2023-02-19,,Email
15239,2023-02-19,FL,Paid Social
11084,2023-02-19,FL,Paid Social
235,2023-02-19,GA,Organic Search
2747,2023-02-19,WA,Paid Social
23553,2023-02-19,TX,Paid Social
13928,2023-02-19,IL,Organic Search
22202,2023-02-19,WA,Organic Search
458,2023-02-19,WA,Paid Social
29668,2023-02-19,FL,Affiliate
17914,2023-02-19,TX,Affiliate
28264,2023-02-19,TX,Organic Search
5326,2023-02-19,TX,Paid Social
1305,2023-02-19,FL,Email
11441,2023-02-19,CA,Organic Search
17849,2023-02-19,IL,Paid Social
26806,2023-02-20,GA,Affiliate
20125,2023-02-20,,Paid Social
15726,2023-02-20,NY,Organic Search
26977,2023-02-20,CA,Email
17910,2023-02-20,,Paid Social
20452,2023-02-20,FL,Affiliate
2920,2023-02-20,GA,Paid Social
12622,2023-02-20,TX,Referral
28205,2023-02-20,IL,Organic Search
8631,2023-02-20,TX,Paid Social
29093,2023-02-20,WA,Paid Social
26350,2023-02-20,TX,Organic Search
24434,2023-02-20,NY,Paid Social
17282,2023-02-20,NY,Paid Social
25728,2023-02-20,FL,Organic Search
10955,2023-02-20,IL,Referral
15344,2023-02-20,,Organic Search
29926,2023-02-21,CA,Organic Search
18079,2023-02-21,NY,Organic Search
15107,2023-02-21,FL,Organic Search
25403,2023-02-21,WA,Organic Search
1944,2023-02-21,WA,Email
21461,2023-02-21,CA,Email
17876,2023-02-21,FL,Paid Social
26685,2023-02-21,TX,Paid Social
1758,2023-02-21,CA,Paid Social
29721,2023-02-21,,Organic Search
23030,2023-02-21,WA,Organic Search
23521,2023-02-21,TX,Paid Social
23461,2023-02-21,GA,Email
18677,2023-02-21,,Affiliate
26892,2023-02-21,FL,Affiliate
19091,2023-02-21,GA,Organic Search
9982,2023-02-21,WA,Paid Social
4604,2023-02-21,NY,Paid Social
4251,2023-02-21,WA,Paid Social
23287,2023-02-21,CA,Organic Search
9474,2023-02-21,WA,Organic Search
23098,2023-02-21,WA,Email
14202,2023-02-21,,Referral
7291,2023-02-21,,Email
27302,2023-02-21,WA,Paid Social
29554,2023-02-21,WA,Affiliate
17759,2023-02-21,GA,Organic Search
19303,2023-02-21,NY,Affiliate
15303,2023-02-22,WA,Organic Search
26277,2023-02-22,WA,Email
6496,2023-02-22,CA,Organic Search
13757,2023-02-22,CA,Paid Social
26628,2023-02-22,,Email
29008,2023-02-22,IL,Paid Social
13995,2023-02-22,GA,Referral
4461,2023-02-22,GA,Paid Social
503,2023-02-22,IL,Paid Social
13046,2023-02-22,FL,Paid Social
1068,2023-02-22,CA,Organic Search
16584,2023-02-22,IL,Email
21588,2023-02-22,GA,Paid Social
6666,2023-02-22,IL,Email
10735,2023-02-22,,Paid Social
18114,2023-02-22,FL,Paid Social
3394,2023-02-22,IL,Paid Social
26320,2023-02-22,GA,Email
18967,2023-02-22,WA,Organic Search
8457,2023-02-22,CA,Paid Social
8500,2023-02-22,CA,Paid Social
446,2023-02-22,TX,Affiliate
24616,2023-02-22,IL,Paid Social
17743,2023-02-22,FL,Paid Social
1960,2023-02-23,FL,Email
15895,2023-02-23,IL,Organic Search
28666,2023-02-23,GA,Paid Social
16078,2023-02-23,WA,Organic Search
144,2023-02-23,WA,Paid Social
2311,2023-02-23,NY,Paid Social
11392,2023-02-23,CA,Organic Search
24915,2023-02-23,TX,Paid Social
6581,2023-02-23,NY,Referral
15536,2023-02-23,GA,Affiliate
21582,2023-02-23,WA,Paid Social
3805,2023-02-23,NY,Organic Search
9942,2023-02-23,IL,Organic Search
17679,2023-02-23,WA,Paid Social
25655,2023-02-23,GA,Paid Social
13166,2023-02-24,CA,Organic Search
807,2023-02-24,CA,Affiliate
27640,2023-02-24,WA,Referral
1336,2023-02-24,TX,Paid Social
3230,2023-02-24,IL,Organic Search
13759,2023-02-24,CA,Organic Search
21971,2023-02-24,IL,Organic Search
21820,2023-02-24,TX,Affiliate
12304,2023-02-24,IL,Paid Social
3656,2023-02-24,,Organic Search
1256,2023-02-24,NY,Paid Social
21622,2023-02-24,CA,Organic Search
20705,2023-02-24,IL,Email
11510,2023-02-24,TX,Paid Social
27579,2023-02-24,NY,Paid Social
29091,2023-02-24,CA,Email
16356,2023-02-24,FL,Affiliate
18249,2023-02-24,WA,Organic Search
25547,2023-02-24,WA,Organic Search
12466,2023-02-24,GA,Organic Search
28202,2023-02-24,,Paid Social
4256,2023-02-24,GA,Paid Social
11459,2023-02-24,CA,Affiliate
15031,2023-02-24,WA,Paid Social
3144,2023-02-24,FL,Paid Social
4642,2023-02-24,TX,Paid Social
19088,2023-02-24,,Referral
24300,2023-02-24,IL,Email
9484,2023-02-24,WA,Email
18216,2023-02-24,TX,Paid Social
3211,2023-02-24,NY,Organic Search
12979,2023-02-25,WA,Organic Search
146,2023-02-25,NY,Organic Search
23865,2023-02-25,WA,Email
14870,2023-02-25,FL,Paid Social
21326,2023-02-25,WA,Paid Social
25096,2023-02-25,GA,Organic Search
16866,2023-02-25,TX,Paid Social
5469,2023-02-25,IL,Email
10805,2023-02-25,NY,Affiliate
27045,2023-02-25,WA,Email
23019,2023-02-25,CA,Organic Search
6158,2023-02-25,FL,Email
6280,2023-02-25,,Organic Search
15585,2023-02-25,CA,Organic Search
588,2023-02-25,CA,Organic Search
15853,2023-02-25,CA,Organic Search
28422,2023-02-25,IL,Paid Social
6671,2023-02-25,IL,Paid Social
14831,2023-02-25,GA,Paid Social
15731,2023-02-25,TX,Email
29937,2023-02-25,WA,Affiliate
24187,2023-02-25,CA,Organic Search
24965,2023-02-25,CA,Paid Social
26430,2023-02-25,IL,Paid Social
23618,2023-02-25,GA,Paid Social
7005,2023-02-25,NY,Paid Social
16210,2023-02-25,CA,Paid Social
9997,2023-02-25,NY,Referral
20478,2023-02-26,,Paid Social
3151,2023-02-26,GA,Paid Social
24812,2023-02-26,NY,Paid Social
10254,2023-02-26,CA,Paid Social
5063,2023-02-26,TX,Paid Social
13088,2023-02-26,CA,Affiliate
4318,2023-02-26,FL,Organic Search
15668,2023-02-26,FL,Organic Search
2275,2023-02-26,,Affiliate
5085,2023-02-26,GA,Organic Search
24710,2023-02-26,TX,Email
16937,2023-02-26,FL,Organic Search
10835,2023-02-26,TX,Paid Social
27873,2023-02-26,IL,Paid Social
24095,2023-02-26,NY,Email
17549,2023-02-26,IL,Referral
19780,2023-02-26,NY,Paid Social
5856,2023-02-26,FL,Email
11540,2023-02-26,WA,Email
2524,2023-02-26,GA,Paid Social
23486,2023-02-26,,Organic Search
29175,2023-02-26,GA,Organic Search
13165,2023-02-26,IL,Paid Social
7965,2023-02-26,IL,Paid Social
11036,2023-02-27,TX,Affiliate
1187,2023-02-27,FL,Paid Social
4830,2023-02-27,TX,Paid Social
20232,2023-02-27,NY,Paid Social
26769,2023-02-27,NY,Paid Social
17559,2023-02-27,TX,Paid Social
18868,2023-02-27,CA,Email
16228,2023-02-27,NY,Affiliate
9455,2023-02-27,IL,Referral
23701,2023-02-27,GA,Referral
16013,2023-02-27,TX,Paid Social
29424,2023-02-27,FL,Paid Social
1782,2023-02-27,IL,Affiliate
29254,2023-02-27,FL,Organic Search
9292,2023-02-27,TX,Paid Social
16766,2023-02-27,CA,Organic Search
6253,2023-02-27,FL,Paid Social
2816,2023-02-27,GA,Email
28795,2023-02-27,FL,Paid Social
23282,2023-02-27,TX,Paid Social
13449,2023-02-27,WA,Email
16469,2023-02-28,GA,Email
22183,2023-02-28,CA,Paid Social
19345,2023-02-28,CA,Organic Search
28229,2023-02-28,FL,Organic Search
27355,2023-02-28,WA,Organic Search
18071,2023-02-28,WA,Email
5476,2023-02-28,TX,Paid Social
1411,2023-02-28,CA,Organic Search
19863,2023-02-28,NY,Organic Search
316,2023-02-28,TX,Paid Social
19754,2023-02-28,WA,Paid Social
3438,2023-02-28,CA,Paid Social
13849,2023-02-28,IL,Paid Social
7679,2023-02-28,WA,Organic Search
25761,2023-02-28,FL,Email
11664,2023-02-28,CA,Email
982,2023-02-28,WA,Email
12090,2023-02-28,,Paid Social
13814,2023-02-28,WA,Organic Search
27729,2023-02-28,CA,Organic Search
13192,2023-02-28,GA,Paid Social
19500,2023-02-28,GA,Paid Social
26593,2023-02-28,FL,Email
9554,2023-02-28,WA,Paid Social
29195,2023-02-28,IL,Paid Social
3989,2023-02-28,WA,Paid Social
12124,2023-03-01,TX,Affiliate
12508,2023-03-01,TX,Affiliate
11889,2023-03-01,GA,Paid Social
17262,2023-03-01,GA,Paid Social
9819,2023-03-01,WA,Paid Social
29237,2023-03-01,GA,Paid Social
4248,2023-03-01,,Organic Search
29637,2023-03-01,NY,Organic Search
25733,2023-03-01,WA,Paid Social
22351,2023-03-01,WA,Organic Search
24438,2023-03-01,TX,Paid Social
17972,2023-03-01,IL,Paid Social
8947,2023-03-01,GA,Email
23992,2023-03-01,NY,Paid Social
17541,2023-03-01,GA,Paid Social
6018,2023-03-01,NY,Paid Social
29661,2023-03-01,IL,Organic Search
29752,2023-03-01,WA,Organic Search
27592,2023-03-01,GA,Organic Search
26694,2023-03-01,WA,Organic Search
3736,2023-03-01,GA,Paid Social
27315,2023-03-01,FL,Organic Search
18166,2023-03-01,WA,Paid Social
3673,2023-03-01,,Email
6730,2023-03-01,,Email
12092,2023-03-01,WA,Organic Search
21789,2023-03-01,TX,Email
22414,2023-03-01,NY,Paid Social
2547,2023-03-01,WA,Organic Search
15859,2023-03-01,FL,Organic Search
21026,2023-03-01,WA,Email
28873,2023-03-02,WA,Paid Social
20168,2023-03-02,FL,Email
10204,2023-03-02,NY,Paid Social
1093,2023-03-02,WA,Paid Social
27693,2023-03-02,FL,Paid Social
2443,2023-03-02,NY,Email
5002,2023-03-02,IL,Paid Social
6659,2023-03-02,CA,Organic Search
2787,2023-03-02,WA,Affiliate
6076,2023-03-02,CA,Organic Search
17570,2023-03-02,CA,Email
8047,2023-03-02,CA,Email
19643,2023-03-02,NY,Paid Social
21038,2023-03-02,NY,Organic Search
23803,2023-03-02,TX,Paid Social
18787,2023-03-02,CA,Organic Search
14838,2023-03-02,NY,Email
9576,2023-03-02,CA,Paid Social
5287,2023-03-02,TX,Affiliate
11023,2023-03-02,FL,Affiliate
8507,2023-03-02,GA,Organic Search
1580,2023-03-03,CA,Paid Social
6256,2023-03-03,NY,Paid Social
5414,2023-03-03,CA,Organic Search
3320,2023-03-03,TX,Email
11312,2023-03-03,,Paid Social
14511,2023-03-03,TX,Affiliate
2697,2023-03-03,TX,Paid Social
15202,2023-03-03,IL,Paid Social
16725,2023-03-03,IL,Email
27182,2023-03-03,WA,Paid Social
29179,2023-03-03,GA,Paid Social
22726,2023-03-03,,Email
10191,2023-03-03,NY,Paid Social
2990,2023-03-03,FL,Referral
11986,2023-03-03,,Paid Social
21478,2023-03-03,IL,Organic Search
23445,2023-03-03,NY,Referral
17034,2023-03-03,WA,Email
29485,2023-03-03,IL,Organic Search
13835,2023-03-03,,Paid Social
7753,2023-03-03,TX,Organic Search
9104,2023-03-03,WA,Email
29056,2023-03-03,WA,Organic Search
20250,2023-03-03,GA,Paid Social
4196,2023-03-03,WA,Organic Search
9190,2023-03-03,GA,Email
9259,2023-03-03,WA,Email
8484,2023-03-03,,Affiliate
29566,2023-03-03,IL,Organic Search
25344,2023-03-03,NY,Email
16160,2023-03-03,IL,Organic Search
16276,2023-03-04,IL,Organic Search
20920,2023-03-04,CA,Organic Search
19890,2023-03-04,GA,Referral
752,2023-03-04,IL,Affiliate
17131,2023-03-04,IL,Email
8803,2023-03-04,GA,Paid Social
25244,2023-03-04,NY,Paid Social
29393,2023-03-04,WA,Paid Social
13898,2023-03-04,GA,Organic Search
10580,2023-03-04,TX,Email
14283,2023-03-04,CA,Paid Social
26056,2023-03-04,NY,Organic Search
27173,2023-03-04,FL,Organic Search
5226,2023-03-04,IL,Organic Search
7078,2023-03-04,WA,Paid Social
16860,2023-03-04,FL,Organic Search
16025,2023-03-04,CA,Email
12483,2023-03-04,NY,Organic Search
22149,2023-03-04,WA,Email
29062,2023-03-04,CA,Organic Search
18516,2023-03-04,CA,Paid Social
28043,2023-03-04,GA,Paid Social
1275,2023-03-04,FL,Paid Social
4269,2023-03-05,CA,Email
15435,2023-03-05,GA,Paid Social
6259,2023-03-05,NY,Email
1317,2023-03-05,FL,Paid Social
28000,2023-03-05,GA,Organic Search
23682,2023-03-05,NY,Affiliate
6197,2023-03-05,,Organic Search
6554,2023-03-05,IL,Organic Search
29657,2023-03-05,FL,Referral
10239,2023-03-05,FL,Email
9487,2023-03-05,,Organic Search
7741,2023-03-05,IL,Paid Social
14239,2023-03-05,,Paid Social
14424,2023-03-05,IL,Organic Search
13032,2023-03-05,TX,Paid Social
17723,2023-03-05,TX,Organic Search
26032,2023-03-05,IL,Referral
703,2023-03-06,CA,Paid Social
7586,2023-03-06,WA,Paid Social
9683,2023-03-06,,Paid Social
9870,2023-03-06,GA,Organic Search
9809,2023-03-06,,Affiliate
9378,2023-03-06,GA,Paid Social
12144,2023-03-06,NY,Organic Search
7136,2023-03-06,IL,Email
22317,2023-03-06,WA,Email
23224,2023-03-06,IL,Organic Search
18045,2023-03-06,FL,Email
4002,2023-03-06,WA,Email
25268,2023-03-06,GA,Organic Search
15420,2023-03-06,IL,Paid Social
2788,2023-03-06,GA,Organic Search
7599,2023-03-06,FL,Affiliate
27035,2023-03-06,FL,Organic Search
3160,2023-03-06,IL,Organic Search
28951,2023-03-06,TX,Paid Social
18534,2023-03-06,CA,Paid Social
17014,2023-03-06,FL,Organic Search
113,2023-03-06,FL,Affiliate
15905,2023-03-06,IL,Organic Search
24822,2023-03-06,FL,Organic Search
26278,2023-03-07,GA,Affiliate
28637,2023-03-07,GA,Email
9700,2023-03-07,FL,Email
17940,2023-03-07,CA,Referral
1090,2023-03-07,GA,Organic Search
8665,2023-03-07,,Paid Social
27495,2023-03-07,IL,Organic Search
17215,2023-03-07,FL,Paid Social
15554,2023-03-07,,Organic Search
23147,2023-03-07,IL,Organic Search
7632,2023-03-07,TX,Paid Social
1123,2023-03-07,CA,Referral
17676,2023-03-07,TX,Paid Social
17052,2023-03-07,FL,Organic Search
18682,2023-03-07,GA,Email
15933,2023-03-07,FL,Referral
14032,2023-03-07,IL,Email
4680,2023-03-07,,Paid Social
6936,2023-03-07,GA,Paid Social
8933,2023-03-07,GA,Organic Search
21876,2023-03-07,TX,Organic Search
25986,2023-03-07,GA,Email
7369,2023-03-07,IL,Organic Search
10334,2023-03-07,,Paid Social
29177,2023-03-07,NY,Organic Search
27825,2023-03-07,NY,Paid Social
27810,2023-03-07,CA,Organic Search
3749,2023-03-08,TX,Paid Social
10687,2023-03-08,GA,Paid Social
11458,2023-03-08,NY,Paid Social
7963,2023-03-08,TX,Organic Search
13202,2023-03-08,IL,Paid Social
7868,2023-03-08,NY,Paid Social
16140,2023-03-08,CA,Organic Search
2354,2023-03-08,TX,Referral
2432,2023-03-08,CA,Email
21605,2023-03-08,IL,Organic Search
9311,2023-03-08,NY,Organic Search
17943,2023-03-08,FL,Paid Social
4382,2023-03-08,IL,Organic Search
1815,2023-03-08,NY,Organic Search
10873,2023-03-08,FL,Paid Social
11802,2023-03-08,WA,Paid Social
7802,2023-03-08,FL,Organic Search
16330,2023-03-08,TX,Affiliate
26622,2023-03-08,TX,Organic Search
2701,2023-03-08,,Paid Social
4558,2023-03-08,GA,Paid Social
3703,2023-03-08,FL,Paid Social
28631,2023-03-09,GA,Paid Social
17951,2023-03-09,,Email
13321,2023-03-09,IL,Paid Social
6339,2023-03-09,NY,Paid Social
1891,2023-03-09,CA,Organic Search
19529,2023-03-09,NY,Affiliate
22665,2023-03-09,GA,Email
18390,2023-03-09,TX,Email
15064,2023-03-09,IL,Organic Search
6232,2023-03-09,TX,Affiliate
1761,2023-03-09,GA,Paid Social
1522,2023-03-09,WA,Affiliate
3115,2023-03-09,FL,Organic Search
4067,2023-03-09,GA,Organic Search
26264,2023-03-09,IL,Paid Social
3517,2023-03-09,,Organic Search
8391,2023-03-09,CA,Paid Social
7695,2023-03-09,TX,Affiliate
3185,2023-03-09,CA,Paid Social
19645,2023-03-09,TX,Paid Social
25915,2023-03-09,WA,Affiliate
20824,2023-03-10,CA,Paid Social
18900,2023-03-10,WA,Paid Social
7080,2023-03-10,,Email
325,2023-03-10,GA,Affiliate
10063,2023-03-10,CA,Paid Social
6535,2023-03-10,GA,Organic Search
18315,2023-03-10,GA,Affiliate
24429,2023-03-10,TX,Email
19113,2023-03-10,CA,Paid Social
29652,2023-03-10,,Paid Social
9859,2023-03-10,,Paid Social
5803,2023-03-10,WA,Organic Search
3958,2023-03-10,GA,Paid Social
6138,2023-03-10,IL,Affiliate
23505,2023-03-10,GA,Organic Search
3717,2023-03-10,IL,Paid Social
17863,2023-03-10,NY,Organic Search
908,2023-03-10,FL,Paid Social
11112,2023-03-10,CA,Organic Search
14478,2023-03-10,GA,Affiliate
27329,2023-03-10,TX,Organic Search
20175,2023-03-10,NY,Paid Social
3972,2023-03-10,IL,Paid Social
23337,2023-03-10,,Paid Social
29698,2023-03-10,,Organic Search
21135,2023-03-10,NY,Email
7451,2023-03-10,WA,Paid Social
14423,2023-03-10,CA,Paid Social
10460,2023-03-10,CA,Paid Social
22032,2023-03-10,,Paid Social
26427,2023-03-11,,Paid Social
14387,2023-03-11,GA,Email
320,2023-03-11,GA,Organic Search
6117,2023-03-11,NY,Paid Social
26664,2023-03-11,TX,Paid Social
20449,2023-03-11,GA,Paid Social
19876,2023-03-11,WA,Organic Search
4167,2023-03-11,WA,Organic Search
16170,2023-03-11,NY,Paid Social
19823,2023-03-11,FL,Affiliate
498,2023-03-11,IL,Organic Search
2936,2023-03-11,NY,Organic Search
17464,2023-03-11,,Organic Search
25540,2023-03-11,,Paid Social
6728,2023-03-11,IL,Organic Search
224,2023-03-11,,Paid Social
28002,2023-03-11,FL,Organic Search
23076,2023-03-11,GA,Email
28930,2023-03-11,CA,Organic Search
7159,2023-03-11,TX,Paid Social
299,2023-03-11,IL,Paid Social
1515,2023-03-11,IL,Organic Search
10623,2023-03-11,,Paid Social
25275,2023-03-11,CA,Paid Social
22486,2023-03-12,,Paid Social
7277,2023-03-12,GA,Paid Social
16497,2023-03-12,NY,Paid Social
28818,2023-03-12,NY,Paid Social
9956,2023-03-12,IL,Paid Social
24404,2023-03-12,NY,Email
29643,2023-03-12,CA,Paid Social
27700,2023-03-12,CA,Paid Social
28416,2023-03-12,IL,Paid Social
3194,2023-03-12,CA,Paid Social
16298,2023-03-12,TX,Affiliate
12809,2023-03-12,NY,Paid Social
13852,2023-03-12,GA,Paid Social
26319,2023-03-12,WA,Paid Social
19480,2023-03-12,NY,Referral
2850,2023-03-12,TX,Paid Social
15764,2023-03-12,CA,Organic Search
27737,2023-03-12,,Paid Social
16661,2023-03-12,,Email
24934,2023-03-12,,Paid Social
27853,2023-03-13,CA,Paid Social
28175,2023-03-13,,Organic Search
11482,2023-03-13,NY,Paid Social
15608,2023-03-13,FL,Paid Social
5022,2023-03-13,,Paid Social
3387,2023-03-13,NY,Organic Search
17937,2023-03-13,CA,Paid Social
880,2023-03-13,WA,Organic Search
12135,2023-03-13,,Organic Search
3429,2023-03-13,FL,Referral
1147,2023-03-13,NY,Email
24282,2023-03-13,NY,Paid Social
21433,2023-03-13,TX,Paid Social
14873,2023-03-13,FL,Paid Social
6010,2023-03-13,NY,Organic Search
24901,2023-03-13,WA,Email
1552,2023-03-13,WA,Paid Social
13476,2023-03-13,IL,Organic Search
24211,2023-03-13,,Paid Social
11241,2023-03-13,TX,Organic Search
5966,2023-03-13,WA,Referral
15446,2023-03-13,,Paid Social
25233,2023-03-13,GA,Organic Search
1144,2023-03-13,WA,Paid Social
29425,2023-03-14,TX,Paid Social
23991,2023-03-14,CA,Organic Search
2022,2023-03-14,TX,Paid Social
25797,2023-03-14,,Email
10915,2023-03-14,WA,Referral
29367,2023-03-14,FL,Organic Search
16882,2023-03-14,,Email
19274,2023-03-14,,Organic Search
15403,2023-03-14,NY,Email
915,2023-03-14,NY,Paid Social
21156,2023-03-14,CA,Paid Social
12246,2023-03-14,FL,Organic Search
7630,2023-03-14,,Email
29493,2023-03-14,WA,Paid Social
14621,2023-03-14,WA,Referral
12608,2023-03-14,IL,Referral
13394,2023-03-14,TX,Referral
6633,2023-03-14,GA,Paid Social
11606,2023-03-14,GA,Email
14235,2023-03-14,NY,Affiliate
28732,2023-03-14,CA,Organic Search
21784,2023-03-14,WA,Affiliate
18876,2023-03-15,WA,Affiliate
8896,2023-03-15,CA,Organic Search
8014,2023-03-15,GA,Organic Search
105,2023-03-15,CA,Affiliate
17272,2023-03-15,CA,Referral
24948,2023-03-15,FL,Affiliate
29732,2023-03-15,FL,Paid Social
20552,2023-03-15,IL,Paid Social
11513,2023-03-15,IL,Referral
10202,2023-03-15,,Organic Search
9115,2023-03-15,WA,Paid Social
14405,2023-03-15,IL,Paid Social
3652,2023-03-15,GA,Paid Social
26966,2023-03-15,TX,Organic Search
5176,2023-03-15,,Email
6055,2023-03-15,TX,Email
16951,2023-03-15,IL,Affiliate
6045,2023-03-15,WA,Email
11258,2023-03-15,IL,Paid Social
21361,2023-03-15,IL,Paid Social
3010,2023-03-15,NY,Organic Search
16878,2023-03-15,CA,Paid Social
13410,2023-03-16,TX,Email
28527,2023-03-16,NY,Organic Search
29700,2023-03-16,WA,Paid Social
22753,2023-03-16,FL,Email
5621,2023-03-16,FL,Organic Search
27927,2023-03-16,CA,Paid Social
6207,2023-03-16,CA,Organic Search
11397,2023-03-16,TX,Email
17248,2023-03-16,FL,Email
29244,2023-03-16,GA,Paid Social
21766,2023-03-16,CA,Affiliate
15625,2023-03-16,NY,Paid Social
11998,2023-03-16,IL,Paid Social
277,2023-03-16,TX,Email
23436,2023-03-16,GA,Paid Social
6041,2023-03-16,IL,Paid Social
16803,2023-03-16,NY,Email
21663,2023-03-16,CA,Organic Search
4169,2023-03-16,GA,Paid Social
8861,2023-03-16,NY,Paid Social
10781,2023-03-16,FL,Affiliate
872,2023-03-16,TX,Organic Search
27861,2023-03-16,FL,Organic Search
17458,2023-03-16,CA,Paid Social
11924,2023-03-16,,Affiliate
8120,2023-03-16,CA,Paid Social
15069,2023-03-16,CA,Organic Search
29042,2023-03-16,IL,Paid Social
13304,2023-03-16,,Email
22988,2023-03-17,NY,Organic Search
28486,2023-03-17,,Paid Social
19191,2023-03-17,NY,Email
25115,2023-03-17,,Organic Search
23568,2023-03-17,WA,Paid Social
22281,2023-03-17,GA,Paid Social
10926,2023-03-17,CA,Organic Search
21319,2023-03-17,CA,Email
13021,2023-03-17,,Paid Social
2509,2023-03-17,CA,Email
5271,2023-03-17,GA,Organic Search
18451,2023-03-17,,Organic Search
29734,2023-03-17,GA,Organic Search
10453,2023-03-17,CA,Email
400,2023-03-18,IL,Email
14246,2023-03-18,WA,Organic Search
14529,2023-03-18,CA,Email
24089,2023-03-18,TX,Paid Social
18728,2023-03-18,GA,Organic Search
530,2023-03-18,NY,Referral
27496,2023-03-18,,Email
14533,2023-03-18,TX,Organic Search
14382,2023-03-18,,Paid Social
15073,2023-03-18,CA,Paid Social
15238,2023-03-18,FL,Paid Social
26974,2023-03-18,TX,Paid Social
4948,2023-03-18,,Email
12117,2023-03-18,TX,Paid Social
29831,2023-03-18,TX,Paid Social
12086,2023-03-18,FL,Organic Search
18059,2023-03-18,CA,Paid Social
5411,2023-03-18,WA,Paid Social
11019,2023-03-18,TX,Paid Social
4644,2023-03-18,IL,Organic Search
28643,2023-03-18,GA,Email
27381,2023-03-19,FL,Email
2399,2023-03-19,CA,Paid Social
16409,2023-03-19,WA,Paid Social
8646,2023-03-19,TX,Paid Social
6870,2023-03-19,,Affiliate
7681,2023-03-19,IL,Affiliate
17975,2023-03-19,IL,Paid Social
8118,2023-03-19,CA,Organic Search
3616,2023-03-19,TX,Organic Search
27933,2023-03-19,WA,Paid Social
2942,2023-03-19,,Paid Social
20114,2023-03-19,,Email
26351,2023-03-19,NY,Paid Social
22199,2023-03-19,,Paid Social
20283,2023-03-19,CA,Paid Social
18978,2023-03-19,IL,Email
3361,2023-03-19,NY,Email
22571,2023-03-19,NY,Organic Search
13049,2023-03-19,,Affiliate
28742,2023-03-19,NY,Paid Social
7043,2023-03-19,IL,Paid Social
24852,2023-03-19,IL,Affiliate
26498,2023-03-19,IL,Organic Search
694,2023-03-19,,Organic Search
7595,2023-03-19,TX,Organic Search
13066,2023-03-20,NY,Paid Social
14904,2023-03-20,,Organic Search
7456,2023-03-20,WA,Affiliate
25179,2023-03-20,NY,Paid Social
13259,2023-03-20,IL,Organic Search
27397,2023-03-20,FL,Organic Search
1148,2023-03-20,WA,Paid Social
20432,2023-03-20,NY,Paid Social
6539,2023-03-20,IL,Paid Social
3775,2023-03-20,WA,Paid Social
12683,2023-03-20,GA,Paid Social
28876,2023-03-20,GA,Paid Social
5102,2023-03-20,NY,Paid Social
9561,2023-03-20,IL,Email
364,2023-03-20,,Paid Social
3471,2023-03-20,CA,Organic Search
4928,2023-03-21,TX,Organic Search
20077,2023-03-21,WA,Organic Search
17711,2023-03-21,IL,Organic Search
5035,2023-03-21,TX,Organic Search
8717,2023-03-21,NY,Paid Social
8997,2023-03-21,,Organic Search
19730,2023-03-21,IL,Paid Social
17934,2023-03-21,NY,Organic Search
8179,2023-03-21,GA,Organic Search
415,2023-03-21,WA,Paid Social
8138,2023-03-21,CA,Affiliate
19789,2023-03-21,FL,Referral
19046,2023-03-21,WA,Organic Search
15485,2023-03-21,GA,Email
16384,2023-03-21,CA,Paid Social
4930,2023-03-21,GA,Affiliate
21666,2023-03-21,CA,Email
11340,2023-03-21,GA,Paid Social
3208,2023-03-21,IL,Email
12022,2023-03-22,GA,Paid Social
20222,2023-03-22,,Referral
13744,2023-03-22,GA,Paid Social
19013,2023-03-22,,Paid Social
21232,2023-03-22,WA,Organic Search
10668,2023-03-22,GA,Organic Search
23694,2023-03-22,IL,Affiliate
16986,2023-03-22,CA,Organic Search
15720,2023-03-22,IL,Email
18397,2023-03-22,GA,Paid Social
9507,2023-03-22,TX,Organic Search
2854,2023-03-22,FL,Affiliate
28592,2023-03-22,TX,Email
25961,2023-03-22,IL,Email
18968,2023-03-22,GA,Organic Search
289,2023-03-22,CA,Organic Search
188,2023-03-22,FL,Paid Social
20104,2023-03-22,,Organic Search
21341,2023-03-22,,Organic Search
22313,2023-03-22,WA,Organic Search
6526,2023-03-22,CA,Affiliate
19712,2023-03-22,FL,Organic Search
21660,2023-03-22,WA,Email
26557,2023-03-22,WA,Referral
4146,2023-03-22,NY,Paid Social
1816,2023-03-22,CA,Affiliate
15739,2023-03-22,WA,Paid Social
4374,2023-03-23,,Paid Social
14335,2023-03-23,IL,Paid Social
29002,2023-03-23,NY,Organic Search
11421,2023-03-23,NY,Email
1807,2023-03-23,TX,Paid Social
24041,2023-03-23,NY,Paid Social
28776,2023-03-23,GA,Email
28041,2023-03-23,,Organic Search
26374,2023-03-23,IL,Organic Search
20297,2023-03-23,IL,Email
12823,2023-03-23,GA,Organic Search
12653,2023-03-23,WA,Organic Search
3138,2023-03-23,,Email
23285,2023-03-23,CA,Affiliate
2605,2023-03-23,CA,Organic Search
5983,2023-03-23,,Affiliate
22899,2023-03-23,WA,Organic Search
14604,2023-03-23,CA,Organic Search
1463,2023-03-23,NY,Organic Search
13863,2023-03-23,FL,Paid Social
25779,2023-03-23,TX,Paid Social
3565,2023-03-23,GA,Paid Social
24842,2023-03-23,TX,Organic Search
22706,2023-03-23,CA,Paid Social
4281,2023-03-23,IL,Organic Search
24925,2023-03-23,,Organic Search
3754,2023-03-24,CA,Paid Social
6504,2023-03-24,CA,Organic Search
22990,2023-03-24,WA,Email
8629,2023-03-24,GA,Organic Search
19083,2023-03-24,CA,Organic Search
25808,2023-03-24,IL,Organic Search
15620,2023-03-24,CA,Paid Social
11678,2023-03-24,CA,Paid Social
10507,2023-03-24,,Paid Social
9926,2023-03-24,CA,Organic Search
16304,2023-03-24,CA,Paid Social
24479,2023-03-24,CA,Paid Social
2320,2023-03-24,WA,Paid Social
17172,2023-03-24,WA,Organic Search
16764,2023-03-24,,Paid Social
10925,2023-03-24,TX,Email
22794,2023-03-25,TX,Paid Social
24460,2023-03-25,GA,Paid Social
1503,2023-03-25,WA,Organic Search
8003,2023-03-25,FL,Organic Search
4756,2023-03-25,IL,Referral
13111,2023-03-25,NY,Organic Search
24317,2023-03-25,IL,Paid Social
15267,2023-03-25,FL,Organic Search
5480,2023-03-25,TX,Paid Social
5912,2023-03-25,,Affiliate
18153,2023-03-25,TX,Paid Social
4191,2023-03-25,TX,Email
28344,2023-03-25,CA,Affiliate
3305,2023-03-26,NY,Organic Search
11519,2023-03-26,GA,Email
16189,2023-03-26,NY,Paid Social
22021,2023-03-26,FL,Email
14484,2023-03-26,FL,Paid Social
18833,2023-03-26,CA,Organic Search
9241,2023-03-26,,Paid Social
21878,2023-03-26,IL,Email
445,2023-03-26,FL,Email
21979,2023-03-26,,Affiliate
25029,2023-03-26,IL,Organic Search
1818,2023-03-26,FL,Email
10922,2023-03-26,TX,Paid Social
7091,2023-03-26,TX,Organic Search
15032,2023-03-26,IL,Affiliate
26657,2023-03-26,TX,Email
5335,2023-03-26,NY,Affiliate
10999,2023-03-26,FL,Organic Search
17851,2023-03-26,TX,Email
16233,2023-03-26,CA,Email
18482,2023-03-26,WA,Affiliate
28090,2023-03-27,FL,Paid Social
28805,2023-03-27,GA,Affiliate
17314,2023-03-27,CA,Paid Social
23614,2023-03-27,,Organic Search
20310,2023-03-27,GA,Email
13284,2023-03-27,WA,Organic Search
15961,2023-03-27,NY,Paid Social
17353,2023-03-27,CA,Paid Social
24903,2023-03-27,TX,Organic Search
18222,2023-03-27,CA,Paid Social
12218,2023-03-27,IL,Paid Social
17490,2023-03-27,FL,Affiliate
12449,2023-03-27,WA,Paid Social
11939,2023-03-27,IL,Organic Search
20945,2023-03-27,WA,Email
2333,2023-03-27,CA,Paid Social
2445,2023-03-27,GA,Paid Social
21712,2023-03-27,GA,Paid Social
463,2023-03-27,GA,Email
343,2023-03-28,WA,Organic Search
10846,2023-03-28,,Referral
26171,2023-03-28,,Organic Search
23575,2023-03-28,TX,Affiliate
18030,2023-03-28,,Email
5003,2023-03-28,IL,Referral
20375,2023-03-28,TX,Paid Social
27954,2023-03-28,WA,Organic Search
4531,2023-03-28,WA,Organic Search
7706,2023-03-28,CA,Organic Search
7872,2023-03-28,,Organic Search
15931,2023-03-28,GA,Organic Search
18850,2023-03-28,FL,Paid Social
3770,2023-03-28,NY,Organic Search
7971,2023-03-28,NY,Affiliate
5985,2023-03-28,NY,Organic Search
3889,2023-03-28,CA,Paid Social
6129,2023-03-28,WA,Organic Search
11943,2023-03-28,WA,Organic Search
297,2023-03-28,NY,Email
18485,2023-03-28,FL,Paid Social
2371,2023-03-28,CA,Paid Social
22553,2023-03-28,WA,Email
29967,2023-03-28,FL,Organic Search
23783,2023-03-28,WA,Email
18619,2023-03-28,CA,Paid Social
21585,2023-03-28,IL,Organic Search
25593,2023-03-28,WA,Email
5333,2023-03-29,CA,Organic Search
24543,2023-03-29,NY,Organic Search
3750,2023-03-29,GA,Referral
7141,2023-03-29,FL,Affiliate
11317,2023-03-29,GA,Paid Social
14598,2023-03-29,GA,Affiliate
22743,2023-03-29,NY,Paid Social
25134,2023-03-29,NY,Paid Social
20998,2023-03-29,CA,Paid Social
28976,2023-03-29,NY,Organic Search
954,2023-03-29,,Affiliate
18325,2023-03-29,GA,Organic Search
9074,2023-03-29,IL,Paid Social
16804,2023-03-29,CA,Email
29788,2023-03-29,FL,Email
19796,2023-03-29,TX,Email
28288,2023-03-29,FL,Organic Search
11872,2023-03-29,NY,Paid Social
11635,2023-03-29,WA,Paid Social
17170,2023-03-29,NY,Organic Search
10647,2023-03-29,CA,Referral
3221,2023-03-29,WA,Paid Social
2673,2023-03-29,TX,Email
21417,2023-03-29,,Organic Search
20063,2023-03-29,WA,Email
29453,2023-03-30,CA,Organic Search
10662,2023-03-30,TX,Organic Search
5955,2023-03-30,WA,Organic Search
6759,2023-03-30,TX,Affiliate
27504,2023-03-30,FL,Paid Social
1867,2023-03-30,TX,Organic Search
23272,2023-03-30,NY,Organic Search
21088,2023-03-30,CA,Referral
11450,2023-03-30,FL,Referral
7801,2023-03-30,GA,Organic Search
29564,2023-03-30,CA,Affiliate
13180,2023-03-30,GA,Paid Social
4194,2023-03-30,FL,Email
2980,2023-03-30,IL,Affiliate
9143,2023-03-30,IL,Affiliate
14091,2023-03-30,FL,Affiliate
10077,2023-03-30,WA,Organic Search
24033,2023-03-30,CA,Organic Search
15728,2023-03-30,TX,Email
9334,2023-03-30,FL,Email
24736,2023-03-30,CA,Organic Search
20286,2023-03-30,NY,Referral
26156,2023-03-30,IL,Organic Search
22847,2023-03-30,IL,Email
11066,2023-03-30,FL,Organic Search
17969,2023-03-31,CA,Paid Social
10564,2023-03-31,,Organic Search
7356,2023-03-31,IL,Email
12775,2023-03-31,CA,Paid Social
26422,2023-03-31,,Organic Search
9129,2023-03-31,WA,Email
16936,2023-03-31,FL,Paid Social
25717,2023-03-31,TX,Organic Search
13816,2023-03-31,CA,Organic Search
26890,2023-03-31,FL,Organic Search
962,2023-03-31,CA,Paid Social
3547,2023-03-31,FL,Organic Search
21343,2023-03-31,GA,Paid Social
10611,2023-03-31,CA,Paid Social
22776,2023-03-31,TX,Affiliate
27676,2023-03-31,GA,Organic Search
6966,2023-03-31,WA,Organic Search
16250,2023-03-31,IL,Organic Search
29482,2023-03-31,,Organic Search
4238,2023-03-31,TX,Email
28217,2023-03-31,FL,Organic Search
22906,2023-03-31,IL,Email
29480,2023-03-31,FL,Email
19964,2023-03-31,IL,Affiliate
6044,2023-04-01,TX,Organic Search
20659,2023-04-01,GA,Organic Search
19867,2023-04-01,IL,Paid Social
11425,2023-04-01,IL,Email
5946,2023-04-01,CA,Paid Social
5056,2023-04-01,TX,Paid Social
15145,2023-04-01,NY,Paid Social
29372,2023-04-01,WA,Organic Search
6293,2023-04-01,,Affiliate
26947,2023-04-01,GA,Paid Social
3911,2023-04-01,TX,Organic Search
20854,2023-04-01,NY,Affiliate
10224,2023-04-01,TX,Organic Search
6051,2023-04-01,WA,Paid Social
11052,2023-04-02,GA,Organic Search
2576,2023-04-02,CA,Paid Social
26661,2023-04-02,TX,Affiliate
18090,2023-04-02,GA,Organic Search
22688,2023-04-02,FL,Organic Search
3447,2023-04-02,TX,Email
18960,2023-04-02,FL,Referral
3399,2023-04-02,WA,Organic Search
29190,2023-04-02,CA,Organic Search
11495,2023-04-02,CA,Paid Social
3415,2023-04-02,GA,Email
25951,2023-04-02,FL,Email
27084,2023-04-02,WA,Paid Social
7041,2023-04-02,FL,Email
3926,2023-04-02,CA,Organic Search
4095,2023-04-02,,Paid Social
27896,2023-04-02,FL,Organic Search
18528,2023-04-02,,Organic Search
14785,2023-04-02,IL,Paid Social
25618,2023-04-02,NY,Organic Search
6193,2023-04-02,CA,Email
25698,2023-04-02,IL,Paid Social
20971,2023-04-02,NY,Affiliate
20915,2023-04-02,CA,Paid Social
16970,2023-04-02,,Paid Social
12628,2023-04-03,CA,Affiliate
20276,2023-04-03,FL,Organic Search
24834,2023-04-03,,Email
4475,2023-04-03,NY,Paid Social
2287,2023-04-03,WA,Affiliate
5489,2023-04-03,WA,Paid Social
337,2023-04-03,,Referral
25950,2023-04-03,FL,Paid Social
5455,2023-04-03,,Email
7123,2023-04-03,IL,Paid Social
13851,2023-04-03,GA,Organic Search
17860,2023-04-03,,Paid Social
20448,2023-04-03,FL,Organic Search
16822,2023-04-03,,Paid Social
2342,2023-04-03,NY,Organic Search
26456,2023-04-03,GA,Paid Social
5289,2023-04-03,,Organic Search
26795,2023-04-03,FL,Organic Search
1709,2023-04-03,IL,Paid Social
16743,2023-04-03,GA,Email
6603,2023-04-03,,Paid Social
18131,2023-04-03,FL,Paid Social
2383,2023-04-03,,Affiliate
7494,2023-04-03,GA,Paid Social
13005,2023-04-03,CA,Organic Search
11342,2023-04-04,GA,Organic Search
27532,2023-04-04,CA,Paid Social
18063,2023-04-04,IL,Referral
6303,2023-04-04,TX,Paid Social
22261,2023-04-04,,Email
1425,2023-04-04,NY,Affiliate
29486,2023-04-04,,Organic Search
21182,2023-04-04,CA,Email
8279,2023-04-04,TX,Paid Social
15856,2023-04-04,NY,Organic Search
21281,2023-04-04,FL,Organic Search
19483,2023-04-04,IL,Paid Social
2669,2023-04-04,TX,Email
26310,2023-04-04,NY,Paid Social
28413,2023-04-04,WA,Affiliate
11082,2023-04-04,FL,Paid Social
5872,2023-04-04,NY,Organic Search
4921,2023-04-04,TX,Affiliate
4978,2023-04-04,CA,Organic Search
14737,2023-04-04,NY,Organic Search
4635,2023-04-04,TX,Organic Search
7976,2023-04-04,GA,Organic Search
25212,2023-04-04,WA,Organic Search
29303,2023-04-04,IL,Paid Social
14663,2023-04-04,WA,Paid Social
11384,2023-04-04,NY,Paid Social
268,2023-04-04,CA,Email
11298,2023-04-05,IL,Organic Search
24119,2023-04-05,GA,Affiliate
11752,2023-04-05,IL,Referral
25898,2023-04-05,WA,Referral
20404,2023-04-05,,Email
22772,2023-04-05,FL,Paid Social
21283,2023-04-05,GA,Paid Social
21476,2023-04-05,CA,Paid Social
1012,2023-04-05,FL,Affiliate
22306,2023-04-05,GA,Paid Social
27924,2023-04-05,NY,Paid Social
14503,2023-04-05,GA,Organic Search
26413,2023-04-05,NY,Affiliate
5724,2023-04-05,TX,Organic Search
12978,2023-04-05,IL,Organic Search
25724,2023-04-05,CA,Affiliate
1431,2023-04-06,NY,Paid Social
18974,2023-04-06,,Email
19132,2023-04-06,TX,Paid Social
11265,2023-04-06,TX,Email
10305,2023-04-06,TX,Organic Search
22510,2023-04-06,IL,Paid Social
8713,2023-04-06,IL,Paid Social
24347,2023-04-06,,Affiliate
8479,2023-04-06,FL,Paid Social
8566,2023-04-06,CA,Paid Social
15128,2023-04-06,FL,Paid Social
23233,2023-04-06,FL,Paid Social
5552,2023-04-06,IL,Paid Social
4445,2023-04-06,,Paid Social
6494,2023-04-06,IL,Organic Search
18285,2023-04-06,,Referral
14708,2023-04-06,GA,Paid Social
12836,2023-04-06,GA,Paid Social
6543,2023-04-06,,Affiliate
4404,2023-04-06,CA,Paid Social
7408,2023-04-06,NY,Affiliate
28999,2023-04-06,GA,Organic Search
3708,2023-04-06,IL,Organic Search
21171,2023-04-07,FL,Affiliate
13658,2023-04-07,TX,Paid Social
13090,2023-04-07,FL,Paid Social
26530,2023-04-07,CA,Paid Social
1906,2023-04-07,GA,Organic Search
27731,2023-04-07,GA,Organic Search
1051,2023-04-07,TX,Referral
7422,2023-04-07,,Paid Social
10392,2023-04-07,FL,Paid Social
24732,2023-04-07,CA,Organic Search
4888,2023-04-07,NY,Paid Social
3581,2023-04-07,TX,Paid Social
17740,2023-04-07,CA,Paid Social
15167,2023-04-07,TX,Organic Search
980,2023-04-07,GA,Paid Social
20291,2023-04-07,CA,Email
29344,2023-04-07,NY,Organic Search
18879,2023-04-07,IL,Organic Search
4234,2023-04-07,NY,Affiliate
15952,2023-04-07,IL,Organic Search
3037,2023-04-07,GA,Paid Social
12561,2023-04-07,NY,Email
21380,2023-04-07,CA,Affiliate
2308,2023-04-07,CA,Paid Social
24450,2023-04-07,NY,Organic Search
21360,2023-04-07,,Referral
9985,2023-04-07,WA,Referral
20817,2023-04-07,WA,Paid Social
3200,2023-04-07,FL,Paid Social
21282,2023-04-07,GA,Email
13033,2023-04-08,GA,Paid Social
9904,2023-04-08,WA,Paid Social
15584,2023-04-08,,Paid Social
9903,2023-04-08,CA,Organic Search
7851,2023-04-08,WA,Paid Social
13184,2023-04-08,NY,Organic Search
13186,2023-04-08,GA,Email
3261,2023-04-08,CA,Organic Search
1139,2023-04-08,FL,Paid Social
12157,2023-04-08,GA,Organic Search
25083,2023-04-08,NY,Email
28856,2023-04-08,WA,Email
27337,2023-04-08,IL,Email
27255,2023-04-08,WA,Organic Search
7200,2023-04-08,CA,Affiliate
2863,2023-04-08,,Affiliate
805,2023-04-08,TX,Paid Social
27468,2023-04-08,NY,Paid Social
17267,2023-04-08,GA,Organic Search
13474,2023-04-08,FL,Paid Social
15218,2023-04-08,NY,Organic Search
22914,2023-04-08,FL,Paid Social
5579,2023-04-08,NY,Affiliate
16893,2023-04-08,IL,Organic Search
20876,2023-04-08,NY,Paid Social
20176,2023-04-08,TX,Organic Search
18352,2023-04-08,TX,Referral
5979,2023-04-08,GA,Paid Social
20403,2023-04-08,IL,Affiliate
27209,2023-04-09,IL,Paid Social
17322,2023-04-09,WA,Organic Search
2784,2023-04-09,,Email
2169,2023-04-09,FL,Paid Social
4828,2023-04-09,NY,Organic Search
999,2023-04-09,FL,Affiliate
1135,2023-04-09,FL,Paid Social
17019,2023-04-09,TX,Email
6914,2023-04-09,TX,Organic Search
23051,2023-04-09,,Email
25372,2023-04-09,TX,Email
24281,2023-04-09,CA,Organic Search
3171,2023-04-09,NY,Paid Social
17754,2023-04-09,WA,Paid Social
15117,2023-04-09,GA,Paid Social
26386,2023-04-09,,Organic Search
22987,2023-04-09,FL,Organic Search
9165,2023-04-09,NY,Affiliate
1265,2023-04-09,WA,Organic Search
22874,2023-04-09,TX,Paid Social
4745,2023-04-09,CA,Organic Search
8775,2023-04-09,FL,Affiliate
15247,2023-04-09,FL,Email
14115,2023-04-10,IL,Organic Search
14323,2023-04-10,GA,Paid Social
16072,2023-04-10,IL,Paid Social
21095,2023-04-10,TX,Affiliate
28834,2023-04-10,NY,Paid Social
29243,2023-04-10,CA,Email
8969,2023-04-10,TX,Paid Social
14153,2023-04-10,GA,Paid Social
2114,2023-04-10,,Referral
4657,2023-04-10,,Email
24425,2023-04-10,GA,Paid Social
13738,2023-04-10,CA,Email
28755,2023-04-10,IL,Organic Search
22154,2023-04-10,IL,Organic Search
6406,2023-04-10,,Referral
26612,2023-04-10,,Organic Search
3345,2023-04-10,WA,Paid Social
28318,2023-04-10,,Paid Social
10379,2023-04-10,,Email
10407,2023-04-10,FL,Organic Search
8885,2023-04-10,IL,Email
22630,2023-04-10,GA,Organic Search
20361,2023-04-10,TX,Affiliate
1598,2023-04-10,,Organic Search
12225,2023-04-10,FL,Email
3179,2023-04-10,IL,Email
29196,2023-04-10,FL,Organic Search
990,2023-04-10,WA,Email
8801,2023-04-10,NY,Email
19330,2023-04-11,GA,Organic Search
14686,2023-04-11,TX,Organic Search
19280,2023-04-11,TX,Paid Social
23103,2023-04-11,,Email
11641,2023-04-11,TX,Affiliate
10741,2023-04-11,IL,Organic Search
21441,2023-04-11,IL,Paid Social
12389,2023-04-11,CA,Affiliate
8633,2023-04-11,,Organic Search
23228,2023-04-11,,Organic Search
15098,2023-04-11,CA,Paid Social
24481,2023-04-11,CA,Affiliate
7978,2023-04-11,FL,Email
5637,2023-04-11,FL,Paid Social
13768,2023-04-11,WA,Paid Social
7420,2023-04-11,FL,Email
13207,2023-04-11,,Paid Social
21385,2023-04-11,IL,Paid Social
23041,2023-04-11,,Affiliate
21378,2023-04-11,TX,Email
15832,2023-04-11,FL,Organic Search
2581,2023-04-12,FL,Organic Search
16987,2023-04-12,NY,Organic Search
18941,2023-04-12,TX,Paid Social
6113,2023-04-12,CA,Affiliate
11027,2023-04-12,FL,Organic Search
14199,2023-04-12,WA,Email
8103,2023-04-12,NY,Paid Social
14585,2023-04-12,CA,Email
16779,2023-04-12,IL,Paid Social
15076,2023-04-12,WA,Paid Social
6611,2023-04-12,TX,Referral
28094,2023-04-12,,Organic Search
15183,2023-04-12,GA,Email
17211,2023-04-12,IL,Email
28673,2023-04-12,,Email
21848,2023-04-12,IL,Paid Social
26844,2023-04-12,,Organic Search
28107,2023-04-12,WA,Paid Social
16081,2023-04-12,GA,Paid Social
22518,2023-04-12,IL,Email
25378,2023-04-12,FL,Referral
20529,2023-04-12,WA,Affiliate
27767,2023-04-12,GA,Paid Social
757,2023-04-12,WA,Paid Social
29229,2023-04-13,CA,Organic Search
25014,2023-04-13,WA,Organic Search
9087,2023-04-13,,Paid Social
21903,2023-04-13,FL,Referral
14218,2023-04-13,CA,Organic Search
11201,2023-04-13,,Organic Search
20227,2023-04-13,IL,Organic Search
4078,2023-04-13,,Organic Search
20680,2023-04-13,WA,Organic Search
4371,2023-04-13,NY,Organic Search
21247,2023-04-13,,Affiliate
26516,2023-04-13,NY,Email
11028,2023-04-13,CA,Paid Social
20535,2023-04-13,TX,Paid Social
26588,2023-04-13,NY,Email
25904,2023-04-13,TX,Organic Search
21052,2023-04-13,IL,Organic Search
12327,2023-04-13,TX,Email
27570,2023-04-13,CA,Referral
18405,2023-04-13,CA,Organic Search
29556,2023-04-13,NY,Email
21316,2023-04-13,NY,Email
13913,2023-04-13,FL,Paid Social
9164,2023-04-13,TX,Paid Social
26225,2023-04-13,WA,Organic Search
7842,2023-04-13,IL,Paid Social
19181,2023-04-13,WA,Email
12360,2023-04-13,GA,Paid Social
3745,2023-04-13,TX,Organic Search
29995,2023-04-13,IL,Organic Search
27909,2023-04-13,FL,Paid Social
19071,2023-04-13,NY,Organic Search
21413,2023-04-14,WA,Email
2786,2023-04-14,TX,Organic Search
2183,2023-04-14,TX,Organic Search
528,2023-04-14,IL,Organic Search
15222,2023-04-14,,Affiliate
8772,2023-04-14,CA,Organic Search
26730,2023-04-14,CA,Affiliate
21514,2023-04-14,GA,Paid Social
1789,2023-04-14,NY,Organic Search
25851,2023-04-14,GA,Organic Search
2168,2023-04-14,,Organic Search
26956,2023-04-14,NY,Email
11214,2023-04-14,WA,Organic Search
5173,2023-04-14,FL,Organic Search
29365,2023-04-14,GA,Organic Search
15727,2023-04-14,IL,Paid Social
26097,2023-04-14,CA,Paid Social
7762,2023-04-14,GA,Organic Search
1922,2023-04-14,WA,Organic Search
16492,2023-04-14,FL,Organic Search
2300,2023-04-15,WA,Paid Social
21357,2023-04-15,GA,Email
14073,2023-04-15,IL,Paid Social
28211,2023-04-15,FL,Paid Social
3041,2023-04-15,NY,Organic Search
13478,2023-04-15,TX,Paid Social
12492,2023-04-15,CA,Organic Search
2277,2023-04-15,NY,Email
23366,2023-04-15,FL,Paid Social
16926,2023-04-15,CA,Affiliate
16287,2023-04-15,CA,Affiliate
23930,2023-04-15,CA,Email
23201,2023-04-15,TX,Paid Social
23668,2023-04-15,CA,Organic Search
18519,2023-04-15,NY,Organic Search
29299,2023-04-15,,Paid Social
2873,2023-04-15,GA,Referral
14905,2023-04-15,FL,Email
18696,2023-04-16,TX,Paid Social
22324,2023-04-16,GA,Paid Social
28434,2023-04-16,WA,Referral
1300,2023-04-16,NY,Email
29422,2023-04-16,IL,Affiliate
9203,2023-04-16,IL,Paid Social
20279,2023-04-16,TX,Email
10263,2023-04-16,IL,Paid Social
6062,2023-04-16,GA,Paid Social
2556,2023-04-16,TX,Affiliate
17123,2023-04-16,,Organic Search
28290,2023-04-16,IL,Paid Social
29673,2023-04-16,WA,Organic Search
29935,2023-04-16,IL,Organic Search
26896,2023-04-16,GA,Organic Search
27378,2023-04-16,NY,Paid Social
2810,2023-04-16,TX,Email
29822,2023-04-16,NY,Paid Social
6277,2023-04-16,FL,Organic Search
7675,2023-04-16,NY,Paid Social
27706,2023-04-16,GA,Paid Social
27451,2023-04-16,IL,Organic Search
19899,2023-04-16,TX,Affiliate
3785,2023-04-16,TX,Email
23299,2023-04-17,IL,Organic Search
16965,2023-04-17,NY,Email
16220,2023-04-17,CA,Email
11909,2023-04-17,WA,Paid Social
4675,2023-04-17,IL,Paid Social
16512,2023-04-17,CA,Paid Social
8518,2023-04-17,TX,Affiliate
21590,2023-04-17,,Organic Search
19745,2023-04-17,,Referral
16620,2023-04-17,CA,Affiliate
14707,2023-04-17,FL,Paid Social
20405,2023-04-17,IL,Paid Social
29162,2023-04-17,WA,Affiliate
19710,2023-04-17,IL,Paid Social
505,2023-04-17,NY,Paid Social
5863,2023-04-17,IL,Organic Search
18814,2023-04-17,,Organic Search
5891,2023-04-17,NY,Email
21008,2023-04-17,TX,Organic Search
8636,2023-04-18,TX,Email
19171,2023-04-18,CA,Email
12994,2023-04-18,NY,Organic Search
13650,2023-04-18,FL,Paid Social
24120,2023-04-18,FL,Paid Social
24762,2023-04-18,CA,Paid Social
20506,2023-04-18,WA,Email
5806,2023-04-18,,Organic Search
13048,2023-04-18,,Paid Social
2139,2023-04-18,WA,Organic Search
20995,2023-04-18,WA,Paid Social
23606,2023-04-18,CA,Paid Social
9323,2023-04-18,IL,Paid Social
2812,2023-04-18,IL,Paid Social
20976,2023-04-18,GA,Paid Social
13406,2023-04-18,NY,Paid Social
2760,2023-04-18,IL,Organic Search
25707,2023-04-18,TX,Paid Social
20722,2023-04-18,,Paid Social
17162,2023-04-18,GA,Paid Social
20196,2023-04-18,IL,Email
14500,2023-04-18,CA,Paid Social
5479,2023-04-18,GA,Email
10177,2023-04-18,GA,Email
6565,2023-04-18,WA,Organic Search
13065,2023-04-18,,Paid Social
22271,2023-04-19,TX,Affiliate
16412,2023-04-19,GA,Paid Social
15994,2023-04-19,NY,Paid Social
24703,2023-04-19,FL,Referral
18672,2023-04-19,TX,Affiliate
19858,2023-04-19,NY,Email
23348,2023-04-19,FL,Organic Search
24605,2023-04-19,FL,Referral
352,2023-04-19,IL,Referral
18809,2023-04-19,CA,Organic Search
26561,2023-04-19,GA,Organic Search
26518,2023-04-19,CA,Affiliate
3234,2023-04-19,WA,Organic Search
20211,2023-04-19,,Organic Search
1252,2023-04-19,NY,Paid Social
14506,2023-04-19,,Paid Social
23617,2023-04-20,IL,Organic Search
26794,2023-04-20,FL,Paid Social
4277,2023-04-20,,Paid Social
23859,2023-04-20,GA,Organic Search
7147,2023-04-20,WA,Email
10229,2023-04-20,CA,Organic Search
1750,2023-04-20,WA,Organic Search
25944,2023-04-20,CA,Email
434,2023-04-20,NY,Organic Search
3886,2023-04-20,,Affiliate
13785,2023-04-20,WA,Organic Search
23454,2023-04-20,GA,Affiliate
29515,2023-04-20,WA,Paid Social
22270,2023-04-20,WA,Organic Search
25561,2023-04-20,,Email
3416,2023-04-20,IL,Paid Social
20583,2023-04-20,CA,Paid Social
20388,2023-04-20,FL,Paid Social
14173,2023-04-20,IL,Paid Social
1353,2023-04-20,TX,Paid Social
25019,2023-04-20,WA,Referral
26002,2023-04-20,CA,Organic Search
18568,2023-04-20,GA,Email
21517,2023-04-20,GA,Organic Search
25333,2023-04-21,,Organic Search
22164,2023-04-21,CA,Paid Social
23874,2023-04-21,FL,Paid Social
5839,2023-04-21,CA,Paid Social
11239,2023-04-21,,Paid Social
26889,2023-04-21,IL,Paid Social
26914,2023-04-21,CA,Paid Social
22672,2023-04-21,IL,Email
24839,2023-04-21,FL,Paid Social
5436,2023-04-21,FL,Email
3128,2023-04-21,NY,Organic Search
25688,2023-04-21,IL,Organic Search
8883,2023-04-21,IL,Organic Search
28523,2023-04-21,NY,Email
20367,2023-04-21,IL,Affiliate
27771,2023-04-21,,Paid Social
10937,2023-04-21,WA,Affiliate
23898,2023-04-21,CA,Paid Social
21313,2023-04-21,CA,Affiliate
29843,2023-04-21,TX,Paid Social
2475,2023-04-21,,Paid Social
18669,2023-04-21,CA,Affiliate
22501,2023-04-21,FL,Paid Social
29961,2023-04-22,GA,Organic Search
21775,2023-04-22,FL,Organic Search
13183,2023-04-22,GA,Organic Search
17730,2023-04-22,GA,Paid Social
16956,2023-04-22,FL,Paid Social
645,2023-04-22,,Organic Search
10144,2023-04-22,NY,Paid Social
16827,2023-04-22,IL,Paid Social
8269,2023-04-22,,Paid Social
14848,2023-04-22,NY,Affiliate
23220,2023-04-22,WA,Paid Social
119,2023-04-22,,Referral
274,2023-04-22,CA,Affiliate
2501,2023-04-22,FL,Email
6646,2023-04-22,FL,Paid Social
5818,2023-04-22,FL,Paid Social
26414,2023-04-22,FL,Organic Search
12562,2023-04-22,NY,Organic Search
6684,2023-04-22,WA,Paid Social
9299,2023-04-22,TX,Affiliate
25456,2023-04-23,CA,Organic Search
26639,2023-04-23,IL,Paid Social
3207,2023-04-23,NY,Referral
7981,2023-04-23,GA,Organic Search
13477,2023-04-23,GA,Organic Search
14462,2023-04-23,CA,Email
9281,2023-04-23,CA,Paid Social
2104,2023-04-23,,Paid Social
7518,2023-04-23,NY,Organic Search
14260,2023-04-23,IL,Organic Search
4724,2023-04-23,NY,Paid Social
4452,2023-04-23,,Paid Social
6123,2023-04-23,GA,Organic Search
27819,2023-04-23,,Paid Social
22293,2023-04-23,,Paid Social
14810,2023-04-23,NY,Affiliate
25228,2023-04-23,FL,Email
24924,2023-04-23,GA,Affiliate
28668,2023-04-23,WA,Affiliate
12640,2023-04-23,TX,Email
3898,2023-04-23,CA,Email
25771,2023-04-23,NY,Organic Search
18996,2023-04-23,WA,Organic Search
7381,2023-04-23,FL,Paid Social
734,2023-04-23,FL,Paid Social
12840,2023-04-23,NY,Organic Search
15075,2023-04-23,FL,Affiliate
17079,2023-04-23,TX,Email
15622,2023-04-23,NY,Email
12607,2023-04-24,NY,Paid Social
1346,2023-04-24,TX,Paid Social
24675,2023-04-24,IL,Organic Search
22372,2023-04-24,GA,Affiliate
20103,2023-04-24,IL,Paid Social
5152,2023-04-24,NY,Organic Search
25412,2023-04-24,TX,Paid Social
3800,2023-04-24,IL,Paid Social
4431,2023-04-24,TX,Paid Social
6202,2023-04-24,WA,Paid Social
7098,2023-04-24,,Organic Search
2047,2023-04-24,CA,Organic Search
2917,2023-04-24,GA,Email
10529,2023-04-24,GA,Referral
14304,2023-04-24,FL,Organic Search
2337,2023-04-24,IL,Paid Social
5344,2023-04-24,IL,Organic Search
27334,2023-04-24,GA,Affiliate
7629,2023-04-24,GA,Affiliate
9262,2023-04-24,,Paid Social
27779,2023-04-24,GA,Paid Social
3053,2023-04-24,NY,Organic Search
29165,2023-04-24,NY,Organic Search
27748,2023-04-24,,Email
6954,2023-04-24,WA,Organic Search
11030,2023-04-24,WA,Organic Search
22548,2023-04-24,WA,Paid Social
13546,2023-04-24,FL,Paid Social
17713,2023-04-24,TX,Referral
20348,2023-04-24,,Organic Search
29353,2023-04-25,TX,Organic Search
7621,2023-04-25,FL,Referral
15471,2023-04-25,NY,Organic Search
23004,2023-04-25,IL,Paid Social
24247,2023-04-25,WA,Paid Social
9430,2023-04-25,CA,Email
16589,2023-04-25,IL,Organic Search
12987,2023-04-25,,Affiliate
2157,2023-04-25,,Organic Search
1635,2023-04-25,WA,Affiliate
18202,2023-04-25,GA,Paid Social
20579,2023-04-25,TX,Paid Social
14230,2023-04-25,GA,Organic Search
9530,2023-04-25,IL,Affiliate
3096,2023-04-25,NY,Paid Social
26954,2023-04-25,NY,Organic Search
19889,2023-04-25,GA,Paid Social
9954,2023-04-25,,Organic Search
6635,2023-04-25,IL,Paid Social
29374,2023-04-25,GA,Organic Search
29951,2023-04-25,GA,Organic Search
6408,2023-04-25,FL,Paid Social
29456,2023-04-25,WA,Paid Social
12267,2023-04-25,,Organic Search
19993,2023-04-26,FL,Organic Search
7355,2023-04-26,NY,Organic Search
21435,2023-04-26,FL,Paid Social
14796,2023-04-26,NY,Email
13428,2023-04-26,CA,Email
4692,2023-04-26,CA,Paid Social
25239,2023-04-26,GA,Organic Search
29160,2023-04-26,FL,Paid Social
16195,2023-04-26,NY,Affiliate
25706,2023-04-26,,Paid Social
17630,2023-04-26,WA,Referral
9992,2023-04-26,TX,Paid Social
29571,2023-04-26,WA,Paid Social
26683,2023-04-26,,Organic Search
6574,2023-04-26,,Referral
28914,2023-04-26,FL,Email
26798,2023-04-26,IL,Organic Search
2141,2023-04-26,FL,Email
3444,2023-04-26,NY,Affiliate
8532,2023-04-26,IL,Organic Search
26333,2023-04-26,,Organic Search
24402,2023-04-26,TX,Organic Search
2860,2023-04-26,CA,Organic Search
1827,2023-04-26,WA,Organic Search
19178,2023-04-26,TX,Organic Search
28990,2023-04-27,WA,Organic Search
28253,2023-04-27,NY,Paid Social
19707,2023-04-27,TX,Paid Social
6650,2023-04-27,GA,Referral
1174,2023-04-27,CA,Organic Search
14969,2023-04-27,IL,Paid Social
2582,2023-04-27,GA,Referral
21119,2023-04-27,CA,Organic Search
12877,2023-04-27,TX,Paid Social
18278,2023-04-27,IL,Paid Social
21021,2023-04-27,CA,Paid Social
14250,2023-04-27,IL,Affiliate
1915,2023-04-27,NY,Paid Social
2557,2023-04-27,NY,Paid Social
272,2023-04-27,FL,Email
15879,2023-04-27,GA,Organic Search
5183,2023-04-27,GA,Organic Search
17427,2023-04-27,FL,Organic Search
19160,2023-04-27,WA,Organic Search
14261,2023-04-27,WA,Paid Social
1398,2023-04-27,WA,Organic Search
22527,2023-04-27,WA,Paid Social
26124,2023-04-27,FL,Paid Social
27109,2023-04-28,,Email
5334,2023-04-28,FL,Paid Social
20692,2023-04-28,NY,Affiliate
1358,2023-04-28,TX,Paid Social
18961,2023-04-28,TX,Paid Social
3475,2023-04-28,NY,Email
20984,2023-04-28,IL,Email
27963,2023-04-28,FL,Organic Search
11387,2023-04-28,GA,Organic Search
20625,2023-04-28,IL,Paid Social
25059,2023-04-28,FL,Paid Social
23247,2023-04-28,FL,Organic Search
23239,2023-04-28,TX,Paid Social
73,2023-04-28,CA,Organic Search
26158,2023-04-28,WA,Organic Search
27888,2023-04-28,CA,Organic Search
18031,2023-04-28,,Paid Social
26266,2023-04-28,,Organic Search
22659,2023-04-29,FL,Organic Search
10346,2023-04-29,WA,Paid Social
14293,2023-04-29,GA,Organic Search
10324,2023-04-29,NY,Organic Search
18294,2023-04-29,WA,Paid Social
17856,2023-04-29,GA,Affiliate
24412,2023-04-29,FL,Organic Search
28028,2023-04-29,NY,Paid Social
29850,2023-04-29,IL,Organic Search
989,2023-04-29,WA,Organic Search
1692,2023-04-29,IL,Paid Social
25430,2023-04-29,IL,Paid Social
4563,2023-04-29,FL,Referral
7018,2023-04-29,IL,Organic Search
17987,2023-04-29,NY,Paid Social
19372,2023-04-29,,Email
15992,2023-04-29,CA,Paid Social
23297,2023-04-29,NY,Paid Social
1764,2023-04-29,,Paid Social
13063,2023-04-29,FL,Organic Search
15241,2023-04-29,WA,Affiliate
7319,2023-04-29,NY,Paid Social
3058,2023-04-29,GA,Organic Search
26340,2023-04-29,GA,Referral
13951,2023-04-29,WA,Affiliate
18455,2023-04-29,,Referral
3695,2023-04-30,,Paid Social
18123,2023-04-30,,Email
24962,2023-04-30,,Paid Social
1348,2023-04-30,IL,Paid Social
20806,2023-04-30,WA,Organic Search
8625,2023-04-30,TX,Organic Search
553,2023-04-30,GA,Paid Social
17002,2023-04-30,NY,Paid Social
6999,2023-04-30,WA,Paid Social
25601,2023-04-30,,Organic Search
26531,2023-04-30,CA,Organic Search
1331,2023-04-30,WA,Paid Social
7493,2023-04-30,NY,Paid Social
1833,2023-04-30,NY,Paid Social
12790,2023-04-30,,Paid Social
6140,2023-04-30,,Email
3883,2023-04-30,GA,Affiliate
16205,2023-04-30,FL,Affiliate
19775,2023-04-30,FL,Email
4393,2023-04-30,IL,Paid Social
22452,2023-04-30,NY,Paid Social
16836,2023-05-01,GA,Organic Search
314,2023-05-01,NY,Affiliate
19186,2023-05-01,WA,Email
27613,2023-05-01,GA,Paid Social
7959,2023-05-01,,Organic Search
29856,2023-05-01,NY,Organic Search
24549,2023-05-01,GA,Affiliate
2504,2023-05-01,IL,Affiliate
24816,2023-05-01,,Referral
17299,2023-05-01,CA,Paid Social
21540,2023-05-01,CA,Email
5261,2023-05-01,IL,Organic Search
5962,2023-05-01,IL,Affiliate
21151,2023-05-01,FL,Email
24996,2023-05-01,GA,Paid Social
5794,2023-05-01,GA,Affiliate
15280,2023-05-01,GA,Affiliate
5984,2023-05-02,TX,Organic Search
18109,2023-05-02,,Paid Social
11454,2023-05-02,NY,Paid Social
10935,2023-05-02,NY,Paid Social
28519,2023-05-02,NY,Organic Search
21953,2023-05-02,IL,Paid Social
19290,2023-05-02,WA,Email
28490,2023-05-02,NY,Paid Social
21329,2023-05-02,IL,Paid Social
27588,2023-05-02,TX,Email
10997,2023-05-02,GA,Affiliate
13796,2023-05-02,GA,Referral
1160,2023-05-02,,Organic Search
10421,2023-05-02,WA,Organic Search
2026,2023-05-02,WA,Organic Search
26507,2023-05-02,GA,Paid Social
19248,2023-05-02,,Organic Search
9814,2023-05-02,,Email
3544,2023-05-02,WA,Paid Social
13574,2023-05-02,NY,Paid Social
25956,2023-05-02,IL,Organic Search
6912,2023-05-02,IL,Affiliate
7108,2023-05-02,CA,Organic Search
1219,2023-05-02,FL,Paid Social
10696,2023-05-02,IL,Email
5342,2023-05-02,WA,Affiliate
7353,2023-05-02,CA,Paid Social
3431,2023-05-02,IL,Paid Social
28210,2023-05-02,GA,Affiliate
8683,2023-05-02,WA,Organic Search
858,2023-05-03,FL,Paid Social
16751,2023-05-03,IL,Email
5150,2023-05-03,CA,Organic Search
17305,2023-05-03,CA,Email
29881,2023-05-03,WA,Email
21676,2023-05-03,WA,Referral
27956,2023-05-03,NY,Organic Search
2303,2023-05-03,TX,Paid Social
5503,2023-05-03,,Organic Search
1268,2023-05-03,FL,Paid Social
9444,2023-05-03,,Paid Social
17511,2023-05-03,NY,Organic Search
21618,2023-05-03,CA,Organic Search
23268,2023-05-03,TX,Organic Search
15570,2023-05-03,GA,Paid Social
16624,2023-05-03,IL,Affiliate
22327,2023-05-03,FL,Paid Social
29202,2023-05-03,NY,Email
21363,2023-05-03,NY,Paid Social
28468,2023-05-03,NY,Affiliate
17859,2023-05-03,GA,Paid Social
12582,2023-05-03,GA,Affiliate
3691,2023-05-03,GA,Email
15559,2023-05-03,,Affiliate
21924,2023-05-03,IL,Organic Search
20034,2023-05-03,NY,Paid Social
22172,2023-05-03,NY,Paid Social
22885,2023-05-03,IL,Affiliate
24895,2023-05-04,GA,Organic Search
7245,2023-05-04,,Organic Search
24983,2023-05-04,WA,Paid Social
25395,2023-05-04,TX,Paid Social
14889,2023-05-04,NY,Affiliate
4390,2023-05-04,GA,Organic Search
15784,2023-05-04,TX,Paid Social
4357,2023-05-04,NY,Organic Search
10716,2023-05-04,TX,Organic Search
14725,2023-05-04,WA,Affiliate
23277,2023-05-04,,Organic Search
3933,2023-05-04,CA,Paid Social
23381,2023-05-04,TX,Email
7347,2023-05-04,CA,Paid Social
27739,2023-05-04,,Paid Social
19287,2023-05-04,CA,Paid Social
17786,2023-05-04,FL,Organic Search
18323,2023-05-04,,Email
16833,2023-05-04,TX,Paid Social
3401,2023-05-04,NY,Organic Search
29204,2023-05-04,CA,Paid Social
2508,2023-05-04,NY,Paid Social
19633,2023-05-04,IL,Affiliate
8427,2023-05-04,,Organic Search
13323,2023-05-04,WA,Paid Social
414,2023-05-05,NY,Paid Social
26343,2023-05-05,GA,Affiliate
28802,2023-05-05,GA,Paid Social
29877,2023-05-05,NY,Email
16994,2023-05-05,,Organic Search
22599,2023-05-05,CA,Email
22611,2023-05-05,WA,Paid Social
11092,2023-05-05,NY,Email
3020,2023-05-05,FL,Email
11697,2023-05-05,,Paid Social
24253,2023-05-05,GA,Paid Social
4689,2023-05-05,FL,Paid Social
24685,2023-05-05,TX,Organic Search
7710,2023-05-05,GA,Email
8831,2023-05-05,IL,Paid Social
8377,2023-05-05,,Organic Search
21131,2023-05-05,,Affiliate
15450,2023-05-05,FL,Paid Social
16184,2023-05-05,NY,Organic Search
6984,2023-05-05,WA,Email
17254,2023-05-05,IL,Paid Social
2400,2023-05-05,,Paid Social
9766,2023-05-05,IL,Organic Search
14319,2023-05-06,IL,Referral
20123,2023-05-06,,Affiliate
9402,2023-05-06,NY,Organic Search
6354,2023-05-06,TX,Paid Social
14027,2023-05-06,TX,Paid Social
2302,2023-05-06,IL,Paid Social
1617,2023-05-06,IL,Affiliate
2765,2023-05-06,TX,Organic Search
2298,2023-05-06,CA,Organic Search
7722,2023-05-06,NY,Affiliate
16511,2023-05-06,NY,Referral
7207,2023-05-06,CA,Organic Search
12799,2023-05-06,NY,Paid Social
10045,2023-05-06,GA,Email
11250,2023-05-06,CA,Referral
24189,2023-05-06,NY,Email
14224,2023-05-06,NY,Paid Social
16292,2023-05-06,GA,Organic Search
26529,2023-05-06,GA,Organic Search
24336,2023-05-06,IL,Paid Social
7924,2023-05-06,FL,Organic Search
8578,2023-05-07,WA,Organic Search
11923,2023-05-07,,Organic Search
11803,2023-05-07,IL,Paid Social
25936,2023-05-07,WA,Paid Social
27463,2023-05-07,NY,Paid Social
22121,2023-05-07,,Email
10195,2023-05-07,GA,Organic Search
21155,2023-05-07,NY,Organic Search
14461,2023-05-07,NY,Affiliate
21268,2023-05-07,TX,Email
8008,2023-05-07,FL,Organic Search
3310,2023-05-07,NY,Paid Social
19830,2023-05-07,NY,Paid Social
13093,2023-05-07,NY,Organic Search
26049,2023-05-07,NY,Organic Search
4011,2023-05-07,FL,Organic Search
14275,2023-05-07,,Organic Search
16033,2023-05-07,NY,Referral
3955,2023-05-07,GA,Organic Search
17116,2023-05-07,IL,Paid Social
16007,2023-05-07,NY,Paid Social
1659,2023-05-07,GA,Paid Social
25789,2023-05-07,WA,Email
12916,2023-05-07,,Paid Social
20416,2023-05-07,FL,Organic Search
24092,2023-05-07,,Paid Social
1248,2023-05-07,TX,Organic Search
18082,2023-05-07,IL,Paid Social
15598,2023-05-07,NY,Email
5542,2023-05-08,NY,Paid Social
4262,2023-05-08,GA,Referral
17420,2023-05-08,FL,Paid Social
15967,2023-05-08,FL,Paid Social
11820,2023-05-08,,Paid Social
5761,2023-05-08,IL,Email
23585,2023-05-08,TX,Paid Social
24127,2023-05-08,GA,Paid Social
12539,2023-05-08,FL,Organic Search
28368,2023-05-08,,Paid Social
18179,2023-05-08,WA,Paid Social
19462,2023-05-08,NY,Email
12913,2023-05-08,,Affiliate
9450,2023-05-08,FL,Paid Social
6156,2023-05-08,GA,Organic Search
27110,2023-05-09,CA,Paid Social
4009,2023-05-09,WA,Paid Social
29932,2023-05-09,GA,Affiliate
22456,2023-05-09,WA,Paid Social
18651,2023-05-09,,Paid Social
29758,2023-05-09,IL,Organic Search
3789,2023-05-09,IL,Organic Search
5236,2023-05-09,CA,Organic Search
7063,2023-05-09,WA,Paid Social
19158,2023-05-09,CA,Organic Search
3301,2023-05-09,,Paid Social
24164,2023-05-09,WA,Organic Search
15172,2023-05-09,,Organic Search
28367,2023-05-09,NY,Paid Social
13372,2023-05-09,CA,Organic Search
870,2023-05-09,CA,Affiliate
24780,2023-05-09,,Paid Social
25422,2023-05-09,GA,Affiliate
8491,2023-05-09,CA,Email
24431,2023-05-09,GA,Paid Social
3392,2023-05-09,NY,Referral
19829,2023-05-09,CA,Affiliate
5217,2023-05-09,,Paid Social
689,2023-05-09,,Email
21550,2023-05-09,CA,Paid Social
18723,2023-05-09,CA,Affiliate
21062,2023-05-10,FL,Paid Social
29544,2023-05-10,,Paid Social
21580,2023-05-10,GA,Organic Search
29704,2023-05-10,,Email
13279,2023-05-10,FL,Paid Social
21042,2023-05-10,FL,Paid Social
25629,2023-05-10,,Email
10734,2023-05-10,FL,Paid Social
20169,2023-05-10,,Paid Social
327,2023-05-10,WA,Paid Social
6704,2023-05-10,FL,Paid Social
18433,2023-05-10,WA,Organic Search
8942,2023-05-10,FL,Paid Social
3604,2023-05-10,GA,Organic Search
19502,2023-05-10,CA,Paid Social
17917,2023-05-10,NY,Paid Social
11352,2023-05-10,FL,Organic Search
9706,2023-05-10,TX,Organic Search
25271,2023-05-10,IL,Paid Social
6227,2023-05-11,,Organic Search
29119,2023-05-11,TX,Organic Search
7488,2023-05-11,,Affiliate
5644,2023-05-11,TX,Paid Social
15580,2023-05-11,IL,Email
6754,2023-05-11,NY,Organic Search
19223,2023-05-11,CA,Email
13686,2023-05-11,WA,Organic Search
22051,2023-05-11,WA,Email
3450,2023-05-11,GA,Organic Search
1455,2023-05-11,GA,Organic Search
5582,2023-05-11,WA,Paid Social
11906,2023-05-11,NY,Email
10584,2023-05-11,IL,Paid Social
17547,2023-05-11,,Email
4788,2023-05-11,NY,Affiliate
21938,2023-05-11,NY,Organic Search
3771,2023-05-11,WA,Paid Social
29379,2023-05-11,NY,Organic Search
13261,2023-05-11,NY,Email
4152,2023-05-11,,Organic Search
17557,2023-05-11,WA,Paid Social
4029,2023-05-12,WA,Email
12567,2023-05-12,NY,Email
10007,2023-05-12,WA,Organic Search
8368,2023-05-12,,Email
24826,2023-05-12,WA,Paid Social
24331,2023-05-12,,Paid Social
5604,2023-05-12,CA,Paid Social
7328,2023-05-12,TX,Email
19172,2023-05-12,FL,Affiliate
19156,2023-05-12,WA,Organic Search
11590,2023-05-12,,Paid Social
5899,2023-05-12,TX,Affiliate
16916,2023-05-12,TX,Paid Social
27179,2023-05-12,NY,Organic Search
4670,2023-05-12,GA,Paid Social
14908,2023-05-12,,Paid Social
27142,2023-05-12,GA,Organic Search
7042,2023-05-12,TX,Paid Social
26904,2023-05-12,IL,Paid Social
465,2023-05-12,CA,Affiliate
22399,2023-05-12,NY,Affiliate
2969,2023-05-13,GA,Affiliate
4102,2023-05-13,FL,Paid Social
10639,2023-05-13,TX,Email
20891,2023-05-13,,Email
9667,2023-05-13,WA,Organic Search
17007,2023-05-13,CA,Paid Social
11653,2023-05-13,FL,Organic Search
13336,2023-05-13,FL,Email
14175,2023-05-13,TX,Affiliate
11941,2023-05-13,IL,Organic Search
23743,2023-05-13,CA,Paid Social
22426,2023-05-13,GA,Organic Search
1927,2023-05-13,TX,Paid Social
16529,2023-05-13,WA,Organic Search
10644,2023-05-13,NY,Affiliate
24174,2023-05-13,IL,Paid Social
17256,2023-05-13,FL,Email
20632,2023-05-13,NY,Paid Social
23724,2023-05-13,FL,Referral
4829,2023-05-13,TX,Paid Social
13843,2023-05-13,WA,Organic Search
6365,2023-05-13,TX,Paid Social
21760,2023-05-13,CA,Paid Social
13842,2023-05-13,IL,Paid Social
8400,2023-05-13,WA,Affiliate
17465,2023-05-13,CA,Paid Social
16415,2023-05-13,NY,Paid Social
3761,2023-05-13,IL,Organic Search
18022,2023-05-13,WA,Organic Search
3389,2023-05-13,WA,Organic Search
20595,2023-05-13,TX,Organic Search
25774,2023-05-13,GA,Paid Social
16060,2023-05-13,FL,Organic Search
22096,2023-05-13,GA,Paid Social
22858,2023-05-13,WA,Organic Search
3534,2023-05-14,NY,Organic Search
3217,2023-05-14,TX,Organic Search
12139,2023-05-14,WA,Organic Search
1646,2023-05-14,TX,Email
11199,2023-05-14,GA,Paid Social
19034,2023-05-14,IL,Paid Social
13910,2023-05-14,GA,Organic Search
25514,2023-05-14,IL,Email
26293,2023-05-14,IL,Paid Social
20975,2023-05-14,CA,Organic Search
11655,2023-05-14,WA,Referral
15640,2023-05-14,WA,Email
1493,2023-05-14,,Organic Search
9843,2023-05-14,GA,Organic Search
16119,2023-05-14,TX,Organic Search
10439,2023-05-14,TX,Paid Social
27288,2023-05-14,NY,Paid Social
14650,2023-05-14,,Paid Social
8840,2023-05-14,CA,Organic Search
18242,2023-05-14,NY,Paid Social
821,2023-05-14,,Email
24184,2023-05-14,CA,Organic Search
11652,2023-05-14,,Paid Social
7743,2023-05-14,FL,Email
17152,2023-05-14,CA,Paid Social
22872,2023-05-14,CA,Paid Social
8440,2023-05-14,FL,Paid Social
2802,2023-05-15,FL,Affiliate
25744,2023-05-15,FL,Paid Social
24052,2023-05-15,FL,Paid Social
15348,2023-05-15,GA,Paid Social
5866,2023-05-15,GA,Paid Social
17787,2023-05-15,TX,Organic Search
13938,2023-05-15,,Email
28648,2023-05-15,NY,Paid Social
14367,2023-05-15,NY,Affiliate
10895,2023-05-15,TX,Paid Social
15438,2023-05-15,WA,Organic Search
16208,2023-05-15,,Organic Search
17494,2023-05-15,IL,Organic Search
7992,2023-05-15,CA,Organic Search
11840,2023-05-15,NY,Organic Search
7817,2023-05-15,FL,Organic Search
19793,2023-05-15,WA,Paid Social
9286,2023-05-15,CA,Email
10779,2023-05-15,IL,Email
18129,2023-05-15,NY,Paid Social
10069,2023-05-15,IL,Paid Social
12864,2023-05-15,GA,Paid Social
21851,2023-05-15,TX,Organic Search
3477,2023-05-15,WA,Affiliate
27720,2023-05-15,WA,Organic Search
28145,2023-05-15,FL,Email
16018,2023-05-16,NY,Email
3079,2023-05-16,FL,Organic Search
29292,2023-05-16,,Paid Social
20086,2023-05-16,NY,Paid Social
8223,2023-05-16,IL,Organic Search
3420,2023-05-16,FL,Organic Search
3119,2023-05-16,TX,Organic Search
659,2023-05-16,GA,Paid Social
27320,2023-05-16,CA,Email
14818,2023-05-16,WA,Paid Social
18765,2023-05-16,TX,Referral
926,2023-05-16,CA,Organic Search
7444,2023-05-16,NY,Paid Social
7094,2023-05-16,GA,Organic Search
25571,2023-05-16,GA,Paid Social
4171,2023-05-16,WA,Organic Search
7276,2023-05-16,GA,Referral
13173,2023-05-16,FL,Paid Social
6731,2023-05-16,GA,Paid Social
16627,2023-05-16,TX,Paid Social
7772,2023-05-17,,Email
20602,2023-05-17,CA,Paid Social
19414,2023-05-17,NY,Paid Social
24594,2023-05-17,,Email
901,2023-05-17,IL,Organic Search
24093,2023-05-17,FL,Organic Search
26706,2023-05-17,WA,Paid Social
12847,2023-05-17,NY,Affiliate
494,2023-05-17,TX,Organic Search
29911,2023-05-17,,Organic Search
17779,2023-05-17,IL,Paid Social
25636,2023-05-17,FL,Affiliate
3031,2023-05-17,TX,Organic Search
11983,2023-05-17,IL,Paid Social
19942,2023-05-17,CA,Paid Social
22100,2023-05-17,IL,Paid Social
21442,2023-05-17,GA,Organic Search
26023,2023-05-17,NY,Organic Search
12690,2023-05-17,CA,Paid Social
24800,2023-05-17,IL,Referral
26862,2023-05-17,,Paid Social
2727,2023-05-17,,Organic Search
13124,2023-05-18,TX,Paid Social
26647,2023-05-18,FL,Email
22822,2023-05-18,CA,Paid Social
21033,2023-05-18,TX,Organic Search
12073,2023-05-18,FL,Organic Search
13252,2023-05-18,FL,Paid Social
442,2023-05-18,IL,Affiliate
15508,2023-05-18,,Paid Social
29054,2023-05-18,CA,Referral
2431,2023-05-18,WA,Paid Social
18269,2023-05-18,CA,Organic Search
8152,2023-05-18,FL,Email
20985,2023-05-18,FL,Affiliate
28241,2023-05-18,CA,Referral
20624,2023-05-18,IL,Paid Social
924,2023-05-18,,Email
9677,2023-05-18,CA,Affiliate
16260,2023-05-18,,Email
27890,2023-05-18,,Paid Social
13503,2023-05-18,NY,Organic Search
27550,2023-05-18,,Email
11561,2023-05-18,FL,Paid Social
27930,2023-05-18,TX,Organic Search
24203,2023-05-19,GA,Affiliate
27251,2023-05-19,,Organic Search
17879,2023-05-19,GA,Paid Social
7690,2023-05-19,GA,Email
28610,2023-05-19,IL,Organic Search
925,2023-05-19,IL,Paid Social
4995,2023-05-19,NY,Organic Search
5523,2023-05-19,FL,Paid Social
12947,2023-05-19,NY,Paid Social
20331,2023-05-19,IL,Organic Search
25626,2023-05-19,CA,Organic Search
14393,2023-05-19,TX,Organic Search
2322,2023-05-19,GA,Email
4149,2023-05-19,,Email
12729,2023-05-19,TX,Paid Social
28222,2023-05-19,GA,Organic Search
21533,2023-05-19,,Organic Search
12746,2023-05-19,GA,Organic Search
26036,2023-05-19,FL,Email
29170,2023-05-19,CA,Paid Social
21977,2023-05-19,IL,Organic Search
12819,2023-05-19,GA,Paid Social
6317,2023-05-19,,Email
16241,2023-05-19,CA,Paid Social
1966,2023-05-19,CA,Paid Social
12226,2023-05-19,FL,Paid Social
25037,2023-05-19,GA,Organic Search
2291,2023-05-19,FL,Paid Social
25031,2023-05-19,FL,Paid Social
10995,2023-05-19,GA,Referral
5064,2023-05-20,WA,Paid Social
1158,2023-05-20,WA,Referral
10826,2023-05-20,FL,Paid Social
14017,2023-05-20,WA,Affiliate
28987,2023-05-20,NY,Affiliate
24757,2023-05-20,WA,Organic Search
14280,2023-05-20,IL,Paid Social
24053,2023-05-20,NY,Paid Social
16747,2023-05-20,IL,Email
7538,2023-05-20,GA,Paid Social
1278,2023-05-20,TX,Affiliate
3639,2023-05-20,IL,Organic Search
18074,2023-05-20,IL,Referral
25292,2023-05-20,CA,Organic Search
21930,2023-05-20,FL,Organic Search
5079,2023-05-20,,Paid Social
15732,2023-05-20,WA,Email
12017,2023-05-20,GA,Organic Search
16847,2023-05-20,TX,Email
9624,2023-05-20,WA,Email
8419,2023-05-21,TX,Email
28904,2023-05-21,GA,Paid Social
1195,2023-05-21,GA,Organic Search
3060,2023-05-21,,Affiliate
19599,2023-05-21,IL,Email
4205,2023-05-21,WA,Organic Search
17429,2023-05-21,CA,Affiliate
19655,2023-05-21,NY,Paid Social
786,2023-05-21,CA,Affiliate
6764,2023-05-21,NY,Organic Search
13599,2023-05-21,NY,Organic Search
11076,2023-05-21,WA,Paid Social
21783,2023-05-21,CA,Affiliate
16814,2023-05-21,FL,Paid Social
4515,2023-05-21,,Paid Social
2463,2023-05-21,NY,Paid Social
14489,2023-05-21,IL,Organic Search
23735,2023-05-21,NY,Email
3107,2023-05-21,NY,Email
7348,2023-05-21,WA,Paid Social
1457,2023-05-21,NY,Paid Social
25973,2023-05-21,CA,Organic Search
15836,2023-05-21,CA,Paid Social
20350,2023-05-21,GA,Paid Social
26771,2023-05-21,CA,Paid Social
7242,2023-05-21,GA,Affiliate
29427,2023-05-21,GA,Organic Search
21767,2023-05-21,TX,Affiliate
2335,2023-05-21,TX,Organic Search
20303,2023-05-21,,Paid Social
28050,2023-05-21,FL,Email
29355,2023-05-22,IL,Paid Social
10689,2023-05-22,IL,Email
12480,2023-05-22,NY,Organic Search
951,2023-05-22,CA,Paid Social
662,2023-05-22,WA,Affiliate
5952,2023-05-22,NY,Organic Search
23597,2023-05-22,CA,Organic Search
27686,2023-05-22,IL,Organic Search
20236,2023-05-22,FL,Organic Search
3966,2023-05-22,FL,Email
20749,2023-05-22,GA,Paid Social
27467,2023-05-22,IL,Organic Search
29363,2023-05-22,NY,Organic Search
13926,2023-05-22,WA,Organic Search
11075,2023-05-22,,Paid Social
14645,2023-05-22,NY,Email
18331,2023-05-22,WA,Email
18514,2023-05-22,FL,Affiliate
8302,2023-05-22,IL,Organic Search
21529,2023-05-22,GA,Organic Search
14465,2023-05-22,,Affiliate
7840,2023-05-22,,Referral
10878,2023-05-22,TX,Paid Social
1819,2023-05-22,NY,Paid Social
402,2023-05-22,,Affiliate
20644,2023-05-22,TX,Organic Search
12781,2023-05-22,CA,Paid Social
12471,2023-05-22,GA,Email
10853,2023-05-23,,Paid Social
25640,2023-05-23,TX,Organic Search
14836,2023-05-23,WA,Paid Social
9895,2023-05-23,GA,Email
16892,2023-05-23,GA,Paid Social
8213,2023-05-23,GA,Organic Search
67,2023-05-23,TX,Organic Search
12422,2023-05-23,GA,Paid Social
28573,2023-05-23,WA,Paid Social
2626,2023-05-23,,Affiliate
5516,2023-05-23,WA,Email
19925,2023-05-23,GA,Organic Search
10945,2023-05-23,CA,Paid Social
19308,2023-05-23,WA,Organic Search
10778,2023-05-23,NY,Email
26542,2023-05-23,CA,Email
16155,2023-05-23,CA,Paid Social
29048,2023-05-23,CA,Organic Search
12098,2023-05-23,TX,Referral
3372,2023-05-23,FL,Paid Social
16705,2023-05-23,,Email
9438,2023-05-23,IL,Organic Search
7592,2023-05-23,CA,Email
23647,2023-05-23,,Email
20737,2023-05-23,WA,Paid Social
17874,2023-05-24,GA,Organic Search
26270,2023-05-24,FL,Email
25047,2023-05-24,CA,Organic Search
2635,2023-05-24,IL,Email
10753,2023-05-24,TX,Paid Social
13506,2023-05-24,GA,Affiliate
706,2023-05-24,TX,Affiliate
23637,2023-05-24,,Affiliate
6102,2023-05-24,CA,Email
26636,2023-05-24,FL,Affiliate
20273,2023-05-24,NY,Paid Social
13051,2023-05-24,IL,Affiliate
29005,2023-05-24,IL,Paid Social
2132,2023-05-24,NY,Organic Search
19736,2023-05-24,TX,Paid Social
21684,2023-05-24,WA,Organic Search
1469,2023-05-24,GA,Referral
7790,2023-05-24,FL,Paid Social
18658,2023-05-24,WA,Email
26555,2023-05-24,,Paid Social
14398,2023-05-24,GA,Organic Search
16428,2023-05-24,CA,Paid Social
10175,2023-05-25,GA,Organic Search
24687,2023-05-25,,Paid Social
20521,2023-05-25,FL,Organic Search
16582,2023-05-25,CA,Paid Social
18749,2023-05-25,WA,Organic Search
12555,2023-05-25,WA,Paid Social
29524,2023-05-25,TX,Email
17094,2023-05-25,,Paid Social
2159,2023-05-25,TX,Paid Social
18381,2023-05-25,,Organic Search
27164,2023-05-25,GA,Organic Search
5838,2023-05-25,GA,Paid Social
28116,2023-05-25,GA,Paid Social
18193,2023-05-25,GA,Organic Search
14262,2023-05-25,NY,Email
18367,2023-05-25,WA,Affiliate
26421,2023-05-25,IL,Organic Search
4984,2023-05-25,WA,Email
18829,2023-05-26,,Referral
26061,2023-05-26,FL,Paid Social
16670,2023-05-26,NY,Paid Social
26587,2023-05-26,CA,Paid Social
6225,2023-05-26,GA,Organic Search
12351,2023-05-26,CA,Paid Social
21520,2023-05-26,WA,Referral
2134,2023-05-26,CA,Paid Social
21009,2023-05-26,NY,Organic Search
5387,2023-05-26,TX,Paid Social
4976,2023-05-26,TX,Paid Social
11430,2023-05-26,WA,Paid Social
17791,2023-05-26,,Referral
16258,2023-05-26,NY,Organic Search
24427,2023-05-26,TX,Organic Search
2670,2023-05-26,,Paid Social
9158,2023-05-26,IL,Paid Social
11484,2023-05-26,CA,Paid Social
23333,2023-05-26,CA,Email
28161,2023-05-26,IL,Paid Social
6128,2023-05-26,WA,Paid Social
10476,2023-05-26,NY,Paid Social
28459,2023-05-26,CA,Paid Social
15018,2023-05-26,WA,Email
12381,2023-05-26,GA,Paid Social
24259,2023-05-26,TX,Affiliate
22894,2023-05-26,FL,Organic Search
26053,2023-05-26,IL,Paid Social
14111,2023-05-26,CA,Email
17555,2023-05-27,NY,Affiliate
24512,2023-05-27,,Paid Social
17592,2023-05-27,NY,Email
131,2023-05-27,TX,Paid Social
25769,2023-05-27,FL,Paid Social
5976,2023-05-27,CA,Affiliate
12127,2023-05-27,CA,Organic Search
25252,2023-05-27,TX,Affiliate
14055,2023-05-27,WA,Organic Search
883,2023-05-27,CA,Organic Search
26753,2023-05-27,WA,Paid Social
893,2023-05-27,TX,Email
16478,2023-05-27,NY,Paid Social
10284,2023-05-27,,Email
2309,2023-05-27,WA,Organic Search
2072,2023-05-27,NY,Paid Social
25242,2023-05-27,,Affiliate
21996,2023-05-27,TX,Paid Social
24193,2023-05-27,TX,Paid Social
4241,2023-05-27,,Paid Social
28108,2023-05-27,GA,Paid Social
23886,2023-05-27,TX,Referral
26739,2023-05-27,NY,Paid Social
4432,2023-05-27,NY,Paid Social
23934,2023-05-28,IL,Email
14753,2023-05-28,,Paid Social
10976,2023-05-28,NY,Paid Social
9546,2023-05-28,NY,Organic Search
25034,2023-05-28,IL,Affiliate
29259,2023-05-28,IL,Organic Search
13443,2023-05-28,GA,Affiliate
16441,2023-05-28,CA,Paid Social
2268,2023-05-28,IL,Email
20458,2023-05-28,WA,Paid Social
4936,2023-05-28,TX,Paid Social
12939,2023-05-28,IL,Organic Search
15684,2023-05-28,GA,Email
3340,2023-05-28,FL,Paid Social
19363,2023-05-28,FL,Email
25467,2023-05-28,,Organic Search
27273,2023-05-28,FL,Affiliate
17911,2023-05-28,TX,Organic Search
14124,2023-05-28,,Paid Social
26022,2023-05-28,,Paid Social
24099,2023-05-28,FL,Organic Search
23149,2023-05-28,WA,Affiliate
6879,2023-05-29,FL,Email
14440,2023-05-29,IL,Paid Social
3203,2023-05-29,GA,Organic Search
11261,2023-05-29,WA,Organic Search
16777,2023-05-29,GA,Paid Social
13812,2023-05-29,WA,Organic Search
27951,2023-05-29,,Paid Social
4333,2023-05-29,CA,Paid Social
13615,2023-05-29,FL,Paid Social
3632,2023-05-29,,Organic Search
21801,2023-05-29,CA,Paid Social
17655,2023-05-29,NY,Organic Search
19570,2023-05-29,GA,Paid Social
20544,2023-05-29,IL,Organic Search
4798,2023-05-29,IL,Email
1106,2023-05-29,IL,Organic Search
19168,2023-05-29,CA,Paid Social
9109,2023-05-29,WA,Organic Search
3720,2023-05-29,CA,Organic Search
23284,2023-05-29,IL,Organic Search
3795,2023-05-29,CA,Organic Search
24377,2023-05-30,FL,Paid Social
943,2023-05-30,,Paid Social
24598,2023-05-30,GA,Email
21794,2023-05-30,NY,Email
3169,2023-05-30,CA,Email
11056,2023-05-30,,Paid Social
19506,2023-05-30,FL,Organic Search
19096,2023-05-30,NY,Organic Search
18483,2023-05-30,TX,Referral
20447,2023-05-30,TX,Organic Search
5124,2023-05-30,NY,Paid Social
22429,2023-05-30,CA,Paid Social
1974,2023-05-30,GA,Paid Social
17531,2023-05-30,NY,Paid Social
29256,2023-05-30,CA,Affiliate
3379,2023-05-30,,Organic Search
18754,2023-05-30,IL,Organic Search
29615,2023-05-30,,Paid Social
25309,2023-05-30,FL,Paid Social
11834,2023-05-30,WA,Affiliate
22522,2023-05-30,CA,Organic Search
21824,2023-05-30,CA,Organic Search
13054,2023-05-30,GA,Paid Social
15886,2023-05-31,,Organic Search
25478,2023-05-31,WA,Referral
24150,2023-05-31,NY,Organic Search
3626,2023-05-31,GA,Organic Search
8525,2023-05-31,NY,Paid Social
17760,2023-05-31,GA,Organic Search
19075,2023-05-31,WA,Paid Social
6586,2023-05-31,TX,Paid Social
2527,2023-05-31,WA,Organic Search
5848,2023-05-31,GA,Email
16457,2023-05-31,,Paid Social
9948,2023-05-31,GA,Organic Search
10459,2023-05-31,CA,Organic Search
27162,2023-05-31,GA,Paid Social
23386,2023-06-01,IL,Organic Search
26363,2023-06-01,,Email
21013,2023-06-01,CA,Email
17001,2023-06-01,CA,Email
17585,2023-06-01,GA,Paid Social
21261,2023-06-01,TX,Organic Search
3373,2023-06-01,NY,Organic Search
28021,2023-06-01,IL,Paid Social
23628,2023-06-01,CA,Affiliate
18953,2023-06-01,IL,Referral
11390,2023-06-01,IL,Paid Social
2030,2023-06-01,TX,Paid Social
24674,2023-06-01,CA,Paid Social
3820,2023-06-01,TX,Paid Social
26538,2023-06-02,IL,Affiliate
6005,2023-06-02,GA,Organic Search
6888,2023-06-02,NY,Paid Social
14559,2023-06-02,WA,Paid Social
21790,2023-06-02,NY,Paid Social
18884,2023-06-02,NY,Paid Social
1171,2023-06-02,,Paid Social
18606,2023-06-02,TX,Paid Social
18597,2023-06-02,TX,Organic Search
19268,2023-06-02,GA,Email
8488,2023-06-02,,Paid Social
28099,2023-06-02,GA,Paid Social
29470,2023-06-02,WA,Organic Search
12512,2023-06-02,NY,Affiliate
24258,2023-06-02,,Organic Search
18726,2023-06-02,NY,Organic Search
12152,2023-06-02,IL,Paid Social
10016,2023-06-02,NY,Organic Search
28266,2023-06-02,GA,Paid Social
9283,2023-06-02,TX,Email
19684,2023-06-02,IL,Affiliate
23698,2023-06-02,GA,Email
3885,2023-06-02,TX,Referral
2956,2023-06-02,NY,Paid Social
928,2023-06-02,,Paid Social
1926,2023-06-02,,Organic Search
1539,2023-06-02,TX,Organic Search
14664,2023-06-02,TX,Paid Social
24753,2023-06-03,CA,Paid Social
28514,2023-06-03,IL,Paid Social
26150,2023-06-03,NY,Paid Social
22366,2023-06-03,TX,Paid Social
28495,2023-06-03,WA,Paid Social
21998,2023-06-03,WA,Email
21771,2023-06-03,GA,Paid Social
26312,2023-06-03,FL,Paid Social
2486,2023-06-03,GA,Affiliate
6690,2023-06-03,IL,Organic Search
28143,2023-06-03,FL,Paid Social
11944,2023-06-03,TX,Referral
22285,2023-06-03,FL,Email
10376,2023-06-03,TX,Paid Social
11927,2023-06-03,CA,Organic Search
23006,2023-06-03,GA,Organic Search
7367,2023-06-03,,Paid Social
312,2023-06-03,WA,Organic Search
19801,2023-06-03,,Affiliate
26920,2023-06-03,CA,Email
148,2023-06-03,IL,Paid Social
22297,2023-06-03,TX,Email
15998,2023-06-03,,Email
15355,2023-06-04,GA,Paid Social
7308,2023-06-04,TX,Organic Search
12612,2023-06-04,FL,Organic Search
12015,2023-06-04,GA,Organic Search
9057,2023-06-04,CA,Referral
24919,2023-06-04,FL,Email
17469,2023-06-04,TX,Affiliate
26916,2023-06-04,FL,Email
26952,2023-06-04,NY,Paid Social
21440,2023-06-04,,Organic Search
6487,2023-06-04,NY,Affiliate
23786,2023-06-04,,Affiliate
5649,2023-06-04,,Paid Social
3448,2023-06-04,CA,Email
1468,2023-06-04,IL,Paid Social
7056,2023-06-04,IL,Organic Search
11008,2023-06-04,NY,Referral
14337,2023-06-04,GA,Paid Social
20702,2023-06-04,NY,Paid Social
1753,2023-06-04,GA,Organic Search
9417,2023-06-04,IL,Paid Social
22398,2023-06-05,WA,Organic Search
10771,2023-06-05,TX,Paid Social
19281,2023-06-05,NY,Paid Social
19136,2023-06-05,FL,Paid Social
21234,2023-06-05,NY,Email
8917,2023-06-05,WA,Paid Social
9729,2023-06-05,WA,Organic Search
960,2023-06-05,,Email
4090,2023-06-05,CA,Organic Search
8119,2023-06-05,GA,Organic Search
28319,2023-06-05,NY,Organic Search
213,2023-06-05,IL,Paid Social
10558,2023-06-05,,Referral
14962,2023-06-05,CA,Email
2123,2023-06-05,CA,Affiliate
28212,2023-06-05,CA,Organic Search
25477,2023-06-05,TX,Organic Search
14921,2023-06-05,CA,Email
3808,2023-06-05,NY,Paid Social
19122,2023-06-05,,Organic Search
25998,2023-06-05,GA,Paid Social
18517,2023-06-05,,Email
5767,2023-06-05,WA,Organic Search
25224,2023-06-05,TX,Email
29769,2023-06-05,FL,Email
15211,2023-06-05,NY,Affiliate
22060,2023-06-05,WA,Paid Social
10913,2023-06-06,IL,Organic Search
5550,2023-06-06,FL,Organic Search
3777,2023-06-06,FL,Email
29163,2023-06-06,WA,Email
5810,2023-06-06,FL,Paid Social
6323,2023-06-06,NY,Paid Social
14633,2023-06-06,,Organic Search
29351,2023-06-06,IL,Paid Social
10066,2023-06-06,WA,Paid Social
21345,2023-06-06,,Paid Social
738,2023-06-06,CA,Email
25609,2023-06-06,TX,Email
22419,2023-06-06,WA,Paid Social
68,2023-06-06,NY,Email
19310,2023-06-06,TX,Paid Social
8467,2023-06-06,IL,Paid Social
24597,2023-06-06,WA,Paid Social
451,2023-06-06,IL,Email
8286,2023-06-06,WA,Email
7046,2023-06-06,CA,Paid Social
23955,2023-06-06,CA,Paid Social
20409,2023-06-06,IL,Email
26521,2023-06-06,GA,Organic Search
25740,2023-06-06,NY,Referral
6786,2023-06-06,TX,Referral
22883,2023-06-07,CA,Paid Social
21054,2023-06-07,,Paid Social
14380,2023-06-07,,Organic Search
13653,2023-06-07,NY,Organic Search
2866,2023-06-07,NY,Paid Social
28978,2023-06-07,WA,Paid Social
9193,2023-06-07,,Affiliate
28053,2023-06-07,NY,Organic Search
4144,2023-06-07,,Email
16886,2023-06-07,WA,Paid Social
25413,2023-06-07,NY,Email
16439,2023-06-07,WA,Paid Social
5295,2023-06-07,WA,Email
29540,2023-06-07,GA,Paid Social
11428,2023-06-07,GA,Paid Social
28235,2023-06-07,CA,Email
9641,2023-06-07,NY,Paid Social
22748,2023-06-07,CA,Organic Search
8909,2023-06-07,CA,Paid Social
15261,2023-06-07,TX,Paid Social
1970,2023-06-08,TX,Organic Search
867,2023-06-08,FL,Organic Search
24324,2023-06-08,TX,Paid Social
8823,2023-06-08,CA,Organic Search
11219,2023-06-08,GA,Paid Social
9776,2023-06-08,IL,Paid Social
6830,2023-06-08,WA,Paid Social
6495,2023-06-08,NY,Affiliate
19392,2023-06-08,CA,Email
25669,2023-06-08,IL,Paid Social
10061,2023-06-08,WA,Organic Search
4656,2023-06-08,TX,Organic Search
18024,2023-06-08,NY,Affiliate
15067,2023-06-08,IL,Organic Search
6302,2023-06-08,GA,Paid Social
29795,2023-06-08,CA,Referral
23661,2023-06-08,IL,Paid Social
23918,2023-06-08,WA,Paid Social
28457,2023-06-08,TX,Organic Search
17110,2023-06-08,NY,Email
29134,2023-06-08,NY,Referral
13693,2023-06-08,TX,Email
2232,2023-06-08,GA,Organic Search
1943,2023-06-08,FL,Email
9515,2023-06-08,,Paid Social
7748,2023-06-09,IL,Email
27138,2023-06-09,NY,Paid Social
12973,2023-06-09,WA,Email
7215,2023-06-09,TX,Organic Search
23792,2023-06-09,WA,Paid Social
29716,2023-06-09,NY,Referral
13414,2023-06-09,NY,Organic Search
29483,2023-06-09,WA,Paid Social
27410,2023-06-09,GA,Paid Social
12633,2023-06-09,GA,Organic Search
4076,2023-06-09,IL,Paid Social
443,2023-06-09,IL,Paid Social
29135,2023-06-09,GA,Email
7689,2023-06-09,IL,Paid Social
29963,2023-06-09,TX,Organic Search
27802,2023-06-09,GA,Email
11688,2023-06-09,CA,Email
8343,2023-06-09,IL,Organic Search
28065,2023-06-09,FL,Email
13185,2023-06-09,,Paid Social
23642,2023-06-09,GA,Paid Social
25535,2023-06-09,IL,Paid Social
11452,2023-06-09,NY,Paid Social
16870,2023-06-09,GA,Paid Social
4148,2023-06-09,WA,Paid Social
29738,2023-06-10,TX,Paid Social
24791,2023-06-10,IL,Organic Search
196,2023-06-10,GA,Paid Social
10488,2023-06-10,GA,Affiliate
23202,2023-06-10,FL,Paid Social
27898,2023-06-10,IL,Organic Search
29216,2023-06-10,CA,Organic Search
19458,2023-06-10,GA,Organic Search
4790,2023-06-10,GA,Paid Social
20109,2023-06-10,IL,Paid Social
17495,2023-06-10,,Organic Search
6364,2023-06-10,,Paid Social
17815,2023-06-10,CA,Paid Social
27335,2023-06-10,,Organic Search
10637,2023-06-10,,Paid Social
7648,2023-06-10,FL,Organic Search
4400,2023-06-10,,Organic Search
27483,2023-06-10,TX,Paid Social
8579,2023-06-11,WA,Paid Social
14107,2023-06-11,WA,Paid Social
7427,2023-06-11,TX,Organic Search
21557,2023-06-11,IL,Organic Search
20582,2023-06-11,NY,Organic Search
28620,2023-06-11,NY,Email
25604,2023-06-11,,Organic Search
28862,2023-06-11,FL,Organic Search
23650,2023-06-11,,Organic Search
4746,2023-06-11,GA,Organic Search
22677,2023-06-11,,Paid Social
12687,2023-06-11,FL,Paid Social
17966,2023-06-11,NY,Email
29745,2023-06-11,WA,Referral
10706,2023-06-11,GA,Paid Social
21436,2023-06-11,IL,Organic Search
20224,2023-06-11,CA,Email
18791,2023-06-11,GA,Paid Social
17875,2023-06-11,NY,Email
27484,2023-06-11,CA,Paid Social
7206,2023-06-11,IL,Organic Search
23134,2023-06-11,NY,Organic Search
19983,2023-06-11,NY,Email
11558,2023-06-11,TX,Email
26373,2023-06-11,,Paid Social
12581,2023-06-11,WA,Email
14809,2023-06-12,CA,Paid Social
19548,2023-06-12,CA,Paid Social
10844,2023-06-12,IL,Organic Search
10852,2023-06-12,IL,Paid Social
21683,2023-06-12,TX,Paid Social
28027,2023-06-12,IL,Organic Search
3715,2023-06-12,GA,Affiliate
18687,2023-06-12,,Email
26873,2023-06-12,IL,Paid Social
21022,2023-06-12,CA,Email
19444,2023-06-12,FL,Organic Search
14096,2023-06-12,GA,Email
17100,2023-06-12,TX,Organic Search
9466,2023-06-12,IL,Affiliate
22929,2023-06-12,NY,Paid Social
10368,2023-06-12,CA,Paid Social
8410,2023-06-12,CA,Paid Social
26773,2023-06-12,,Affiliate
20683,2023-06-12,IL,Paid Social
10692,2023-06-13,FL,Organic Search
19701,2023-06-13,,Paid Social
28191,2023-06-13,FL,Organic Search
12445,2023-06-13,CA,Organic Search
28274,2023-06-13,,Organic Search
12181,2023-06-13,GA,Organic Search
7841,2023-06-13,NY,Paid Social
13364,2023-06-13,,Paid Social
21716,2023-06-13,,Organic Search
26260,2023-06-13,IL,Paid Social
21432,2023-06-13,FL,Referral
22028,2023-06-13,NY,Paid Social
11491,2023-06-13,NY,Affiliate
22536,2023-06-13,IL,Email
13896,2023-06-13,,Paid Social
14775,2023-06-13,NY,Email
2304,2023-06-13,IL,Organic Search
7132,2023-06-13,NY,Paid Social
24342,2023-06-13,FL,Organic Search
21867,2023-06-13,WA,Paid Social
16696,2023-06-13,,Paid Social
1494,2023-06-13,WA,Organic Search
226,2023-06-13,,Organic Search
25623,2023-06-13,IL,Paid Social
8641,2023-06-13,,Email
23142,2023-06-13,NY,Paid Social
7490,2023-06-13,GA,Email
7220,2023-06-13,GA,Affiliate
7454,2023-06-14,,Paid Social
5949,2023-06-14,,Paid Social
1887,2023-06-14,NY,Organic Search
24516,2023-06-14,TX,Organic Search
8132,2023-06-14,FL,Paid Social
13533,2023-06-14,FL,Paid Social
17735,2023-06-14,FL,Paid Social
17960,2023-06-14,GA,Affiliate
1873,2023-06-14,NY,Paid Social
12886,2023-06-14,IL,Organic Search
10111,2023-06-14,NY,Organic Search
12175,2023-06-14,GA,Paid Social
4727,2023-06-14,TX,Affiliate
3853,2023-06-14,IL,Paid Social
28683,2023-06-14,CA,Paid Social
2714,2023-06-14,TX,Paid Social
7180,2023-06-14,CA,Paid Social
15264,2023-06-14,,Paid Social
22817,2023-06-14,GA,Paid Social
18943,2023-06-14,FL,Paid Social
18310,2023-06-14,IL,Organic Search
26322,2023-06-14,CA,Paid Social
1474,2023-06-14,FL,Paid Social
8714,2023-06-14,FL,Paid Social
26791,2023-06-14,WA,Email
24383,2023-06-14,WA,Paid Social
6270,2023-06-14,,Paid Social
26986,2023-06-14,NY,Email
15700,2023-06-14,WA,Paid Social
25007,2023-06-14,FL,Organic Search
22734,2023-06-15,WA,Organic Search
25235,2023-06-15,GA,Affiliate
13161,2023-06-15,NY,Paid Social
14512,2023-06-15,,Email
27198,2023-06-15,NY,Organic Search
14042,2023-06-15,CA,Organic Search
27541,2023-06-15,NY,Email
11427,2023-06-15,,Organic Search
12723,2023-06-15,IL,Affiliate
19888,2023-06-15,NY,Email
10389,2023-06-15,CA,Referral
26477,2023-06-15,FL,Paid Social
14195,2023-06-15,IL,Organic Search
10561,2023-06-15,FL,Organic Search
24236,2023-06-15,WA,Affiliate
16659,2023-06-15,FL,Organic Search
29920,2023-06-15,CA,Organic Search
5010,2023-06-16,WA,Paid Social
17450,2023-06-16,CA,Paid Social
25606,2023-06-16,NY,Email
15410,2023-06-16,NY,Paid Social
12216,2023-06-16,IL,Paid Social
6437,2023-06-16,WA,Paid Social
22436,2023-06-16,IL,Affiliate
12845,2023-06-16,WA,Paid Social
22431,2023-06-16,IL,Paid Social
28363,2023-06-16,FL,Affiliate
22237,2023-06-16,NY,Referral
28989,2023-06-16,,Organic Search
3316,2023-06-16,CA,Paid Social
22888,2023-06-16,GA,Organic Search
24678,2023-06-16,CA,Paid Social
12036,2023-06-16,,Paid Social
15592,2023-06-16,TX,Paid Social
19903,2023-06-16,TX,Organic Search
10570,2023-06-16,GA,Paid Social
5854,2023-06-16,CA,Referral
8536,2023-06-16,NY,Paid Social
2943,2023-06-16,,Organic Search
17011,2023-06-16,FL,Affiliate
15985,2023-06-17,TX,Paid Social
29386,2023-06-17,WA,Paid Social
5769,2023-06-17,NY,Organic Search
10375,2023-06-17,,Affiliate
4083,2023-06-17,WA,Paid Social
14365,2023-06-17,IL,Organic Search
4797,2023-06-17,,Organic Search
5473,2023-06-17,NY,Organic Search
8182,2023-06-17,CA,Organic Search
24592,2023-06-17,NY,Paid Social
8398,2023-06-18,WA,Paid Social
15791,2023-06-18,GA,Email
17090,2023-06-18,NY,Affiliate
16385,2023-06-18,,Referral
26987,2023-06-18,,Paid Social
6446,2023-06-18,NY,Paid Social
7429,2023-06-18,NY,Paid Social
23576,2023-06-18,IL,Affiliate
15288,2023-06-18,NY,Referral
2270,2023-06-18,IL,Paid Social
14771,2023-06-18,,Referral
3702,2023-06-18,WA,Paid Social
584,2023-06-18,NY,Paid Social
17950,2023-06-18,NY,Organic Search
10030,2023-06-18,CA,Paid Social
10773,2023-06-18,,Paid Social
22049,2023-06-18,FL,Referral
17659,2023-06-18,WA,Organic Search
29940,2023-06-18,FL,Paid Social
4637,2023-06-18,TX,Paid Social
6997,2023-06-18,IL,Paid Social
3764,2023-06-18,,Organic Search
13560,2023-06-18,TX,Paid Social
16084,2023-06-18,IL,Affiliate
14332,2023-06-18,TX,Organic Search
25293,2023-06-18,TX,Email
25965,2023-06-18,FL,Organic Search
17020,2023-06-19,CA,Email
26927,2023-06-19,GA,Paid Social
10685,2023-06-19,GA,Paid Social
9519,2023-06-19,TX,Paid Social
20084,2023-06-19,CA,Email
12800,2023-06-19,WA,Paid Social
21453,2023-06-19,CA,Organic Search
15394,2023-06-19,FL,Email
11711,2023-06-19,WA,Referral
25652,2023-06-19,TX,Email
4668,2023-06-19,WA,Email
23099,2023-06-19,IL,Paid Social
28233,2023-06-19,,Paid Social
3327,2023-06-19,FL,Email
22946,2023-06-19,,Referral
2136,2023-06-19,TX,Referral
96,2023-06-19,FL,Paid Social
14436,2023-06-20,CA,Paid Social
1385,2023-06-20,NY,Paid Social
2162,2023-06-20,IL,Paid Social
9144,2023-06-20,NY,Paid Social
12101,2023-06-20,IL,Paid Social
2046,2023-06-20,,Email
22641,2023-06-20,GA,Paid Social
6571,2023-06-20,WA,Paid Social
23741,2023-06-20,GA,Paid Social
8569,2023-06-20,WA,Paid Social
15621,2023-06-20,GA,Paid Social
6356,2023-06-20,IL,Affiliate
17253,2023-06-21,GA,Paid Social
26085,2023-06-21,TX,Email
16646,2023-06-21,IL,Affiliate
10249,2023-06-21,GA,Affiliate
4658,2023-06-21,NY,Paid Social
6546,2023-06-21,TX,Organic Search
14062,2023-06-21,,Affiliate
13975,2023-06-21,WA,Email
28936,2023-06-21,TX,Paid Social
15864,2023-06-21,IL,Organic Search
29475,2023-06-21,CA,Paid Social
5713,2023-06-21,GA,Paid Social
21765,2023-06-21,IL,Paid Social
26827,2023-06-21,,Organic Search
25615,2023-06-21,NY,Organic Search
16750,2023-06-21,TX,Organic Search
9141,2023-06-21,NY,Paid Social
913,2023-06-21,NY,Paid Social
24629,2023-06-21,WA,Affiliate
4467,2023-06-21,GA,Organic Search
16280,2023-06-21,WA,Paid Social
26300,2023-06-21,FL,Paid Social
29517,2023-06-22,FL,Paid Social
19698,2023-06-22,WA,Paid Social
29308,2023-06-22,NY,Paid Social
23554,2023-06-22,FL,Organic Search
1396,2023-06-22,IL,Email
13030,2023-06-22,WA,Organic Search
27362,2023-06-22,TX,Organic Search
19338,2023-06-22,FL,Paid Social
18444,2023-06-22,CA,Organic Search
17522,2023-06-22,,Paid Social
24288,2023-06-22,FL,Paid Social
19992,2023-06-22,NY,Email
22103,2023-06-22,,Organic Search
12482,2023-06-22,FL,Referral
15682,2023-06-22,CA,Organic Search
3036,2023-06-22,,Organic Search
8611,2023-06-22,TX,Paid Social
3496,2023-06-22,,Organic Search
8897,2023-06-22,,Paid Social
24397,2023-06-22,GA,Organic Search
21651,2023-06-22,IL,Organic Search
4679,2023-06-22,CA,Paid Social
19598,2023-06-22,IL,Paid Social
20410,2023-06-22,,Paid Social
16488,2023-06-22,WA,Paid Social
17561,2023-06-22,CA,Paid Social
787,2023-06-22,FL,Paid Social
13614,2023-06-23,WA,Organic Search
12997,2023-06-23,GA,Paid Social
25766,2023-06-23,,Paid Social
28118,2023-06-23,GA,Affiliate
8126,2023-06-23,IL,Organic Search
23722,2023-06-23,NY,Organic Search
23440,2023-06-23,WA,Paid Social
15599,2023-06-23,GA,Email
27059,2023-06-23,,Paid Social
11373,2023-06-23,GA,Email
15009,2023-06-23,NY,Paid Social
8153,2023-06-23,FL,Organic Search
29124,2023-06-23,FL,Affiliate
4195,2023-06-23,,Paid Social
17739,2023-06-23,CA,Paid Social
759,2023-06-23,NY,Referral
18180,2023-06-23,,Paid Social
24716,2023-06-23,NY,Organic Search
11662,2023-06-23,,Affiliate
1513,2023-06-23,CA,Affiliate
19394,2023-06-23,CA,Paid Social
26704,2023-06-23,NY,Organic Search
27598,2023-06-23,GA,Email
17070,2023-06-24,WA,Referral
27600,2023-06-24,FL,Paid Social
3828,2023-06-24,WA,Paid Social
8814,2023-06-24,CA,Paid Social
29645,2023-06-24,,Organic Search
12196,2023-06-24,IL,Paid Social
17896,2023-06-24,WA,Paid Social
28343,2023-06-24,IL,Paid Social
5782,2023-06-24,FL,Paid Social
7986,2023-06-24,IL,Email
14961,2023-06-24,TX,Paid Social
3870,2023-06-24,FL,Organic Search
27631,2023-06-24,FL,Organic Search
11511,2023-06-24,WA,Organic Search
16946,2023-06-24,FL,Organic Search
2282,2023-06-24,CA,Paid Social
20200,2023-06-24,FL,Affiliate
11903,2023-06-24,IL,Paid Social
17909,2023-06-24,GA,Paid Social
24658,2023-06-24,NY,Paid Social
24285,2023-06-24,GA,Paid Social
2693,2023-06-24,CA,Organic Search
2155,2023-06-24,GA,Organic Search
16206,2023-06-24,WA,Organic Search
24824,2023-06-24,NY,Paid Social
5997,2023-06-24,CA,Paid Social
15679,2023-06-24,NY,Affiliate
12984,2023-06-24,WA,Affiliate
2700,2023-06-25,TX,Email
15068,2023-06-25,NY,Paid Social
21883,2023-06-25,TX,Affiliate
2178,2023-06-25,GA,Paid Social
6043,2023-06-25,TX,Paid Social
333,2023-06-25,FL,Organic Search
22808,2023-06-25,NY,Organic Search
7373,2023-06-25,,Organic Search
8816,2023-06-25,NY,Email
26438,2023-06-25,GA,Paid Social
20470,2023-06-25,TX,Organic Search
2153,2023-06-25,IL,Email
19735,2023-06-25,FL,Paid Social
25689,2023-06-25,NY,Organic Search
2412,2023-06-25,IL,Organic Search
28861,2023-06-25,NY,Organic Search
2336,2023-06-25,WA,Paid Social
9006,2023-06-25,NY,Paid Social
3643,2023-06-25,WA,Paid Social
29726,2023-06-26,GA,Email
11402,2023-06-26,CA,Paid Social
21128,2023-06-26,WA,Email
4030,2023-06-26,CA,Paid Social
28622,2023-06-26,NY,Paid Social
29632,2023-06-26,GA,Paid Social
26969,2023-06-26,CA,Organic Search
1794,2023-06-26,FL,Paid Social
86,2023-06-26,,Paid Social
21163,2023-06-26,TX,Email
14681,2023-06-26,FL,Paid Social
3831,2023-06-26,NY,Paid Social
17688,2023-06-26,WA,Referral
13800,2023-06-26,IL,Email
29086,2023-06-26,FL,Organic Search
17063,2023-06-26,TX,Referral
18146,2023-06-26,WA,Paid Social
14212,2023-06-26,WA,Affiliate
26246,2023-06-27,CA,Paid Social
16343,2023-06-27,FL,Email
26948,2023-06-27,IL,Organic Search
242,2023-06-27,,Affiliate
6898,2023-06-27,CA,Organic Search
12938,2023-06-27,IL,Organic Search
17641,2023-06-27,WA,Organic Search
29020,2023-06-27,WA,Organic Search
11501,2023-06-27,NY,Paid Social
2540,2023-06-27,TX,Email
23457,2023-06-27,IL,Paid Social
5531,2023-06-27,IL,Paid Social
7466,2023-06-27,GA,Paid Social
24386,2023-06-27,FL,Email
8091,2023-06-27,TX,Referral
2257,2023-06-27,CA,Paid Social
2145,2023-06-27,WA,Paid Social
29335,2023-06-27,,Email
28181,2023-06-27,IL,Paid Social
853,2023-06-27,GA,Organic Search
29876,2023-06-27,IL,Affiliate
28449,2023-06-27,IL,Paid Social
5166,2023-06-27,TX,Affiliate
5423,2023-06-27,,Affiliate
11562,2023-06-27,WA,Organic Search
22383,2023-06-27,CA,Organic Search
5348,2023-06-27,,Organic Search
27423,2023-06-27,IL,Paid Social
13039,2023-06-27,WA,Paid Social
16191,2023-06-27,TX,Paid Social
15697,2023-06-28,WA,Referral
4413,2023-06-28,FL,Paid Social
2312,2023-06-28,,Referral
21000,2023-06-28,WA,Paid Social
24185,2023-06-28,NY,Paid Social
17220,2023-06-28,NY,Paid Social
20060,2023-06-28,FL,Paid Social
23204,2023-06-28,FL,Organic Search
26329,2023-06-28,FL,Organic Search
9711,2023-06-28,GA,Organic Search
6869,2023-06-28,CA,Paid Social
15767,2023-06-28,CA,Paid Social
21755,2023-06-28,FL,Paid Social
19490,2023-06-28,TX,Organic Search
10424,2023-06-28,NY,Paid Social
16904,2023-06-28,,Paid Social
4028,2023-06-28,,Organic Search
23009,2023-06-28,GA,Paid Social
8630,2023-06-29,NY,Paid Social
28453,2023-06-29,FL,Paid Social
4165,2023-06-29,WA,Paid Social
22392,2023-06-29,TX,Paid Social
978,2023-06-29,FL,Organic Search
6714,2023-06-29,GA,Email
5113,2023-06-29,WA,Paid Social
7106,2023-06-29,,Organic Search
16607,2023-06-29,WA,Paid Social
16567,2023-06-29,NY,Paid Social
14691,2023-06-29,,Email
13957,2023-06-29,NY,Organic Search
411,2023-06-29,,Paid Social
10241,2023-06-29,WA,Paid Social
5304,2023-06-29,GA,Referral
14959,2023-06-29,CA,Paid Social
8529,2023-06-29,IL,Paid Social
12182,2023-06-29,FL,Referral
24437,2023-06-29,WA,Paid Social
21922,2023-06-29,IL,Email
29317,2023-06-29,,Paid Social
18927,2023-06-29,,Email
888,2023-06-29,IL,Organic Search
2691,2023-06-29,GA,Paid Social
26737,2023-06-29,,Affiliate
16493,2023-06-29,CA,Paid Social
17197,2023-06-29,TX,Organic Search
8694,2023-06-29,,Organic Search
6517,2023-06-29,TX,Email
29970,2023-06-30,FL,Organic Search
24797,2023-06-30,CA,Referral
8253,2023-06-30,NY,Organic Search
26747,2023-06-30,GA,Paid Social
23861,2023-06-30,IL,Organic Search
1427,2023-06-30,,Organic Search
22530,2023-06-30,FL,Email
25612,2023-06-30,IL,Paid Social
17430,2023-06-30,IL,Organic Search
5911,2023-06-30,IL,Paid Social
12396,2023-06-30,TX,Paid Social
21094,2023-06-30,FL,Paid Social
23008,2023-06-30,,Affiliate
2516,2023-06-30,NY,Affiliate
5350,2023-06-30,CA,Paid Social
16676,2023-06-30,GA,Paid Social
22337,2023-06-30,GA,Referral
17240,2023-06-30,NY,Affiliate
6576,2023-06-30,IL,Email
17027,2023-06-30,WA,Referral
22056,2023-06-30,IL,Organic Search
24614,2023-06-30,WA,Paid Social
22746,2023-06-30,CA,Paid Social
3388,2023-07-01,TX,Paid Social
26408,2023-07-01,TX,Email
17201,2023-07-01,NY,Paid Social
4050,2023-07-01,FL,Organic Search
8317,2023-07-01,FL,Referral
27445,2023-07-01,WA,Paid Social
208,2023-07-01,FL,Paid Social
14211,2023-07-01,FL,Organic Search
20156,2023-07-01,GA,Organic Search
5440,2023-07-01,NY,Email
10423,2023-07-01,TX,Paid Social
7609,2023-07-01,WA,Paid Social
2213,2023-07-01,CA,Organic Search
6806,2023-07-01,NY,Email
3226,2023-07-01,WA,Referral
18701,2023-07-01,CA,Paid Social
3838,2023-07-01,IL,Organic Search
24557,2023-07-01,CA,Organic Search
15516,2023-07-01,TX,Organic Search
8603,2023-07-01,GA,Referral
18631,2023-07-01,,Affiliate
25380,2023-07-01,TX,Organic Search
16297,2023-07-01,FL,Organic Search
2992,2023-07-01,WA,Email
7315,2023-07-01,NY,Organic Search
26323,2023-07-01,GA,Paid Social
1536,2023-07-01,GA,Organic Search
12100,2023-07-01,GA,Paid Social
8623,2023-07-01,FL,Paid Social
2764,2023-07-01,,Paid Social
1062,2023-07-02,,Affiliate
27068,2023-07-02,FL,Paid Social
24345,2023-07-02,FL,Paid Social
24199,2023-07-02,WA,Organic Search
6998,2023-07-02,CA,Affiliate
12933,2023-07-02,GA,Paid Social
26299,2023-07-02,IL,Paid Social
3851,2023-07-02,IL,Paid Social
18116,2023-07-02,FL,Organic Search
29415,2023-07-02,FL,Paid Social
16237,2023-07-02,CA,Organic Search
14877,2023-07-02,WA,Organic Search
9969,2023-07-02,TX,Email
19111,2023-07-02,WA,Paid Social
29867,2023-07-02,FL,Organic Search
24617,2023-07-02,,Organic Search
22763,2023-07-02,CA,Referral
1849,2023-07-02,WA,Referral
25000,2023-07-03,FL,Affiliate
21859,2023-07-03,IL,Paid Social
24530,2023-07-03,CA,Affiliate
5592,2023-07-03,FL,Paid Social
28331,2023-07-03,IL,Email
12609,2023-07-03,WA,Referral
10127,2023-07-03,WA,Paid Social
2688,2023-07-03,NY,Paid Social
28724,2023-07-03,,Email
17571,2023-07-03,WA,Affiliate
13437,2023-07-03,FL,Paid Social
27033,2023-07-03,IL,Paid Social
17255,2023-07-03,WA,Paid Social
12573,2023-07-03,NY,Organic Search
4646,2023-07-03,FL,Email
2822,2023-07-03,IL,Organic Search
22907,2023-07-04,GA,Paid Social
16635,2023-07-04,WA,Paid Social
7649,2023-07-04,WA,Paid Social
587,2023-07-04,IL,Organic Search
14079,2023-07-04,WA,Paid Social
15851,2023-07-04,FL,Organic Search
5772,2023-07-04,WA,Email
3854,2023-07-04,WA,Affiliate
29695,2023-07-04,IL,Organic Search
2444,2023-07-04,FL,Email
16459,2023-07-04,CA,Organic Search
25373,2023-07-04,GA,Paid Social
13642,2023-07-04,WA,Paid Social
19995,2023-07-04,CA,Affiliate
4354,2023-07-04,WA,Affiliate
13147,2023-07-04,NY,Affiliate
15063,2023-07-04,GA,Organic Search
13400,2023-07-04,FL,Organic Search
27798,2023-07-04,TX,Paid Social
16482,2023-07-04,FL,Email
28515,2023-07-04,FL,Organic Search
1306,2023-07-04,,Referral
22790,2023-07-04,,Affiliate
252,2023-07-04,,Paid Social
16795,2023-07-04,IL,Paid Social
6288,2023-07-05,IL,Paid Social
14728,2023-07-05,IL,Paid Social
3533,2023-07-05,IL,Paid Social
26465,2023-07-05,GA,Organic Search
18426,2023-07-05,TX,Paid Social
6602,2023-07-05,GA,Paid Social
318,2023-07-05,IL,Organic Search
22219,2023-07-05,NY,Email
24153,2023-07-05,IL,Organic Search
8915,2023-07-05,FL,Organic Search
3158,2023-07-05,,Organic Search
29231,2023-07-05,FL,Organic Search
29866,2023-07-05,GA,Email
5259,2023-07-05,FL,Paid Social
20492,2023-07-05,FL,Organic Search
27632,2023-07-05,GA,Organic Search
22088,2023-07-05,,Affiliate
25011,2023-07-06,GA,Affiliate
9722,2023-07-06,TX,Paid Social
12976,2023-07-06,NY,Email
9189,2023-07-06,GA,Affiliate
8114,2023-07-06,NY,Paid Social
26900,2023-07-06,WA,Organic Search
29025,2023-07-06,,Email
23402,2023-07-06,,Paid Social
9498,2023-07-06,,Paid Social
23396,2023-07-06,FL,Organic Search
11993,2023-07-06,CA,Affiliate
15590,2023-07-06,CA,Organic Search
16530,2023-07-06,WA,Affiliate
15618,2023-07-06,,Email
3503,2023-07-06,FL,Affiliate
4450,2023-07-06,CA,Email
27585,2023-07-06,CA,Paid Social
2817,2023-07-06,NY,Paid Social
26602,2023-07-06,TX,Paid Social
16336,2023-07-06,WA,Affiliate
10804,2023-07-06,TX,Affiliate
10413,2023-07-06,IL,Organic Search
13231,2023-07-07,,Organic Search
16636,2023-07-07,IL,Paid Social
4293,2023-07-07,NY,Paid Social
17364,2023-07-07,NY,Organic Search
3403,2023-07-07,NY,Affiliate
23671,2023-07-07,NY,Paid Social
25903,2023-07-07,GA,Email
22303,2023-07-07,CA,Paid Social
6335,2023-07-07,IL,Organic Search
10924,2023-07-07,CA,Organic Search
29437,2023-07-07,IL,Paid Social
376,2023-07-07,GA,Paid Social
1992,2023-07-07,NY,Organic Search
28984,2023-07-07,IL,Organic Search
20895,2023-07-07,NY,Organic Search
22256,2023-07-07,NY,Organic Search
26901,2023-07-07,IL,Email
24906,2023-07-08,GA,Email
15799,2023-07-08,GA,Organic Search
2937,2023-07-08,NY,Email
22915,2023-07-08,IL,Paid Social
22332,2023-07-08,CA,Organic Search
10440,2023-07-08,GA,Paid Social
22023,2023-07-08,TX,Paid Social
2397,2023-07-08,TX,Organic Search
19753,2023-07-08,NY,Organic Search
28399,2023-07-08,GA,Organic Search
5909,2023-07-08,FL,Organic Search
10441,2023-07-08,NY,Paid Social
5880,2023-07-08,FL,Paid Social
27540,2023-07-08,NY,Paid Social
3103,2023-07-08,,Affiliate
24272,2023-07-08,NY,Organic Search
3711,2023-07-08,GA,Organic Search
20556,2023-07-08,NY,Email
25359,2023-07-08,GA,Paid Social
15814,2023-07-08,GA,Email
5083,2023-07-08,WA,Email
7922,2023-07-08,IL,Email
7322,2023-07-08,GA,Paid Social
6306,2023-07-08,WA,Paid Social
13470,2023-07-08,NY,Paid Social
11341,2023-07-08,WA,Paid Social
4020,2023-07-08,IL,Organic Search
29072,2023-07-08,,Paid Social
2651,2023-07-09,TX,Organic Search
2389,2023-07-09,IL,Email
6159,2023-07-09,,Organic Search
19415,2023-07-09,FL,Paid Social
25570,2023-07-09,TX,Email
793,2023-07-09,WA,Paid Social
27777,2023-07-09,,Organic Search
23523,2023-07-09,,Affiliate
16889,2023-07-09,WA,Organic Search
6770,2023-07-09,IL,Paid Social
18290,2023-07-09,TX,Organic Search
23703,2023-07-09,CA,Affiliate
13765,2023-07-09,IL,Email
12867,2023-07-09,TX,Paid Social
19844,2023-07-10,TX,Referral
16354,2023-07-10,GA,Affiliate
21833,2023-07-10,TX,Paid Social
20584,2023-07-10,FL,Organic Search
18827,2023-07-10,,Email
12672,2023-07-10,FL,Organic Search
29975,2023-07-10,GA,Paid Social
5915,2023-07-10,,Paid Social
13075,2023-07-10,FL,Affiliate
6319,2023-07-10,FL,Paid Social
13815,2023-07-10,GA,Paid Social
712,2023-07-10,TX,Paid Social
22891,2023-07-10,GA,Email
677,2023-07-10,NY,Organic Search
6624,2023-07-10,NY,Paid Social
1165,2023-07-10,CA,Organic Search
2373,2023-07-10,NY,Paid Social
16919,2023-07-10,GA,Affiliate
24937,2023-07-10,CA,Email
27845,2023-07-10,IL,Organic Search
20393,2023-07-10,,Organic Search
8493,2023-07-10,CA,Paid Social
26667,2023-07-11,CA,Referral
19691,2023-07-11,CA,Organic Search
19640,2023-07-11,FL,Organic Search
8553,2023-07-11,NY,Paid Social
25883,2023-07-11,GA,Paid Social
8272,2023-07-11,IL,Organic Search
12367,2023-07-11,WA,Email
5681,2023-07-11,,Organic Search
16050,2023-07-11,WA,Email
5900,2023-07-11,,Paid Social
9875,2023-07-11,WA,Paid Social
26011,2023-07-11,CA,Paid Social
2757,2023-07-11,FL,Paid Social
24706,2023-07-11,,Paid Social
23552,2023-07-11,WA,Paid Social
16851,2023-07-11,GA,Referral
13285,2023-07-11,,Paid Social
8748,2023-07-11,TX,Organic Search
27144,2023-07-11,NY,Paid Social
19574,2023-07-11,GA,Paid Social
11859,2023-07-11,GA,Email
12194,2023-07-11,,Paid Social
23802,2023-07-11,CA,Paid Social
9532,2023-07-11,NY,Affiliate
9497,2023-07-11,NY,Paid Social
8850,2023-07-11,FL,Organic Search
7191,2023-07-11,GA,Paid Social
12757,2023-07-12,GA,Paid Social
29803,2023-07-12,GA,Organic Search
12155,2023-07-12,CA,Paid Social
2805,2023-07-12,IL,Paid Social
4426,2023-07-12,GA,Paid Social
28825,2023-07-12,WA,Paid Social
18401,2023-07-12,WA,Email
28630,2023-07-12,NY,Organic Search
7569,2023-07-12,IL,Email
19531,2023-07-12,GA,Email
23648,2023-07-12,TX,Organic Search
21976,2023-07-12,GA,Referral
7890,2023-07-12,NY,Paid Social
3289,2023-07-12,WA,Affiliate
4742,2023-07-12,IL,Organic Search
21081,2023-07-12,IL,Affiliate
7608,2023-07-12,,Paid Social
20684,2023-07-13,TX,Paid Social
29257,2023-07-13,,Organic Search
13363,2023-07-13,NY,Paid Social
18150,2023-07-13,TX,Paid Social
1056,2023-07-13,,Paid Social
4246,2023-07-13,WA,Affiliate
23794,2023-07-13,TX,Email
16843,2023-07-13,CA,Email
29592,2023-07-13,IL,Email
2028,2023-07-13,FL,Affiliate
11320,2023-07-13,WA,Affiliate
20781,2023-07-13,,Referral
27476,2023-07-13,NY,Email
13595,2023-07-13,CA,Paid Social
8614,2023-07-13,FL,Organic Search
13568,2023-07-13,IL,Paid Social
876,2023-07-13,GA,Organic Search
29976,2023-07-13,,Paid Social
19063,2023-07-13,,Referral
10608,2023-07-13,GA,Referral
19217,2023-07-13,,Referral
27664,2023-07-13,,Organic Search
17076,2023-07-14,NY,Organic Search
581,2023-07-14,NY,Paid Social
24815,2023-07-14,TX,Referral
21837,2023-07-14,,Paid Social
20330,2023-07-14,IL,Paid Social
11639,2023-07-14,GA,Paid Social
20147,2023-07-14,WA,Affiliate
24130,2023-07-14,CA,Affiliate
3879,2023-07-14,GA,Paid Social
14931,2023-07-14,FL,Organic Search
20132,2023-07-14,IL,Organic Search
13145,2023-07-14,FL,Organic Search
15441,2023-07-14,IL,Referral
2520,2023-07-14,FL,Email
12340,2023-07-14,,Organic Search
23424,2023-07-14,TX,Email
26424,2023-07-14,IL,Paid Social
8200,2023-07-14,,Organic Search
15114,2023-07-14,GA,Organic Search
23353,2023-07-14,GA,Paid Social
22457,2023-07-14,NY,Organic Search
17797,2023-07-14,FL,Paid Social
3664,2023-07-14,TX,Organic Search
26131,2023-07-14,TX,Paid Social
20306,2023-07-14,IL,Email
16339,2023-07-14,FL,Paid Social
5409,2023-07-15,,Paid Social
14011,2023-07-15,TX,Email
11843,2023-07-15,,Referral
15024,2023-07-15,FL,Email
11508,2023-07-15,WA,Organic Search
23849,2023-07-15,TX,Email
16690,2023-07-15,TX,Paid Social
29693,2023-07-15,GA,Paid Social
19004,2023-07-15,CA,Organic Search
25668,2023-07-15,IL,Paid Social
2935,2023-07-15,IL,Email
13724,2023-07-15,GA,Organic Search
729,2023-07-15,NY,Organic Search
17225,2023-07-15,,Affiliate
14886,2023-07-15,GA,Referral
27460,2023-07-15,WA,Referral
20547,2023-07-15,CA,Email
22952,2023-07-15,,Paid Social
12066,2023-07-15,CA,Paid Social
14128,2023-07-15,GA,Organic Search
19542,2023-07-15,NY,Paid Social
27938,2023-07-15,,Organic Search
4841,2023-07-15,TX,Affiliate
26875,2023-07-15,GA,Organic Search
26172,2023-07-15,WA,Organic Search
2756,2023-07-16,GA,Organic Search
5210,2023-07-16,FL,Organic Search
19619,2023-07-16,GA,Email
25704,2023-07-16,FL,Paid Social
22062,2023-07-16,TX,Paid Social
11262,2023-07-16,FL,Paid Social
14164,2023-07-16,GA,Organic Search
14306,2023-07-16,GA,Paid Social
651,2023-07-16,IL,Organic Search
20324,2023-07-16,,Referral
4904,2023-07-16,FL,Paid Social
20875,2023-07-16,GA,Organic Search
8681,2023-07-16,,Organic Search
4131,2023-07-16,GA,Organic Search
25714,2023-07-16,FL,Organic Search
8970,2023-07-16,,Organic Search
22975,2023-07-16,FL,Email
3705,2023-07-16,NY,Affiliate
5360,2023-07-16,TX,Paid Social
17957,2023-07-17,NY,Paid Social
4929,2023-07-17,IL,Email
25737,2023-07-17,IL,Paid Social
24415,2023-07-17,,Email
6821,2023-07-17,CA,Paid Social
16238,2023-07-17,GA,Affiliate
15860,2023-07-17,GA,Paid Social
18748,2023-07-17,IL,Paid Social
29746,2023-07-17,NY,Affiliate
11488,2023-07-17,CA,Paid Social
25741,2023-07-17,NY,Organic Search
3843,2023-07-17,TX,Paid Social
17462,2023-07-17,CA,Organic Search
8276,2023-07-17,,Email
24329,2023-07-17,TX,Paid Social
15250,2023-07-17,GA,Organic Search
23401,2023-07-17,CA,Paid Social
5679,2023-07-17,CA,Email
8356,2023-07-17,CA,Paid Social
16365,2023-07-17,WA,Organic Search
23055,2023-07-17,GA,Organic Search
3766,2023-07-18,CA,Organic Search
25343,2023-07-18,GA,Paid Social
27227,2023-07-18,WA,Paid Social
25901,2023-07-18,WA,Paid Social
29880,2023-07-18,,Organic Search
23416,2023-07-18,FL,Email
19443,2023-07-18,NY,Organic Search
21857,2023-07-18,IL,Organic Search
16984,2023-07-18,,Referral
26761,2023-07-18,GA,Paid Social
17199,2023-07-18,IL,Organic Search
1197,2023-07-18,CA,Affiliate
1057,2023-07-18,WA,Email
16978,2023-07-18,FL,Affiliate
1458,2023-07-18,CA,Paid Social
5513,2023-07-18,,Referral
17591,2023-07-19,IL,Organic Search
24122,2023-07-19,GA,Paid Social
8337,2023-07-19,WA,Affiliate
8155,2023-07-19,NY,Email
7794,2023-07-19,FL,Paid Social
11504,2023-07-19,TX,Paid Social
14097,2023-07-19,GA,Paid Social
13337,2023-07-19,FL,Referral
26101,2023-07-19,NY,Paid Social
24242,2023-07-19,FL,Paid Social
22086,2023-07-19,GA,Paid Social
17065,2023-07-19,NY,Email
17309,2023-07-19,IL,Organic Search
23278,2023-07-19,TX,Email
20392,2023-07-19,WA,Organic Search
20042,2023-07-19,GA,Email
28162,2023-07-19,CA,Email
8148,2023-07-19,NY,Affiliate
25588,2023-07-19,,Paid Social
10192,2023-07-19,,Paid Social
22646,2023-07-19,TX,Organic Search
28801,2023-07-19,CA,Paid Social
16451,2023-07-19,GA,Email
28129,2023-07-19,FL,Organic Search
8165,2023-07-19,GA,Paid Social
23319,2023-07-20,TX,Paid Social
22391,2023-07-20,FL,Organic Search
9705,2023-07-20,NY,Paid Social
18721,2023-07-20,FL,Affiliate
20517,2023-07-20,WA,Paid Social
2513,2023-07-20,CA,Paid Social
27986,2023-07-20,CA,Paid Social
29691,2023-07-20,,Affiliate
18338,2023-07-20,TX,Organic Search
14295,2023-07-20,WA,Email
12885,2023-07-20,,Organic Search
15171,2023-07-20,NY,Organic Search
14021,2023-07-20,FL,Email
18438,2023-07-20,IL,Paid Social
7606,2023-07-20,,Paid Social
16807,2023-07-20,NY,Paid Social
18903,2023-07-20,FL,Affiliate
3375,2023-07-20,FL,Email
14901,2023-07-20,WA,Organic Search
21464,2023-07-20,NY,Paid Social
10431,2023-07-20,FL,Organic Search
6775,2023-07-20,CA,Paid Social
9869,2023-07-20,TX,Affiliate
1087,2023-07-20,TX,Paid Social
60,2023-07-20,IL,Paid Social
26973,2023-07-21,TX,Paid Social
1177,2023-07-21,IL,Email
11814,2023-07-21,FL,Organic Search
2629,2023-07-21,IL,Paid Social
14571,2023-07-21,CA,Organic Search
1605,2023-07-21,WA,Organic Search
21668,2023-07-21,CA,Paid Social
25732,2023-07-21,FL,Paid Social
3326,2023-07-21,NY,Email
6204,2023-07-21,WA,Paid Social
17372,2023-07-21,IL,Paid Social
20345,2023-07-21,CA,Referral
23199,2023-07-21,CA,Paid Social
18608,2023-07-21,WA,Organic Search
5303,2023-07-21,,Email
7114,2023-07-21,IL,Organic Search
6750,2023-07-21,GA,Paid Social
21965,2023-07-21,TX,Email
8523,2023-07-21,WA,Organic Search
12548,2023-07-21,GA,Paid Social
26711,2023-07-21,WA,Paid Social
848,2023-07-21,WA,Affiliate
22655,2023-07-22,FL,Email
21776,2023-07-22,CA,Paid Social
19819,2023-07-22,IL,Paid Social
8127,2023-07-22,TX,Organic Search
21551,2023-07-22,CA,Paid Social
19475,2023-07-22,,Paid Social
19970,2023-07-22,CA,Paid Social
19720,2023-07-22,GA,Organic Search
11032,2023-07-22,CA,Organic Search
21415,2023-07-22,IL,Organic Search
15673,2023-07-22,WA,Organic Search
29675,2023-07-22,CA,Organic Search
27870,2023-07-22,IL,Affiliate
3112,2023-07-22,NY,Organic Search
2202,2023-07-22,GA,Organic Search
21377,2023-07-22,CA,Organic Search
21272,2023-07-22,IL,Organic Search
17946,2023-07-22,,Paid Social
19141,2023-07-23,NY,Affiliate
14180,2023-07-23,WA,Organic Search
19467,2023-07-23,,Referral
635,2023-07-23,FL,Organic Search
4464,2023-07-23,IL,Organic Search
8830,2023-07-23,IL,Organic Search
21231,2023-07-23,CA,Paid Social
682,2023-07-23,FL,Organic Search
22796,2023-07-23,NY,Affiliate
12083,2023-07-23,TX,Organic Search
5957,2023-07-23,NY,Paid Social
21701,2023-07-23,IL,Organic Search
16125,2023-07-23,FL,Paid Social
21814,2023-07-23,,Organic Search
15178,2023-07-23,TX,Organic Search
28907,2023-07-23,FL,Affiliate
23198,2023-07-23,TX,Email
21010,2023-07-23,IL,Organic Search
29376,2023-07-23,NY,Organic Search
4877,2023-07-23,WA,Paid Social
5791,2023-07-23,TX,Organic Search
11522,2023-07-23,TX,Organic Search
19524,2023-07-23,TX,Paid Social
26743,2023-07-23,TX,Paid Social
24599,2023-07-23,CA,Paid Social
1967,2023-07-23,CA,Organic Search
20518,2023-07-23,FL,Affiliate
15387,2023-07-23,,Organic Search
9040,2023-07-23,IL,Organic Search
25937,2023-07-23,CA,Organic Search
12027,2023-07-24,TX,Email
11782,2023-07-24,NY,Paid Social
16666,2023-07-24,TX,Organic Search
526,2023-07-24,IL,Paid Social
10286,2023-07-24,,Organic Search
21810,2023-07-24,FL,Organic Search
25885,2023-07-24,FL,Paid Social
10118,2023-07-24,WA,Paid Social
21286,2023-07-24,CA,Affiliate
22204,2023-07-24,GA,Email
7793,2023-07-24,GA,Paid Social
6594,2023-07-24,TX,Referral
246,2023-07-24,WA,Affiliate
489,2023-07-24,GA,Affiliate
1005,2023-07-24,FL,Email
10872,2023-07-24,TX,Paid Social
10474,2023-07-24,WA,Organic Search
14265,2023-07-24,IL,Email
14063,2023-07-24,,Paid Social
10483,2023-07-24,,Email
23080,2023-07-24,FL,Paid Social
9614,2023-07-25,FL,Organic Search
4634,2023-07-25,GA,Referral
2518,2023-07-25,GA,Paid Social
13149,2023-07-25,CA,Email
12731,2023-07-25,IL,Organic Search
17061,2023-07-25,TX,Organic Search
6152,2023-07-25,GA,Paid Social
14644,2023-07-25,WA,Paid Social
15361,2023-07-25,CA,Referral
10409,2023-07-25,FL,Paid Social
27801,2023-07-25,GA,Organic Search
8837,2023-07-25,WA,Paid Social
26520,2023-07-25,GA,Organic Search
27792,2023-07-25,GA,Referral
26559,2023-07-25,WA,Organic Search
23620,2023-07-25,FL,Email
19946,2023-07-25,,Paid Social
22131,2023-07-25,GA,Email
2197,2023-07-25,NY,Paid Social
16928,2023-07-26,FL,Organic Search
28955,2023-07-26,GA,Paid Social
18826,2023-07-26,IL,Paid Social
28391,2023-07-26,TX,Organic Search
13297,2023-07-26,IL,Affiliate
29948,2023-07-26,TX,Organic Search
17728,2023-07-26,FL,Organic Search
5311,2023-07-26,NY,Paid Social
1091,2023-07-26,GA,Affiliate
24853,2023-07-26,WA,Paid Social
20215,2023-07-26,,Email
13535,2023-07-26,GA,Paid Social
16065,2023-07-26,CA,Organic Search
27499,2023-07-26,FL,Affiliate
18103,2023-07-26,TX,Organic Search
29833,2023-07-26,IL,Organic Search
6358,2023-07-26,FL,Paid Social
10142,2023-07-26,FL,Paid Social
13213,2023-07-26,CA,Organic Search
6445,2023-07-26,TX,Paid Social
8492,2023-07-26,WA,Organic Search
15708,2023-07-26,CA,Organic Search
28866,2023-07-26,WA,Email
4901,2023-07-27,FL,Organic Search
6972,2023-07-27,GA,Paid Social
1381,2023-07-27,IL,Organic Search
16509,2023-07-27,,Organic Search
23616,2023-07-27,,Affiliate
4033,2023-07-27,,Organic Search
10812,2023-07-27,WA,Email
9103,2023-07-27,CA,Paid Social
27081,2023-07-27,TX,Affiliate
27515,2023-07-27,IL,Organic Search
4135,2023-07-27,GA,Paid Social
4291,2023-07-27,FL,Paid Social
8628,2023-07-27,TX,Referral
8965,2023-07-27,FL,Paid Social
2978,2023-07-27,FL,Organic Search
2827,2023-07-27,WA,Email
16702,2023-07-27,TX,Organic Search
10467,2023-07-27,TX,Paid Social
23082,2023-07-27,CA,Email
14356,2023-07-27,WA,Paid Social
6463,2023-07-27,,Affiliate
24226,2023-07-27,CA,Organic Search
15804,2023-07-27,IL,Paid Social
25863,2023-07-27,CA,Affiliate
24483,2023-07-28,TX,Organic Search
16947,2023-07-28,,Referral
17828,2023-07-28,,Organic Search
28539,2023-07-28,GA,Paid Social
18697,2023-07-28,TX,Referral
28613,2023-07-28,FL,Organic Search
11554,2023-07-28,,Paid Social
13990,2023-07-28,NY,Organic Search
13965,2023-07-28,NY,Email
11226,2023-07-28,IL,Paid Social
18211,2023-07-28,WA,Organic Search
17866,2023-07-28,FL,Organic Search
27165,2023-07-28,WA,Email
23140,2023-07-28,GA,Referral
20539,2023-07-28,NY,Organic Search
6592,2023-07-28,WA,Paid Social
4022,2023-07-28,IL,Organic Search
23227,2023-07-28,IL,Paid Social
27402,2023-07-29,TX,Paid Social
7588,2023-07-29,TX,Email
26222,2023-07-29,,Paid Social
16313,2023-07-29,IL,Organic Search
19738,2023-07-29,IL,Paid Social
14493,2023-07-29,CA,Organic Search
12534,2023-07-29,NY,Paid Social
19613,2023-07-29,WA,Organic Search
23977,2023-07-29,FL,Paid Social
20605,2023-07-29,NY,Paid Social
16597,2023-07-29,IL,Organic Search
3251,2023-07-29,IL,Paid Social
5864,2023-07-29,FL,Paid Social
15364,2023-07-29,CA,Organic Search
475,2023-07-29,GA,Paid Social
12576,2023-07-29,,Paid Social
9082,2023-07-29,GA,Paid Social
4589,2023-07-30,,Paid Social
29172,2023-07-30,IL,Paid Social
14699,2023-07-30,CA,Organic Search
3979,2023-07-30,NY,Organic Search
28581,2023-07-30,FL,Organic Search
7585,2023-07-30,NY,Paid Social
6096,2023-07-30,NY,Email
11633,2023-07-30,TX,Email
748,2023-07-30,FL,Paid Social
19384,2023-07-30,NY,Paid Social
15054,2023-07-30,GA,Referral
7818,2023-07-30,IL,Affiliate
10021,2023-07-30,IL,Organic Search
18011,2023-07-30,NY,Paid Social
14252,2023-07-30,WA,Referral
11460,2023-07-30,GA,Referral
18840,2023-07-30,IL,Organic Search
19440,2023-07-30,,Referral
12897,2023-07-30,WA,Paid Social
9666,2023-07-30,NY,Email
27459,2023-07-30,FL,Paid Social
36,2023-07-30,FL,Email
9745,2023-07-30,IL,Organic Search
358,2023-07-30,TX,Paid Social
26823,2023-07-30,CA,Affiliate
1990,2023-07-30,IL,Email
28092,2023-07-30,TX,Organic Search
18005,2023-07-30,IL,Referral
28489,2023-07-30,NY,Paid Social
9602,2023-07-30,,Email
14310,2023-07-30,FL,Organic Search
8417,2023-07-31,NY,Email
27542,2023-07-31,GA,Email
3046,2023-07-31,WA,Email
27658,2023-07-31,NY,Organic Search
3732,2023-07-31,CA,Affiliate
14629,2023-07-31,WA,Paid Social
12409,2023-07-31,IL,Affiliate
1402,2023-07-31,GA,Organic Search
4493,2023-07-31,,Paid Social
1803,2023-07-31,,Paid Social
26625,2023-07-31,NY,Paid Social
5530,2023-07-31,FL,Organic Search
13947,2023-07-31,NY,Organic Search
6825,2023-07-31,CA,Organic Search
20137,2023-07-31,,Organic Search
26067,2023-07-31,IL,Affiliate
4662,2023-07-31,WA,Paid Social
12040,2023-07-31,GA,Organic Search
1285,2023-07-31,GA,Paid Social
10322,2023-07-31,FL,Organic Search
4215,2023-07-31,GA,Paid Social
29806,2023-07-31,FL,Referral
26970,2023-08-01,IL,Paid Social
10475,2023-08-01,NY,Email
29375,2023-08-01,IL,Paid Social
8698,2023-08-01,GA,Paid Social
23674,2023-08-01,,Affiliate
25793,2023-08-01,CA,Paid Social
1016,2023-08-01,CA,Affiliate
28838,2023-08-01,TX,Email
23815,2023-08-01,GA,Organic Search
28789,2023-08-01,GA,Paid Social
19350,2023-08-01,CA,Affiliate
5023,2023-08-01,,Affiliate
9151,2023-08-01,WA,Paid Social
2068,2023-08-01,CA,Organic Search
6130,2023-08-01,WA,Organic Search
28196,2023-08-01,GA,Organic Search
8015,2023-08-01,NY,Paid Social
23040,2023-08-01,,Referral
18915,2023-08-01,GA,Paid Social
21603,2023-08-01,FL,Email
28132,2023-08-01,CA,Paid Social
8912,2023-08-01,TX,Email
27786,2023-08-01,IL,Email
21130,2023-08-01,IL,Email
26353,2023-08-01,FL,Paid Social
9512,2023-08-01,FL,Paid Social
16126,2023-08-01,WA,Paid Social
21568,2023-08-01,NY,Organic Search
22222,2023-08-01,TX,Email
20501,2023-08-01,NY,Paid Social
23456,2023-08-01,,Paid Social
26355,2023-08-01,NY,Affiliate
4140,2023-08-02,IL,Paid Social
1707,2023-08-02,,Paid Social
21731,2023-08-02,NY,Email
23330,2023-08-02,GA,Paid Social
3239,2023-08-02,IL,Paid Social
10936,2023-08-02,FL,Organic Search
18982,2023-08-02,NY,Email
6725,2023-08-02,WA,Paid Social
12861,2023-08-02,IL,Paid Social
24395,2023-08-02,CA,Organic Search
13044,2023-08-02,,Email
15733,2023-08-02,CA,Affiliate
19526,2023-08-02,CA,Email
7814,2023-08-02,GA,Paid Social
27597,2023-08-02,CA,Organic Search
13292,2023-08-02,CA,Organic Search
20525,2023-08-03,GA,Email
12207,2023-08-03,,Referral
12652,2023-08-03,IL,Organic Search
25818,2023-08-03,TX,Organic Search
23151,2023-08-03,TX,Email
10114,2023-08-03,,Paid Social
350,2023-08-03,TX,Paid Social
12270,2023-08-03,GA,Organic Search
5165,2023-08-03,CA,Organic Search
23578,2023-08-03,,Paid Social
1178,2023-08-03,IL,Organic Search
22863,2023-08-03,FL,Paid Social
1554,2023-08-03,WA,Referral
14855,2023-08-03,WA,Paid Social
5823,2023-08-03,FL,Email
27050,2023-08-03,FL,Affiliate
22221,2023-08-03,TX,Organic Search
12353,2023-08-03,,Organic Search
23463,2023-08-03,FL,Organic Search
7371,2023-08-03,CA,Paid Social
17078,2023-08-03,TX,Paid Social
22,2023-08-04,NY,Organic Search
3066,2023-08-04,TX,Organic Search
21690,2023-08-04,WA,Organic Search
27992,2023-08-04,TX,Paid Social
29116,2023-08-04,FL,Organic Search
6863,2023-08-04,IL,Affiliate
2467,2023-08-04,NY,Paid Social
110,2023-08-04,,Organic Search
9961,2023-08-04,WA,Paid Social
16513,2023-08-04,CA,Paid Social
535,2023-08-04,NY,Email
12641,2023-08-04,TX,Paid Social
29737,2023-08-04,WA,Organic Search
13451,2023-08-04,TX,Email
12491,2023-08-04,GA,Email
8741,2023-08-04,CA,Paid Social
13564,2023-08-04,NY,Paid Social
19576,2023-08-04,WA,Organic Search
4698,2023-08-04,IL,Paid Social
14102,2023-08-04,CA,Email
5569,2023-08-04,CA,Email
197,2023-08-04,WA,Email
29104,2023-08-04,CA,Paid Social
1327,2023-08-05,TX,Organic Search
13790,2023-08-05,TX,Paid Social
24408,2023-08-05,NY,Affiliate
24440,2023-08-05,WA,Paid Social
14223,2023-08-05,,Paid Social
6340,2023-08-05,CA,Organic Search
9084,2023-08-05,CA,Email
28016,2023-08-05,GA,Organic Search
6536,2023-08-05,,Organic Search
6860,2023-08-05,WA,Paid Social
10013,2023-08-05,,Affiliate
19140,2023-08-05,IL,Referral
10881,2023-08-05,CA,Paid Social
22801,2023-08-05,NY,Organic Search
27236,2023-08-05,CA,Paid Social
15829,2023-08-05,FL,Organic Search
29533,2023-08-05,NY,Paid Social
9525,2023-08-05,TX,Organic Search
9692,2023-08-05,NY,Paid Social
22652,2023-08-05,NY,Paid Social
17703,2023-08-05,GA,Paid Social
18388,2023-08-06,GA,Organic Search
2086,2023-08-06,NY,Paid Social
1054,2023-08-06,FL,Email
25090,2023-08-06,IL,Paid Social
6264,2023-08-06,NY,Affiliate
7481,2023-08-06,WA,Paid Social
25807,2023-08-06,WA,Affiliate
19106,2023-08-06,TX,Organic Search
16778,2023-08-06,TX,Affiliate
11188,2023-08-06,CA,Paid Social
26698,2023-08-06,CA,Organic Search
11739,2023-08-06,IL,Email
6214,2023-08-06,TX,Paid Social
3849,2023-08-06,WA,Email
21185,2023-08-06,NY,Paid Social
21886,2023-08-06,FL,Paid Social
6789,2023-08-06,NY,Referral
9053,2023-08-06,CA,Organic Search
27978,2023-08-06,TX,Paid Social
13707,2023-08-06,GA,Paid Social
24974,2023-08-06,WA,Organic Search
17922,2023-08-06,CA,Affiliate
23303,2023-08-07,CA,Paid Social
2607,2023-08-07,FL,Organic Search
14555,2023-08-07,GA,Organic Search
18220,2023-08-07,WA,Email
27036,2023-08-07,WA,Paid Social
22560,2023-08-07,,Paid Social
24894,2023-08-07,GA,Paid Social
28429,2023-08-07,FL,Paid Social
18258,2023-08-07,FL,Paid Social
1120,2023-08-07,,Organic Search
17442,2023-08-07,WA,Paid Social
21291,2023-08-07,,Affiliate
2271,2023-08-07,IL,Organic Search
10548,2023-08-07,,Referral
14849,2023-08-07,FL,Paid Social
5922,2023-08-07,,Affiliate
23498,2023-08-07,TX,Paid Social
2055,2023-08-07,GA,Email
12212,2023-08-07,CA,Paid Social
15290,2023-08-07,IL,Affiliate
23718,2023-08-07,,Organic Search
5696,2023-08-07,FL,Paid Social
17009,2023-08-07,IL,Affiliate
22205,2023-08-07,GA,Paid Social
27912,2023-08-07,TX,Paid Social
2051,2023-08-07,CA,Paid Social
20735,2023-08-07,CA,Paid Social
23543,2023-08-07,FL,Paid Social
11682,2023-08-08,WA,Organic Search
3467,2023-08-08,WA,Paid Social
6723,2023-08-08,TX,Email
27537,2023-08-08,TX,Affiliate
3271,2023-08-08,,Organic Search
22997,2023-08-08,IL,Email
17878,2023-08-08,CA,Organic Search
271,2023-08-08,FL,Email
29285,2023-08-08,FL,Organic Search
25560,2023-08-08,TX,Paid Social
26629,2023-08-08,GA,Organic Search
25254,2023-08-08,GA,Paid Social
22347,2023-08-08,TX,Organic Search
13840,2023-08-08,WA,Email
26606,2023-08-08,NY,Organic Search
6743,2023-08-08,IL,Paid Social
23365,2023-08-08,,Email
18592,2023-08-08,FL,Organic Search
27759,2023-08-08,TX,Email
2120,2023-08-09,FL,Referral
16775,2023-08-09,TX,Paid Social
26368,2023-08-09,TX,Organic Search
10429,2023-08-09,NY,Organic Search
7797,2023-08-09,,Affiliate
10448,2023-08-09,NY,Paid Social
455,2023-08-09,,Organic Search
26436,2023-08-09,FL,Paid Social
3747,2023-08-09,FL,Paid Social
5678,2023-08-09,NY,Organic Search
11474,2023-08-09,,Paid Social
15509,2023-08-09,IL,Paid Social
6440,2023-08-09,,Paid Social
29473,2023-08-09,NY,Organic Search
22108,2023-08-09,,Paid Social
28206,2023-08-09,GA,Email
4900,2023-08-09,,Affiliate
16093,2023-08-09,GA,Paid Social
8080,2023-08-09,FL,Paid Social
24811,2023-08-09,GA,Organic Search
9159,2023-08-09,GA,Paid Social
2491,2023-08-09,GA,Organic Search
13122,2023-08-09,WA,Organic Search
22233,2023-08-09,NY,Organic Search
1084,2023-08-10,TX,Referral
27166,2023-08-10,IL,Affiliate
12841,2023-08-10,WA,Referral
290,2023-08-10,CA,Paid Social
8919,2023-08-10,TX,Paid Social
21819,2023-08-10,GA,Affiliate
16329,2023-08-10,FL,Email
23012,2023-08-10,FL,Paid Social
24399,2023-08-10,,Organic Search
17414,2023-08-10,WA,Organic Search
8451,2023-08-10,,Paid Social
23291,2023-08-10,WA,Referral
27781,2023-08-10,GA,Paid Social
13024,2023-08-10,IL,Paid Social
17886,2023-08-10,WA,Paid Social
13010,2023-08-10,NY,Organic Search
8480,2023-08-10,TX,Affiliate
27275,2023-08-10,IL,Paid Social
6593,2023-08-10,FL,Paid Social
525,2023-08-10,WA,Email
26460,2023-08-11,IL,Paid Social
16425,2023-08-11,,Paid Social
6541,2023-08-11,WA,Organic Search
23704,2023-08-11,IL,Organic Search
3114,2023-08-11,FL,Organic Search
11128,2023-08-11,FL,Paid Social
2391,2023-08-11,FL,Paid Social
23300,2023-08-11,GA,Organic Search
9239,2023-08-11,GA,Paid Social
21187,2023-08-11,IL,Paid Social
14590,2023-08-11,,Organic Search
11707,2023-08-11,CA,Affiliate
11246,2023-08-11,NY,Email
27647,2023-08-11,NY,Paid Social
21650,2023-08-11,IL,Email
24036,2023-08-11,GA,Paid Social
14541,2023-08-11,TX,Paid Social
20339,2023-08-11,,Paid Social
5752,2023-08-11,FL,Email
8766,2023-08-11,WA,Email
15786,2023-08-11,CA,Paid Social
29099,2023-08-11,TX,Organic Search
29503,2023-08-11,CA,Paid Social
20821,2023-08-11,,Affiliate
22367,2023-08-11,NY,Paid Social
18195,2023-08-12,NY,Paid Social
16614,2023-08-12,GA,Organic Search
16323,2023-08-12,CA,Affiliate
21107,2023-08-12,CA,Paid Social
19266,2023-08-12,CA,Referral
25786,2023-08-12,FL,Email
26153,2023-08-12,WA,Organic Search
9949,2023-08-12,CA,Paid Social
12946,2023-08-12,GA,Paid Social
27646,2023-08-12,,Organic Search
6720,2023-08-12,WA,Organic Search
27605,2023-08-12,WA,Affiliate
27353,2023-08-12,WA,Email
12674,2023-08-12,CA,Organic Search
16703,2023-08-12,,Organic Search
25130,2023-08-12,FL,Organic Search
19516,2023-08-12,TX,Paid Social
3968,2023-08-12,TX,Organic Search
7721,2023-08-12,GA,Paid Social
2044,2023-08-12,IL,Organic Search
10681,2023-08-12,GA,Paid Social
26547,2023-08-12,GA,Affiliate
21841,2023-08-12,NY,Paid Social
10705,2023-08-12,IL,Organic Search
7310,2023-08-12,TX,Organic Search
29300,2023-08-12,FL,Organic Search
29450,2023-08-12,CA,Organic Search
10412,2023-08-12,GA,Email
3039,2023-08-12,FL,Organic Search
12965,2023-08-13,CA,Organic Search
20732,2023-08-13,CA,Paid Social
3024,2023-08-13,GA,Paid Social
24886,2023-08-13,IL,Organic Search
23078,2023-08-13,CA,Paid Social
24922,2023-08-13,GA,Paid Social
1210,2023-08-13,WA,Affiliate
11733,2023-08-13,IL,Paid Social
18789,2023-08-13,WA,Affiliate
3918,2023-08-13,CA,Paid Social
27725,2023-08-13,TX,Email
4484,2023-08-13,FL,Paid Social
16533,2023-08-13,CA,Paid Social
3433,2023-08-13,CA,Email
9371,2023-08-13,WA,Email
2384,2023-08-13,IL,Paid Social
15146,2023-08-13,GA,Affiliate
10264,2023-08-13,FL,Affiliate
23466,2023-08-13,TX,Organic Search
15407,2023-08-13,WA,Email
28518,2023-08-13,GA,Paid Social
2839,2023-08-13,,Email
8898,2023-08-13,TX,Paid Social
8444,2023-08-13,TX,Paid Social
29362,2023-08-13,TX,Paid Social
29181,2023-08-13,CA,Organic Search
2299,2023-08-14,CA,Organic Search
29678,2023-08-14,WA,Paid Social
28412,2023-08-14,IL,Organic Search
27398,2023-08-14,,Affiliate
22336,2023-08-14,TX,Affiliate
15495,2023-08-14,FL,Paid Social
14151,2023-08-14,FL,Paid Social
10207,2023-08-14,IL,Email
2000,2023-08-14,CA,Organic Search
24228,2023-08-14,IL,Paid Social
11263,2023-08-14,TX,Paid Social
16224,2023-08-14,GA,Paid Social
1076,2023-08-14,CA,Paid Social
18182,2023-08-14,WA,Organic Search
10316,2023-08-14,IL,Paid Social
29461,2023-08-14,IL,Paid Social
29354,2023-08-14,TX,Paid Social
6192,2023-08-14,GA,Paid Social
3220,2023-08-14,TX,Email
16572,2023-08-14,NY,Organic Search
28252,2023-08-14,GA,Affiliate
6628,2023-08-14,,Paid Social
477,2023-08-14,CA,Organic Search
1703,2023-08-14,GA,Paid Social
9566,2023-08-14,IL,Paid Social
22198,2023-08-14,IL,Paid Social
24510,2023-08-14,TX,Paid Social
9354,2023-08-15,FL,Organic Search
16988,2023-08-15,NY,Organic Search
25665,2023-08-15,WA,Affiliate
7515,2023-08-15,CA,Paid Social
10738,2023-08-15,WA,Paid Social
12770,2023-08-15,TX,Paid Social
26242,2023-08-15,WA,Paid Social
25348,2023-08-15,FL,Organic Search
7912,2023-08-15,NY,Paid Social
15819,2023-08-15,WA,Organic Search
21679,2023-08-15,IL,Email
8503,2023-08-15,TX,Organic Search
27983,2023-08-15,FL,Email
4958,2023-08-15,NY,Paid Social
5850,2023-08-15,TX,Paid Social
19307,2023-08-15,NY,Paid Social
13710,2023-08-15,FL,Email
22650,2023-08-15,GA,Paid Social
9226,2023-08-15,WA,Affiliate
23128,2023-08-15,IL,Paid Social
14603,2023-08-15,CA,Organic Search
14377,2023-08-15,FL,Email
9268,2023-08-15,TX,Organic Search
13453,2023-08-15,NY,Referral
5611,2023-08-15,WA,Organic Search
29127,2023-08-15,TX,Organic Search
7332,2023-08-15,NY,Referral
10012,2023-08-15,FL,Email
16498,2023-08-15,NY,Organic Search
16044,2023-08-15,FL,Referral
16051,2023-08-15,TX,Email
21398,2023-08-16,TX,Organic Search
6346,2023-08-16,FL,Organic Search
4850,2023-08-16,WA,Organic Search
7301,2023-08-16,GA,Organic Search
24553,2023-08-16,FL,Paid Social
16546,2023-08-16,NY,Paid Social
28033,2023-08-16,FL,Paid Social
14966,2023-08-16,NY,Email
11166,2023-08-16,CA,Paid Social
20138,2023-08-16,IL,Organic Search
11873,2023-08-16,IL,Paid Social
17675,2023-08-16,TX,Paid Social
7833,2023-08-16,NY,Organic Search
1368,2023-08-16,CA,Affiliate
12133,2023-08-16,,Organic Search
3432,2023-08-16,WA,Affiliate
8465,2023-08-16,GA,Affiliate
25013,2023-08-16,CA,Paid Social
29905,2023-08-16,WA,Email
23528,2023-08-16,NY,Paid Social
13631,2023-08-16,GA,Organic Search
5082,2023-08-16,GA,Organic Search
15210,2023-08-16,GA,Organic Search
26440,2023-08-16,IL,Email
26548,2023-08-17,IL,Email
13772,2023-08-17,GA,Email
20343,2023-08-17,NY,Paid Social
5625,2023-08-17,IL,Organic Search
15602,2023-08-17,CA,Affiliate
5088,2023-08-17,GA,Organic Search
11249,2023-08-17,,Paid Social
28718,2023-08-17,FL,Affiliate
26466,2023-08-17,,Organic Search
2477,2023-08-17,,Organic Search
263,2023-08-17,,Organic Search
426,2023-08-17,,Paid Social
9419,2023-08-17,IL,Paid Social
8962,2023-08-17,TX,Paid Social
26963,2023-08-17,,Organic Search
21503,2023-08-17,CA,Email
18387,2023-08-17,WA,Paid Social
14492,2023-08-17,IL,Email
25451,2023-08-18,GA,Email
812,2023-08-18,,Email
19733,2023-08-18,CA,Paid Social
18797,2023-08-18,NY,Paid Social
29897,2023-08-18,FL,Organic Search
4186,2023-08-18,IL,Paid Social
5796,2023-08-18,,Email
22171,2023-08-18,CA,Paid Social
22070,2023-08-18,,Organic Search
153,2023-08-18,IL,Organic Search
1202,2023-08-18,CA,Organic Search
25908,2023-08-18,GA,Email
19498,2023-08-18,WA,Affiliate
6579,2023-08-18,TX,Paid Social
21744,2023-08-18,WA,Paid Social
28382,2023-08-18,,Paid Social
27822,2023-08-18,FL,Paid Social
28197,2023-08-18,NY,Paid Social
16790,2023-08-18,WA,Affiliate
2479,2023-08-19,WA,Organic Search
17674,2023-08-19,NY,Organic Search
14386,2023-08-19,FL,Email
27659,2023-08-19,GA,Affiliate
10621,2023-08-19,CA,Paid Social
16485,2023-08-19,GA,Paid Social
23252,2023-08-19,FL,Organic Search
4858,2023-08-19,NY,Affiliate
13512,2023-08-19,FL,Affiliate
26767,2023-08-19,GA,Organic Search
1596,2023-08-19,CA,Paid Social
3330,2023-08-19,WA,Paid Social
8176,2023-08-19,TX,Organic Search
8865,2023-08-19,NY,Organic Search
15783,2023-08-19,CA,Organic Search
2728,2023-08-19,CA,Organic Search
29296,2023-08-19,NY,Paid Social
7357,2023-08-19,NY,Affiliate
7394,2023-08-19,NY,Paid Social
17206,2023-08-19,FL,Paid Social
2127,2023-08-19,,Paid Social
11615,2023-08-19,,Organic Search
8431,2023-08-19,WA,Organic Search
26841,2023-08-19,WA,Organic Search
1286,2023-08-19,CA,Paid Social
13153,2023-08-19,TX,Organic Search
15870,2023-08-20,WA,Paid Social
14579,2023-08-20,GA,Organic Search
5993,2023-08-20,IL,Paid Social
17823,2023-08-20,NY,Paid Social
20055,2023-08-20,GA,Email
25346,2023-08-20,CA,Organic Search
11712,2023-08-20,GA,Organic Search
20742,2023-08-20,NY,Paid Social
10593,2023-08-20,,Paid Social
8477,2023-08-20,GA,Organic Search
21799,2023-08-20,IL,Email
8815,2023-08-20,CA,Paid Social
18360,2023-08-20,FL,Organic Search
21276,2023-08-20,IL,Organic Search
13671,2023-08-20,NY,Organic Search
8390,2023-08-21,NY,Organic Search
18645,2023-08-21,CA,Email
394,2023-08-21,FL,Email
22837,2023-08-21,GA,Organic Search
8328,2023-08-21,TX,Affiliate
12142,2023-08-21,CA,Affiliate
9821,2023-08-21,GA,Paid Social
11690,2023-08-21,NY,Paid Social
7292,2023-08-21,TX,Organic Search
23850,2023-08-21,TX,Paid Social
559,2023-08-21,WA,Email
28709,2023-08-21,WA,Email
10493,2023-08-21,WA,Organic Search
10510,2023-08-21,GA,Organic Search
12252,2023-08-21,IL,Email
13517,2023-08-21,,Paid Social
14421,2023-08-21,TX,Affiliate
18644,2023-08-21,FL,Paid Social
22360,2023-08-21,GA,Paid Social
2877,2023-08-21,FL,Paid Social
20301,2023-08-22,IL,Email
17794,2023-08-22,NY,Email
27742,2023-08-22,WA,Paid Social
8404,2023-08-22,IL,Paid Social
5034,2023-08-22,TX,Paid Social
10,2023-08-22,GA,Email
15817,2023-08-22,GA,Email
26108,2023-08-22,,Organic Search
18702,2023-08-22,FL,Email
14439,2023-08-22,FL,Paid Social
29890,2023-08-22,,Paid Social
10572,2023-08-22,TX,Email
26746,2023-08-22,,Email
25537,2023-08-22,GA,Paid Social
29242,2023-08-22,GA,Organic Search
18518,2023-08-22,WA,Paid Social
27916,2023-08-23,TX,Email
24327,2023-08-23,WA,Email
27566,2023-08-23,WA,Organic Search
9349,2023-08-23,GA,Paid Social
13014,2023-08-23,WA,Organic Search
8473,2023-08-23,,Paid Social
23459,2023-08-23,FL,Organic Search
6569,2023-08-23,,Paid Social
26381,2023-08-23,GA,Organic Search
3546,2023-08-23,GA,Organic Search
5406,2023-08-23,TX,Referral
13462,2023-08-23,IL,Organic Search
2080,2023-08-23,IL,Email
22739,2023-08-23,IL,Organic Search
826,2023-08-23,IL,Affiliate
29409,2023-08-23,TX,Organic Search
8903,2023-08-23,NY,Email
14395,2023-08-23,GA,Paid Social
5888,2023-08-23,,Affiliate
5343,2023-08-23,IL,Organic Search
27672,2023-08-23,NY,Email
28121,2023-08-23,GA,Paid Social
9423,2023-08-23,WA,Paid Social
8111,2023-08-23,TX,Paid Social
18591,2023-08-23,,Organic Search
5071,2023-08-24,TX,Paid Social
29660,2023-08-24,TX,Paid Social
983,2023-08-24,WA,Organic Search
13128,2023-08-24,GA,Paid Social
26760,2023-08-24,WA,Paid Social
6808,2023-08-24,FL,Paid Social
22246,2023-08-24,NY,Organic Search
7406,2023-08-24,WA,Organic Search
24992,2023-08-24,IL,Organic Search
18041,2023-08-24,GA,Paid Social
23191,2023-08-24,FL,Email
23005,2023-08-24,GA,Email
5533,2023-08-24,NY,Paid Social
23522,2023-08-24,GA,Referral
13576,2023-08-24,GA,Email
25501,2023-08-24,WA,Paid Social
15411,2023-08-24,IL,Email
8461,2023-08-25,CA,Affiliate
22945,2023-08-25,NY,Paid Social
19998,2023-08-25,NY,Paid Social
11991,2023-08-25,IL,Organic Search
25812,2023-08-25,IL,Referral
10005,2023-08-25,,Paid Social
4773,2023-08-25,WA,Organic Search
14346,2023-08-25,TX,Organic Search
17763,2023-08-25,CA,Paid Social
15323,2023-08-25,IL,Organic Search
1163,2023-08-25,,Paid Social
9000,2023-08-25,CA,Affiliate
5448,2023-08-25,IL,Paid Social
499,2023-08-25,TX,Affiliate
23598,2023-08-26,IL,Organic Search
12834,2023-08-26,,Paid Social
3682,2023-08-26,GA,Organic Search
1407,2023-08-26,TX,Email
27373,2023-08-26,WA,Organic Search
23169,2023-08-26,CA,Organic Search
4994,2023-08-26,NY,Paid Social
26929,2023-08-26,IL,Organic Search
9355,2023-08-26,IL,Organic Search
1866,2023-08-26,IL,Affiliate
12163,2023-08-26,NY,Paid Social
10646,2023-08-26,NY,Organic Search
17292,2023-08-26,WA,Email
20320,2023-08-26,TX,Affiliate
16831,2023-08-27,IL,Paid Social
14912,2023-08-27,,Paid Social
10860,2023-08-27,TX,Paid Social
12828,2023-08-27,CA,Organic Search
29027,2023-08-27,TX,Referral
17129,2023-08-27,IL,Paid Social
12321,2023-08-27,WA,Paid Social
10740,2023-08-27,GA,Organic Search
3497,2023-08-27,TX,Referral
19668,2023-08-27,CA,Organic Search
20654,2023-08-27,FL,Organic Search
13963,2023-08-27,CA,Affiliate
28908,2023-08-27,TX,Email
20503,2023-08-27,FL,Organic Search
28324,2023-08-27,GA,Organic Search
16061,2023-08-27,,Paid Social
16317,2023-08-27,CA,Paid Social
2994,2023-08-27,CA,Paid Social
23390,2023-08-27,NY,Organic Search
13900,2023-08-27,TX,Organic Search
26206,2023-08-27,,Paid Social
3905,2023-08-27,WA,Email
25388,2023-08-27,WA,Paid Social
9433,2023-08-27,CA,Email
1981,2023-08-27,WA,Organic Search
16560,2023-08-27,CA,Paid Social
29573,2023-08-27,FL,Paid Social
26764,2023-08-28,IL,Referral
27231,2023-08-28,NY,Organic Search
17302,2023-08-28,NY,Paid Social
7658,2023-08-28,NY,Paid Social
27185,2023-08-28,GA,Organic Search
2872,2023-08-28,TX,Affiliate
248,2023-08-28,,Affiliate
15630,2023-08-28,WA,Organic Search
11812,2023-08-28,GA,Affiliate
28447,2023-08-28,,Email
27621,2023-08-28,,Paid Social
12600,2023-08-28,IL,Paid Social
15996,2023-08-28,NY,Organic Search
28792,2023-08-28,WA,Paid Social
20414,2023-08-28,,Paid Social
2577,2023-08-28,GA,Affiliate
13026,2023-08-28,,Organic Search
7193,2023-08-28,NY,Paid Social
8689,2023-08-28,FL,Organic Search
9233,2023-08-28,FL,Affiliate
11422,2023-08-28,TX,Organic Search
15717,2023-08-28,NY,Organic Search
29826,2023-08-28,NY,Paid Social
25884,2023-08-28,CA,Organic Search
4535,2023-08-28,GA,Paid Social
4529,2023-08-28,GA,Paid Social
27911,2023-08-28,WA,Email
4616,2023-08-29,GA,Paid Social
10722,2023-08-29,GA,Organic Search
29983,2023-08-29,TX,Referral
2609,2023-08-29,,Email
22411,2023-08-29,GA,Email
12363,2023-08-29,NY,Paid Social
12364,2023-08-29,,Organic Search
24085,2023-08-29,NY,Affiliate
4279,2023-08-29,FL,Organic Search
28557,2023-08-29,NY,Paid Social
4481,2023-08-29,,Organic Search
21543,2023-08-29,GA,Referral
18769,2023-08-29,TX,Email
11051,2023-08-29,GA,Organic Search
2385,2023-08-29,,Paid Social
7321,2023-08-29,GA,Organic Search
17647,2023-08-29,TX,Organic Search
16619,2023-08-29,GA,Organic Search
24060,2023-08-29,GA,Organic Search
24133,2023-08-29,FL,Organic Search
7501,2023-08-29,IL,Paid Social
13170,2023-08-29,FL,Paid Social
26878,2023-08-29,FL,Paid Social
12988,2023-08-30,IL,Organic Search
23985,2023-08-30,,Organic Search
16426,2023-08-30,CA,Paid Social
8326,2023-08-30,TX,Email
10943,2023-08-30,WA,Paid Social
4812,2023-08-30,IL,Referral
26965,2023-08-30,CA,Paid Social
29079,2023-08-30,TX,Email
13273,2023-08-30,GA,Organic Search
28075,2023-08-30,IL,Email
16226,2023-08-30,FL,Affiliate
432,2023-08-30,TX,Email
2901,2023-08-30,CA,Organic Search
7900,2023-08-30,IL,Referral
20290,2023-08-30,TX,Email
24941,2023-08-30,IL,Organic Search
2094,2023-08-30,,Paid Social
17738,2023-08-30,GA,Paid Social
28860,2023-08-30,TX,Paid Social
17529,2023-08-30,,Referral
25399,2023-08-31,,Affiliate
1365,2023-08-31,NY,Email
16773,2023-08-31,TX,Paid Social
7096,2023-08-31,IL,Paid Social
9178,2023-08-31,,Email
12309,2023-08-31,GA,Organic Search
4899,2023-08-31,,Organic Search
24021,2023-08-31,WA,Paid Social
2259,2023-08-31,IL,Paid Social
8765,2023-08-31,WA,Organic Search
2834,2023-08-31,WA,Organic Search
27303,2023-08-31,FL,Affiliate
14300,2023-08-31,GA,Email
19381,2023-08-31,,Paid Social
2448,2023-08-31,NY,Organic Search
14657,2023-08-31,WA,Paid Social
81,2023-08-31,TX,Referral
17221,2023-08-31,,Organic Search
26221,2023-08-31,GA,Email
2095,2023-08-31,NY,Organic Search
5560,2023-08-31,TX,Paid Social
21419,2023-09-01,WA,Organic Search
23511,2023-09-01,GA,Organic Search
421,2023-09-01,CA,Email
17358,2023-09-01,,Organic Search
25509,2023-09-01,,Organic Search
19927,2023-09-01,CA,Affiliate
4712,2023-09-01,,Paid Social
1274,2023-09-01,CA,Organic Search
10991,2023-09-01,NY,Paid Social
7174,2023-09-01,CA,Email
12914,2023-09-01,CA,Organic Search
2530,2023-09-01,WA,Affiliate
6087,2023-09-01,GA,Email
15578,2023-09-01,,Paid Social
21928,2023-09-01,,Affiliate
28433,2023-09-01,,Paid Social
13468,2023-09-01,FL,Email
19439,2023-09-01,FL,Email
944,2023-09-01,IL,Email
7899,2023-09-01,NY,Organic Search
17499,2023-09-01,IL,Paid Social
10165,2023-09-01,CA,Affiliate
12151,2023-09-01,FL,Paid Social
864,2023-09-01,IL,Paid Social
12242,2023-09-01,WA,Organic Search
11506,2023-09-01,TX,Email
11669,2023-09-01,CA,Paid Social
2752,2023-09-02,NY,Paid Social
27766,2023-09-02,,Paid Social
25394,2023-09-02,IL,Affiliate
12153,2023-09-02,,Organic Search
13751,2023-09-02,,Organic Search
1932,2023-09-02,GA,Paid Social
115,2023-09-02,NY,Paid Social
28105,2023-09-02,TX,Organic Search
16218,2023-09-02,TX,Email
14578,2023-09-02,,Paid Social
28390,2023-09-02,TX,Organic Search
14434,2023-09-02,,Referral
4778,2023-09-02,IL,Paid Social
10901,2023-09-02,CA,Paid Social
27256,2023-09-02,,Affiliate
7489,2023-09-02,IL,Paid Social
20805,2023-09-02,IL,Paid Social
29158,2023-09-02,FL,Affiliate
4162,2023-09-02,NY,Organic Search
20425,2023-09-02,WA,Affiliate
17492,2023-09-03,TX,Organic Search
24618,2023-09-03,NY,Organic Search
9002,2023-09-03,TX,Paid Social
10588,2023-09-03,NY,Referral
437,2023-09-03,CA,Organic Search
9523,2023-09-03,FL,Affiliate
3713,2023-09-03,NY,Email
7294,2023-09-03,TX,Paid Social
29224,2023-09-03,NY,Organic Search
19454,2023-09-03,WA,Paid Social
19023,2023-09-03,IL,Paid Social
18170,2023-09-03,CA,Organic Search
21815,2023-09-03,CA,Paid Social
10100,2023-09-03,WA,Organic Search
27475,2023-09-03,WA,Organic Search
16477,2023-09-03,GA,Organic Search
29628,2023-09-03,GA,Email
4629,2023-09-04,IL,Paid Social
14114,2023-09-04,FL,Paid Social
5585,2023-09-04,IL,Paid Social
2493,2023-09-04,TX,Email
18531,2023-09-04,GA,Organic Search
29781,2023-09-04,TX,Paid Social
13332,2023-09-04,GA,Paid Social
6944,2023-09-04,TX,Organic Search
28066,2023-09-04,TX,Organic Search
600,2023-09-04,FL,Organic Search
5175,2023-09-04,IL,Paid Social
16741,2023-09-04,GA,Paid Social
13219,2023-09-04,FL,Email
169,2023-09-04,GA,Organic Search
5546,2023-09-04,,Organic Search
14977,2023-09-04,IL,Paid Social
4962,2023-09-04,FL,Organic Search
10790,2023-09-04,WA,Paid Social
24580,2023-09-04,WA,Organic Search
24795,2023-09-04,,Email
10954,2023-09-04,WA,Organic Search
2117,2023-09-04,NY,Paid Social
21225,2023-09-04,TX,Organic Search
26601,2023-09-04,GA,Affiliate
17734,2023-09-04,TX,Paid Social
27199,2023-09-04,CA,Paid Social
18989,2023-09-04,GA,Paid Social
10183,2023-09-05,IL,Paid Social
25949,2023-09-05,,Organic Search
24,2023-09-05,IL,Paid Social
12648,2023-09-05,TX,Organic Search
20757,2023-09-05,TX,Paid Social
26817,2023-09-05,NY,Paid Social
25196,2023-09-05,,Paid Social
24696,2023-09-05,IL,Organic Search
2923,2023-09-05,,Email
1142,2023-09-05,WA,Paid Social
13924,2023-09-05,NY,Organic Search
457,2023-09-05,GA,Organic Search
17411,2023-09-05,FL,Organic Search
24432,2023-09-05,GA,Paid Social
4801,2023-09-05,NY,Organic Search
1315,2023-09-05,TX,Paid Social
21124,2023-09-05,NY,Email
26304,2023-09-05,TX,Organic Search
28133,2023-09-05,,Paid Social
21742,2023-09-05,NY,Organic Search
17925,2023-09-05,GA,Paid Social
4763,2023-09-05,TX,Email
11000,2023-09-05,WA,Paid Social
7764,2023-09-05,IL,Email
6332,2023-09-05,IL,Email
6245,2023-09-05,FL,Email
1722,2023-09-05,WA,Organic Search
28731,2023-09-05,CA,Email
7901,2023-09-06,IL,Paid Social
14258,2023-09-06,CA,Affiliate
14418,2023-09-06,NY,Paid Social
7510,2023-09-06,WA,Affiliate
1192,2023-09-06,,Paid Social
14046,2023-09-06,CA,Paid Social
22524,2023-09-06,IL,Paid Social
438,2023-09-06,GA,Email
11281,2023-09-06,GA,Organic Search
17766,2023-09-06,IL,Paid Social
28909,2023-09-06,TX,Email
29106,2023-09-06,TX,Paid Social
20048,2023-09-06,,Organic Search
18248,2023-09-06,WA,Paid Social
26831,2023-09-06,GA,Referral
23583,2023-09-06,GA,Email
18098,2023-09-06,GA,Affiliate
8214,2023-09-06,CA,Paid Social
15325,2023-09-06,CA,Organic Search
14362,2023-09-06,NY,Email
26750,2023-09-06,IL,Organic Search
12698,2023-09-06,WA,Email
8658,2023-09-07,TX,Organic Search
20504,2023-09-07,,Paid Social
9200,2023-09-07,IL,Paid Social
4263,2023-09-07,NY,Paid Social
20003,2023-09-07,NY,Paid Social
25645,2023-09-07,WA,Paid Social
11148,2023-09-07,IL,Paid Social
10032,2023-09-07,GA,Affiliate
26205,2023-09-07,,Paid Social
26554,2023-09-07,GA,Organic Search
20938,2023-09-07,TX,Organic Search
11588,2023-09-07,,Organic Search
18847,2023-09-07,GA,Email
29830,2023-09-07,CA,Paid Social
10553,2023-09-07,NY,Paid Social
7425,2023-09-07,NY,Paid Social
5087,2023-09-07,TX,Email
1506,2023-09-07,GA,Paid Social
26665,2023-09-07,IL,Paid Social
4380,2023-09-07,TX,Paid Social
4221,2023-09-07,TX,Paid Social
13579,2023-09-07,NY,Affiliate
3090,2023-09-08,TX,Organic Search
16691,2023-09-08,CA,Email
19756,2023-09-08,NY,Paid Social
3840,2023-09-08,IL,Paid Social
24624,2023-09-08,NY,Affiliate
21399,2023-09-08,,Email
7873,2023-09-08,WA,Affiliate
1450,2023-09-08,IL,Paid Social
22031,2023-09-08,FL,Organic Search
26130,2023-09-08,CA,Email
2545,2023-09-08,TX,Organic Search
15118,2023-09-08,,Referral
10231,2023-09-08,,Paid Social
9256,2023-09-08,CA,Paid Social
3768,2023-09-08,NY,Paid Social
22618,2023-09-08,NY,Organic Search
1705,2023-09-08,CA,Paid Social
61,2023-09-08,CA,Paid Social
10267,2023-09-08,WA,Paid Social
11740,2023-09-08,WA,Organic Search
19216,2023-09-08,IL,Organic Search
2083,2023-09-08,TX,Paid Social
1968,2023-09-08,GA,Paid Social
1982,2023-09-08,FL,Email
19812,2023-09-08,TX,Affiliate
12292,2023-09-09,FL,Paid Social
3396,2023-09-09,GA,Affiliate
12863,2023-09-09,FL,Paid Social
13338,2023-09-09,WA,Paid Social
16925,2023-09-09,CA,Paid Social
21098,2023-09-09,TX,Organic Search
17858,2023-09-09,,Email
14867,2023-09-09,NY,Paid Social
19590,2023-09-09,IL,Email
18946,2023-09-09,GA,Affiliate
4654,2023-09-09,,Email
3446,2023-09-09,,Paid Social
3298,2023-09-09,,Organic Search
13955,2023-09-09,GA,Affiliate
8809,2023-09-09,FL,Organic Search
28809,2023-09-09,NY,Affiliate
29841,2023-09-09,CA,Paid Social
12826,2023-09-09,NY,Organic Search
26079,2023-09-09,TX,Paid Social
11864,2023-09-09,FL,Affiliate
18345,2023-09-09,WA,Paid Social
4939,2023-09-09,IL,Email
4121,2023-09-10,FL,Organic Search
18881,2023-09-10,IL,Organic Search
6798,2023-09-10,NY,Paid Social
23515,2023-09-10,CA,Organic Search
5402,2023-09-10,FL,Affiliate
1238,2023-09-10,NY,Paid Social
21028,2023-09-10,TX,Paid Social
26035,2023-09-10,CA,Paid Social
5708,2023-09-10,,Organic Search
28997,2023-09-10,IL,Organic Search
22267,2023-09-10,TX,Paid Social
758,2023-09-10,NY,Paid Social
216,2023-09-10,TX,Organic Search
8692,2023-09-10,,Paid Social
16544,2023-09-10,GA,Paid Social
13731,2023-09-10,WA,Paid Social
22617,2023-09-10,TX,Referral
155,2023-09-10,IL,Affiliate
19410,2023-09-10,IL,Paid Social
27950,2023-09-11,WA,Organic Search
22635,2023-09-11,IL,Paid Social
16557,2023-09-11,NY,Paid Social
18817,2023-09-11,CA,Organic Search
13635,2023-09-11,IL,Paid Social
10909,2023-09-11,GA,Email
13439,2023-09-11,CA,Referral
1347,2023-09-11,TX,Paid Social
22774,2023-09-11,NY,Paid Social
22632,2023-09-11,WA,Email
7124,2023-09-11,WA,Referral
14853,2023-09-11,NY,Email
23560,2023-09-11,,Paid Social
2638,2023-09-11,IL,Email
27567,2023-09-11,FL,Paid Social
16217,2023-09-11,CA,Organic Search
21777,2023-09-11,TX,Affiliate
3970,2023-09-11,,Paid Social
18016,2023-09-11,WA,Referral
2791,2023-09-12,CA,Email
17237,2023-09-12,GA,Organic Search
7161,2023-09-12,TX,Email
21126,2023-09-12,TX,Email
13047,2023-09-12,TX,Organic Search
2911,2023-09-12,GA,Organic Search
14472,2023-09-12,WA,Affiliate
17733,2023-09-12,NY,Organic Search
25448,2023-09-12,TX,Email
24175,2023-09-12,GA,Paid Social
8376,2023-09-12,NY,Paid Social
14635,2023-09-12,FL,Paid Social
11772,2023-09-12,,Organic Search
9927,2023-09-12,GA,Paid Social
19302,2023-09-12,CA,Email
29342,2023-09-12,NY,Affiliate
12062,2023-09-12,IL,Email
336,2023-09-12,FL,Organic Search
26586,2023-09-12,TX,Organic Search
22438,2023-09-12,NY,Affiliate
20627,2023-09-12,CA,Affiliate
22909,2023-09-12,NY,Email
8185,2023-09-13,TX,Organic Search
26646,2023-09-13,,Organic Search
332,2023-09-13,CA,Email
28983,2023-09-13,,Organic Search
7991,2023-09-13,TX,Paid Social
21831,2023-09-13,CA,Paid Social
10174,2023-09-13,FL,Organic Search
6607,2023-09-13,IL,Organic Search
10684,2023-09-13,GA,Email
17457,2023-09-13,NY,Affiliate
3294,2023-09-13,,Paid Social
12650,2023-09-13,TX,Affiliate
12493,2023-09-13,TX,Paid Social
9509,2023-09-13,CA,Organic Search
8149,2023-09-13,CA,Paid Social
23942,2023-09-13,GA,Affiliate
3994,2023-09-13,,Organic Search
15978,2023-09-13,NY,Email
1567,2023-09-13,FL,Paid Social
17177,2023-09-13,GA,Paid Social
10338,2023-09-13,WA,Paid Social
28104,2023-09-13,TX,Email
22439,2023-09-13,CA,Paid Social
15617,2023-09-14,CA,Paid Social
2018,2023-09-14,IL,Referral
29823,2023-09-14,GA,Organic Search
5235,2023-09-14,WA,Paid Social
22937,2023-09-14,FL,Organic Search
12670,2023-09-14,CA,Organic Search
27535,2023-09-14,IL,Referral
1721,2023-09-14,GA,Organic Search
29125,2023-09-14,NY,Paid Social
19538,2023-09-14,WA,Email
6712,2023-09-14,FL,Organic Search
23795,2023-09-14,IL,Organic Search
8985,2023-09-14,NY,Organic Search
25557,2023-09-14,FL,Paid Social
10261,2023-09-14,FL,Paid Social
16379,2023-09-14,WA,Paid Social
613,2023-09-14,CA,Paid Social
13104,2023-09-14,FL,Email
24229,2023-09-14,,Organic Search
29380,2023-09-14,IL,Referral
23422,2023-09-14,IL,Organic Search
20316,2023-09-14,,Organic Search
14186,2023-09-15,FL,Paid Social
10377,2023-09-15,NY,Organic Search
6423,2023-09-15,IL,Organic Search
24264,2023-09-15,WA,Paid Social
17519,2023-09-15,FL,Affiliate
21002,2023-09-15,,Paid Social
14861,2023-09-15,TX,Organic Search
22970,2023-09-15,,Paid Social
15611,2023-09-15,WA,Paid Social
3440,2023-09-15,IL,Affiliate
25831,2023-09-15,TX,Paid Social
28147,2023-09-15,NY,Affiliate
39,2023-09-15,FL,Paid Social
21885,2023-09-15,GA,Organic Search
1113,2023-09-15,TX,Organic Search
21506,2023-09-15,CA,Organic Search
13212,2023-09-15,WA,Organic Search
19705,2023-09-15,TX,Affiliate
3621,2023-09-15,CA,Paid Social
6772,2023-09-15,CA,Referral
24346,2023-09-15,,Paid Social
6894,2023-09-15,TX,Paid Social
3791,2023-09-15,CA,Organic Search
20671,2023-09-15,FL,Organic Search
9044,2023-09-15,GA,Organic Search
5716,2023-09-15,FL,Paid Social
21541,2023-09-15,TX,Email
8572,2023-09-16,GA,Paid Social
24454,2023-09-16,NY,Paid Social
28139,2023-09-16,FL,Organic Search
7859,2023-09-16,,Organic Search
23643,2023-09-16,WA,Organic Search
20980,2023-09-16,FL,Organic Search
26898,2023-09-16,TX,Email
15499,2023-09-16,WA,Organic Search
15785,2023-09-16,,Paid Social
18465,2023-09-16,NY,Paid Social
13853,2023-09-16,,Affiliate
2655,2023-09-16,NY,Email
9574,2023-09-16,WA,Organic Search
8458,2023-09-16,IL,Paid Social
14577,2023-09-16,GA,Affiliate
21809,2023-09-16,CA,Organic Search
10671,2023-09-16,CA,Affiliate
8776,2023-09-16,,Organic Search
11679,2023-09-16,WA,Paid Social
26605,2023-09-16,GA,Email
7407,2023-09-16,IL,Paid Social
23587,2023-09-16,CA,Paid Social
12277,2023-09-17,FL,Email
9240,2023-09-17,NY,Paid Social
20650,2023-09-17,CA,Paid Social
17250,2023-09-17,IL,Affiliate
7198,2023-09-17,CA,Email
13177,2023-09-17,NY,Email
28624,2023-09-17,GA,Paid Social
20312,2023-09-17,TX,Organic Search
28819,2023-09-17,TX,Paid Social
14772,2023-09-17,FL,Referral
8310,2023-09-17,,Paid Social
16286,2023-09-17,FL,Paid Social
18942,2023-09-17,GA,Organic Search
3110,2023-09-17,FL,Paid Social
719,2023-09-17,GA,Organic Search
5785,2023-09-17,FL,Organic Search
29324,2023-09-17,GA,Affiliate
19934,2023-09-17,GA,Email
10279,2023-09-17,IL,Paid Social
12148,2023-09-17,IL,Organic Search
20111,2023-09-17,TX,Affiliate
6401,2023-09-17,FL,Paid Social
18908,2023-09-17,TX,Email
10830,2023-09-18,GA,Paid Social
12692,2023-09-18,NY,Email
17057,2023-09-18,WA,Paid Social
1924,2023-09-18,CA,Paid Social
27206,2023-09-18,WA,Paid Social
3174,2023-09-18,CA,Organic Search
10923,2023-09-18,,Paid Social
6673,2023-09-18,WA,Organic Search
13999,2023-09-18,TX,Paid Social
28173,2023-09-18,NY,Affiliate
2522,2023-09-18,GA,Organic Search
22420,2023-09-18,IL,Paid Social
17533,2023-09-18,TX,Paid Social
5266,2023-09-18,FL,Paid Social
22778,2023-09-18,NY,Paid Social
22779,2023-09-18,NY,Email
6444,2023-09-18,NY,Organic Search
26223,2023-09-18,IL,Paid Social
4201,2023-09-18,CA,Email
2470,2023-09-18,WA,Paid Social
15312,2023-09-18,,Paid Social
29507,2023-09-18,WA,Paid Social
3590,2023-09-18,FL,Organic Search
11687,2023-09-18,WA,Organic Search
11932,2023-09-18,WA,Paid Social
9742,2023-09-18,TX,Organic Search
19864,2023-09-18,WA,Affiliate
19749,2023-09-19,CA,Affiliate
24170,2023-09-19,GA,Paid Social
6734,2023-09-19,CA,Paid Social
22385,2023-09-19,GA,Organic Search
9770,2023-09-19,IL,Organic Search
9088,2023-09-19,TX,Affiliate
21170,2023-09-19,IL,Paid Social
11630,2023-09-19,GA,Paid Social
5415,2023-09-19,CA,Organic Search
14033,2023-09-19,WA,Referral
1069,2023-09-19,,Paid Social
26313,2023-09-19,NY,Affiliate
7287,2023-09-19,,Paid Social
17902,2023-09-19,IL,Paid Social
23036,2023-09-19,CA,Email
2476,2023-09-19,IL,Referral
19464,2023-09-19,TX,Paid Social
2267,2023-09-19,NY,Paid Social
21989,2023-09-19,IL,Paid Social
14475,2023-09-19,IL,Paid Social
27130,2023-09-20,,Paid Social
16176,2023-09-20,IL,Organic Search
13312,2023-09-20,WA,Paid Social
12233,2023-09-20,FL,Organic Search
15916,2023-09-20,FL,Paid Social
2225,2023-09-20,,Organic Search
15552,2023-09-20,TX,Paid Social
21643,2023-09-20,,Organic Search
5927,2023-09-20,FL,Email
25131,2023-09-20,WA,Paid Social
20520,2023-09-20,IL,Paid Social
21898,2023-09-20,IL,Organic Search
1243,2023-09-20,FL,Email
13133,2023-09-20,WA,Paid Social
15127,2023-09-20,NY,Paid Social
16918,2023-09-20,IL,Paid Social
23546,2023-09-20,,Paid Social
28854,2023-09-20,GA,Paid Social
3629,2023-09-20,CA,Email
3923,2023-09-20,NY,Email
2260,2023-09-20,WA,Paid Social
18758,2023-09-20,FL,Organic Search
23931,2023-09-20,GA,Organic Search
16362,2023-09-20,WA,Organic Search
11370,2023-09-20,CA,Affiliate
22999,2023-09-21,TX,Email
22578,2023-09-21,CA,Paid Social
3518,2023-09-21,GA,Paid Social
8932,2023-09-21,TX,Organic Search
26756,2023-09-21,FL,Paid Social
28895,2023-09-21,NY,Paid Social
22251,2023-09-21,NY,Affiliate
10940,2023-09-21,NY,Organic Search
26843,2023-09-21,CA,Affiliate
9296,2023-09-21,WA,Affiliate
10789,2023-09-21,TX,Email
17685,2023-09-21,CA,Paid Social
8526,2023-09-21,GA,Organic Search
6691,2023-09-21,TX,Email
8077,2023-09-22,,Paid Social
15976,2023-09-22,CA,Referral
25695,2023-09-22,FL,Organic Search
5691,2023-09-22,NY,Organic Search
17164,2023-09-22,WA,Affiliate
24296,2023-09-22,NY,Email
15113,2023-09-22,WA,Affiliate
17245,2023-09-22,,Paid Social
25024,2023-09-22,CA,Paid Social
4023,2023-09-22,,Paid Social
19821,2023-09-22,WA,Paid Social
2774,2023-09-22,FL,Paid Social
13438,2023-09-22,,Email
4779,2023-09-22,WA,Organic Search
991,2023-09-22,IL,Email
17997,2023-09-22,IL,Email
20163,2023-09-22,WA,Paid Social
27837,2023-09-22,TX,Organic Search
20445,2023-09-22,,Organic Search
25500,2023-09-22,FL,Paid Social
16212,2023-09-22,NY,Organic Search
5961,2023-09-22,,Paid Social
21280,2023-09-22,CA,Organic Search
15306,2023-09-22,CA,Organic Search
20246,2023-09-22,NY,Organic Search
29043,2023-09-22,NY,Paid Social
11356,2023-09-22,FL,Organic Search
28234,2023-09-22,TX,Paid Social
14587,2023-09-22,GA,Affiliate
19540,2023-09-22,,Organic Search
19857,2023-09-22,FL,Organic Search
23176,2023-09-22,,Paid Social
29438,2023-09-22,IL,Organic Search
12719,2023-09-22,NY,Email
2406,2023-09-23,GA,Paid Social
14396,2023-09-23,CA,Paid Social
13487,2023-09-23,WA,Paid Social
22773,2023-09-23,GA,Affiliate
7246,2023-09-23,IL,Organic Search
24576,2023-09-23,CA,Referral
3197,2023-09-23,FL,Affiliate
20082,2023-09-23,CA,Paid Social
18155,2023-09-23,,Paid Social
5862,2023-09-23,IL,Paid Social
170,2023-09-23,CA,Paid Social
14330,2023-09-23,TX,Organic Search
29332,2023-09-23,TX,Paid Social
29539,2023-09-23,CA,Email
6008,2023-09-23,WA,Organic Search
15409,2023-09-23,GA,Paid Social
23206,2023-09-23,GA,Email
15166,2023-09-23,GA,Organic Search
23024,2023-09-23,GA,Organic Search
27141,2023-09-23,GA,Paid Social
11886,2023-09-23,TX,Organic Search
19748,2023-09-23,IL,Email
11741,2023-09-23,CA,Paid Social
2627,2023-09-23,CA,Organic Search
979,2023-09-23,WA,Paid Social
13593,2023-09-23,NY,Affiliate
25458,2023-09-23,GA,Referral
19683,2023-09-24,FL,Paid Social
8842,2023-09-24,CA,Referral
2037,2023-09-24,CA,Organic Search
17449,2023-09-24,GA,Paid Social
25488,2023-09-24,CA,Paid Social
6360,2023-09-24,IL,Paid Social
24917,2023-09-24,,Paid Social
10420,2023-09-24,WA,Paid Social
27726,2023-09-24,FL,Organic Search
13232,2023-09-24,,Paid Social
15065,2023-09-24,GA,Organic Search
9340,2023-09-24,GA,Paid Social
26869,2023-09-24,NY,Paid Social
11811,2023-09-24,NY,Affiliate
6817,2023-09-24,,Organic Search
12457,2023-09-24,GA,Organic Search
25322,2023-09-24,FL,Organic Search
2003,2023-09-24,GA,Affiliate
18642,2023-09-24,FL,Email
1787,2023-09-24,IL,Paid Social
8320,2023-09-24,CA,Paid Social
25590,2023-09-24,NY,Paid Social
3922,2023-09-24,NY,Paid Social
2584,2023-09-24,FL,Paid Social
49,2023-09-24,IL,Paid Social
19952,2023-09-24,GA,Affiliate
9,2023-09-24,FL,Paid Social
14198,2023-09-24,CA,Email
8564,2023-09-24,CA,Referral
11479,2023-09-24,IL,Paid Social
27147,2023-09-25,,Affiliate
22831,2023-09-25,FL,Email
6420,2023-09-25,NY,Paid Social
8316,2023-09-25,FL,Organic Search
19326,2023-09-25,IL,Affiliate
29648,2023-09-25,WA,Organic Search
22719,2023-09-25,TX,Organic Search
17263,2023-09-25,CA,Email
27747,2023-09-25,CA,Organic Search
21093,2023-09-25,,Organic Search
11455,2023-09-25,TX,Affiliate
7145,2023-09-25,TX,Affiliate
27069,2023-09-25,TX,Email
18602,2023-09-25,FL,Paid Social
25435,2023-09-25,TX,Email
6969,2023-09-25,TX,Paid Social
7447,2023-09-25,NY,Paid Social
9325,2023-09-25,WA,Organic Search
854,2023-09-25,NY,Referral
28851,2023-09-25,CA,Paid Social
16138,2023-09-25,IL,Paid Social
1355,2023-09-25,,Paid Social
21714,2023-09-25,IL,Organic Search
23058,2023-09-25,GA,Paid Social
25890,2023-09-25,,Paid Social
5432,2023-09-26,,Organic Search
18046,2023-09-26,WA,Paid Social
13309,2023-09-26,CA,Affiliate
12266,2023-09-26,FL,Paid Social
14656,2023-09-26,TX,Email
20347,2023-09-26,GA,Paid Social
11976,2023-09-26,WA,Referral
27691,2023-09-26,GA,Email
1124,2023-09-26,GA,Email
4791,2023-09-26,GA,Organic Search
19270,2023-09-26,WA,Email
4309,2023-09-26,FL,Email
29760,2023-09-26,GA,Organic Search
22662,2023-09-26,IL,Paid Social
5812,2023-09-26,WA,Affiliate
3807,2023-09-26,CA,Paid Social
4582,2023-09-26,IL,Paid Social
10230,2023-09-26,CA,Organic Search
1988,2023-09-26,,Paid Social
19815,2023-09-26,WA,Paid Social
1001,2023-09-26,IL,Organic Search
18329,2023-09-26,WA,Organic Search
11007,2023-09-27,,Paid Social
26454,2023-09-27,IL,Organic Search
21985,2023-09-27,CA,Organic Search
21290,2023-09-27,NY,Organic Search
11129,2023-09-27,CA,Paid Social
17548,2023-09-27,NY,Paid Social
19660,2023-09-27,TX,Paid Social
8866,2023-09-27,IL,Paid Social
15520,2023-09-27,CA,Paid Social
21406,2023-09-27,CA,Affiliate
12441,2023-09-27,NY,Email
20174,2023-09-27,,Organic Search
961,2023-09-27,IL,Organic Search
17421,2023-09-27,FL,Affiliate
13776,2023-09-27,TX,Affiliate
9475,2023-09-27,,Affiliate
22653,2023-09-27,CA,Paid Social
6591,2023-09-27,CA,Paid Social
19031,2023-09-27,GA,Affiliate
17296,2023-09-27,,Paid Social
17933,2023-09-27,GA,Paid Social
22859,2023-09-27,TX,Organic Search
372,2023-09-27,IL,Organic Search
28249,2023-09-27,,Paid Social
16063,2023-09-27,FL,Organic Search
27517,2023-09-27,GA,Organic Search
24202,2023-09-27,CA,Organic Search
4853,2023-09-27,,Email
17471,2023-09-28,WA,Email
1616,2023-09-28,FL,Paid Social
25567,2023-09-28,IL,Organic Search
12536,2023-09-28,IL,Paid Social
22515,2023-09-28,CA,Paid Social
7130,2023-09-28,,Affiliate
19227,2023-09-28,NY,Paid Social
7271,2023-09-28,,Paid Social
18305,2023-09-28,CA,Paid Social
1291,2023-09-28,GA,Paid Social
6390,2023-09-28,GA,Paid Social
24739,2023-09-28,,Affiliate
8129,2023-09-28,NY,Referral
21562,2023-09-28,NY,Organic Search
14085,2023-09-28,CA,Organic Search
18507,2023-09-28,GA,Paid Social
20741,2023-09-28,,Referral
2534,2023-09-28,FL,Organic Search
3662,2023-09-28,FL,Paid Social
25667,2023-09-28,NY,Organic Search
16479,2023-09-28,CA,Paid Social
8926,2023-09-28,NY,Paid Social
22200,2023-09-28,TX,Organic Search
2273,2023-09-28,,Paid Social
29336,2023-09-29,CA,Paid Social
6907,2023-09-29,NY,Organic Search
29416,2023-09-29,CA,Paid Social
4609,2023-09-29,TX,Affiliate
5907,2023-09-29,TX,Paid Social
14226,2023-09-29,TX,Paid Social
26162,2023-09-29,TX,Paid Social
23826,2023-09-29,,Email
17893,2023-09-29,WA,Affiliate
25752,2023-09-29,,Paid Social
18210,2023-09-29,WA,Email
23633,2023-09-29,,Paid Social
4966,2023-09-29,,Organic Search
896,2023-09-29,CA,Organic Search
14922,2023-09-29,FL,Affiliate
2949,2023-09-29,IL,Paid Social
16577,2023-09-29,WA,Email
690,2023-09-29,,Organic Search
1520,2023-09-29,IL,Affiliate
22004,2023-09-29,NY,Email
1208,2023-09-29,FL,Paid Social
5543,2023-09-29,CA,Referral
22956,2023-09-29,FL,Paid Social
24158,2023-09-29,NY,Organic Search
28598,2023-09-29,CA,Paid Social
24657,2023-09-29,IL,Affiliate
25294,2023-09-29,TX,Paid Social
1272,2023-09-29,FL,Referral
20378,2023-09-29,GA,Referral
23709,2023-09-30,CA,Organic Search
298,2023-09-30,FL,Organic Search
5734,2023-09-30,GA,Paid Social
27727,2023-09-30,CA,Organic Search
11610,2023-09-30,NY,Paid Social
9630,2023-09-30,,Paid Social
15243,2023-09-30,TX,Paid Social
19045,2023-09-30,WA,Paid Social
25160,2023-09-30,NY,Paid Social
20628,2023-09-30,,Affiliate
21199,2023-09-30,TX,Email
2388,2023-09-30,GA,Paid Social
15523,2023-09-30,,Paid Social
26545,2023-09-30,IL,Paid Social
19340,2023-09-30,WA,Paid Social
8793,2023-09-30,,Organic Search
18719,2023-09-30,WA,Organic Search
21365,2023-09-30,NY,Paid Social
20064,2023-10-01,NY,Email
567,2023-10-01,FL,Paid Social
8287,2023-10-01,NY,Paid Social
13427,2023-10-01,,Paid Social
25521,2023-10-01,NY,Paid Social
24752,2023-10-01,GA,Paid Social
6210,2023-10-01,GA,Organic Search
10694,2023-10-01,NY,Organic Search
2220,2023-10-01,WA,Organic Search
8650,2023-10-01,TX,Organic Search
12235,2023-10-01,NY,Paid Social
29291,2023-10-01,NY,Organic Search
6508,2023-10-01,CA,Affiliate
18807,2023-10-01,GA,Affiliate
28618,2023-10-01,FL,Email
21127,2023-10-01,FL,Paid Social
10168,2023-10-01,CA,Paid Social
691,2023-10-01,WA,Paid Social
2653,2023-10-01,TX,Paid Social
15094,2023-10-01,GA,Paid Social
18770,2023-10-01,CA,Email
9369,2023-10-01,TX,Email
14412,2023-10-01,,Email
23504,2023-10-02,FL,Email
26235,2023-10-02,IL,Affiliate
10280,2023-10-02,FL,Paid Social
21338,2023-10-02,WA,Organic Search
15645,2023-10-02,,Organic Search
6443,2023-10-02,NY,Email
11512,2023-10-02,TX,Paid Social
28088,2023-10-02,,Referral
14660,2023-10-02,,Affiliate
7117,2023-10-02,,Email
25756,2023-10-02,FL,Organic Search
20189,2023-10-02,GA,Email
8011,2023-10-02,TX,Email
8300,2023-10-02,NY,Email
19922,2023-10-02,IL,Paid Social
7370,2023-10-02,GA,Affiliate
18604,2023-10-02,IL,Paid Social
2790,2023-10-02,WA,Affiliate
3259,2023-10-02,,Paid Social
29943,2023-10-02,FL,Email
23200,2023-10-03,WA,Organic Search
24588,2023-10-03,FL,Organic Search
1364,2023-10-03,,Paid Social
14591,2023-10-03,,Email
3313,2023-10-03,GA,Email
22055,2023-10-03,NY,Paid Social
4397,2023-10-03,TX,Organic Search
22590,2023-10-03,TX,Affiliate
3909,2023-10-03,,Paid Social
9500,2023-10-03,NY,Organic Search
24455,2023-10-03,WA,Paid Social
9861,2023-10-03,WA,Email
17648,2023-10-03,CA,Email
25788,2023-10-03,,Paid Social
29864,2023-10-03,,Organic Search
22479,2023-10-03,NY,Paid Social
1645,2023-10-03,NY,Organic Search
2107,2023-10-03,WA,Referral
7179,2023-10-03,CA,Organic Search
4016,2023-10-03,TX,Organic Search
15518,2023-10-03,GA,Paid Social
490,2023-10-04,TX,Referral
1408,2023-10-04,,Email
27364,2023-10-04,WA,Organic Search
10636,2023-10-04,CA,Affiliate
16371,2023-10-04,GA,Paid Social
8324,2023-10-04,GA,Paid Social
20516,2023-10-04,CA,Paid Social
9789,2023-10-04,WA,Paid Social
14457,2023-10-04,CA,Organic Search
20019,2023-10-04,FL,Paid Social
17756,2023-10-04,IL,Paid Social
27695,2023-10-04,CA,Paid Social
6011,2023-10-04,,Email
26311,2023-10-04,NY,Organic Search
27417,2023-10-04,NY,Email
309,2023-10-04,CA,Email
7430,2023-10-04,TX,Paid Social
25331,2023-10-04,FL,Organic Search
25874,2023-10-04,WA,Email
9811,2023-10-04,,Organic Search
3502,2023-10-04,CA,Email
16579,2023-10-04,WA,Organic Search
18361,2023-10-05,FL,Organic Search
1209,2023-10-05,GA,Organic Search
9662,2023-10-05,GA,Organic Search
11453,2023-10-05,TX,Organic Search
7237,2023-10-05,IL,Paid Social
16672,2023-10-05,GA,Paid Social
3489,2023-10-05,,Organic Search
1199,2023-10-05,,Email
12704,2023-10-05,CA,Email
26803,2023-10-05,GA,Affiliate
21058,2023-10-05,TX,Paid Social
1496,2023-10-05,TX,Paid Social
21913,2023-10-05,NY,Email
9917,2023-10-05,CA,Organic Search
5405,2023-10-05,,Paid Social
24590,2023-10-05,NY,Email
6326,2023-10-05,FL,Organic Search
28312,2023-10-05,NY,Paid Social
19131,2023-10-05,WA,Organic Search
28195,2023-10-05,,Paid Social
26180,2023-10-05,WA,Email
16112,2023-10-05,WA,Organic Search
5369,2023-10-05,WA,Email
27808,2023-10-05,FL,Organic Search
24613,2023-10-05,IL,Paid Social
1727,2023-10-05,NY,Paid Social
3598,2023-10-06,NY,Paid Social
6662,2023-10-06,TX,Paid Social
3042,2023-10-06,WA,Affiliate
5189,2023-10-06,WA,Affiliate
5158,2023-10-06,CA,Email
13303,2023-10-06,CA,Paid Social
27615,2023-10-06,CA,Paid Social
18492,2023-10-06,WA,Organic Search
26461,2023-10-06,TX,Paid Social
3231,2023-10-06,TX,Paid Social
23068,2023-10-06,,Organic Search
22805,2023-10-06,FL,Affiliate
9015,2023-10-06,IL,Organic Search
27192,2023-10-06,IL,Paid Social
11573,2023-10-06,,Organic Search
5337,2023-10-06,IL,Paid Social
21479,2023-10-06,FL,Organic Search
11851,2023-10-06,IL,Organic Search
77,2023-10-06,NY,Email
12002,2023-10-06,GA,Organic Search
27875,2023-10-06,CA,Referral
23854,2023-10-06,NY,Affiliate
4210,2023-10-07,CA,Organic Search
12313,2023-10-07,WA,Paid Social
15434,2023-10-07,CA,Email
16871,2023-10-07,,Paid Social
21732,2023-10-07,FL,Affiliate
29531,2023-10-07,CA,Paid Social
29953,2023-10-07,GA,Paid Social
12895,2023-10-07,GA,Paid Social
14155,2023-10-07,IL,Email
15097,2023-10-07,NY,Paid Social
1642,2023-10-07,CA,Email
640,2023-10-07,NY,Paid Social
5206,2023-10-07,WA,Paid Social
17831,2023-10-08,,Organic Search
2931,2023-10-08,,Paid Social
14923,2023-10-08,,Affiliate
12954,2023-10-08,CA,Organic Search
24884,2023-10-08,GA,Paid Social
16360,2023-10-08,GA,Email
6285,2023-10-08,IL,Organic Search
10489,2023-10-08,FL,Paid Social
18810,2023-10-08,TX,Email
3295,2023-10-08,TX,Affiliate
22228,2023-10-08,IL,Paid Social
18137,2023-10-08,WA,Referral
7254,2023-10-08,TX,Affiliate
27146,2023-10-08,IL,Paid Social
10500,2023-10-08,TX,Organic Search
19713,2023-10-08,NY,Paid Social
6070,2023-10-08,TX,Organic Search
5037,2023-10-08,CA,Paid Social
7995,2023-10-08,WA,Organic Search
28570,2023-10-09,WA,Organic Search
26298,2023-10-09,GA,Organic Search
5631,2023-10-09,WA,Email
27375,2023-10-09,CA,Organic Search
17885,2023-10-09,NY,Organic Search
13000,2023-10-09,,Organic Search
18905,2023-10-09,TX,Organic Search
17513,2023-10-09,GA,Organic Search
26712,2023-10-09,FL,Affiliate
29045,2023-10-09,GA,Organic Search
9784,2023-10-09,NY,Affiliate
8298,2023-10-09,FL,Paid Social
11105,2023-10-09,CA,Email
24009,2023-10-09,FL,Paid Social
27283,2023-10-09,NY,Email
21186,2023-10-09,GA,Organic Search
3148,2023-10-09,CA,Paid Social
23259,2023-10-09,CA,Organic Search
1461,2023-10-09,GA,Paid Social
23958,2023-10-09,GA,Organic Search
2554,2023-10-10,FL,Affiliate
25778,2023-10-10,TX,Paid Social
7669,2023-10-10,FL,Referral
4926,2023-10-10,GA,Organic Search
17483,2023-10-10,,Email
7069,2023-10-10,IL,Organic Search
25681,2023-10-10,IL,Paid Social
9506,2023-10-10,,Paid Social
8758,2023-10-10,WA,Paid Social
1911,2023-10-10,,Paid Social
17130,2023-10-10,GA,Email
20456,2023-10-10,,Paid Social
11582,2023-10-10,GA,Organic Search
14411,2023-10-10,CA,Paid Social
18127,2023-10-10,GA,Paid Social
7917,2023-10-10,NY,Paid Social
4247,2023-10-10,,Organic Search
17229,2023-10-10,WA,Paid Social
3445,2023-10-10,,Affiliate
24419,2023-10-10,NY,Affiliate
20508,2023-10-10,TX,Organic Search
29606,2023-10-10,,Referral
18557,2023-10-11,GA,Organic Search
6318,2023-10-11,CA,Paid Social
18480,2023-10-11,CA,Paid Social
8303,2023-10-11,FL,Email
12854,2023-10-11,TX,Paid Social
10542,2023-10-11,TX,Paid Social
27145,2023-10-11,NY,Paid Social
17610,2023-10-11,IL,Paid Social
10283,2023-10-11,CA,Affiliate
14081,2023-10-11,IL,Organic Search
4218,2023-10-11,,Paid Social
9792,2023-10-11,NY,Paid Social
27143,2023-10-11,FL,Paid Social
3757,2023-10-11,GA,Organic Search
10645,2023-10-11,TX,Organic Search
20457,2023-10-11,,Organic Search
18985,2023-10-11,CA,Paid Social
9247,2023-10-11,,Paid Social
1157,2023-10-11,FL,Organic Search
29080,2023-10-11,CA,Affiliate
18372,2023-10-11,GA,Email
26458,2023-10-11,GA,Paid Social
20934,2023-10-11,NY,Email
9317,2023-10-11,TX,Email
21934,2023-10-11,NY,Paid Social
23956,2023-10-11,IL,Paid Social
25154,2023-10-11,IL,Affiliate
4832,2023-10-11,,Email
18075,2023-10-12,GA,Organic Search
11626,2023-10-12,,Organic Search
16992,2023-10-12,NY,Paid Social
7233,2023-10-12,IL,Organic Search
10124,2023-10-12,,Email
940,2023-10-12,FL,Paid Social
18160,2023-10-12,GA,Email
28974,2023-10-12,FL,Email
25539,2023-10-12,CA,Paid Social
4965,2023-10-12,CA,Paid Social
3925,2023-10-12,FL,Affiliate
24555,2023-10-12,CA,Paid Social
2895,2023-10-12,IL,Organic Search
26580,2023-10-12,TX,Paid Social
2521,2023-10-12,TX,Paid Social
11543,2023-10-12,,Email
24765,2023-10-12,FL,Email
23590,2023-10-12,,Paid Social
22231,2023-10-12,GA,Paid Social
29405,2023-10-12,WA,Paid Social
11560,2023-10-12,,Email
22387,2023-10-12,FL,Paid Social
13197,2023-10-12,FL,Affiliate
24583,2023-10-12,FL,Paid Social
22434,2023-10-12,,Organic Search
6745,2023-10-12,GA,Paid Social
23495,2023-10-12,IL,Affiliate
16786,2023-10-12,TX,Paid Social
20441,2023-10-13,GA,Organic Search
25035,2023-10-13,WA,Email
8707,2023-10-13,NY,Email
5515,2023-10-13,,Organic Search
16242,2023-10-13,FL,Paid Social
27642,2023-10-13,IL,Paid Social
27438,2023-10-13,CA,Email
16143,2023-10-13,WA,Referral
20570,2023-10-13,CA,Paid Social
28328,2023-10-13,CA,Organic Search
3181,2023-10-13,CA,Organic Search
19237,2023-10-13,GA,Paid Social
16957,2023-10-13,,Organic Search
25281,2023-10-13,,Paid Social
14213,2023-10-13,,Organic Search
23104,2023-10-13,FL,Organic Search
19042,2023-10-13,NY,Paid Social
3588,2023-10-13,FL,Email
17192,2023-10-13,GA,Email
3473,2023-10-13,GA,Paid Social
15637,2023-10-13,CA,Paid Social
25504,2023-10-13,NY,Organic Search
751,2023-10-13,,Organic Search
19543,2023-10-13,FL,Organic Search
5058,2023-10-13,GA,Organic Search
29440,2023-10-13,TX,Paid Social
13110,2023-10-13,GA,Organic Search
2553,2023-10-13,GA,Email
25784,2023-10-13,NY,Affiliate
8638,2023-10-14,CA,Paid Social
17435,2023-10-14,FL,Organic Search
22693,2023-10-14,CA,Email
12524,2023-10-14,CA,Paid Social
19218,2023-10-14,GA,Paid Social
9778,2023-10-14,,Affiliate
10363,2023-10-14,,Affiliate
24478,2023-10-14,,Email
8676,2023-10-14,TX,Paid Social
10701,2023-10-14,FL,Organic Search
13867,2023-10-14,IL,Email
8916,2023-10-14,,Paid Social
9054,2023-10-14,,Paid Social
11439,2023-10-14,TX,Referral
16227,2023-10-14,WA,Organic Search
3532,2023-10-14,NY,Email
9432,2023-10-14,GA,Organic Search
20170,2023-10-14,GA,Email
6376,2023-10-14,TX,Organic Search
19600,2023-10-14,NY,Paid Social
25953,2023-10-14,TX,Organic Search
29222,2023-10-14,WA,Paid Social
10422,2023-10-14,WA,Paid Social
27322,2023-10-14,NY,Organic Search
99,2023-10-14,,Organic Search
7517,2023-10-14,IL,Organic Search
5756,2023-10-14,GA,Paid Social
2503,2023-10-14,GA,Paid Social
27697,2023-10-14,IL,Affiliate
2797,2023-10-14,GA,Organic Search
6544,2023-10-14,FL,Organic Search
24865,2023-10-14,GA,Organic Search
27226,2023-10-14,GA,Organic Search
8669,2023-10-14,WA,Organic Search
29988,2023-10-15,,Organic Search
17287,2023-10-15,WA,Paid Social
20428,2023-10-15,FL,Organic Search
15196,2023-10-15,FL,Paid Social
23943,2023-10-15,TX,Paid Social
6909,2023-10-15,GA,Referral
4160,2023-10-15,TX,Paid Social
3029,2023-10-15,IL,Paid Social
14433,2023-10-15,CA,Organic Search
7552,2023-10-15,WA,Paid Social
25512,2023-10-15,CA,Paid Social
20091,2023-10-15,IL,Email
14654,2023-10-15,TX,Paid Social
29241,2023-10-15,IL,Paid Social
29036,2023-10-15,NY,Paid Social
19220,2023-10-15,GA,Organic Search
9257,2023-10-15,WA,Organic Search
4569,2023-10-15,TX,Organic Search
9462,2023-10-15,CA,Organic Search
8338,2023-10-15,WA,Paid Social
17456,2023-10-15,CA,Paid Social
8040,2023-10-15,CA,Affiliate
1681,2023-10-15,,Paid Social
13220,2023-10-15,NY,Paid Social
15949,2023-10-15,WA,Paid Social
2327,2023-10-15,TX,Email
14455,2023-10-15,WA,Paid Social
13243,2023-10-15,CA,Organic Search
2583,2023-10-15,FL,Paid Social
16588,2023-10-15,CA,Organic Search
28660,2023-10-15,GA,Paid Social
6201,2023-10-15,NY,Email
4795,2023-10-16,FL,Organic Search
4037,2023-10-16,CA,Affiliate
22917,2023-10-16,GA,Affiliate
460,2023-10-16,GA,Organic Search
18415,2023-10-16,CA,Referral
23609,2023-10-16,CA,Email
21158,2023-10-16,FL,Email
5115,2023-10-16,GA,Organic Search
21344,2023-10-16,WA,Paid Social
4940,2023-10-16,IL,Email
1732,2023-10-16,,Paid Social
25105,2023-10-16,WA,Paid Social
26238,2023-10-16,FL,Referral
6564,2023-10-16,,Paid Social
16340,2023-10-16,CA,Paid Social
11640,2023-10-16,WA,Paid Social
10695,2023-10-16,CA,Referral
8738,2023-10-16,FL,Organic Search
507,2023-10-16,WA,Affiliate
5132,2023-10-16,GA,Paid Social
28479,2023-10-16,FL,Paid Social
5982,2023-10-16,CA,Organic Search
7728,2023-10-16,NY,Paid Social
1244,2023-10-16,TX,Email
26576,2023-10-16,IL,Organic Search
18300,2023-10-16,TX,Email
4628,2023-10-16,IL,Paid Social
11844,2023-10-16,CA,Paid Social
22810,2023-10-16,WA,Email
24244,2023-10-17,CA,Organic Search
21875,2023-10-17,CA,Paid Social
16811,2023-10-17,IL,Paid Social
27948,2023-10-17,CA,Organic Search
7578,2023-10-17,TX,Email
11364,2023-10-17,IL,Paid Social
14205,2023-10-17,IL,Email
23367,2023-10-17,WA,Organic Search
5822,2023-10-17,TX,Paid Social
15983,2023-10-17,NY,Referral
21394,2023-10-17,IL,Email
10085,2023-10-17,TX,Organic Search
1366,2023-10-17,NY,Organic Search
11322,2023-10-17,WA,Paid Social
24693,2023-10-17,NY,Organic Search
16746,2023-10-17,TX,Paid Social
1708,2023-10-17,FL,Organic Search
15020,2023-10-17,IL,Paid Social
1060,2023-10-17,TX,Paid Social
8434,2023-10-17,,Referral
12329,2023-10-17,CA,Affiliate
9639,2023-10-17,WA,Paid Social
2175,2023-10-17,TX,Organic Search
21957,2023-10-18,WA,Affiliate
12130,2023-10-18,CA,Paid Social
13801,2023-10-18,FL,Referral
1641,2023-10-18,GA,Paid Social
12074,2023-10-18,IL,Affiliate
20240,2023-10-18,WA,Organic Search
2952,2023-10-18,CA,Paid Social
16374,2023-10-18,GA,Paid Social
25159,2023-10-18,NY,Affiliate
20101,2023-10-18,CA,Affiliate
14023,2023-10-18,NY,Paid Social
27037,2023-10-18,IL,Paid Social
4075,2023-10-18,TX,Paid Social
24878,2023-10-18,WA,Organic Search
14291,2023-10-18,IL,Email
25770,2023-10-18,CA,Paid Social
21146,2023-10-18,NY,Paid Social
8331,2023-10-18,GA,Email
12434,2023-10-18,WA,Paid Social
12072,2023-10-18,WA,Paid Social
27696,2023-10-18,NY,Organic Search
28370,2023-10-18,GA,Paid Social
3908,2023-10-18,IL,Paid Social
2644,2023-10-18,TX,Paid Social
14632,2023-10-18,WA,Email
668,2023-10-19,GA,Organic Search
9974,2023-10-19,NY,Organic Search
6173,2023-10-19,,Organic Search
20910,2023-10-19,CA,Organic Search
27183,2023-10-19,GA,Organic Search
16022,2023-10-19,GA,Paid Social
27384,2023-10-19,WA,Organic Search
3484,2023-10-19,GA,Affiliate
10468,2023-10-19,,Paid Social
17385,2023-10-19,CA,Paid Social
20510,2023-10-19,TX,Organic Search
7008,2023-10-19,CA,Organic Search
17954,2023-10-19,TX,Paid Social
10754,2023-10-19,IL,Paid Social
7311,2023-10-19,TX,Affiliate
2289,2023-10-19,IL,Paid Social
993,2023-10-19,GA,Organic Search
28796,2023-10-19,TX,Organic Search
3166,2023-10-19,CA,Paid Social
25088,2023-10-19,NY,Paid Social
18057,2023-10-19,FL,Referral
28655,2023-10-19,CA,Affiliate
25407,2023-10-20,NY,Organic Search
26684,2023-10-20,,Paid Social
6784,2023-10-20,TX,Paid Social
25546,2023-10-20,FL,Organic Search
23824,2023-10-20,NY,Email
14448,2023-10-20,FL,Paid Social
7598,2023-10-20,IL,Organic Search
6757,2023-10-20,GA,Email
24552,2023-10-20,IL,Email
2944,2023-10-20,WA,Email
12495,2023-10-20,FL,Organic Search
13257,2023-10-20,,Organic Search
10473,2023-10-20,CA,Email
5213,2023-10-20,GA,Paid Social
8289,2023-10-20,TX,Organic Search
10710,2023-10-20,GA,Organic Search
22187,2023-10-20,,Paid Social
18205,2023-10-20,IL,Organic Search
14994,2023-10-20,GA,Paid Social
1885,2023-10-20,,Organic Search
12008,2023-10-20,TX,Referral
19409,2023-10-20,CA,Paid Social
21411,2023-10-20,IL,Affiliate
625,2023-10-20,FL,Paid Social
29551,2023-10-20,NY,Organic Search
8867,2023-10-20,CA,Paid Social
20293,2023-10-20,FL,Paid Social
15077,2023-10-20,IL,Organic Search
15083,2023-10-20,GA,Paid Social
26955,2023-10-20,WA,Organic Search
20813,2023-10-20,TX,Organic Search
25040,2023-10-20,FL,Email
5501,2023-10-20,FL,Paid Social
29928,2023-10-20,NY,Affiliate
20159,2023-10-20,WA,Organic Search
6419,2023-10-20,FL,Email
22075,2023-10-20,FL,Referral
25634,2023-10-20,TX,Paid Social
2879,2023-10-20,,Paid Social
27543,2023-10-20,GA,Paid Social
1499,2023-10-20,NY,Paid Social
6447,2023-10-20,,Affiliate
363,2023-10-20,IL,Paid Social
10105,2023-10-20,FL,Email
19103,2023-10-20,WA,Paid Social
10228,2023-10-20,GA,Email
11960,2023-10-21,IL,Affiliate
24540,2023-10-21,WA,Email
9309,2023-10-21,WA,Organic Search
24845,2023-10-21,WA,Organic Search
17369,2023-10-21,FL,Paid Social
3244,2023-10-21,TX,Paid Social
3837,2023-10-21,CA,Affiliate
15716,2023-10-21,,Referral
27201,2023-10-21,NY,Paid Social
22117,2023-10-21,GA,Referral
28386,2023-10-21,IL,Organic Search
9287,2023-10-21,CA,Paid Social
21274,2023-10-21,IL,Paid Social
25892,2023-10-21,,Organic Search
14766,2023-10-21,GA,Paid Social
7946,2023-10-21,CA,Organic Search
13909,2023-10-21,TX,Referral
14747,2023-10-21,CA,Paid Social
6729,2023-10-21,CA,Affiliate
19316,2023-10-21,NY,Affiliate
14399,2023-10-21,FL,Email
29182,2023-10-21,WA,Referral
11798,2023-10-21,TX,Paid Social
14292,2023-10-21,CA,Organic Search
17286,2023-10-21,NY,Paid Social
13971,2023-10-21,,Organic Search
16422,2023-10-21,IL,Organic Search
11302,2023-10-22,FL,Organic Search
1344,2023-10-22,GA,Email
29232,2023-10-22,GA,Paid Social
508,2023-10-22,IL,Email
23678,2023-10-22,NY,Paid Social
4580,2023-10-22,FL,Paid Social
5740,2023-10-22,WA,Paid Social
12275,2023-10-22,GA,Paid Social
18184,2023-10-22,NY,Organic Search
10678,2023-10-22,NY,Paid Social
2062,2023-10-22,FL,Paid Social
14117,2023-10-22,,Paid Social
17091,2023-10-22,GA,Organic Search
6456,2023-10-22,IL,Organic Search
20707,2023-10-22,IL,Email
10214,2023-10-22,NY,Paid Social
25081,2023-10-22,GA,Affiliate
25659,2023-10-22,TX,Organic Search
19657,2023-10-22,WA,Paid Social
23174,2023-10-22,WA,Email
20800,2023-10-22,,Paid Social
9890,2023-10-22,IL,Organic Search
16080,2023-10-22,,Organic Search
21114,2023-10-22,IL,Organic Search
19616,2023-10-22,WA,Organic Search
2264,2023-10-22,CA,Paid Social
10538,2023-10-22,CA,Organic Search
25515,2023-10-22,,Organic Search
23909,2023-10-23,FL,Paid Social
21089,2023-10-23,IL,Paid Social
20598,2023-10-23,GA,Paid Social
5309,2023-10-23,IL,Referral
11898,2023-10-23,NY,Referral
11996,2023-10-23,WA,Organic Search
18679,2023-10-23,CA,Paid Social
23114,2023-10-23,WA,Referral
11658,2023-10-23,TX,Affiliate
6654,2023-10-23,NY,Organic Search
7316,2023-10-23,CA,Affiliate
8035,2023-10-23,IL,Email
14662,2023-10-23,FL,Email
6715,2023-10-23,GA,Referral
236,2023-10-23,FL,Email
18836,2023-10-23,GA,Affiliate
9714,2023-10-23,,Organic Search
19413,2023-10-23,GA,Paid Social
14734,2023-10-23,FL,Paid Social
10537,2023-10-23,GA,Paid Social
29207,2023-10-23,TX,Organic Search
22099,2023-10-23,TX,Email
21947,2023-10-23,IL,Affiliate
10149,2023-10-23,NY,Referral
25236,2023-10-23,TX,Paid Social
13780,2023-10-23,WA,Paid Social
28346,2023-10-24,TX,Paid Social
12411,2023-10-24,NY,Paid Social
23394,2023-10-24,CA,Email
267,2023-10-24,GA,Paid Social
667,2023-10-24,GA,Organic Search
5481,2023-10-24,IL,Email
15944,2023-10-24,IL,Organic Search
22609,2023-10-24,WA,Paid Social
15984,2023-10-24,CA,Paid Social
2328,2023-10-24,FL,Organic Search
28496,2023-10-24,TX,Email
4249,2023-10-24,CA,Paid Social
5225,2023-10-24,CA,Paid Social
16056,2023-10-24,GA,Email
23045,2023-10-24,FL,Paid Social
12059,2023-10-24,,Organic Search
5703,2023-10-24,,Paid Social
19779,2023-10-24,GA,Paid Social
27984,2023-10-24,WA,Paid Social
19850,2023-10-24,TX,Paid Social
9645,2023-10-24,GA,Paid Social
12944,2023-10-25,GA,Email
20145,2023-10-25,FL,Paid Social
5858,2023-10-25,,Organic Search
15513,2023-10-25,CA,Referral
7938,2023-10-25,TX,Paid Social
9793,2023-10-25,GA,Organic Search
20058,2023-10-25,FL,Organic Search
10450,2023-10-25,CA,Affiliate
23581,2023-10-25,TX,Organic Search
20226,2023-10-25,CA,Paid Social
4369,2023-10-25,,Organic Search
14597,2023-10-25,NY,Affiliate
19582,2023-10-25,TX,Paid Social
16144,2023-10-25,WA,Affiliate
7895,2023-10-25,FL,Paid Social
20977,2023-10-25,WA,Organic Search
1832,2023-10-25,TX,Paid Social
17568,2023-10-25,NY,Referral
25123,2023-10-25,CA,Affiliate
24263,2023-10-25,FL,Paid Social
25385,2023-10-25,GA,Paid Social
24904,2023-10-25,GA,Organic Search
27393,2023-10-25,WA,Email
8750,2023-10-25,WA,Organic Search
16818,2023-10-25,,Organic Search
16508,2023-10-25,GA,Paid Social
13569,2023-10-25,,Affiliate
13549,2023-10-25,TX,Referral
27663,2023-10-26,FL,Paid Social
15704,2023-10-26,GA,Organic Search
2349,2023-10-26,TX,Paid Social
21304,2023-10-26,FL,Email
15225,2023-10-26,NY,Organic Search
21571,2023-10-26,,Organic Search
24197,2023-10-26,,Paid Social
5075,2023-10-26,CA,Affiliate
29602,2023-10-26,WA,Organic Search
3499,2023-10-26,,Organic Search
2306,2023-10-26,TX,Paid Social
26482,2023-10-26,CA,Paid Social
18319,2023-10-26,NY,Paid Social
7279,2023-10-26,CA,Email
18472,2023-10-26,TX,Email
11098,2023-10-26,FL,Email
5125,2023-10-26,GA,Affiliate
6465,2023-10-26,TX,Email
7682,2023-10-26,WA,Paid Social
8136,2023-10-26,GA,Organic Search
7923,2023-10-26,FL,Organic Search
9820,2023-10-26,,Paid Social
17512,2023-10-27,NY,Paid Social
22295,2023-10-27,IL,Organic Search
14075,2023-10-27,CA,Organic Search
15606,2023-10-27,WA,Organic Search
13953,2023-10-27,IL,Affiliate
1326,2023-10-27,NY,Paid Social
1108,2023-10-27,WA,Email
19817,2023-10-27,NY,Email
21391,2023-10-27,WA,Email
12589,2023-10-27,IL,Affiliate
16261,2023-10-27,WA,Paid Social
26,2023-10-27,FL,Email
15195,2023-10-27,NY,Organic Search
5355,2023-10-27,GA,Paid Social
18799,2023-10-27,CA,Referral
7125,2023-10-27,WA,Paid Social
10408,2023-10-27,CA,Paid Social
4203,2023-10-27,TX,Organic Search
11123,2023-10-27,FL,Paid Social
27848,2023-10-27,,Organic Search
26534,2023-10-27,GA,Email
15402,2023-10-27,TX,Organic Search
8709,2023-10-27,TX,Organic Search
8671,2023-10-27,,Affiliate
11067,2023-10-28,GA,Organic Search
17757,2023-10-28,GA,Email
5869,2023-10-28,CA,Email
2741,2023-10-28,IL,Paid Social
17509,2023-10-28,NY,Organic Search
9182,2023-10-28,FL,Paid Social
10974,2023-10-28,TX,Paid Social
5260,2023-10-28,,Referral
15262,2023-10-28,TX,Email
2227,2023-10-28,WA,Paid Social
16048,2023-10-28,,Organic Search
15544,2023-10-28,GA,Email
17622,2023-10-28,WA,Paid Social
2212,2023-10-28,NY,Email
620,2023-10-28,FL,Email
1662,2023-10-28,FL,Paid Social
17401,2023-10-28,IL,Email
2927,2023-10-28,,Email
3156,2023-10-28,FL,Paid Social
11449,2023-10-28,CA,Organic Search
24542,2023-10-28,NY,Email
29523,2023-10-28,TX,Referral
4097,2023-10-29,WA,Organic Search
8934,2023-10-29,,Paid Social
12544,2023-10-29,NY,Organic Search
9888,2023-10-29,,Email
28953,2023-10-29,FL,Paid Social
16796,2023-10-29,NY,Organic Search
1971,2023-10-29,TX,Organic Search
12373,2023-10-29,FL,Paid Social
2951,2023-10-29,TX,Email
14299,2023-10-29,FL,Paid Social
21269,2023-10-29,,Affiliate
26120,2023-10-29,IL,Organic Search
10848,2023-10-29,CA,Referral
21734,2023-10-29,IL,Affiliate
13017,2023-10-29,TX,Email
22551,2023-10-29,TX,Paid Social
7930,2023-10-29,IL,Organic Search
15979,2023-10-29,GA,Organic Search
1073,2023-10-29,NY,Organic Search
12503,2023-10-29,TX,Organic Search
26041,2023-10-29,GA,Paid Social
18118,2023-10-29,TX,Affiliate
3486,2023-10-29,NY,Paid Social
4053,2023-10-30,NY,Email
17539,2023-10-30,FL,Affiliate
28117,2023-10-30,NY,Organic Search
23478,2023-10-30,NY,Organic Search
17174,2023-10-30,,Organic Search
18964,2023-10-30,WA,Organic Search
17745,2023-10-30,FL,Paid Social
14567,2023-10-30,CA,Affiliate
21992,2023-10-30,FL,Paid Social
137,2023-10-30,CA,Paid Social
17360,2023-10-30,CA,Paid Social
22174,2023-10-30,FL,Organic Search
15852,2023-10-30,,Paid Social
25032,2023-10-30,TX,Paid Social
29874,2023-10-31,CA,Paid Social
28611,2023-10-31,IL,Paid Social
27427,2023-10-31,NY,Paid Social
3930,2023-10-31,,Organic Search
14968,2023-10-31,TX,Paid Social
5639,2023-10-31,NY,Organic Search
3067,2023-10-31,FL,Organic Search
28572,2023-10-31,,Email
28836,2023-10-31,NY,Organic Search
28578,2023-10-31,CA,Email
12803,2023-10-31,TX,Paid Social
25550,2023-10-31,GA,Paid Social
8297,2023-10-31,GA,Paid Social
520,2023-10-31,WA,Organic Search
3164,2023-10-31,FL,Paid Social
14422,2023-10-31,GA,Paid Social
5366,2023-10-31,WA,Affiliate
10206,2023-10-31,FL,Organic Search
27872,2023-10-31,TX,Paid Social
18647,2023-10-31,FL,Organic Search
19567,2023-10-31,GA,Paid Social
13646,2023-10-31,,Paid Social
5650,2023-11-01,WA,Paid Social
23218,2023-11-01,CA,Paid Social
19215,2023-11-01,,Paid Social
18551,2023-11-01,GA,Referral
21409,2023-11-01,IL,Affiliate
14502,2023-11-01,IL,Affiliate
27519,2023-11-01,CA,Organic Search
21278,2023-11-01,TX,Paid Social
11193,2023-11-01,CA,Organic Search
29689,2023-11-01,GA,Paid Social
26615,2023-11-01,CA,Organic Search
19401,2023-11-01,CA,Email
20886,2023-11-01,CA,Organic Search
22984,2023-11-01,FL,Organic Search
223,2023-11-01,WA,Organic Search
23798,2023-11-01,CA,Paid Social
18237,2023-11-01,TX,Organic Search
28954,2023-11-01,TX,Email
20553,2023-11-01,FL,Organic Search
10731,2023-11-01,NY,Paid Social
4190,2023-11-01,CA,Email
7527,2023-11-01,GA,Paid Social
21901,2023-11-01,TX,Paid Social
19533,2023-11-01,,Paid Social
20746,2023-11-01,NY,Affiliate
7269,2023-11-01,IL,Paid Social
3370,2023-11-01,WA,Paid Social
19551,2023-11-01,IL,Paid Social
15321,2023-11-02,,Email
7939,2023-11-02,NY,Paid Social
16401,2023-11-02,NY,Paid Social
18256,2023-11-02,CA,Organic Search
28916,2023-11-02,GA,Paid Social
22239,2023-11-02,CA,Email
28462,2023-11-02,TX,Paid Social
19327,2023-11-02,IL,Organic Search
17661,2023-11-02,NY,Paid Social
7297,2023-11-02,GA,Organic Search
24890,2023-11-02,IL,Paid Social
25260,2023-11-02,FL,Paid Social
17166,2023-11-02,NY,Affiliate
29542,2023-11-02,NY,Paid Social
26654,2023-11-02,IL,Referral
3630,2023-11-02,TX,Paid Social
2933,2023-11-02,,Organic Search
28174,2023-11-02,TX,Affiliate
22576,2023-11-02,WA,Paid Social
11451,2023-11-02,TX,Organic Search
18471,2023-11-02,FL,Paid Social
27842,2023-11-02,IL,Affiliate
6234,2023-11-02,GA,Organic Search
12136,2023-11-03,WA,Paid Social
28552,2023-11-03,WA,Paid Social
16552,2023-11-03,TX,Paid Social
28471,2023-11-03,TX,Paid Social
23899,2023-11-03,IL,Paid Social
20703,2023-11-03,IL,Paid Social
20453,2023-11-03,FL,Paid Social
11181,2023-11-03,IL,Email
8939,2023-11-03,GA,Paid Social
13203,2023-11-03,FL,Paid Social
22771,2023-11-03,TX,Paid Social
200,2023-11-03,IL,Email
2889,2023-11-03,CA,Email
2649,2023-11-03,FL,Paid Social
10362,2023-11-03,IL,Referral
10435,2023-11-03,IL,Affiliate
4903,2023-11-03,GA,Organic Search
29687,2023-11-03,FL,Email
20385,2023-11-03,NY,Paid Social
20281,2023-11-03,GA,Organic Search
28929,2023-11-04,FL,Affiliate
28524,2023-11-04,IL,Organic Search
9998,2023-11-04,CA,Affiliate
29520,2023-11-04,FL,Paid Social
15424,2023-11-04,TX,Email
15746,2023-11-04,FL,Email
15751,2023-11-04,FL,Paid Social
10243,2023-11-04,NY,Paid Social
9582,2023-11-04,IL,Paid Social
19284,2023-11-04,IL,Paid Social
16948,2023-11-04,GA,Affiliate
29962,2023-11-04,FL,Organic Search
2459,2023-11-04,,Paid Social
14702,2023-11-04,GA,Organic Search
22406,2023-11-04,GA,Organic Search
17803,2023-11-04,GA,Organic Search
3312,2023-11-04,,Paid Social
11572,2023-11-04,IL,Paid Social
20881,2023-11-04,TX,Paid Social
10198,2023-11-05,TX,Email
27755,2023-11-05,TX,Organic Search
25329,2023-11-05,CA,Organic Search
8541,2023-11-05,FL,Paid Social
1399,2023-11-05,CA,Paid Social
17377,2023-11-05,IL,Paid Social
26309,2023-11-05,TX,Organic Search
9012,2023-11-05,GA,Paid Social
2124,2023-11-05,GA,Paid Social
12794,2023-11-05,WA,Affiliate
7473,2023-11-05,TX,Referral
3092,2023-11-05,CA,Affiliate
24987,2023-11-05,NY,Email
23179,2023-11-05,CA,Email
342,2023-11-05,WA,Paid Social
801,2023-11-05,WA,Email
29784,2023-11-05,CA,Paid Social
3318,2023-11-05,CA,Organic Search
25216,2023-11-05,IL,Organic Search
6349,2023-11-05,GA,Paid Social
16348,2023-11-05,GA,Organic Search
29164,2023-11-05,,Paid Social
28747,2023-11-05,GA,Paid Social
12356,2023-11-06,NY,Organic Search
9925,2023-11-06,WA,Paid Social
28859,2023-11-06,FL,Paid Social
2550,2023-11-06,FL,Organic Search
22572,2023-11-06,,Affiliate
14259,2023-11-06,WA,Organic Search
1042,2023-11-06,CA,Email
12228,2023-11-06,,Organic Search
26961,2023-11-06,WA,Affiliate
28995,2023-11-06,CA,Email
14228,2023-11-06,IL,Organic Search
1284,2023-11-06,GA,Organic Search
20136,2023-11-06,GA,Organic Search
8363,2023-11-06,,Organic Search
19298,2023-11-06,WA,Paid Social
29077,2023-11-06,,Organic Search
16608,2023-11-06,CA,Affiliate
7896,2023-11-06,NY,Email
10117,2023-11-07,NY,Organic Search
723,2023-11-07,TX,Organic Search
3614,2023-11-07,,Email
24782,2023-11-07,CA,Paid Social
26959,2023-11-07,WA,Paid Social
2186,2023-11-07,TX,Affiliate
2612,2023-11-07,CA,Organic Search
5534,2023-11-07,,Email
20188,2023-11-07,CA,Organic Search
27555,2023-11-07,NY,Email
8890,2023-11-07,NY,Organic Search
28353,2023-11-07,FL,Paid Social
22992,2023-11-07,NY,Paid Social
5674,2023-11-07,CA,Paid Social
7212,2023-11-07,,Organic Search
1989,2023-11-07,GA,Paid Social
29992,2023-11-07,IL,Email
15941,2023-11-07,FL,Paid Social
15950,2023-11-07,CA,Email
17373,2023-11-07,WA,Organic Search
16470,2023-11-07,NY,Organic Search
19335,2023-11-07,NY,Paid Social
25089,2023-11-07,NY,Paid Social
29275,2023-11-07,,Organic Search
24691,2023-11-07,NY,Organic Search
7732,2023-11-07,NY,Organic Search
10418,2023-11-07,WA,Organic Search
930,2023-11-08,WA,Organic Search
25563,2023-11-08,TX,Paid Social
24568,2023-11-08,GA,Affiliate
6965,2023-11-08,,Organic Search
24172,2023-11-08,CA,Paid Social
27359,2023-11-08,WA,Organic Search
25442,2023-11-08,IL,Paid Social
22705,2023-11-08,NY,Email
17175,2023-11-08,FL,Organic Search
16752,2023-11-08,CA,Paid Social
3268,2023-11-08,FL,Paid Social
20261,2023-11-08,WA,Email
17989,2023-11-08,FL,Email
1801,2023-11-08,FL,Affiliate
12345,2023-11-08,WA,Paid Social
27136,2023-11-08,FL,Affiliate
11118,2023-11-08,FL,Paid Social
1064,2023-11-08,,Paid Social
12244,2023-11-08,GA,Affiliate
16907,2023-11-08,IL,Paid Social
26796,2023-11-09,NY,Organic Search
15066,2023-11-09,IL,Paid Social
19146,2023-11-09,IL,Organic Search
15725,2023-11-09,FL,Affiliate
3663,2023-11-09,CA,Organic Search
25671,2023-11-09,IL,Paid Social
12427,2023-11-09,GA,Paid Social
10428,2023-11-09,,Email
25578,2023-11-09,NY,Organic Search
14972,2023-11-09,GA,Paid Social
965,2023-11-09,IL,Organic Search
11856,2023-11-09,CA,Organic Search
25454,2023-11-09,WA,Paid Social
26728,2023-11-09,WA,Email
21252,2023-11-09,,Organic Search
1817,2023-11-09,NY,Organic Search
23419,2023-11-09,WA,Paid Social
5789,2023-11-09,FL,Affiliate
12056,2023-11-09,GA,Paid Social
51,2023-11-09,GA,Affiliate
4154,2023-11-09,CA,Paid Social
20706,2023-11-09,TX,Affiliate
1606,2023-11-10,FL,Paid Social
5931,2023-11-10,IL,Organic Search
2106,2023-11-10,TX,Paid Social
20480,2023-11-10,,Paid Social
27774,2023-11-10,,Email
3537,2023-11-10,GA,Organic Search
10341,2023-11-10,IL,Organic Search
6462,2023-11-10,WA,Paid Social
2020,2023-11-10,IL,Paid Social
5257,2023-11-10,GA,Organic Search
17259,2023-11-10,GA,Email
12905,2023-11-10,FL,Referral
18445,2023-11-10,,Email
13493,2023-11-10,NY,Organic Search
15533,2023-11-10,FL,Affiliate
15840,2023-11-10,,Referral
18355,2023-11-10,CA,Organic Search
28450,2023-11-10,TX,Email
23172,2023-11-10,TX,Organic Search
10245,2023-11-10,CA,Organic Search
16863,2023-11-10,GA,Organic Search
10674,2023-11-10,WA,Organic Search
20023,2023-11-11,WA,Paid Social
19703,2023-11-11,CA,Paid Social
1785,2023-11-11,NY,Paid Social
10019,2023-11-11,WA,Organic Search
19035,2023-11-11,CA,Paid Social
10465,2023-11-11,NY,Organic Search
13884,2023-11-11,WA,Organic Search
16829,2023-11-11,WA,Organic Search
11167,2023-11-11,FL,Organic Search
13343,2023-11-11,FL,Paid Social
17582,2023-11-11,TX,Paid Social
2456,2023-11-11,NY,Organic Search
5484,2023-11-11,GA,Email
17652,2023-11-11,NY,Organic Search
12076,2023-11-11,CA,Referral
50,2023-11-11,GA,Organic Search
29055,2023-11-11,TX,Email
21066,2023-11-12,WA,Paid Social
17514,2023-11-12,FL,Paid Social
19963,2023-11-12,FL,Paid Social
17098,2023-11-12,NY,Organic Search
27425,2023-11-12,NY,Paid Social
6034,2023-11-12,GA,Organic Search
22624,2023-11-12,GA,Organic Search
25300,2023-11-12,WA,Paid Social
26924,2023-11-12,TX,Organic Search
13405,2023-11-12,,Organic Search
25900,2023-11-12,,Organic Search
1969,2023-11-12,,Paid Social
6634,2023-11-12,TX,Paid Social
12509,2023-11-12,IL,Organic Search
12527,2023-11-12,CA,Organic Search
23223,2023-11-12,CA,Organic Search
3300,2023-11-12,IL,Email
10952,2023-11-12,CA,Email
2218,2023-11-12,IL,Organic Search
413,2023-11-12,GA,Affiliate
24976,2023-11-12,CA,Organic Search
12786,2023-11-12,CA,Email
26713,2023-11-12,TX,Paid Social
24141,2023-11-12,IL,Paid Social
16849,2023-11-12,CA,Paid Social
23565,2023-11-12,CA,Paid Social
25003,2023-11-12,FL,Paid Social
12842,2023-11-13,TX,Paid Social
4115,2023-11-13,WA,Paid Social
11273,2023-11-13,GA,Paid Social
7417,2023-11-13,CA,Paid Social
6338,2023-11-13,,Organic Search
27874,2023-11-13,FL,Affiliate
16129,2023-11-13,FL,Affiliate
4444,2023-11-13,FL,Paid Social
28257,2023-11-13,GA,Paid Social
18843,2023-11-13,FL,Referral
11538,2023-11-13,NY,Paid Social
1222,2023-11-13,GA,Organic Search
8101,2023-11-13,NY,Email
3719,2023-11-13,NY,Paid Social
28979,2023-11-13,NY,Paid Social
18025,2023-11-13,,Paid Social
6619,2023-11-13,TX,Paid Social
29555,2023-11-13,TX,Paid Social
6647,2023-11-13,,Referral
21910,2023-11-13,GA,Email
9909,2023-11-13,TX,Organic Search
8864,2023-11-13,FL,Paid Social
1814,2023-11-13,IL,Organic Search
2070,2023-11-13,CA,Paid Social
11957,2023-11-14,FL,Paid Social
25617,2023-11-14,WA,Organic Search
19233,2023-11-14,CA,Paid Social
22059,2023-11-14,FL,Paid Social
9161,2023-11-14,TX,Affiliate
16491,2023-11-14,WA,Organic Search
16885,2023-11-14,GA,Paid Social
7857,2023-11-14,NY,Paid Social
17588,2023-11-14,FL,Paid Social
21366,2023-11-14,NY,Paid Social
17138,2023-11-14,FL,Paid Social
12780,2023-11-14,TX,Paid Social
8592,2023-11-14,FL,Organic Search
16785,2023-11-14,GA,Paid Social
14811,2023-11-14,NY,Organic Search
4417,2023-11-14,IL,Paid Social
23853,2023-11-14,,Paid Social
6981,2023-11-14,WA,Organic Search
569,2023-11-14,FL,Affiliate
11210,2023-11-14,TX,Paid Social
15331,2023-11-14,TX,Organic Search
19813,2023-11-15,NY,Referral
6098,2023-11-15,CA,Referral
25682,2023-11-15,CA,Organic Search
14494,2023-11-15,IL,Organic Search
8710,2023-11-15,WA,Email
7972,2023-11-15,,Paid Social
18892,2023-11-15,,Paid Social
11786,2023-11-15,CA,Referral
5193,2023-11-15,GA,Email
24114,2023-11-15,GA,Affiliate
8237,2023-11-15,TX,Email
9626,2023-11-15,IL,Paid Social
614,2023-11-15,WA,Organic Search
17122,2023-11-15,FL,Paid Social
2276,2023-11-15,CA,Paid Social
10880,2023-11-15,GA,Affiliate
1766,2023-11-15,WA,Paid Social
23983,2023-11-15,,Email
7168,2023-11-15,TX,Paid Social
10877,2023-11-15,IL,Paid Social
19950,2023-11-15,GA,Paid Social
27240,2023-11-16,CA,Organic Search
11463,2023-11-16,IL,Paid Social
19961,2023-11-16,,Paid Social
16121,2023-11-16,,Email
12401,2023-11-16,TX,Email
8195,2023-11-16,WA,Paid Social
1205,2023-11-16,TX,Paid Social
20930,2023-11-16,GA,Organic Search
26729,2023-11-16,CA,Paid Social
25553,2023-11-16,IL,Referral
15417,2023-11-16,IL,Organic Search
13644,2023-11-16,GA,Paid Social
23563,2023-11-16,GA,Paid Social
6305,2023-11-16,WA,Paid Social
18250,2023-11-16,NY,Organic Search
24960,2023-11-16,CA,Email
551,2023-11-16,TX,Paid Social
1334,2023-11-16,NY,Affiliate
11959,2023-11-16,,Paid Social
3726,2023-11-16,,Affiliate
17031,2023-11-17,FL,Paid Social
11700,2023-11-17,FL,Organic Search
10039,2023-11-17,IL,Paid Social
3778,2023-11-17,WA,Paid Social
17194,2023-11-17,CA,Paid Social
20381,2023-11-17,,Paid Social
20830,2023-11-17,CA,Affiliate
1134,2023-11-17,FL,Organic Search
29610,2023-11-17,NY,Email
17454,2023-11-17,NY,Organic Search
16465,2023-11-17,CA,Organic Search
22876,2023-11-17,NY,Paid Social
25296,2023-11-17,TX,Organic Search
28472,2023-11-17,CA,Email
29021,2023-11-17,WA,Email
14767,2023-11-17,CA,Paid Social
4240,2023-11-17,FL,Paid Social
4071,2023-11-17,FL,Paid Social
7756,2023-11-17,NY,Email
13973,2023-11-17,NY,Email
24518,2023-11-17,CA,Affiliate
27418,2023-11-17,,Paid Social
18106,2023-11-17,WA,Paid Social
18565,2023-11-17,WA,Organic Search
3366,2023-11-17,FL,Paid Social
22799,2023-11-17,NY,Email
18265,2023-11-18,WA,Paid Social
18825,2023-11-18,TX,Paid Social
19965,2023-11-18,WA,Organic Search
8581,2023-11-18,GA,Organic Search
4394,2023-11-18,NY,Organic Search
21796,2023-11-18,CA,Paid Social
18508,2023-11-18,NY,Paid Social
9398,2023-11-18,IL,Paid Social
15542,2023-11-18,NY,Organic Search
25854,2023-11-18,CA,Email
22900,2023-11-18,IL,Paid Social
24340,2023-11-18,TX,Paid Social
20451,2023-11-18,,Referral
21299,2023-11-18,NY,Paid Social
15681,2023-11-18,CA,Email
22521,2023-11-18,WA,Paid Social
10148,2023-11-18,IL,Paid Social
3880,2023-11-18,GA,Organic Search
9352,2023-11-18,FL,Paid Social
9214,2023-11-18,GA,Paid Social
90,2023-11-18,FL,Paid Social
18524,2023-11-18,CA,Affiliate
11586,2023-11-18,FL,Paid Social
13011,2023-11-18,WA,Paid Social
11150,2023-11-18,,Referral
6190,2023-11-18,GA,Organic Search
22153,2023-11-18,,Affiliate
7908,2023-11-18,CA,Email
8436,2023-11-19,GA,Organic Search
9652,2023-11-19,NY,Organic Search
28056,2023-11-19,GA,Paid Social
24646,2023-11-19,IL,Email
91,2023-11-19,FL,Organic Search
19849,2023-11-19,,Organic Search
19778,2023-11-19,CA,Paid Social
2731,2023-11-19,,Email
8023,2023-11-19,,Email
14089,2023-11-19,WA,Organic Search
28237,2023-11-19,WA,Affiliate
10398,2023-11-19,NY,Paid Social
9856,2023-11-19,GA,Paid Social
9086,2023-11-19,GA,Organic Search
4626,2023-11-19,,Paid Social
14898,2023-11-19,TX,Organic Search
2011,2023-11-19,FL,Organic Search
8860,2023-11-19,,Paid Social
2991,2023-11-19,FL,Organic Search
17467,2023-11-19,,Paid Social
9505,2023-11-19,WA,Paid Social
5483,2023-11-19,WA,Paid Social
22943,2023-11-19,GA,Paid Social
12887,2023-11-19,GA,Paid Social
9102,2023-11-19,GA,Email
6047,2023-11-19,CA,Organic Search
7711,2023-11-19,FL,Organic Search
1298,2023-11-19,TX,Organic Search
5567,2023-11-19,CA,Paid Social
1963,2023-11-19,NY,Email
9207,2023-11-19,WA,Paid Social
1965,2023-11-20,TX,Paid Social
22881,2023-11-20,IL,Paid Social
13756,2023-11-20,IL,Paid Social
25215,2023-11-20,CA,Organic Search
8857,2023-11-20,CA,Organic Search
20197,2023-11-20,GA,Paid Social
2205,2023-11-20,NY,Email
22989,2023-11-20,GA,Paid Social
19371,2023-11-20,GA,Organic Search
676,2023-11-20,GA,Affiliate
18233,2023-11-20,FL,Email
27876,2023-11-20,NY,Paid Social
5363,2023-11-20,GA,Paid Social
14083,2023-11-20,NY,Affiliate
19029,2023-11-20,TX,Organic Search
8423,2023-11-20,TX,Organic Search
12,2023-11-20,IL,Affiliate
12341,2023-11-21,WA,Paid Social
7684,2023-11-21,IL,Paid Social
1704,2023-11-21,FL,Paid Social
353,2023-11-21,IL,Paid Social
1857,2023-11-21,TX,Email
6418,2023-11-21,IL,Affiliate
24110,2023-11-21,WA,Paid Social
13236,2023-11-21,FL,Affiliate
15738,2023-11-21,,Email
20146,2023-11-21,TX,Paid Social
7210,2023-11-21,CA,Email
2130,2023-11-21,IL,Paid Social
19388,2023-11-21,TX,Paid Social
22284,2023-11-21,WA,Paid Social
8872,2023-11-21,IL,Organic Search
3900,2023-11-21,GA,Email
20065,2023-11-21,TX,Affiliate
17455,2023-11-21,IL,Paid Social
22762,2023-11-21,FL,Affiliate
25048,2023-11-21,CA,Paid Social
23905,2023-11-22,TX,Paid Social
14522,2023-11-22,TX,Affiliate
12476,2023-11-22,FL,Paid Social
18403,2023-11-22,,Affiliate
23531,2023-11-22,,Organic Search
4507,2023-11-22,FL,Email
23793,2023-11-22,NY,Paid Social
22928,2023-11-22,NY,Paid Social
2125,2023-11-22,FL,Affiliate
25997,2023-11-22,WA,Affiliate
6135,2023-11-22,IL,Organic Search
20483,2023-11-22,,Referral
17709,2023-11-22,,Referral
20603,2023-11-22,NY,Affiliate
14582,2023-11-22,TX,Organic Search
8877,2023-11-22,,Organic Search
22813,2023-11-22,TX,Organic Search
24207,2023-11-22,IL,Organic Search
8797,2023-11-22,WA,Organic Search
20219,2023-11-22,,Email
11247,2023-11-23,TX,Paid Social
5,2023-11-23,GA,Organic Search
2170,2023-11-23,TX,Paid Social
12265,2023-11-23,IL,Email
11849,2023-11-23,WA,Paid Social
6653,2023-11-23,NY,Paid Social
27711,2023-11-23,WA,Paid Social
25121,2023-11-23,,Paid Social
19379,2023-11-23,WA,Organic Search
23672,2023-11-23,GA,Email
18578,2023-11-23,TX,Paid Social
19697,2023-11-23,CA,Paid Social
8781,2023-11-23,CA,Organic Search
11970,2023-11-23,IL,Email
21528,2023-11-23,IL,Referral
3454,2023-11-23,CA,Paid Social
26462,2023-11-23,,Organic Search
3406,2023-11-23,NY,Email
11661,2023-11-23,FL,Referral
27521,2023-11-23,,Paid Social
24137,2023-11-23,CA,Paid Social
19014,2023-11-23,WA,Organic Search
18921,2023-11-23,GA,Paid Social
23816,2023-11-23,,Affiliate
29472,2023-11-23,,Email
8930,2023-11-23,IL,Affiliate
23492,2023-11-23,NY,Email
16520,2023-11-24,FL,Organic Search
28919,2023-11-24,CA,Organic Search
5222,2023-11-24,GA,Paid Social
25948,2023-11-24,CA,Affiliate
21312,2023-11-24,GA,Referral
15694,2023-11-24,NY,Organic Search
19341,2023-11-24,FL,Email
9795,2023-11-24,WA,Paid Social
3077,2023-11-24,NY,Affiliate
22433,2023-11-24,,Organic Search
22016,2023-11-24,WA,Paid Social
2387,2023-11-24,,Paid Social
25129,2023-11-24,WA,Organic Search
27429,2023-11-24,GA,Email
6805,2023-11-24,NY,Paid Social
7914,2023-11-24,FL,Organic Search
14859,2023-11-24,GA,Paid Social
12615,2023-11-24,WA,Affiliate
18277,2023-11-24,NY,Organic Search
16723,2023-11-24,GA,Paid Social
16662,2023-11-25,TX,Organic Search
17563,2023-11-25,WA,Paid Social
11617,2023-11-25,GA,Paid Social
17088,2023-11-25,CA,Organic Search
29465,2023-11-25,GA,Organic Search
19142,2023-11-25,IL,Email
5719,2023-11-25,NY,Organic Search
28124,2023-11-25,GA,Organic Search
11060,2023-11-25,FL,Email
696,2023-11-25,CA,Paid Social
2962,2023-11-25,TX,Paid Social
1523,2023-11-25,,Paid Social
20007,2023-11-25,CA,Affiliate
4598,2023-11-25,WA,Organic Search
8563,2023-11-25,,Paid Social
21132,2023-11-25,TX,Organic Search
3165,2023-11-25,TX,Organic Search
11308,2023-11-26,FL,Organic Search
16969,2023-11-26,,Email
25586,2023-11-26,NY,Affiliate
1273,2023-11-26,TX,Email
13749,2023-11-26,WA,Email
25817,2023-11-26,NY,Email
23160,2023-11-26,,Organic Search
14589,2023-11-26,TX,Paid Social
894,2023-11-26,TX,Paid Social
10535,2023-11-26,WA,Paid Social
15090,2023-11-26,GA,Paid Social
11006,2023-11-26,WA,Affiliate
20153,2023-11-26,IL,Organic Search
4796,2023-11-26,CA,Paid Social
15975,2023-11-26,IL,Email
3487,2023-11-26,WA,Paid Social
11416,2023-11-26,FL,Paid Social
26145,2023-11-26,FL,Organic Search
17984,2023-11-26,CA,Organic Search
12499,2023-11-26,IL,Email
7044,2023-11-26,CA,Organic Search
1541,2023-11-26,CA,Email
24517,2023-11-26,FL,Paid Social
20804,2023-11-27,FL,Organic Search
15138,2023-11-27,,Organic Search
16005,2023-11-27,WA,Affiliate
10425,2023-11-27,CA,Email
22666,2023-11-27,TX,Organic Search
321,2023-11-27,IL,Paid Social
1613,2023-11-27,WA,Paid Social
22735,2023-11-27,TX,Email
9174,2023-11-27,,Organic Search
9794,2023-11-27,FL,Organic Search
11787,2023-11-27,NY,Referral
27386,2023-11-27,TX,Organic Search
29557,2023-11-27,,Email
4045,2023-11-27,WA,Paid Social
12462,2023-11-27,TX,Email
27604,2023-11-27,,Paid Social
23442,2023-11-27,TX,Email
7054,2023-11-27,IL,Paid Social
8819,2023-11-27,CA,Paid Social
26308,2023-11-27,FL,Affiliate
19025,2023-11-27,CA,Paid Social
8406,2023-11-27,CA,Organic Search
23689,2023-11-28,WA,Organic Search
15365,2023-11-28,,Email
13541,2023-11-28,,Paid Social
4566,2023-11-28,TX,Referral
18971,2023-11-28,FL,Paid Social
3583,2023-11-28,WA,Paid Social
24062,2023-11-28,TX,Email
650,2023-11-28,,Paid Social
6067,2023-11-28,CA,Paid Social
7871,2023-11-28,TX,Email
27406,2023-11-28,GA,Affiliate
18017,2023-11-28,FL,Paid Social
9845,2023-11-28,,Organic Search
16507,2023-11-28,FL,Paid Social
17579,2023-11-28,,Organic Search
14842,2023-11-28,CA,Paid Social
27281,2023-11-28,CA,Email
4074,2023-11-28,FL,Paid Social
5380,2023-11-28,NY,Organic Search
17478,2023-11-28,TX,Referral
24697,2023-11-28,WA,Paid Social
28743,2023-11-28,IL,Paid Social
25075,2023-11-28,WA,Email
14363,2023-11-28,FL,Paid Social
7128,2023-11-28,FL,Organic Search
19463,2023-11-28,TX,Email
3057,2023-11-28,FL,Paid Social
959,2023-11-29,WA,Organic Search
7737,2023-11-29,IL,Affiliate
3229,2023-11-29,,Organic Search
21498,2023-11-29,GA,Affiliate
5727,2023-11-29,WA,Organic Search
28465,2023-11-29,IL,Referral
6058,2023-11-29,GA,Paid Social
4551,2023-11-29,GA,Affiliate
16234,2023-11-29,CA,Organic Search
14665,2023-11-29,NY,Organic Search
14234,2023-11-29,,Referral
14805,2023-11-29,TX,Organic Search
12141,2023-11-29,NY,Paid Social
22849,2023-11-29,IL,Paid Social
20621,2023-11-29,,Paid Social
13420,2023-11-29,FL,Email
9478,2023-11-29,GA,Referral
18339,2023-11-29,,Paid Social
7717,2023-11-29,GA,Organic Search
9321,2023-11-29,WA,Organic Search
3099,2023-11-29,IL,Organic Search
17729,2023-11-29,TX,Paid Social
5877,2023-11-29,FL,Referral
387,2023-11-30,,Organic Search
22547,2023-11-30,NY,Affiliate
5332,2023-11-30,WA,Paid Social
25672,2023-11-30,,Organic Search
28614,2023-11-30,FL,Referral
26766,2023-11-30,FL,Organic Search
27689,2023-11-30,WA,Organic Search
28460,2023-11-30,TX,Paid Social
7685,2023-11-30,FL,Organic Search
15467,2023-11-30,CA,Referral
20656,2023-11-30,GA,Email
16027,2023-11-30,IL,Email
3579,2023-11-30,GA,Email
11288,2023-11-30,CA,Paid Social
1861,2023-11-30,CA,Email
16244,2023-11-30,TX,Organic Search
1255,2023-11-30,FL,Paid Social
29103,2023-11-30,,Referral
1100,2023-11-30,CA,Paid Social
2592,2023-11-30,CA,Email
3675,2023-11-30,CA,Paid Social
9603,2023-11-30,NY,Organic Search
7162,2023-11-30,,Paid Social
23889,2023-11-30,TX,Paid Social
23841,2023-12-01,TX,Affiliate
5427,2023-12-01,NY,Affiliate
26976,2023-12-01,CA,Email
10616,2023-12-01,WA,Paid Social
6286,2023-12-01,CA,Paid Social
7461,2023-12-01,FL,Paid Social
5925,2023-12-01,TX,Organic Search
26253,2023-12-01,NY,Affiliate
22190,2023-12-01,IL,Paid Social
13230,2023-12-01,TX,Organic Search
9249,2023-12-01,FL,Organic Search
7870,2023-12-01,NY,Organic Search
21437,2023-12-01,NY,Paid Social
8066,2023-12-01,FL,Organic Search
20418,2023-12-01,CA,Affiliate
26702,2023-12-01,CA,Organic Search
16902,2023-12-01,GA,Organic Search
14640,2023-12-01,TX,Paid Social
23540,2023-12-01,IL,Paid Social
25963,2023-12-01,,Paid Social
1262,2023-12-01,TX,Email
16728,2023-12-02,,Organic Search
11956,2023-12-02,,Email
3410,2023-12-02,GA,Organic Search
18348,2023-12-02,,Email
726,2023-12-02,NY,Email
16452,2023-12-02,WA,Organic Search
11160,2023-12-02,CA,Paid Social
14739,2023-12-02,CA,Referral
9405,2023-12-02,CA,Organic Search
26005,2023-12-02,GA,Paid Social
26967,2023-12-02,GA,Affiliate
2571,2023-12-02,NY,Paid Social
134,2023-12-02,NY,Paid Social
27272,2023-12-02,GA,Paid Social
9552,2023-12-02,FL,Affiliate
24303,2023-12-02,WA,Referral
29759,2023-12-02,NY,Organic Search
27630,2023-12-02,NY,Organic Search
17326,2023-12-03,TX,Email
6382,2023-12-03,GA,Paid Social
17106,2023-12-03,WA,Email
24083,2023-12-03,GA,Organic Search
29378,2023-12-03,GA,Paid Social
20249,2023-12-03,IL,Email
2558,2023-12-03,IL,Organic Search
16828,2023-12-03,NY,Organic Search
15078,2023-12-03,FL,Paid Social
29287,2023-12-03,,Email
11206,2023-12-03,IL,Affiliate
20280,2023-12-03,WA,Organic Search
6191,2023-12-03,WA,Paid Social
26051,2023-12-03,WA,Organic Search
11376,2023-12-03,WA,Paid Social
2846,2023-12-04,,Paid Social
20646,2023-12-04,IL,Email
59,2023-12-04,,Organic Search
10131,2023-12-04,GA,Affiliate
5143,2023-12-04,NY,Paid Social
11069,2023-12-04,,Paid Social
21740,2023-12-04,IL,Organic Search
8680,2023-12-04,,Organic Search
23571,2023-12-04,NY,Organic Search
9029,2023-12-04,GA,Affiliate
28808,2023-12-04,TX,Referral
27340,2023-12-04,GA,Email
19689,2023-12-04,IL,Email
14416,2023-12-04,,Paid Social
21573,2023-12-04,,Paid Social
8752,2023-12-05,IL,Organic Search
8374,2023-12-05,TX,Email
10774,2023-12-05,IL,Organic Search
16377,2023-12-05,IL,Organic Search
202,2023-12-05,GA,Organic Search
12058,2023-12-05,,Paid Social
3106,2023-12-05,TX,Paid Social
2666,2023-12-05,FL,Organic Search
15543,2023-12-05,TX,Organic Search
2460,2023-12-05,TX,Paid Social
15701,2023-12-05,FL,Organic Search
15372,2023-12-05,TX,Paid Social
57,2023-12-05,NY,Organic Search
6512,2023-12-05,FL,Email
5185,2023-12-05,IL,Email
27043,2023-12-05,IL,Paid Social
19852,2023-12-05,,Organic Search
24544,2023-12-05,GA,Paid Social
29910,2023-12-05,GA,Organic Search
16966,2023-12-05,WA,Paid Social
2885,2023-12-05,GA,Organic Search
4960,2023-12-06,CA,Email
16617,2023-12-06,TX,Organic Search
1382,2023-12-06,TX,Paid Social
27701,2023-12-06,WA,Paid Social
2624,2023-12-06,NY,Affiliate
19953,2023-12-06,TX,Paid Social
6095,2023-12-06,GA,Organic Search
25163,2023-12-06,FL,Paid Social
3954,2023-12-06,FL,Organic Search
21447,2023-12-06,GA,Affiliate
2403,2023-12-06,FL,Paid Social
25099,2023-12-06,GA,Paid Social
26140,2023-12-06,,Organic Search
564,2023-12-06,CA,Organic Search
13291,2023-12-06,WA,Paid Social
26546,2023-12-06,NY,Paid Social
15488,2023-12-06,NY,Organic Search
22480,2023-12-06,IL,Organic Search
5397,2023-12-06,IL,Organic Search
1332,2023-12-06,GA,Email
25247,2023-12-06,WA,Paid Social
1239,2023-12-06,WA,Affiliate
29936,2023-12-06,CA,Paid Social
20912,2023-12-06,WA,Affiliate
4721,2023-12-06,CA,Paid Social
17853,2023-12-06,WA,Paid Social
26617,2023-12-06,GA,Email
20723,2023-12-06,CA,Affiliate
933,2023-12-07,,Affiliate
16515,2023-12-07,FL,Referral
25415,2023-12-07,,Paid Social
17184,2023-12-07,NY,Paid Social
11796,2023-12-07,WA,Referral
2948,2023-12-07,IL,Paid Social
17642,2023-12-07,NY,Paid Social
740,2023-12-07,GA,Paid Social
25498,2023-12-07,WA,Organic Search
21915,2023-12-07,NY,Paid Social
10318,2023-12-07,FL,Organic Search
14000,2023-12-07,NY,Email
26921,2023-12-07,WA,Email
2244,2023-12-07,CA,Affiliate
14294,2023-12-07,TX,Organic Search
3348,2023-12-07,WA,Organic Search
18227,2023-12-07,TX,Email
8220,2023-12-07,CA,Email
28549,2023-12-07,NY,Email
24443,2023-12-07,CA,Organic Search
24831,2023-12-07,,Organic Search
28096,2023-12-08,CA,Paid Social
18928,2023-12-08,CA,Paid Social
5795,2023-12-08,WA,Paid Social
12417,2023-12-08,IL,Organic Search
7468,2023-12-08,GA,Paid Social
12507,2023-12-08,NY,Paid Social
16501,2023-12-08,IL,Paid Social
8873,2023-12-08,,Paid Social
404,2023-12-08,CA,Email
20862,2023-12-08,CA,Paid Social
7476,2023-12-08,WA,Paid Social
716,2023-12-08,CA,Affiliate
26594,2023-12-08,GA,Email
13641,2023-12-08,GA,Paid Social
10073,2023-12-08,WA,Paid Social
25440,2023-12-08,WA,Paid Social
26732,2023-12-08,WA,Paid Social
22540,2023-12-08,CA,Organic Search
22097,2023-12-08,FL,Paid Social
11431,2023-12-08,CA,Organic Search
25568,2023-12-08,CA,Paid Social
28477,2023-12-08,TX,Paid Social
28918,2023-12-08,WA,Organic Search
16257,2023-12-08,TX,Email
1283,2023-12-08,,Paid Social
20071,2023-12-08,GA,Paid Social
20868,2023-12-08,WA,Referral
7716,2023-12-08,WA,Affiliate
8466,2023-12-09,IL,Organic Search
6529,2023-12-09,TX,Paid Social
25441,2023-12-09,CA,Paid Social
9170,2023-12-09,GA,Organic Search
28803,2023-12-09,GA,Email
22244,2023-12-09,IL,Email
27151,2023-12-09,CA,Paid Social
6347,2023-12-09,,Organic Search
29578,2023-12-09,,Paid Social
6625,2023-12-09,,Email
28627,2023-12-09,,Paid Social
11012,2023-12-09,,Paid Social
11961,2023-12-09,NY,Affiliate
23882,2023-12-09,,Paid Social
13141,2023-12-09,FL,Affiliate
11195,2023-12-09,GA,Organic Search
16996,2023-12-09,IL,Paid Social
20327,2023-12-09,GA,Organic Search
9559,2023-12-09,NY,Paid Social
4296,2023-12-09,CA,Organic Search
8028,2023-12-09,FL,Organic Search
10041,2023-12-09,WA,Affiliate
16398,2023-12-09,NY,Affiliate
17528,2023-12-09,IL,Affiliate
17721,2023-12-09,,Affiliate
24183,2023-12-09,TX,Paid Social
8538,2023-12-10,,Referral
17366,2023-12-10,FL,Affiliate
12671,2023-12-10,,Organic Search
4518,2023-12-10,WA,Referral
72,2023-12-10,WA,Organic Search
25461,2023-12-10,GA,Email
9162,2023-12-10,CA,Paid Social
14557,2023-12-10,IL,Paid Social
20024,2023-12-10,NY,Paid Social
15591,2023-12-10,TX,Paid Social
3329,2023-12-10,TX,Organic Search
7113,2023-12-10,TX,Paid Social
19724,2023-12-10,GA,Paid Social
18966,2023-12-10,IL,Organic Search
3311,2023-12-10,WA,Email
25565,2023-12-10,NY,Paid Social
7309,2023-12-10,WA,Email
7443,2023-12-10,IL,Organic Search
6184,2023-12-10,WA,Affiliate
6845,2023-12-10,FL,Affiliate
11496,2023-12-10,TX,Paid Social
23090,2023-12-10,CA,Paid Social
9021,2023-12-10,TX,Organic Search
14760,2023-12-10,TX,Organic Search
11732,2023-12-11,NY,Organic Search
2249,2023-12-11,FL,Paid Social
21960,2023-12-11,,Affiliate
26660,2023-12-11,WA,Organic Search
26220,2023-12-11,TX,Email
16414,2023-12-11,FL,Email
28858,2023-12-11,NY,Paid Social
6142,2023-12-11,WA,Paid Social
15377,2023-12-11,NY,Email
9035,2023-12-11,CA,Paid Social
20645,2023-12-11,GA,Organic Search
15143,2023-12-11,FL,Email
20220,2023-12-11,NY,Affiliate
15001,2023-12-11,TX,Paid Social
15537,2023-12-11,,Organic Search
15654,2023-12-11,GA,Organic Search
21400,2023-12-11,NY,Email
448,2023-12-11,TX,Email
25722,2023-12-11,,Organic Search
2179,2023-12-11,CA,Paid Social
4137,2023-12-11,GA,Email
10352,2023-12-11,NY,Paid Social
22684,2023-12-11,,Organic Search
17217,2023-12-11,GA,Organic Search
3004,2023-12-11,NY,Paid Social
6239,2023-12-11,GA,Referral
11600,2023-12-11,NY,Paid Social
21354,2023-12-12,IL,Organic Search
7615,2023-12-12,WA,Organic Search
17677,2023-12-12,NY,Paid Social
4096,2023-12-12,WA,Paid Social
27139,2023-12-12,WA,Paid Social
25507,2023-12-12,WA,Email
4878,2023-12-12,TX,Paid Social
12753,2023-12-12,IL,Organic Search
22545,2023-12-12,CA,Email
13704,2023-12-12,TX,Paid Social
19768,2023-12-12,,Organic Search
23558,2023-12-12,CA,Organic Search
18393,2023-12-12,NY,Organic Search
21866,2023-12-12,,Affiliate
9375,2023-12-12,NY,Organic Search
11517,2023-12-12,GA,Paid Social
17072,2023-12-12,,Paid Social
25049,2023-12-12,CA,Paid Social
18088,2023-12-12,FL,Organic Search
17128,2023-12-12,IL,Paid Social
4326,2023-12-12,WA,Affiliate
13501,2023-12-12,TX,Organic Search
14847,2023-12-12,TX,Paid Social
29318,2023-12-12,TX,Paid Social
618,2023-12-13,IL,Organic Search
28209,2023-12-13,,Organic Search
29598,2023-12-13,NY,Organic Search
28797,2023-12-13,CA,Organic Search
308,2023-12-13,NY,Paid Social
7816,2023-12-13,CA,Paid Social
2237,2023-12-13,GA,Referral
25775,2023-12-13,NY,Referral
16600,2023-12-13,WA,Email
18708,2023-12-13,FL,Email
28528,2023-12-13,NY,Organic Search
17044,2023-12-13,TX,Email
26455,2023-12-13,WA,Email
7548,2023-12-13,,Organic Search
8348,2023-12-13,GA,Organic Search
21515,2023-12-13,FL,Paid Social
12766,2023-12-13,TX,Paid Social
8112,2023-12-13,,Paid Social
16917,2023-12-13,CA,Paid Social
16637,2023-12-13,GA,Email
20810,2023-12-13,IL,Email
3595,2023-12-13,IL,Paid Social
29337,2023-12-13,NY,Organic Search
5655,2023-12-13,FL,Organic Search
26112,2023-12-13,,Affiliate
11720,2023-12-13,FL,Paid Social
20399,2023-12-14,GA,Email
9713,2023-12-14,TX,Organic Search
23046,2023-12-14,TX,Paid Social
10319,2023-12-14,GA,Email
16933,2023-12-14,GA,Organic Search
19376,2023-12-14,FL,Paid Social
2185,2023-12-14,TX,Paid Social
5072,2023-12-14,GA,Email
11750,2023-12-14,,Organic Search
26549,2023-12-14,,Email
18975,2023-12-14,FL,Paid Social
11505,2023-12-14,GA,Paid Social
29945,2023-12-14,WA,Affiliate
27830,2023-12-14,CA,Organic Search
25581,2023-12-14,IL,Organic Search
10980,2023-12-14,NY,Paid Social
13743,2023-12-14,NY,Paid Social
5807,2023-12-14,GA,Paid Social
28334,2023-12-14,IL,Organic Search
9607,2023-12-14,GA,Email
15963,2023-12-14,GA,Paid Social
16117,2023-12-14,GA,Affiliate
14680,2023-12-15,NY,Referral
2734,2023-12-15,CA,Affiliate
11468,2023-12-15,CA,Paid Social
19424,2023-12-15,IL,Organic Search
10295,2023-12-15,CA,Paid Social
7377,2023-12-15,WA,Paid Social
14671,2023-12-15,TX,Paid Social
23092,2023-12-15,TX,Organic Search
7055,2023-12-15,GA,Paid Social
3999,2023-12-15,WA,Paid Social
25370,2023-12-15,CA,Referral
27818,2023-12-15,WA,Organic Search
5038,2023-12-15,GA,Affiliate
3512,2023-12-15,FL,Organic Search
17108,2023-12-15,FL,Affiliate
23896,2023-12-15,CA,Paid Social
13809,2023-12-15,WA,Organic Search
1777,2023-12-15,CA,Paid Social
21300,2023-12-15,FL,Paid Social
24833,2023-12-15,CA,Referral
28243,2023-12-15,CA,Paid Social
23026,2023-12-16,WA,Email
15240,2023-12-16,WA,Organic Search
5209,2023-12-16,FL,Referral
27626,2023-12-16,CA,Paid Social
29993,2023-12-16,WA,Organic Search
21240,2023-12-16,CA,Paid Social
22471,2023-12-16,TX,Paid Social
9816,2023-12-16,TX,Paid Social
3737,2023-12-16,,Paid Social
27858,2023-12-16,CA,Paid Social
27399,2023-12-16,TX,Paid Social
23133,2023-12-16,TX,Organic Search
17269,2023-12-16,IL,Paid Social
10798,2023-12-16,TX,Paid Social
8971,2023-12-16,NY,Organic Search
3527,2023-12-16,IL,Affiliate
22804,2023-12-16,WA,Paid Social
22307,2023-12-16,IL,Email
26797,2023-12-16,IL,Paid Social
1621,2023-12-16,FL,Paid Social
25839,2023-12-16,NY,Email
25602,2023-12-16,GA,Paid Social
4463,2023-12-16,NY,Affiliate
26631,2023-12-16,,Organic Search
28975,2023-12-17,,Organic Search
20856,2023-12-17,IL,Paid Social
9266,2023-12-17,TX,Organic Search
11695,2023-12-17,NY,Organic Search
18652,2023-12-17,FL,Organic Search
27934,2023-12-17,,Referral
29676,2023-12-17,WA,Paid Social
825,2023-12-17,TX,Paid Social
23193,2023-12-17,IL,Organic Search
1980,2023-12-17,IL,Email
950,2023-12-17,GA,Paid Social
8141,2023-12-17,,Organic Search
2564,2023-12-17,CA,Organic Search
5576,2023-12-17,FL,Organic Search
3779,2023-12-17,,Paid Social
23007,2023-12-17,CA,Organic Search
24546,2023-12-17,NY,Email
12147,2023-12-17,CA,Organic Search
3570,2023-12-17,WA,Referral
16335,2023-12-17,GA,Paid Social
27915,2023-12-17,GA,Email
13610,2023-12-17,CA,Paid Social
21027,2023-12-18,TX,Paid Social
24676,2023-12-18,CA,Paid Social
20785,2023-12-18,TX,Paid Social
20990,2023-12-18,,Paid Social
25210,2023-12-18,,Paid Social
10670,2023-12-18,IL,Organic Search
721,2023-12-18,TX,Affiliate
23933,2023-12-18,IL,Organic Search
13056,2023-12-18,CA,Paid Social
8394,2023-12-18,TX,Email
24239,2023-12-18,IL,Affiliate
24292,2023-12-18,IL,Organic Search
18396,2023-12-18,IL,Paid Social
9825,2023-12-18,NY,Paid Social
23414,2023-12-18,FL,Affiliate
6993,2023-12-18,,Organic Search
9153,2023-12-18,FL,Organic Search
14459,2023-12-18,,Email
28589,2023-12-18,FL,Paid Social
27351,2023-12-18,IL,Organic Search
19275,2023-12-18,CA,Paid Social
6254,2023-12-19,,Organic Search
26611,2023-12-19,FL,Email
19067,2023-12-19,FL,Organic Search
9274,2023-12-19,,Paid Social
7228,2023-12-19,GA,Organic Search
26596,2023-12-19,FL,Organic Search
19781,2023-12-19,IL,Organic Search
19143,2023-12-19,WA,Paid Social
29921,2023-12-19,NY,Paid Social
17308,2023-12-19,NY,Email
11877,2023-12-19,WA,Email
1264,2023-12-19,FL,Paid Social
14317,2023-12-20,,Organic Search
9066,2023-12-20,WA,Paid Social
20,2023-12-20,IL,Organic Search
3154,2023-12-20,TX,Paid Social
20860,2023-12-20,WA,Paid Social
4239,2023-12-20,IL,Email
23203,2023-12-20,,Affiliate
23690,2023-12-20,TX,Email
26118,2023-12-20,NY,Paid Social
11054,2023-12-20,TX,Email
13620,2023-12-20,TX,Organic Search
8674,2023-12-20,,Organic Search
11881,2023-12-20,,Paid Social
406,2023-12-20,IL,Referral
24777,2023-12-20,WA,Email
2961,2023-12-20,TX,Organic Search
4613,2023-12-20,FL,Paid Social
20714,2023-12-20,CA,Paid Social
5439,2023-12-20,NY,Organic Search
26315,2023-12-20,TX,Email
8231,2023-12-20,NY,Organic Search
14876,2023-12-20,,Paid Social
6127,2023-12-20,,Paid Social
22181,2023-12-20,CA,Affiliate
15757,2023-12-21,FL,Paid Social
27544,2023-12-21,TX,Paid Social
20277,2023-12-21,GA,Organic Search
21999,2023-12-21,,Email
5030,2023-12-21,,Organic Search
23857,2023-12-21,WA,Email
18297,2023-12-21,,Organic Search
25862,2023-12-21,,Organic Search
6257,2023-12-21,WA,Paid Social
18675,2023-12-21,CA,Organic Search
11345,2023-12-21,IL,Paid Social
16711,2023-12-21,FL,Email
1140,2023-12-21,FL,Paid Social
12774,2023-12-21,FL,Paid Social
10751,2023-12-21,WA,Paid Social
17502,2023-12-21,,Organic Search
2158,2023-12-21,CA,Paid Social
18795,2023-12-21,CA,Organic Search
7617,2023-12-21,GA,Paid Social
14993,2023-12-21,FL,Organic Search
23695,2023-12-21,FL,Paid Social
4935,2023-12-21,TX,Paid Social
11569,2023-12-21,GA,Organic Search
11705,2023-12-21,TX,Organic Search
4821,2023-12-21,FL,Organic Search
21594,2023-12-21,TX,Paid Social
18634,2023-12-21,IL,Email
13248,2023-12-22,FL,Organic Search
1747,2023-12-22,NY,Organic Search
9587,2023-12-22,FL,Organic Search
22994,2023-12-22,IL,Organic Search
26089,2023-12-22,TX,Email
6177,2023-12-22,GA,Paid Social
16890,2023-12-22,,Organic Search
6490,2023-12-22,WA,Email
10624,2023-12-22,WA,Affiliate
13027,2023-12-22,FL,Organic Search
19081,2023-12-22,FL,Paid Social
11907,2023-12-22,TX,Email
27629,2023-12-22,NY,Organic Search
16131,2023-12-22,NY,Email
10248,2023-12-22,TX,Email
12611,2023-12-22,IL,Organic Search
10864,2023-12-22,WA,Paid Social
4875,2023-12-22,TX,Organic Search
22248,2023-12-22,FL,Email
13174,2023-12-22,,Email
755,2023-12-22,TX,Organic Search
11135,2023-12-22,FL,Paid Social
11725,2023-12-22,,Paid Social
22656,2023-12-22,CA,Organic Search
29201,2023-12-22,CA,Paid Social
7148,2023-12-22,FL,Organic Search
21912,2023-12-22,CA,Organic Search
160,2023-12-22,FL,Email
3006,2023-12-22,TX,Email
22064,2023-12-22,CA,Paid Social
21806,2023-12-22,,Organic Search
27326,2023-12-23,GA,Organic Search
4810,2023-12-23,WA,Referral
2646,2023-12-23,WA,Paid Social
24981,2023-12-23,NY,Paid Social
13740,2023-12-23,GA,Referral
22388,2023-12-23,IL,Organic Search
17417,2023-12-23,,Paid Social
26528,2023-12-23,NY,Affiliate
8565,2023-12-23,TX,Paid Social
7934,2023-12-23,,Paid Social
1216,2023-12-23,GA,Organic Search
22520,2023-12-23,NY,Email
5958,2023-12-23,FL,Paid Social
27237,2023-12-23,,Affiliate
18172,2023-12-23,IL,Affiliate
5693,2023-12-23,FL,Paid Social
28607,2023-12-23,TX,Organic Search
844,2023-12-23,TX,Affiliate
15203,2023-12-23,WA,Paid Social
24276,2023-12-23,GA,Email
18981,2023-12-23,IL,Referral
24367,2023-12-23,,Organic Search
4407,2023-12-23,,Affiliate
25249,2023-12-24,IL,Organic Search
21828,2023-12-24,,Paid Social
15176,2023-12-24,TX,Email
27957,2023-12-24,TX,Paid Social
26650,2023-12-24,NY,Email
16854,2023-12-24,CA,Affiliate
5698,2023-12-24,IL,Paid Social
29904,2023-12-24,,Organic Search
2665,2023-12-24,FL,Paid Social
7610,2023-12-24,GA,Organic Search
8469,2023-12-24,WA,Organic Search
29761,2023-12-24,GA,Affiliate
29096,2023-12-24,TX,Organic Search
26115,2023-12-24,TX,Organic Search
24461,2023-12-24,FL,Email
15527,2023-12-24,CA,Email
301,2023-12-24,NY,Organic Search
7068,2023-12-24,NY,Paid Social
25183,2023-12-24,WA,Email
4367,2023-12-24,FL,Organic Search
29457,2023-12-25,FL,Organic Search
375,2023-12-25,FL,Organic Search
20498,2023-12-25,GA,Organic Search
4592,2023-12-25,FL,Organic Search
26541,2023-12-25,,Email
13395,2023-12-25,NY,Organic Search
23998,2023-12-25,IL,Paid Social
12099,2023-12-25,WA,Email
15307,2023-12-25,NY,Paid Social
18583,2023-12-25,TX,Organic Search
16438,2023-12-25,GA,Email
7483,2023-12-25,NY,Paid Social
5164,2023-12-25,CA,Paid Social
512,2023-12-25,,Paid Social
18838,2023-12-25,IL,Paid Social
24601,2023-12-25,IL,Paid Social
21015,2023-12-25,TX,Organic Search
17452,2023-12-25,FL,Organic Search
22046,2023-12-25,CA,Organic Search
5578,2023-12-25,GA,Affiliate
7439,2023-12-25,FL,Organic Search
17807,2023-12-25,FL,Organic Search
21374,2023-12-25,NY,Organic Search
22983,2023-12-25,WA,Affiliate
12993,2023-12-25,FL,Organic Search
6651,2023-12-26,GA,Organic Search
20386,2023-12-26,NY,Organic Search
9237,2023-12-26,,Organic Search
25232,2023-12-26,,Organic Search
25253,2023-12-26,IL,Paid Social
26400,2023-12-26,FL,Paid Social
2074,2023-12-26,NY,Referral
8693,2023-12-26,,Organic Search
17865,2023-12-26,NY,Email
29067,2023-12-26,TX,Paid Social
23465,2023-12-26,IL,Organic Search
7166,2023-12-26,,Organic Search
25256,2023-12-26,,Affiliate
8202,2023-12-26,FL,Paid Social
5977,2023-12-26,IL,Organic Search
17680,2023-12-26,NY,Organic Search
4757,2023-12-26,NY,Organic Search
8359,2023-12-26,NY,Organic Search
18149,2023-12-26,CA,Paid Social
2182,2023-12-26,,Organic Search
23358,2023-12-26,IL,Organic Search
22966,2023-12-26,CA,Organic Search
26934,2023-12-26,NY,Organic Search
19008,2023-12-26,FL,Paid Social
10541,2023-12-26,CA,Organic Search
21371,2023-12-27,TX,Paid Social
24274,2023-12-27,GA,Organic Search
17633,2023-12-27,WA,Paid Social
26676,2023-12-27,,Organic Search
6265,2023-12-27,CA,Email
20572,2023-12-27,IL,Organic Search
5187,2023-12-27,GA,Paid Social
23188,2023-12-27,,Organic Search
4664,2023-12-27,,Email
18473,2023-12-27,IL,Paid Social
17041,2023-12-27,GA,Paid Social
514,2023-12-27,WA,Referral
19210,2023-12-27,GA,Affiliate
18347,2023-12-27,TX,Email
11477,2023-12-27,TX,Paid Social
14201,2023-12-27,NY,Paid Social
11866,2023-12-27,,Organic Search
5680,2023-12-27,,Organic Search
22959,2023-12-27,FL,Organic Search
4477,2023-12-27,FL,Paid Social
27241,2023-12-27,GA,Organic Search
27596,2023-12-27,IL,Paid Social
25111,2023-12-27,NY,Paid Social
11057,2023-12-27,CA,Paid Social
6296,2023-12-28,IL,Referral
7104,2023-12-28,IL,Paid Social
15130,2023-12-28,TX,Paid Social
18601,2023-12-28,IL,Paid Social
14880,2023-12-28,FL,Organic Search
9886,2023-12-28,FL,Paid Social
20305,2023-12-28,NY,Paid Social
16835,2023-12-28,CA,Email
4630,2023-12-28,NY,Paid Social
19744,2023-12-28,WA,Paid Social
20590,2023-12-28,CA,Paid Social
27306,2023-12-28,,Affiliate
5212,2023-12-28,NY,Organic Search
27187,2023-12-28,FL,Organic Search
7222,2023-12-28,IL,Organic Search
28357,2023-12-28,TX,Organic Search
13385,2023-12-28,FL,Paid Social
16502,2023-12-28,NY,Email
839,2023-12-28,,Paid Social
594,2023-12-29,TX,Paid Social
28585,2023-12-29,NY,Paid Social
29395,2023-12-29,,Organic Search
19049,2023-12-29,,Paid Social
16447,2023-12-29,TX,Email
2729,2023-12-29,,Organic Search
11908,2023-12-29,CA,Paid Social
1779,2023-12-29,IL,Organic Search
11792,2023-12-29,IL,Organic Search
23283,2023-12-29,CA,Affiliate
10237,2023-12-29,IL,Email
25352,2023-12-29,WA,Referral
20321,2023-12-29,FL,Paid Social
4353,2023-12-29,GA,Paid Social
15903,2023-12-29,GA,Organic Search
18743,2023-12-29,IL,Paid Social
11597,2023-12-29,FL,Paid Social
18117,2023-12-29,GA,Paid Social
12990,2023-12-29,CA,Organic Search
2685,2023-12-29,GA,Paid Social
11717,2023-12-29,WA,Organic Search
9514,2023-12-30,TX,Paid Social
26633,2023-12-30,CA,Paid Social
13591,2023-12-30,GA,Organic Search
19597,2023-12-30,CA,Affiliate
26046,2023-12-30,GA,Paid Social
18376,2023-12-30,,Affiliate
20988,2023-12-30,,Paid Social
24563,2023-12-30,IL,Paid Social
10432,2023-12-30,,Organic Search
15721,2023-12-30,IL,Paid Social
15862,2023-12-30,CA,Affiliate
22114,2023-12-30,IL,Email
9270,2023-12-30,GA,Organic Search
29624,2023-12-30,,Paid Social
24606,2023-12-30,CA,Paid Social
28013,2023-12-30,IL,Paid Social
11628,2023-12-30,NY,Paid Social
6004,2023-12-30,FL,Paid Social
19505,2023-12-30,FL,Paid Social
14518,2023-12-30,IL,Paid Social
18970,2023-12-30,TX,Paid Social
13711,2023-12-30,CA,Paid Social
13737,2023-12-30,IL,Affiliate
6315,2023-12-30,NY,Organic Search
10188,2023-12-30,TX,Referral
21781,2023-12-30,TX,Paid Social
2533,2023-12-30,FL,Organic Search
15123,2023-12-31,GA,Paid Social
20288,2023-12-31,NY,Organic Search
25960,2023-12-31,,Email
17055,2023-12-31,WA,Paid Social
21049,2023-12-31,IL,Affiliate
25702,2023-12-31,,Organic Search
6189,2023-12-31,,Organic Search
627,2023-12-31,IL,Paid Social
7597,2023-12-31,WA,Organic Search
2241,2023-12-31,CA,Email
15369,2023-12-31,FL,Organic Search
29547,2023-12-31,IL,Organic Search
6331,2023-12-31,IL,Organic Search
28190,2023-12-31,CA,Paid Social
10309,2023-12-31,CA,Affiliate
6163,2023-12-31,NY,Organic Search
14409,2023-12-31,CA,Email
29710,2024-01-01,IL,Organic Search
25955,2024-01-01,TX,Paid Social
15718,2024-01-01,TX,Email
28256,2024-01-01,WA,Organic Search
26105,2024-01-01,IL,Paid Social
23920,2024-01-01,CA,Email
6375,2024-01-01,FL,Organic Search
8228,2024-01-01,WA,Organic Search
27186,2024-01-01,,Paid Social
7522,2024-01-01,TX,Paid Social
2766,2024-01-01,FL,Affiliate
6241,2024-01-01,FL,Affiliate
12093,2024-01-01,WA,Organic Search
380,2024-01-01,NY,Organic Search
12424,2024-01-01,,Paid Social
12065,2024-01-01,IL,Affiliate
17228,2024-01-01,FL,Email
15223,2024-01-01,CA,Affiliate
29110,2024-01-01,TX,Organic Search
22860,2024-01-01,IL,Paid Social
8470,2024-01-01,NY,Organic Search
3141,2024-01-01,,Paid Social
6818,2024-01-01,GA,Affiliate
16841,2024-01-01,NY,Affiliate
15545,2024-01-01,TX,Email
19785,2024-01-01,GA,Paid Social
10447,2024-01-01,,Paid Social
5603,2024-01-01,GA,Organic Search
22315,2024-01-01,,Affiliate
23566,2024-01-01,IL,Paid Social
6448,2024-01-02,FL,Paid Social
541,2024-01-02,FL,Affiliate
14038,2024-01-02,WA,Paid Social
24378,2024-01-02,CA,Organic Search
1439,2024-01-02,TX,Organic Search
24154,2024-01-02,CA,Paid Social
11585,2024-01-02,TX,Paid Social
6380,2024-01-02,TX,Referral
26514,2024-01-02,GA,Paid Social
20434,2024-01-02,FL,Email
18653,2024-01-02,CA,Affiliate
28345,2024-01-02,NY,Paid Social
27274,2024-01-02,IL,Organic Search
1377,2024-01-02,GA,Paid Social
27856,2024-01-02,IL,Referral
23065,2024-01-02,IL,Organic Search
22283,2024-01-02,IL,Referral
22589,2024-01-02,CA,Organic Search
23015,2024-01-02,CA,Organic Search
28278,2024-01-02,TX,Paid Social
8188,2024-01-02,CA,Affiliate
3021,2024-01-02,GA,Organic Search
26985,2024-01-02,CA,Organic Search
18756,2024-01-02,,Organic Search
26909,2024-01-02,,Referral
22017,2024-01-02,IL,Email
25471,2024-01-03,,Organic Search
23240,2024-01-03,NY,Email
21759,2024-01-03,TX,Organic Search
6955,2024-01-03,CA,Email
24957,2024-01-03,GA,Paid Social
21298,2024-01-03,NY,Paid Social
8891,2024-01-03,,Organic Search
21392,2024-01-03,NY,Organic Search
14112,2024-01-03,GA,Paid Social
27624,2024-01-03,CA,Organic Search
3984,2024-01-03,WA,Organic Search
4458,2024-01-03,CA,Organic Search
13779,2024-01-03,GA,Email
6103,2024-01-03,GA,Paid Social
18889,2024-01-03,TX,Affiliate
4990,2024-01-03,NY,Email
29529,2024-01-03,,Affiliate
746,2024-01-03,IL,Referral
26314,2024-01-03,,Organic Search
8485,2024-01-03,,Email
27623,2024-01-03,WA,Organic Search
12085,2024-01-03,CA,Organic Search
14731,2024-01-03,IL,Affiliate
22459,2024-01-04,TX,Paid Social
1957,2024-01-04,FL,Paid Social
16573,2024-01-04,,Referral
22235,2024-01-04,NY,Organic Search
234,2024-01-04,NY,Paid Social
9916,2024-01-04,FL,Affiliate
27336,2024-01-04,GA,Organic Search
1333,2024-01-04,GA,Organic Search
17586,2024-01-04,NY,Organic Search
2746,2024-01-04,TX,Email
9556,2024-01-04,FL,Email
14815,2024-01-04,IL,Paid Social
15433,2024-01-04,WA,Paid Social
22843,2024-01-04,WA,Paid Social
21512,2024-01-04,GA,Email
10304,2024-01-04,GA,Affiliate
25882,2024-01-04,CA,Email
28414,2024-01-04,CA,Paid Social
23032,2024-01-04,NY,Organic Search
11591,2024-01-04,TX,Paid Social
3076,2024-01-04,TX,Referral
8672,2024-01-04,NY,Organic Search
3155,2024-01-05,TX,Paid Social
8026,2024-01-05,NY,Paid Social
4814,2024-01-05,IL,Paid Social
29434,2024-01-05,WA,Affiliate
21717,2024-01-05,FL,Organic Search
16268,2024-01-05,FL,Paid Social
16275,2024-01-05,CA,Email
27740,2024-01-05,IL,Organic Search
9876,2024-01-05,GA,Organic Search
7112,2024-01-05,NY,Affiliate
17566,2024-01-05,IL,Paid Social
154,2024-01-05,CA,Paid Social
2898,2024-01-05,GA,Organic Search
15535,2024-01-05,CA,Organic Search
17506,2024-01-05,FL,Paid Social
2687,2024-01-05,CA,Organic Search
28727,2024-01-05,FL,Email
1644,2024-01-05,FL,Paid Social
25045,2024-01-05,NY,Organic Search
26095,2024-01-05,NY,Paid Social
10141,2024-01-05,IL,Organic Search
15908,2024-01-05,WA,Organic Search
20067,2024-01-06,GA,Organic Search
873,2024-01-06,NY,Paid Social
8357,2024-01-06,IL,Organic Search
15311,2024-01-06,GA,Affiliate
2221,2024-01-06,IL,Email
5494,2024-01-06,IL,Organic Search
18143,2024-01-06,,Email
6710,2024-01-06,,Affiliate
22161,2024-01-06,IL,Paid Social
857,2024-01-06,IL,Organic Search
26432,2024-01-06,CA,Organic Search
28548,2024-01-06,IL,Paid Social
9884,2024-01-06,NY,Affiliate
8210,2024-01-06,,Organic Search
10726,2024-01-06,CA,Paid Social
23308,2024-01-06,TX,Organic Search
26039,2024-01-06,GA,Paid Social
26709,2024-01-06,NY,Paid Social
2664,2024-01-06,IL,Paid Social
5449,2024-01-07,,Paid Social
25920,2024-01-07,GA,Paid Social
17773,2024-01-07,NY,Organic Search
29245,2024-01-07,GA,Organic Search
3094,2024-01-07,GA,Email
16649,2024-01-07,FL,Organic Search
7032,2024-01-07,NY,Organic Search
5367,2024-01-07,NY,Paid Social
1290,2024-01-07,CA,Organic Search
7739,2024-01-07,IL,Paid Social
24741,2024-01-07,,Organic Search
26595,2024-01-07,,Organic Search
14229,2024-01-07,CA,Organic Search
27299,2024-01-07,FL,Referral
2317,2024-01-07,IL,Organic Search
15473,2024-01-07,WA,Paid Social
21376,2024-01-08,,Paid Social
2699,2024-01-08,CA,Email
19070,2024-01-08,NY,Organic Search
16148,2024-01-08,GA,Paid Social
12680,2024-01-08,WA,Organic Search
23780,2024-01-08,CA,Paid Social
2494,2024-01-08,IL,Paid Social
12224,2024-01-08,WA,Paid Social
22334,2024-01-08,IL,Email
13172,2024-01-08,GA,Paid Social
16859,2024-01-08,GA,Email
3642,2024-01-08,IL,Affiliate
4253,2024-01-08,TX,Paid Social
19761,2024-01-08,FL,Email
29969,2024-01-08,CA,Organic Search
20069,2024-01-08,FL,Paid Social
26996,2024-01-08,WA,Paid Social
6795,2024-01-08,WA,Paid Social
12726,2024-01-08,GA,Affiliate
13844,2024-01-08,IL,Organic Search
26941,2024-01-08,NY,Organic Search
26763,2024-01-08,NY,Referral
2940,2024-01-08,CA,Organic Search
20080,2024-01-08,WA,Paid Social
7652,2024-01-08,,Organic Search
22407,2024-01-09,IL,Paid Social
6542,2024-01-09,NY,Email
10544,2024-01-09,,Email
9420,2024-01-09,NY,Paid Social
28772,2024-01-09,TX,Organic Search
19097,2024-01-09,WA,Paid Social
29284,2024-01-09,GA,Organic Search
12883,2024-01-09,,Paid Social
16342,2024-01-09,,Email
20767,2024-01-09,,Affiliate
8583,2024-01-09,IL,Referral
10505,2024-01-09,CA,Email
28160,2024-01-09,NY,Organic Search
15766,2024-01-09,IL,Organic Search
28511,2024-01-09,CA,Paid Social
27174,2024-01-09,GA,Affiliate
5788,2024-01-09,GA,Email
22620,2024-01-09,FL,Organic Search
9020,2024-01-09,TX,Paid Social
21991,2024-01-09,TX,Paid Social
15106,2024-01-09,,Referral
2040,2024-01-09,FL,Organic Search
20957,2024-01-09,TX,Paid Social
26874,2024-01-10,NY,Email
10033,2024-01-10,CA,Referral
13901,2024-01-10,CA,Organic Search
2243,2024-01-10,IL,Paid Social
13607,2024-01-10,WA,Paid Social
27809,2024-01-10,GA,Organic Search
12406,2024-01-10,CA,Organic Search
16410,2024-01-10,WA,Affiliate
1321,2024-01-10,FL,Organic Search
14002,2024-01-10,IL,Organic Search
9228,2024-01-10,IL,Referral
8966,2024-01-10,CA,Paid Social
1589,2024-01-10,FL,Paid Social
22615,2024-01-10,CA,Paid Social
14971,2024-01-10,CA,Affiliate
5161,2024-01-10,CA,Paid Social
9874,2024-01-10,IL,Organic Search
20391,2024-01-10,,Paid Social
25979,2024-01-10,CA,Email
12904,2024-01-10,,Email
24505,2024-01-10,TX,Affiliate
26651,2024-01-10,GA,Paid Social
25990,2024-01-10,IL,Organic Search
1624,2024-01-10,FL,Affiliate
5910,2024-01-10,WA,Organic Search
14241,2024-01-11,IL,Email
3945,2024-01-11,WA,Organic Search
9242,2024-01-11,NY,Paid Social
16221,2024-01-11,GA,Referral
26336,2024-01-11,,Email
19709,2024-01-11,CA,Organic Search
13416,2024-01-11,NY,Paid Social
10989,2024-01-11,WA,Referral
22158,2024-01-11,CA,Paid Social
12817,2024-01-11,NY,Email
27892,2024-01-11,CA,Email
14320,2024-01-11,FL,Organic Search
17867,2024-01-11,,Organic Search
27012,2024-01-11,GA,Paid Social
892,2024-01-11,NY,Referral
17021,2024-01-11,CA,Organic Search
25484,2024-01-11,TX,Paid Social
19052,2024-01-12,IL,Organic Search
26091,2024-01-12,CA,Paid Social
834,2024-01-12,GA,Organic Search
1097,2024-01-12,CA,Organic Search
15206,2024-01-12,GA,Paid Social
9524,2024-01-12,IL,Paid Social
14404,2024-01-12,GA,Email
12815,2024-01-12,IL,Organic Search
14172,2024-01-12,GA,Organic Search
7441,2024-01-12,GA,Paid Social
790,2024-01-12,WA,Affiliate
25375,2024-01-12,WA,Organic Search
16376,2024-01-12,WA,Organic Search
7346,2024-01-12,CA,Organic Search
23374,2024-01-12,WA,Email
29965,2024-01-12,NY,Paid Social
8905,2024-01-12,,Paid Social
5944,2024-01-12,TX,Referral
15875,2024-01-12,IL,Paid Social
7533,2024-01-12,GA,Organic Search
12366,2024-01-12,GA,Organic Search
586,2024-01-12,CA,Organic Search
14936,2024-01-12,IL,Affiliate
10146,2024-01-12,,Email
2250,2024-01-12,TX,Organic Search
6550,2024-01-12,NY,Paid Social
26037,2024-01-12,CA,Organic Search
2196,2024-01-12,CA,Paid Social
15041,2024-01-12,IL,Paid Social
10347,2024-01-12,NY,Paid Social
27345,2024-01-12,TX,Paid Social
7787,2024-01-12,WA,Paid Social
5906,2024-01-12,WA,Paid Social
15418,2024-01-13,IL,Paid Social
24394,2024-01-13,IL,Organic Search
9422,2024-01-13,TX,Paid Social
2771,2024-01-13,GA,Organic Search
6876,2024-01-13,WA,Paid Social
9717,2024-01-13,WA,Organic Search
219,2024-01-13,IL,Paid Social
15659,2024-01-13,IL,Organic Search
21729,2024-01-13,NY,Email
2025,2024-01-13,IL,Paid Social
14034,2024-01-13,,Organic Search
17124,2024-01-13,CA,Email
27498,2024-01-13,FL,Paid Social
15678,2024-01-13,GA,Paid Social
25705,2024-01-13,FL,Paid Social
15336,2024-01-13,GA,Email
1003,2024-01-13,FL,Referral
16248,2024-01-13,GA,Paid Social
16734,2024-01-13,,Paid Social
7738,2024-01-13,NY,Organic Search
25374,2024-01-13,FL,Paid Social
920,2024-01-13,GA,Organic Search
16363,2024-01-13,NY,Referral
28774,2024-01-13,FL,Organic Search
7567,2024-01-13,CA,Affiliate
13375,2024-01-13,TX,Paid Social
10931,2024-01-13,,Referral
26028,2024-01-13,TX,Paid Social
25404,2024-01-13,CA,Paid Social
12477,2024-01-14,NY,Organic Search
4139,2024-01-14,FL,Paid Social
22483,2024-01-14,GA,Email
24321,2024-01-14,WA,Paid Social
19164,2024-01-14,FL,Organic Search
27799,2024-01-14,,Email
5940,2024-01-14,,Organic Search
24756,2024-01-14,IL,Email
18632,2024-01-14,TX,Paid Social
23316,2024-01-14,GA,Affiliate
20120,2024-01-14,TX,Paid Social
8791,2024-01-14,WA,Referral
26232,2024-01-14,NY,Paid Social
10590,2024-01-14,IL,Organic Search
25987,2024-01-14,,Organic Search
319,2024-01-14,,Organic Search
22692,2024-01-14,NY,Affiliate
11133,2024-01-14,WA,Paid Social
20364,2024-01-14,NY,Affiliate
24491,2024-01-14,FL,Paid Social
11975,2024-01-14,IL,Organic Search
4098,2024-01-14,IL,Organic Search
7248,2024-01-15,NY,Referral
17316,2024-01-15,GA,Email
5094,2024-01-15,GA,Organic Search
28100,2024-01-15,GA,Paid Social
9011,2024-01-15,FL,Organic Search
21854,2024-01-15,,Paid Social
22393,2024-01-15,TX,Paid Social
4335,2024-01-15,NY,Paid Social
13698,2024-01-15,IL,Organic Search
6057,2024-01-15,,Paid Social
9858,2024-01-15,TX,Paid Social
25261,2024-01-15,IL,Paid Social
26673,2024-01-15,CA,Affiliate
9472,2024-01-15,CA,Paid Social
4660,2024-01-15,FL,Email
29903,2024-01-15,NY,Email
25605,2024-01-15,CA,Email
2847,2024-01-15,WA,Email
22249,2024-01-15,IL,Referral
7932,2024-01-15,NY,Email
21443,2024-01-15,NY,Email
13992,2024-01-15,GA,Paid Social
4739,2024-01-15,FL,Paid Social
25644,2024-01-15,GA,Paid Social
958,2024-01-15,IL,Organic Search
18267,2024-01-15,,Paid Social
29225,2024-01-15,,Paid Social
19646,2024-01-15,WA,Affiliate
5968,2024-01-16,FL,Organic Search
28261,2024-01-16,IL,Paid Social
25305,2024-01-16,CA,Email
27760,2024-01-16,WA,Paid Social
23594,2024-01-16,TX,Organic Search
2856,2024-01-16,IL,Paid Social
25044,2024-01-16,WA,Organic Search
2512,2024-01-16,IL,Referral
16337,2024-01-16,FL,Paid Social
24734,2024-01-16,TX,Organic Search
14132,2024-01-16,,Paid Social
12079,2024-01-16,IL,Organic Search
20825,2024-01-16,CA,Paid Social
2681,2024-01-16,,Organic Search
25528,2024-01-16,,Referral
28894,2024-01-16,IL,Paid Social
11901,2024-01-16,FL,Organic Search
29981,2024-01-16,IL,Organic Search
28583,2024-01-16,IL,Referral
15616,2024-01-16,IL,Paid Social
7680,2024-01-16,WA,Organic Search
18948,2024-01-16,IL,Email
28200,2024-01-16,NY,Referral
5450,2024-01-16,NY,Organic Search
27922,2024-01-16,TX,Paid Social
13665,2024-01-16,FL,Paid Social
3451,2024-01-16,WA,Paid Social
21748,2024-01-17,,Paid Social
24424,2024-01-17,GA,Email
25231,2024-01-17,NY,Email
3798,2024-01-17,FL,Organic Search
25472,2024-01-17,WA,Paid Social
22580,2024-01-17,CA,Paid Social
10337,2024-01-17,WA,Organic Search
478,2024-01-17,NY,Paid Social
14652,2024-01-17,TX,Paid Social
6514,2024-01-17,GA,Email
18385,2024-01-17,GA,Paid Social
4726,2024-01-17,TX,Organic Search
12762,2024-01-17,NY,Paid Social
10225,2024-01-17,GA,Organic Search
4064,2024-01-17,GA,Organic Search
18992,2024-01-17,GA,Organic Search
11890,2024-01-17,TX,Paid Social
21101,2024-01-17,FL,Paid Social
21558,2024-01-17,,Paid Social
25310,2024-01-18,CA,Email
25227,2024-01-18,GA,Paid Social
29089,2024-01-18,IL,Paid Social
5240,2024-01-18,NY,Paid Social
23623,2024-01-18,NY,Paid Social
14006,2024-01-18,NY,Affiliate
8142,2024-01-18,WA,Email
16876,2024-01-18,FL,Paid Social
27108,2024-01-18,GA,Paid Social
22875,2024-01-18,WA,Email
10234,2024-01-18,IL,Paid Social
2418,2024-01-18,,Organic Search
3612,2024-01-18,,Organic Search
2375,2024-01-18,TX,Paid Social
21812,2024-01-18,WA,Organic Search
21324,2024-01-18,IL,Affiliate
10736,2024-01-18,CA,Organic Search
12195,2024-01-18,FL,Paid Social
15647,2024-01-18,TX,Email
1173,2024-01-18,,Paid Social
24964,2024-01-18,GA,Referral
900,2024-01-18,CA,Organic Search
24283,2024-01-18,CA,Paid Social
26681,2024-01-19,GA,Organic Search
15289,2024-01-19,IL,Email
23148,2024-01-19,NY,Paid Social
8640,2024-01-19,NY,Paid Social
20490,2024-01-19,,Organic Search
28340,2024-01-19,NY,Paid Social
3071,2024-01-19,CA,Email
6899,2024-01-19,TX,Paid Social
25067,2024-01-19,FL,Paid Social
6597,2024-01-19,FL,Organic Search
18187,2024-01-19,,Organic Search
17671,2024-01-19,GA,Organic Search
9640,2024-01-19,IL,Organic Search
2069,2024-01-19,NY,Organic Search
20160,2024-01-19,IL,Paid Social
14937,2024-01-19,FL,Email
8049,2024-01-19,TX,Referral
23706,2024-01-19,GA,Affiliate
9229,2024-01-19,,Paid Social
26865,2024-01-19,CA,Email
9013,2024-01-19,,Organic Search
7111,2024-01-19,GA,Email
25,2024-01-19,WA,Paid Social
20691,2024-01-19,FL,Paid Social
2464,2024-01-19,WA,Paid Social
18951,2024-01-19,GA,Affiliate
22622,2024-01-19,NY,Affiliate
16587,2024-01-19,WA,Organic Search
27067,2024-01-19,GA,Paid Social
16881,2024-01-19,NY,Paid Social
15997,2024-01-19,NY,Paid Social
6237,2024-01-20,FL,Paid Social
11649,2024-01-20,WA,Organic Search
23089,2024-01-20,GA,Email
20167,2024-01-20,IL,Paid Social
22446,2024-01-20,,Organic Search
18990,2024-01-20,GA,Organic Search
16440,2024-01-20,FL,Paid Social
6935,2024-01-20,WA,Affiliate
25945,2024-01-20,,Email
16906,2024-01-20,IL,Affiliate
13067,2024-01-20,GA,Paid Social
18692,2024-01-20,NY,Email
13175,2024-01-20,IL,Organic Search
3113,2024-01-20,WA,Email
10265,2024-01-20,,Email
17708,2024-01-20,FL,Organic Search
14759,2024-01-21,,Email
3002,2024-01-21,NY,Email
26426,2024-01-21,WA,Paid Social
20493,2024-01-21,WA,Organic Search
29810,2024-01-21,FL,Organic Search
7345,2024-01-21,,Paid Social
14617,2024-01-21,TX,Organic Search
1351,2024-01-21,CA,Referral
7250,2024-01-21,CA,Email
12446,2024-01-21,GA,Organic Search
19772,2024-01-21,,Affiliate
24541,2024-01-21,TX,Paid Social
22138,2024-01-21,GA,Organic Search
26846,2024-01-21,NY,Organic Search
2102,2024-01-21,NY,Paid Social
138,2024-01-21,NY,Email
10417,2024-01-21,,Paid Social
8499,2024-01-21,WA,Organic Search
9365,2024-01-22,WA,Organic Search
10973,2024-01-22,FL,Organic Search
2736,2024-01-22,FL,Email
22932,2024-01-22,,Organic Search
25098,2024-01-22,NY,Affiliate
1183,2024-01-22,IL,Paid Social
10960,2024-01-22,NY,Referral
10697,2024-01-22,TX,Affiliate
15650,2024-01-22,,Organic Search
11164,2024-01-22,CA,Email
29641,2024-01-22,FL,Organic Search
17884,2024-01-22,FL,Paid Social
28299,2024-01-22,NY,Organic Search
27470,2024-01-22,CA,Paid Social
26176,2024-01-22,GA,Email
18580,2024-01-22,FL,Paid Social
2488,2024-01-22,WA,Referral
24398,2024-01-22,CA,Paid Social
26383,2024-01-22,GA,Paid Social
27396,2024-01-22,,Paid Social
23938,2024-01-22,NY,Paid Social
4338,2024-01-22,NY,Affiliate
493,2024-01-22,FL,Organic Search
21004,2024-01-23,WA,Organic Search
5313,2024-01-23,GA,Affiliate
21448,2024-01-23,GA,Organic Search
26895,2024-01-23,NY,Organic Search
18409,2024-01-23,WA,Paid Social
28372,2024-01-23,NY,Organic Search
18213,2024-01-23,NY,Organic Search
26258,2024-01-23,,Organic Search
17092,2024-01-23,WA,Paid Social
2489,2024-01-23,FL,Paid Social
21982,2024-01-23,,Paid Social
15558,2024-01-23,WA,Referral
4068,2024-01-23,NY,Affiliate
22053,2024-01-23,GA,Paid Social
19250,2024-01-23,IL,Paid Social
17018,2024-01-23,TX,Organic Search
5091,2024-01-23,NY,Organic Search
11622,2024-01-24,TX,Organic Search
2601,2024-01-24,TX,Paid Social
20413,2024-01-24,NY,Paid Social
8226,2024-01-24,FL,Paid Social
516,2024-01-24,IL,Organic Search
14646,2024-01-24,,Paid Social
5014,2024-01-24,CA,Paid Social
18164,2024-01-24,,Email
28522,2024-01-24,WA,Email
9385,2024-01-24,WA,Paid Social
20115,2024-01-24,WA,Paid Social
9121,2024-01-24,NY,Referral
7577,2024-01-24,CA,Paid Social
180,2024-01-24,TX,Organic Search
27370,2024-01-24,FL,Email
2301,2024-01-24,WA,Email
15904,2024-01-24,WA,Organic Search
8557,2024-01-24,IL,Organic Search
7144,2024-01-24,,Organic Search
26845,2024-01-24,IL,Email
24545,2024-01-25,CA,Organic Search
29384,2024-01-25,GA,Affiliate
19429,2024-01-25,CA,Paid Social
13762,2024-01-25,,Paid Social
295,2024-01-25,TX,Organic Search
24772,2024-01-25,,Organic Search
15151,2024-01-25,TX,Email
19030,2024-01-25,IL,Organic Search
20474,2024-01-25,IL,Organic Search
8271,2024-01-25,FL,Paid Social
10842,2024-01-25,,Paid Social
21001,2024-01-25,GA,Email
13712,2024-01-25,FL,Organic Search
5615,2024-01-25,GA,Paid Social
18002,2024-01-25,IL,Paid Social
10823,2024-01-26,NY,Affiliate
18190,2024-01-26,IL,Affiliate
6846,2024-01-26,IL,Organic Search
13865,2024-01-26,CA,Email
23659,2024-01-26,WA,Email
18638,2024-01-26,WA,Paid Social
1900,2024-01-26,IL,Email
12677,2024-01-26,IL,Organic Search
6681,2024-01-26,,Paid Social
14764,2024-01-26,FL,Paid Social
29230,2024-01-26,TX,Email
25188,2024-01-26,,Email
15116,2024-01-26,TX,Email
29449,2024-01-26,FL,Organic Search
3427,2024-01-26,NY,Paid Social
22203,2024-01-26,GA,Organic Search
13643,2024-01-26,CA,Paid Social
25932,2024-01-26,,Paid Social
16462,2024-01-26,IL,Email
12957,2024-01-26,WA,Affiliate
18896,2024-01-26,,Paid Social
24521,2024-01-26,WA,Email
24135,2024-01-26,TX,Organic Search
13949,2024-01-26,WA,Paid Social
11629,2024-01-27,IL,Paid Social
12047,2024-01-27,IL,Paid Social
25621,2024-01-27,CA,Email
13494,2024-01-27,IL,Paid Social
9008,2024-01-27,TX,Paid Social
11209,2024-01-27,NY,Organic Search
26423,2024-01-27,,Organic Search
28865,2024-01-27,IL,Paid Social
6788,2024-01-27,CA,Email
9160,2024-01-27,GA,Paid Social
3677,2024-01-27,,Organic Search
278,2024-01-27,CA,Paid Social
26770,2024-01-27,TX,Paid Social
21602,2024-01-27,,Referral
4600,2024-01-27,GA,Organic Search
22897,2024-01-27,IL,Paid Social
18139,2024-01-28,FL,Organic Search
27644,2024-01-28,NY,Organic Search
15790,2024-01-28,WA,Affiliate
2610,2024-01-28,TX,Organic Search
25436,2024-01-28,WA,Organic Search
784,2024-01-28,,Paid Social
25364,2024-01-28,TX,Email
16669,2024-01-28,NY,Email
22310,2024-01-28,WA,Paid Social
1521,2024-01-28,FL,Organic Search
24872,2024-01-28,GA,Email
28364,2024-01-28,TX,Organic Search
7218,2024-01-28,IL,Email
1871,2024-01-28,TX,Email
21625,2024-01-28,NY,Paid Social
10568,2024-01-28,NY,Paid Social
18636,2024-01-28,WA,Paid Social
27244,2024-01-28,NY,Affiliate
24075,2024-01-28,TX,Paid Social
8736,2024-01-28,FL,Affiliate
27044,2024-01-28,,Paid Social
17608,2024-01-28,TX,Paid Social
2832,2024-01-28,NY,Paid Social
19944,2024-01-28,WA,Email
429,2024-01-28,,Paid Social
9604,2024-01-28,GA,Organic Search
24699,2024-01-28,GA,Email
29902,2024-01-28,IL,Paid Social
16813,2024-01-28,FL,Affiliate
2725,2024-01-28,IL,Paid Social
12107,2024-01-28,IL,Email
15932,2024-01-28,IL,Paid Social
18700,2024-01-29,FL,Email
473,2024-01-29,GA,Organic Search
23014,2024-01-29,IL,Email
2595,2024-01-29,TX,Organic Search
25781,2024-01-29,WA,Paid Social
10519,2024-01-29,,Email
2921,2024-01-29,TX,Paid Social
21219,2024-01-29,,Affiliate
18078,2024-01-29,WA,Paid Social
945,2024-01-29,NY,Organic Search
6964,2024-01-29,WA,Paid Social
8973,2024-01-29,NY,Organic Search
8460,2024-01-29,IL,Paid Social
27352,2024-01-29,NY,Paid Social
16045,2024-01-29,TX,Paid Social
7701,2024-01-29,,Affiliate
28051,2024-01-29,FL,Organic Search
13914,2024-01-29,GA,Referral
27670,2024-01-29,IL,Organic Search
19447,2024-01-29,,Affiliate
21675,2024-01-29,WA,Paid Social
27073,2024-01-29,FL,Paid Social
2187,2024-01-29,IL,Referral
27800,2024-01-29,CA,Email
29791,2024-01-29,TX,Affiliate
211,2024-01-29,WA,Paid Social
10070,2024-01-30,TX,Referral
20573,2024-01-30,FL,Organic Search
4320,2024-01-30,WA,Paid Social
29502,2024-01-30,NY,Organic Search
29476,2024-01-30,GA,Email
29608,2024-01-30,IL,Paid Social
9970,2024-01-30,FL,Organic Search
29382,2024-01-30,TX,Email
28550,2024-01-30,TX,Email
4105,2024-01-30,FL,Organic Search
21661,2024-01-30,CA,Organic Search
28682,2024-01-30,GA,Paid Social
7134,2024-01-30,WA,Organic Search
5096,2024-01-30,NY,Paid Social
5374,2024-01-30,TX,Email
13087,2024-01-30,CA,Paid Social
18595,2024-01-30,CA,Email
8487,2024-01-30,GA,Organic Search
19518,2024-01-30,WA,Organic Search
27843,2024-01-30,FL,Paid Social
16921,2024-01-30,IL,Paid Social
10845,2024-01-30,IL,Organic Search
15868,2024-01-30,NY,Affiliate
13083,2024-01-31,FL,Paid Social
19102,2024-01-31,FL,Organic Search
24561,2024-01-31,GA,Paid Social
21178,2024-01-31,NY,Email
29593,2024-01-31,GA,Paid Social
6209,2024-01-31,WA,Paid Social
17673,2024-01-31,IL,Email
28533,2024-01-31,TX,Affiliate
23919,2024-01-31,NY,Organic Search
1984,2024-01-31,IL,Paid Social
20377,2024-01-31,,Paid Social
29309,2024-01-31,FL,Referral
13571,2024-01-31,CA,Organic Search
17028,2024-01-31,IL,Email
17952,2024-01-31,TX,Paid Social
8293,2024-01-31,GA,Organic Search
6988,2024-01-31,IL,Paid Social
19763,2024-01-31,WA,Referral
12982,2024-01-31,CA,Paid Social
15917,2024-01-31,WA,Organic Search
4438,2024-01-31,NY,Email
8620,2024-01-31,NY,Organic Search
29751,2024-01-31,CA,Affiliate
