Date,ProductID,UnitsInStock,UnitsReceived
2020-08-01,1,495,0
2020-08-01,2,495,0
2020-08-01,3,500,0
2020-08-01,4,498,0
2020-08-01,5,492,0
2020-08-01,6,492,0
2020-08-01,7,499,0
2020-08-01,8,493,0
2020-08-01,9,495,0
2020-08-01,10,489,0
2020-08-01,11,496,0
2020-08-01,12,494,0
2020-08-01,13,494,0
2020-08-01,14,497,0
2020-08-01,15,494,0
2020-08-02,1,490,0
2020-08-02,2,492,0
2020-08-02,3,499,0
2020-08-02,4,498,0
2020-08-02,5,490,0
2020-08-02,6,487,0
2020-08-02,7,499,0
2020-08-02,8,490,0
2020-08-02,9,495,0
2020-08-02,10,488,0
2020-08-02,11,496,0
2020-08-02,12,491,0
2020-08-02,13,493,0
2020-08-02,14,494,0
2020-08-02,15,494,0
2020-08-03,1,485,0
2020-08-03,2,489,0
2020-08-03,3,496,0
2020-08-03,4,490,0
2020-08-03,5,487,0
2020-08-03,6,485,0
2020-08-03,7,496,0
2020-08-03,8,487,0
2020-08-03,9,493,0
2020-08-03,10,488,0
2020-08-03,11,495,0
2020-08-03,12,488,0
2020-08-03,13,490,0
2020-08-03,14,485,0
2020-08-03,15,492,0
2020-08-04,1,482,0
2020-08-04,2,485,0
2020-08-04,3,496,0
2020-08-04,4,490,0
2020-08-04,5,485,0
2020-08-04,6,479,0
2020-08-04,7,494,0
2020-08-04,8,487,0
2020-08-04,9,490,0
2020-08-04,10,484,0
2020-08-04,11,492,0
2020-08-04,12,488,0
2020-08-04,13,489,0
2020-08-04,14,483,0
2020-08-04,15,492,0
2020-08-05,1,473,0
2020-08-05,2,481,0
2020-08-05,3,490,0
2020-08-05,4,487,0
2020-08-05,5,481,0
2020-08-05,6,475,0
2020-08-05,7,487,0
2020-08-05,8,484,0
2020-08-05,9,486,0
2020-08-05,10,478,0
2020-08-05,11,489,0
2020-08-05,12,488,0
2020-08-05,13,482,0
2020-08-05,14,483,0
2020-08-05,15,487,0
2020-08-06,1,470,0
2020-08-06,2,480,0
2020-08-06,3,489,0
2020-08-06,4,484,0
2020-08-06,5,475,0
2020-08-06,6,473,0
2020-08-06,7,487,0
2020-08-06,8,484,0
2020-08-06,9,483,0
2020-08-06,10,478,0
2020-08-06,11,489,0
2020-08-06,12,488,0
2020-08-06,13,476,0
2020-08-06,14,483,0
2020-08-06,15,484,0
2020-08-07,1,470,0
2020-08-07,2,478,0
2020-08-07,3,489,0
2020-08-07,4,481,0
2020-08-07,5,470,0
2020-08-07,6,473,0
2020-08-07,7,486,0
2020-08-07,8,484,0
2020-08-07,9,483,0
2020-08-07,10,469,0
2020-08-07,11,483,0
2020-08-07,12,487,0
2020-08-07,13,476,0
2020-08-07,14,478,0
2020-08-07,15,484,0
2020-08-08,1,470,0
2020-08-08,2,473,0
2020-08-08,3,487,0
2020-08-08,4,479,0
2020-08-08,5,470,0
2020-08-08,6,470,0
2020-08-08,7,484,0
2020-08-08,8,479,0
2020-08-08,9,481,0
2020-08-08,10,468,0
2020-08-08,11,475,0
2020-08-08,12,487,0
2020-08-08,13,472,0
2020-08-08,14,474,0
2020-08-08,15,484,0
2020-08-09,1,456,0
2020-08-09,2,469,0
2020-08-09,3,481,0
2020-08-09,4,475,0
2020-08-09,5,470,0
2020-08-09,6,470,0
2020-08-09,7,484,0
2020-08-09,8,479,0
2020-08-09,9,479,0
2020-08-09,10,468,0
2020-08-09,11,475,0
2020-08-09,12,479,0
2020-08-09,13,471,0
2020-08-09,14,470,0
2020-08-09,15,481,0
2020-08-10,1,452,0
2020-08-10,2,464,0
2020-08-10,3,479,0
2020-08-10,4,475,0
2020-08-10,5,467,0
2020-08-10,6,470,0
2020-08-10,7,484,0
2020-08-10,8,475,0
2020-08-10,9,479,0
2020-08-10,10,468,0
2020-08-10,11,475,0
2020-08-10,12,477,0
2020-08-10,13,468,0
2020-08-10,14,470,0
2020-08-10,15,481,0
2020-08-11,1,443,0
2020-08-11,2,464,0
2020-08-11,3,476,0
2020-08-11,4,473,0
2020-08-11,5,462,0
2020-08-11,6,470,0
2020-08-11,7,481,0
2020-08-11,8,472,0
2020-08-11,9,473,0
2020-08-11,10,467,0
2020-08-11,11,472,0
2020-08-11,12,477,0
2020-08-11,13,468,0
2020-08-11,14,470,0
2020-08-11,15,480,0
2020-08-12,1,440,0
2020-08-12,2,460,0
2020-08-12,3,473,0
2020-08-12,4,471,0
2020-08-12,5,462,0
2020-08-12,6,465,0
2020-08-12,7,475,0
2020-08-12,8,471,0
2020-08-12,9,472,0
2020-08-12,10,464,0
2020-08-12,11,468,0
2020-08-12,12,470,0
2020-08-12,13,465,0
2020-08-12,14,433,0
2020-08-12,15,476,0
2020-08-13,1,431,0
2020-08-13,2,454,0
2020-08-13,3,471,0
2020-08-13,4,467,0
2020-08-13,5,455,0
2020-08-13,6,457,0
2020-08-13,7,475,0
2020-08-13,8,467,0
2020-08-13,9,466,0
2020-08-13,10,455,0
2020-08-13,11,468,0
2020-08-13,12,469,0
2020-08-13,13,461,0
2020-08-13,14,432,0
2020-08-13,15,474,0
2020-08-14,1,422,0
2020-08-14,2,451,0
2020-08-14,3,457,0
2020-08-14,4,466,0
2020-08-14,5,455,0
2020-08-14,6,454,0
2020-08-14,7,475,0
2020-08-14,8,463,0
2020-08-14,9,463,0
2020-08-14,10,451,0
2020-08-14,11,465,0
2020-08-14,12,466,0
2020-08-14,13,459,0
2020-08-14,14,429,0
2020-08-14,15,468,0
2020-08-15,1,417,0
2020-08-15,2,442,0
2020-08-15,3,456,0
2020-08-15,4,463,0
2020-08-15,5,452,0
2020-08-15,6,454,0
2020-08-15,7,472,0
2020-08-15,8,461,0
2020-08-15,9,460,0
2020-08-15,10,450,0
2020-08-15,11,465,0
2020-08-15,12,456,0
2020-08-15,13,454,0
2020-08-15,14,429,0
2020-08-15,15,464,0
2020-08-16,1,409,0
2020-08-16,2,437,0
2020-08-16,3,454,0
2020-08-16,4,459,0
2020-08-16,5,441,0
2020-08-16,6,448,0
2020-08-16,7,466,0
2020-08-16,8,459,0
2020-08-16,9,454,0
2020-08-16,10,444,0
2020-08-16,11,460,0
2020-08-16,12,448,0
2020-08-16,13,453,0
2020-08-16,14,426,0
2020-08-16,15,460,0
2020-08-17,1,405,0
2020-08-17,2,434,0
2020-08-17,3,453,0
2020-08-17,4,459,0
2020-08-17,5,438,0
2020-08-17,6,444,0
2020-08-17,7,465,0
2020-08-17,8,459,0
2020-08-17,9,451,0
2020-08-17,10,437,0
2020-08-17,11,458,0
2020-08-17,12,440,0
2020-08-17,13,451,0
2020-08-17,14,426,0
2020-08-17,15,460,0
2020-08-18,1,400,0
2020-08-18,2,413,0
2020-08-18,3,451,0
2020-08-18,4,458,0
2020-08-18,5,433,0
2020-08-18,6,444,0
2020-08-18,7,465,0
2020-08-18,8,456,0
2020-08-18,9,451,0
2020-08-18,10,437,0
2020-08-18,11,458,0
2020-08-18,12,437,0
2020-08-18,13,442,0
2020-08-18,14,424,0
2020-08-18,15,460,0
2020-08-19,1,389,0
2020-08-19,2,412,0
2020-08-19,3,449,0
2020-08-19,4,455,0
2020-08-19,5,426,0
2020-08-19,6,436,0
2020-08-19,7,464,0
2020-08-19,8,456,0
2020-08-19,9,449,0
2020-08-19,10,434,0
2020-08-19,11,457,0
2020-08-19,12,430,0
2020-08-19,13,437,0
2020-08-19,14,420,0
2020-08-19,15,458,0
2020-08-20,1,389,0
2020-08-20,2,405,0
2020-08-20,3,444,0
2020-08-20,4,455,0
2020-08-20,5,421,0
2020-08-20,6,432,0
2020-08-20,7,463,0
2020-08-20,8,454,0
2020-08-20,9,444,0
2020-08-20,10,431,0
2020-08-20,11,452,0
2020-08-20,12,429,0
2020-08-20,13,435,0
2020-08-20,14,418,0
2020-08-20,15,458,0
2020-08-21,1,383,0
2020-08-21,2,405,0
2020-08-21,3,443,0
2020-08-21,4,454,0
2020-08-21,5,417,0
2020-08-21,6,426,0
2020-08-21,7,460,0
2020-08-21,8,452,0
2020-08-21,9,441,0
2020-08-21,10,431,0
2020-08-21,11,450,0
2020-08-21,12,426,0
2020-08-21,13,432,0
2020-08-21,14,416,0
2020-08-21,15,451,0
2020-08-22,1,380,0
2020-08-22,2,401,0
2020-08-22,3,441,0
2020-08-22,4,453,0
2020-08-22,5,414,0
2020-08-22,6,424,0
2020-08-22,7,455,0
2020-08-22,8,452,0
2020-08-22,9,436,0
2020-08-22,10,427,0
2020-08-22,11,447,0
2020-08-22,12,423,0
2020-08-22,13,430,0
2020-08-22,14,416,0
2020-08-22,15,444,0
2020-08-23,1,375,0
2020-08-23,2,387,0
2020-08-23,3,434,0
2020-08-23,4,448,0
2020-08-23,5,411,0
2020-08-23,6,424,0
2020-08-23,7,455,0
2020-08-23,8,452,0
2020-08-23,9,433,0
2020-08-23,10,421,0
2020-08-23,11,444,0
2020-08-23,12,423,0
2020-08-23,13,426,0
2020-08-23,14,414,0
2020-08-23,15,441,0
2020-08-24,1,372,0
2020-08-24,2,379,0
2020-08-24,3,429,0
2020-08-24,4,448,0
2020-08-24,5,408,0
2020-08-24,6,423,0
2020-08-24,7,453,0
2020-08-24,8,448,0
2020-08-24,9,433,0
2020-08-24,10,419,0
2020-08-24,11,438,0
2020-08-24,12,421,0
2020-08-24,13,426,0
2020-08-24,14,414,0
2020-08-24,15,437,0
2020-08-25,1,370,0
2020-08-25,2,371,0
2020-08-25,3,421,0
2020-08-25,4,442,0
2020-08-25,5,404,0
2020-08-25,6,423,0
2020-08-25,7,452,0
2020-08-25,8,447,0
2020-08-25,9,433,0
2020-08-25,10,418,0
2020-08-25,11,435,0
2020-08-25,12,419,0
2020-08-25,13,425,0
2020-08-25,14,409,0
2020-08-25,15,434,0
2020-08-26,1,366,0
2020-08-26,2,361,0
2020-08-26,3,416,0
2020-08-26,4,441,0
2020-08-26,5,404,0
2020-08-26,6,421,0
2020-08-26,7,450,0
2020-08-26,8,442,0
2020-08-26,9,432,0
2020-08-26,10,416,0
2020-08-26,11,432,0
2020-08-26,12,415,0
2020-08-26,13,420,0
2020-08-26,14,409,0
2020-08-26,15,424,0
2020-08-27,1,362,0
2020-08-27,2,359,0
2020-08-27,3,416,0
2020-08-27,4,438,0
2020-08-27,5,398,0
2020-08-27,6,410,0
2020-08-27,7,443,0
2020-08-27,8,437,0
2020-08-27,9,431,0
2020-08-27,10,413,0
2020-08-27,11,432,0
2020-08-27,12,415,0
2020-08-27,13,414,0
2020-08-27,14,404,0
2020-08-27,15,424,0
2020-08-28,1,361,0
2020-08-28,2,353,0
2020-08-28,3,415,0
2020-08-28,4,438,0
2020-08-28,5,398,0
2020-08-28,6,410,0
2020-08-28,7,441,0
2020-08-28,8,437,0
2020-08-28,9,429,0
2020-08-28,10,413,0
2020-08-28,11,430,0
2020-08-28,12,415,0
2020-08-28,13,414,0
2020-08-28,14,404,0
2020-08-28,15,421,0
2020-08-29,1,357,0
2020-08-29,2,350,0
2020-08-29,3,413,0
2020-08-29,4,438,0
2020-08-29,5,395,0
2020-08-29,6,404,0
2020-08-29,7,437,0
2020-08-29,8,434,0
2020-08-29,9,429,0
2020-08-29,10,411,0
2020-08-29,11,429,0
2020-08-29,12,413,0
2020-08-29,13,413,0
2020-08-29,14,398,0
2020-08-29,15,418,0
2020-08-30,1,350,0
2020-08-30,2,350,0
2020-08-30,3,410,0
2020-08-30,4,433,0
2020-08-30,5,395,0
2020-08-30,6,403,0
2020-08-30,7,431,0
2020-08-30,8,429,0
2020-08-30,9,423,0
2020-08-30,10,411,0
2020-08-30,11,429,0
2020-08-30,12,412,0
2020-08-30,13,406,0
2020-08-30,14,395,0
2020-08-30,15,415,0
2020-08-31,1,350,0
2020-08-31,2,350,0
2020-08-31,3,407,0
2020-08-31,4,432,0
2020-08-31,5,393,0
2020-08-31,6,398,0
2020-08-31,7,428,0
2020-08-31,8,426,0
2020-08-31,9,423,0
2020-08-31,10,404,0
2020-08-31,11,427,0
2020-08-31,12,411,0
2020-08-31,13,404,0
2020-08-31,14,387,0
2020-08-31,15,413,0
2020-09-01,1,345,0
2020-09-01,2,341,0
2020-09-01,3,404,0
2020-09-01,4,422,0
2020-09-01,5,391,0
2020-09-01,6,390,0
2020-09-01,7,422,0
2020-09-01,8,424,0
2020-09-01,9,423,0
2020-09-01,10,403,0
2020-09-01,11,426,0
2020-09-01,12,408,0
2020-09-01,13,397,0
2020-09-01,14,387,0
2020-09-01,15,405,0
2020-09-02,1,343,0
2020-09-02,2,330,0
2020-09-02,3,403,0
2020-09-02,4,415,0
2020-09-02,5,391,0
2020-09-02,6,386,0
2020-09-02,7,420,0
2020-09-02,8,421,0
2020-09-02,9,421,0
2020-09-02,10,400,0
2020-09-02,11,420,0
2020-09-02,12,408,0
2020-09-02,13,390,0
2020-09-02,14,385,0
2020-09-02,15,398,0
2020-09-03,1,339,0
2020-09-03,2,320,0
2020-09-03,3,397,0
2020-09-03,4,413,0
2020-09-03,5,380,0
2020-09-03,6,382,0
2020-09-03,7,414,0
2020-09-03,8,414,0
2020-09-03,9,418,0
2020-09-03,10,387,0
2020-09-03,11,414,0
2020-09-03,12,399,0
2020-09-03,13,388,0
2020-09-03,14,380,0
2020-09-03,15,398,0
2020-09-04,1,335,0
2020-09-04,2,314,0
2020-09-04,3,397,0
2020-09-04,4,413,0
2020-09-04,5,380,0
2020-09-04,6,379,0
2020-09-04,7,414,0
2020-09-04,8,412,0
2020-09-04,9,412,0
2020-09-04,10,385,0
2020-09-04,11,411,0
2020-09-04,12,399,0
2020-09-04,13,385,0
2020-09-04,14,376,0
2020-09-04,15,395,0
2020-09-05,1,335,0
2020-09-05,2,303,0
2020-09-05,3,391,0
2020-09-05,4,413,0
2020-09-05,5,377,0
2020-09-05,6,379,0
2020-09-05,7,407,0
2020-09-05,8,404,0
2020-09-05,9,407,0
2020-09-05,10,378,0
2020-09-05,11,409,0
2020-09-05,12,396,0
2020-09-05,13,376,0
2020-09-05,14,372,0
2020-09-05,15,394,0
2020-09-06,1,324,0
2020-09-06,2,298,0
2020-09-06,3,387,0
2020-09-06,4,407,0
2020-09-06,5,376,0
2020-09-06,6,372,0
2020-09-06,7,405,0
2020-09-06,8,400,0
2020-09-06,9,404,0
2020-09-06,10,375,0
2020-09-06,11,405,0
2020-09-06,12,394,0
2020-09-06,13,366,0
2020-09-06,14,361,0
2020-09-06,15,392,0
2020-09-07,1,321,0
2020-09-07,2,295,0
2020-09-07,3,381,0
2020-09-07,4,403,0
2020-09-07,5,373,0
2020-09-07,6,361,0
2020-09-07,7,402,0
2020-09-07,8,398,0
2020-09-07,9,403,0
2020-09-07,10,373,0
2020-09-07,11,399,0
2020-09-07,12,391,0
2020-09-07,13,362,0
2020-09-07,14,361,0
2020-09-07,15,387,0
2020-09-08,1,310,0
2020-09-08,2,291,0
2020-09-08,3,369,0
2020-09-08,4,396,0
2020-09-08,5,370,0
2020-09-08,6,355,0
2020-09-08,7,397,0
2020-09-08,8,394,0
2020-09-08,9,401,0
2020-09-08,10,367,0
2020-09-08,11,387,0
2020-09-08,12,390,0
2020-09-08,13,362,0
2020-09-08,14,352,0
2020-09-08,15,387,0
2020-09-09,1,303,0
2020-09-09,2,288,0
2020-09-09,3,363,0
2020-09-09,4,387,0
2020-09-09,5,363,0
2020-09-09,6,353,0
2020-09-09,7,392,0
2020-09-09,8,392,0
2020-09-09,9,394,0
2020-09-09,10,365,0
2020-09-09,11,383,0
2020-09-09,12,385,0
2020-09-09,13,348,0
2020-09-09,14,350,0
2020-09-09,15,381,0
2020-09-10,1,296,0
2020-09-10,2,283,0
2020-09-10,3,360,0
2020-09-10,4,385,0
2020-09-10,5,361,0
2020-09-10,6,351,0
2020-09-10,7,387,0
2020-09-10,8,385,0
2020-09-10,9,394,0
2020-09-10,10,360,0
2020-09-10,11,375,0
2020-09-10,12,379,0
2020-09-10,13,346,0
2020-09-10,14,349,0
2020-09-10,15,374,0
2020-09-11,1,288,0
2020-09-11,2,281,0
2020-09-11,3,357,0
2020-09-11,4,378,0
2020-09-11,5,357,0
2020-09-11,6,348,0
2020-09-11,7,387,0
2020-09-11,8,385,0
2020-09-11,9,393,0
2020-09-11,10,358,0
2020-09-11,11,375,0
2020-09-11,12,374,0
2020-09-11,13,340,0
2020-09-11,14,348,0
2020-09-11,15,339,0
2020-09-12,1,276,0
2020-09-12,2,275,0
2020-09-12,3,353,0
2020-09-12,4,375,0
2020-09-12,5,353,0
2020-09-12,6,347,0
2020-09-12,7,384,0
2020-09-12,8,382,0
2020-09-12,9,393,0
2020-09-12,10,354,0
2020-09-12,11,372,0
2020-09-12,12,365,0
2020-09-12,13,333,0
2020-09-12,14,346,0
2020-09-12,15,339,0
2020-09-13,1,267,0
2020-09-13,2,257,0
2020-09-13,3,352,0
2020-09-13,4,369,0
2020-09-13,5,353,0
2020-09-13,6,347,0
2020-09-13,7,380,0
2020-09-13,8,379,0
2020-09-13,9,390,0
2020-09-13,10,351,0
2020-09-13,11,369,0
2020-09-13,12,355,0
2020-09-13,13,324,0
2020-09-13,14,346,0
2020-09-13,15,334,0
2020-09-14,1,261,0
2020-09-14,2,254,0
2020-09-14,3,307,0
2020-09-14,4,369,0
2020-09-14,5,349,0
2020-09-14,6,343,0
2020-09-14,7,376,0
2020-09-14,8,379,0
2020-09-14,9,390,0
2020-09-14,10,344,0
2020-09-14,11,364,0
2020-09-14,12,355,0
2020-09-14,13,324,0
2020-09-14,14,346,0
2020-09-14,15,334,0
2020-09-15,1,258,0
2020-09-15,2,251,0
2020-09-15,3,304,0
2020-09-15,4,367,0
2020-09-15,5,346,0
2020-09-15,6,332,0
2020-09-15,7,376,0
2020-09-15,8,379,0
2020-09-15,9,384,0
2020-09-15,10,342,0
2020-09-15,11,362,0
2020-09-15,12,351,0
2020-09-15,13,323,0
2020-09-15,14,344,0
2020-09-15,15,332,0
2020-09-16,1,253,0
2020-09-16,2,243,0
2020-09-16,3,304,0
2020-09-16,4,364,0
2020-09-16,5,337,0
2020-09-16,6,329,0
2020-09-16,7,376,0
2020-09-16,8,378,0
2020-09-16,9,382,0
2020-09-16,10,334,0
2020-09-16,11,355,0
2020-09-16,12,347,0
2020-09-16,13,319,0
2020-09-16,14,340,0
2020-09-16,15,327,0
2020-09-17,1,248,0
2020-09-17,2,239,0
2020-09-17,3,301,0
2020-09-17,4,361,0
2020-09-17,5,336,0
2020-09-17,6,329,0
2020-09-17,7,375,0
2020-09-17,8,369,0
2020-09-17,9,375,0
2020-09-17,10,331,0
2020-09-17,11,351,0
2020-09-17,12,347,0
2020-09-17,13,319,0
2020-09-17,14,340,0
2020-09-17,15,327,0
2020-09-18,1,248,0
2020-09-18,2,227,0
2020-09-18,3,295,0
2020-09-18,4,360,0
2020-09-18,5,329,0
2020-09-18,6,324,0
2020-09-18,7,372,0
2020-09-18,8,362,0
2020-09-18,9,373,0
2020-09-18,10,324,0
2020-09-18,11,341,0
2020-09-18,12,345,0
2020-09-18,13,309,0
2020-09-18,14,333,0
2020-09-18,15,321,0
2020-09-19,1,243,0
2020-09-19,2,223,0
2020-09-19,3,288,0
2020-09-19,4,359,0
2020-09-19,5,324,0
2020-09-19,6,318,0
2020-09-19,7,370,0
2020-09-19,8,359,0
2020-09-19,9,365,0
2020-09-19,10,283,0
2020-09-19,11,338,0
2020-09-19,12,339,0
2020-09-19,13,309,0
2020-09-19,14,328,0
2020-09-19,15,320,0
2020-09-20,1,236,0
2020-09-20,2,184,0
2020-09-20,3,285,0
2020-09-20,4,348,0
2020-09-20,5,319,0
2020-09-20,6,314,0
2020-09-20,7,367,0
2020-09-20,8,352,0
2020-09-20,9,364,0
2020-09-20,10,283,0
2020-09-20,11,329,0
2020-09-20,12,338,0
2020-09-20,13,304,0
2020-09-20,14,327,0
2020-09-20,15,316,0
2020-09-21,1,236,0
2020-09-21,2,180,0
2020-09-21,3,284,0
2020-09-21,4,347,0
2020-09-21,5,319,0
2020-09-21,6,314,0
2020-09-21,7,367,0
2020-09-21,8,351,0
2020-09-21,9,362,0
2020-09-21,10,279,0
2020-09-21,11,326,0
2020-09-21,12,338,0
2020-09-21,13,303,0
2020-09-21,14,321,0
2020-09-21,15,316,0
2020-09-22,1,222,0
2020-09-22,2,175,0
2020-09-22,3,264,0
2020-09-22,4,347,0
2020-09-22,5,316,0
2020-09-22,6,310,0
2020-09-22,7,363,0
2020-09-22,8,345,0
2020-09-22,9,355,0
2020-09-22,10,279,0
2020-09-22,11,319,0
2020-09-22,12,331,0
2020-09-22,13,300,0
2020-09-22,14,321,0
2020-09-22,15,312,0
2020-09-23,1,213,0
2020-09-23,2,169,0
2020-09-23,3,260,0
2020-09-23,4,343,0
2020-09-23,5,307,0
2020-09-23,6,304,0
2020-09-23,7,360,0
2020-09-23,8,345,0
2020-09-23,9,354,0
2020-09-23,10,275,0
2020-09-23,11,315,0
2020-09-23,12,328,0
2020-09-23,13,292,0
2020-09-23,14,313,0
2020-09-23,15,312,0
2020-09-24,1,196,0
2020-09-24,2,164,0
2020-09-24,3,256,0
2020-09-24,4,342,0
2020-09-24,5,303,0
2020-09-24,6,301,0
2020-09-24,7,358,0
2020-09-24,8,338,0
2020-09-24,9,350,0
2020-09-24,10,268,0
2020-09-24,11,314,0
2020-09-24,12,324,0
2020-09-24,13,288,0
2020-09-24,14,309,0
2020-09-24,15,309,0
2020-09-25,1,194,0
2020-09-25,2,156,0
2020-09-25,3,254,0
2020-09-25,4,337,0
2020-09-25,5,300,0
2020-09-25,6,299,0
2020-09-25,7,358,0
2020-09-25,8,332,0
2020-09-25,9,346,0
2020-09-25,10,263,0
2020-09-25,11,308,0
2020-09-25,12,322,0
2020-09-25,13,282,0
2020-09-25,14,297,0
2020-09-25,15,305,0
2020-09-26,1,188,0
2020-09-26,2,151,0
2020-09-26,3,251,0
2020-09-26,4,337,0
2020-09-26,5,297,0
2020-09-26,6,294,0
2020-09-26,7,352,0
2020-09-26,8,330,0
2020-09-26,9,344,0
2020-09-26,10,260,0
2020-09-26,11,305,0
2020-09-26,12,322,0
2020-09-26,13,282,0
2020-09-26,14,297,0
2020-09-26,15,303,0
2020-09-27,1,181,0
2020-09-27,2,142,0
2020-09-27,3,240,0
2020-09-27,4,337,0
2020-09-27,5,294,0
2020-09-27,6,292,0
2020-09-27,7,340,0
2020-09-27,8,319,0
2020-09-27,9,336,0
2020-09-27,10,257,0
2020-09-27,11,303,0
2020-09-27,12,320,0
2020-09-27,13,279,0
2020-09-27,14,293,0
2020-09-27,15,301,0
2020-09-28,1,178,0
2020-09-28,2,138,0
2020-09-28,3,239,0
2020-09-28,4,335,0
2020-09-28,5,287,0
2020-09-28,6,290,0
2020-09-28,7,340,0
2020-09-28,8,316,0
2020-09-28,9,335,0
2020-09-28,10,250,0
2020-09-28,11,296,0
2020-09-28,12,318,0
2020-09-28,13,277,0
2020-09-28,14,251,0
2020-09-28,15,301,0
2020-09-29,1,169,0
2020-09-29,2,136,0
2020-09-29,3,239,0
2020-09-29,4,327,0
2020-09-29,5,284,0
2020-09-29,6,288,0
2020-09-29,7,336,0
2020-09-29,8,314,0
2020-09-29,9,327,0
2020-09-29,10,248,0
2020-09-29,11,293,0
2020-09-29,12,311,0
2020-09-29,13,267,0
2020-09-29,14,247,0
2020-09-29,15,294,0
2020-09-30,1,164,0
2020-09-30,2,132,0
2020-09-30,3,236,0
2020-09-30,4,327,0
2020-09-30,5,282,0
2020-09-30,6,285,0
2020-09-30,7,332,0
2020-09-30,8,310,0
2020-09-30,9,324,0
2020-09-30,10,247,0
2020-09-30,11,293,0
2020-09-30,12,309,0
2020-09-30,13,263,0
2020-09-30,14,244,0
2020-09-30,15,294,0
2020-10-01,1,158,0
2020-10-01,2,125,0
2020-10-01,3,233,0
2020-10-01,4,324,0
2020-10-01,5,280,0
2020-10-01,6,275,0
2020-10-01,7,332,0
2020-10-01,8,306,0
2020-10-01,9,314,0
2020-10-01,10,244,0
2020-10-01,11,288,0
2020-10-01,12,307,0
2020-10-01,13,263,0
2020-10-01,14,244,0
2020-10-01,15,293,0
2020-10-02,1,156,0
2020-10-02,2,125,0
2020-10-02,3,233,0
2020-10-02,4,316,0
2020-10-02,5,279,0
2020-10-02,6,274,0
2020-10-02,7,329,0
2020-10-02,8,303,0
2020-10-02,9,314,0
2020-10-02,10,240,0
2020-10-02,11,285,0
2020-10-02,12,304,0
2020-10-02,13,262,0
2020-10-02,14,239,0
2020-10-02,15,285,0
2020-10-03,1,155,0
2020-10-03,2,113,0
2020-10-03,3,229,0
2020-10-03,4,310,0
2020-10-03,5,275,0
2020-10-03,6,231,0
2020-10-03,7,326,0
2020-10-03,8,302,0
2020-10-03,9,313,0
2020-10-03,10,237,0
2020-10-03,11,277,0
2020-10-03,12,297,0
2020-10-03,13,213,0
2020-10-03,14,230,0
2020-10-03,15,282,0
2020-10-04,1,155,0
2020-10-04,2,108,0
2020-10-04,3,228,0
2020-10-04,4,310,0
2020-10-04,5,274,0
2020-10-04,6,231,0
2020-10-04,7,320,0
2020-10-04,8,300,0
2020-10-04,9,312,0
2020-10-04,10,237,0
2020-10-04,11,276,0
2020-10-04,12,292,0
2020-10-04,13,212,0
2020-10-04,14,227,0
2020-10-04,15,275,0
2020-10-05,1,152,0
2020-10-05,2,106,0
2020-10-05,3,227,0
2020-10-05,4,309,0
2020-10-05,5,269,0
2020-10-05,6,228,0
2020-10-05,7,318,0
2020-10-05,8,298,0
2020-10-05,9,306,0
2020-10-05,10,237,0
2020-10-05,11,276,0
2020-10-05,12,289,0
2020-10-05,13,203,0
2020-10-05,14,224,0
2020-10-05,15,268,0
2020-10-06,1,150,0
2020-10-06,2,69,0
2020-10-06,3,225,0
2020-10-06,4,308,0
2020-10-06,5,266,0
2020-10-06,6,228,0
2020-10-06,7,313,0
2020-10-06,8,298,0
2020-10-06,9,301,0
2020-10-06,10,236,0
2020-10-06,11,273,0
2020-10-06,12,284,0
2020-10-06,13,198,0
2020-10-06,14,223,0
2020-10-06,15,265,0
2020-10-07,1,143,0
2020-10-07,2,65,0
2020-10-07,3,223,0
2020-10-07,4,301,0
2020-10-07,5,266,0
2020-10-07,6,220,0
2020-10-07,7,313,0
2020-10-07,8,298,0
2020-10-07,9,301,0
2020-10-07,10,235,0
2020-10-07,11,270,0
2020-10-07,12,284,0
2020-10-07,13,195,0
2020-10-07,14,219,0
2020-10-07,15,263,0
2020-10-08,1,136,0
2020-10-08,2,63,0
2020-10-08,3,220,0
2020-10-08,4,297,0
2020-10-08,5,258,0
2020-10-08,6,220,0
2020-10-08,7,308,0
2020-10-08,8,298,0
2020-10-08,9,297,0
2020-10-08,10,232,0
2020-10-08,11,270,0
2020-10-08,12,282,0
2020-10-08,13,193,0
2020-10-08,14,217,0
2020-10-08,15,263,0
2020-10-09,1,126,0
2020-10-09,2,60,0
2020-10-09,3,216,0
2020-10-09,4,293,0
2020-10-09,5,248,0
2020-10-09,6,218,0
2020-10-09,7,303,0
2020-10-09,8,292,0
2020-10-09,9,293,0
2020-10-09,10,229,0
2020-10-09,11,266,0
2020-10-09,12,279,0
2020-10-09,13,191,0
2020-10-09,14,214,0
2020-10-09,15,261,0
2020-10-10,1,117,0
2020-10-10,2,50,0
2020-10-10,3,216,0
2020-10-10,4,293,0
2020-10-10,5,239,0
2020-10-10,6,212,0
2020-10-10,7,300,0
2020-10-10,8,288,0
2020-10-10,9,291,0
2020-10-10,10,224,0
2020-10-10,11,263,0
2020-10-10,12,279,0
2020-10-10,13,191,0
2020-10-10,14,210,0
2020-10-10,15,261,0
2020-10-11,1,117,0
2020-10-11,2,643,600
2020-10-11,3,210,0
2020-10-11,4,288,0
2020-10-11,5,239,0
2020-10-11,6,210,0
2020-10-11,7,297,0
2020-10-11,8,287,0
2020-10-11,9,288,0
2020-10-11,10,220,0
2020-10-11,11,262,0
2020-10-11,12,274,0
2020-10-11,13,186,0
2020-10-11,14,205,0
2020-10-11,15,258,0
2020-10-12,1,114,0
2020-10-12,2,632,0
2020-10-12,3,208,0
2020-10-12,4,285,0
2020-10-12,5,234,0
2020-10-12,6,208,0
2020-10-12,7,295,0
2020-10-12,8,285,0
2020-10-12,9,279,0
2020-10-12,10,196,0
2020-10-12,11,230,0
2020-10-12,12,270,0
2020-10-12,13,186,0
2020-10-12,14,203,0
2020-10-12,15,253,0
2020-10-13,1,114,0
2020-10-13,2,630,0
2020-10-13,3,205,0
2020-10-13,4,281,0
2020-10-13,5,230,0
2020-10-13,6,201,0
2020-10-13,7,291,0
2020-10-13,8,284,0
2020-10-13,9,275,0
2020-10-13,10,194,0
2020-10-13,11,226,0
2020-10-13,12,270,0
2020-10-13,13,183,0
2020-10-13,14,190,0
2020-10-13,15,246,0
2020-10-14,1,111,0
2020-10-14,2,629,0
2020-10-14,3,205,0
2020-10-14,4,277,0
2020-10-14,5,227,0
2020-10-14,6,200,0
2020-10-14,7,290,0
2020-10-14,8,276,0
2020-10-14,9,275,0
2020-10-14,10,193,0
2020-10-14,11,226,0
2020-10-14,12,270,0
2020-10-14,13,182,0
2020-10-14,14,187,0
2020-10-14,15,246,0
2020-10-15,1,101,0
2020-10-15,2,629,0
2020-10-15,3,205,0
2020-10-15,4,277,0
2020-10-15,5,222,0
2020-10-15,6,199,0
2020-10-15,7,286,0
2020-10-15,8,271,0
2020-10-15,9,272,0
2020-10-15,10,193,0
2020-10-15,11,220,0
2020-10-15,12,266,0
2020-10-15,13,180,0
2020-10-15,14,187,0
2020-10-15,15,241,0
2020-10-16,1,89,0
2020-10-16,2,628,0
2020-10-16,3,198,0
2020-10-16,4,272,0
2020-10-16,5,217,0
2020-10-16,6,192,0
2020-10-16,7,283,0
2020-10-16,8,265,0
2020-10-16,9,270,0
2020-10-16,10,190,0
2020-10-16,11,219,0
2020-10-16,12,263,0
2020-10-16,13,177,0
2020-10-16,14,181,0
2020-10-16,15,238,0
2020-10-17,1,85,0
2020-10-17,2,620,0
2020-10-17,3,195,0
2020-10-17,4,269,0
2020-10-17,5,211,0
2020-10-17,6,185,0
2020-10-17,7,281,0
2020-10-17,8,259,0
2020-10-17,9,267,0
2020-10-17,10,186,0
2020-10-17,11,217,0
2020-10-17,12,262,0
2020-10-17,13,172,0
2020-10-17,14,163,0
2020-10-17,15,236,0
2020-10-18,1,82,0
2020-10-18,2,618,0
2020-10-18,3,193,0
2020-10-18,4,264,0
2020-10-18,5,211,0
2020-10-18,6,181,0
2020-10-18,7,281,0
2020-10-18,8,259,0
2020-10-18,9,266,0
2020-10-18,10,181,0
2020-10-18,11,214,0
2020-10-18,12,258,0
2020-10-18,13,167,0
2020-10-18,14,163,0
2020-10-18,15,230,0
2020-10-19,1,81,0
2020-10-19,2,618,0
2020-10-19,3,193,0
2020-10-19,4,259,0
2020-10-19,5,209,0
2020-10-19,6,178,0
2020-10-19,7,275,0
2020-10-19,8,258,0
2020-10-19,9,261,0
2020-10-19,10,181,0
2020-10-19,11,209,0
2020-10-19,12,254,0
2020-10-19,13,165,0
2020-10-19,14,162,0
2020-10-19,15,220,0
2020-10-20,1,68,0
2020-10-20,2,609,0
2020-10-20,3,190,0
2020-10-20,4,255,0
2020-10-20,5,209,0
2020-10-20,6,176,0
2020-10-20,7,266,0
2020-10-20,8,255,0
2020-10-20,9,260,0
2020-10-20,10,178,0
2020-10-20,11,202,0
2020-10-20,12,254,0
2020-10-20,13,165,0
2020-10-20,14,159,0
2020-10-20,15,216,0
2020-10-21,1,63,0
2020-10-21,2,609,0
2020-10-21,3,187,0
2020-10-21,4,247,0
2020-10-21,5,207,0
2020-10-21,6,174,0
2020-10-21,7,265,0
2020-10-21,8,251,0
2020-10-21,9,255,0
2020-10-21,10,172,0
2020-10-21,11,192,0
2020-10-21,12,248,0
2020-10-21,13,162,0
2020-10-21,14,158,0
2020-10-21,15,212,0
2020-10-22,1,60,0
2020-10-22,2,603,0
2020-10-22,3,178,0
2020-10-22,4,246,0
2020-10-22,5,160,0
2020-10-22,6,168,0
2020-10-22,7,260,0
2020-10-22,8,249,0
2020-10-22,9,249,0
2020-10-22,10,172,0
2020-10-22,11,192,0
2020-10-22,12,243,0
2020-10-22,13,158,0
2020-10-22,14,157,0
2020-10-22,15,212,0
2020-10-23,1,49,0
2020-10-23,2,594,0
2020-10-23,3,172,0
2020-10-23,4,244,0
2020-10-23,5,156,0
2020-10-23,6,162,0
2020-10-23,7,260,0
2020-10-23,8,236,0
2020-10-23,9,236,0
2020-10-23,10,164,0
2020-10-23,11,184,0
2020-10-23,12,240,0
2020-10-23,13,155,0
2020-10-23,14,150,0
2020-10-23,15,210,0
2020-10-24,1,44,0
2020-10-24,2,582,0
2020-10-24,3,168,0
2020-10-24,4,242,0
2020-10-24,5,154,0
2020-10-24,6,160,0
2020-10-24,7,253,0
2020-10-24,8,229,0
2020-10-24,9,230,0
2020-10-24,10,164,0
2020-10-24,11,183,0
2020-10-24,12,235,0
2020-10-24,13,147,0
2020-10-24,14,146,0
2020-10-24,15,201,0
2020-10-25,1,44,0
2020-10-25,2,578,0
2020-10-25,3,163,0
2020-10-25,4,239,0
2020-10-25,5,154,0
2020-10-25,6,158,0
2020-10-25,7,253,0
2020-10-25,8,221,0
2020-10-25,9,220,0
2020-10-25,10,160,0
2020-10-25,11,177,0
2020-10-25,12,235,0
2020-10-25,13,145,0
2020-10-25,14,144,0
2020-10-25,15,194,0
2020-10-26,1,36,0
2020-10-26,2,566,0
2020-10-26,3,160,0
2020-10-26,4,239,0
2020-10-26,5,153,0
2020-10-26,6,152,0
2020-10-26,7,248,0
2020-10-26,8,219,0
2020-10-26,9,214,0
2020-10-26,10,158,0
2020-10-26,11,175,0
2020-10-26,12,231,0
2020-10-26,13,139,0
2020-10-26,14,143,0
2020-10-26,15,192,0
2020-10-27,1,27,0
2020-10-27,2,563,0
2020-10-27,3,157,0
2020-10-27,4,232,0
2020-10-27,5,150,0
2020-10-27,6,147,0
2020-10-27,7,244,0
2020-10-27,8,219,0
2020-10-27,9,213,0
2020-10-27,10,155,0
2020-10-27,11,175,0
2020-10-27,12,225,0
2020-10-27,13,138,0
2020-10-27,14,142,0
2020-10-27,15,185,0
2020-10-28,1,620,600
2020-10-28,2,559,0
2020-10-28,3,153,0
2020-10-28,4,226,0
2020-10-28,5,148,0
2020-10-28,6,142,0
2020-10-28,7,241,0
2020-10-28,8,215,0
2020-10-28,9,207,0
2020-10-28,10,151,0
2020-10-28,11,172,0
2020-10-28,12,218,0
2020-10-28,13,138,0
2020-10-28,14,139,0
2020-10-28,15,184,0
2020-10-29,1,617,0
2020-10-29,2,550,0
2020-10-29,3,152,0
2020-10-29,4,225,0
2020-10-29,5,138,0
2020-10-29,6,137,0
2020-10-29,7,241,0
2020-10-29,8,211,0
2020-10-29,9,206,0
2020-10-29,10,150,0
2020-10-29,11,170,0
2020-10-29,12,218,0
2020-10-29,13,131,0
2020-10-29,14,139,0
2020-10-29,15,181,0
2020-10-30,1,614,0
2020-10-30,2,542,0
2020-10-30,3,152,0
2020-10-30,4,215,0
2020-10-30,5,135,0
2020-10-30,6,137,0
2020-10-30,7,241,0
2020-10-30,8,208,0
2020-10-30,9,201,0
2020-10-30,10,146,0
2020-10-30,11,164,0
2020-10-30,12,218,0
2020-10-30,13,126,0
2020-10-30,14,136,0
2020-10-30,15,181,0
2020-10-31,1,603,0
2020-10-31,2,530,0
2020-10-31,3,150,0
2020-10-31,4,213,0
2020-10-31,5,126,0
2020-10-31,6,132,0
2020-10-31,7,239,0
2020-10-31,8,203,0
2020-10-31,9,192,0
2020-10-31,10,145,0
2020-10-31,11,155,0
2020-10-31,12,215,0
2020-10-31,13,124,0
2020-10-31,14,130,0
2020-10-31,15,177,0
2020-11-01,1,599,0
2020-11-01,2,513,0
2020-11-01,3,150,0
2020-11-01,4,207,0
2020-11-01,5,116,0
2020-11-01,6,126,0
2020-11-01,7,228,0
2020-11-01,8,186,0
2020-11-01,9,182,0
2020-11-01,10,140,0
2020-11-01,11,145,0
2020-11-01,12,206,0
2020-11-01,13,110,0
2020-11-01,14,119,0
2020-11-01,15,158,0
2020-11-02,1,588,0
2020-11-02,2,504,0
2020-11-02,3,140,0
2020-11-02,4,192,0
2020-11-02,5,114,0
2020-11-02,6,118,0
2020-11-02,7,217,0
2020-11-02,8,172,0
2020-11-02,9,178,0
2020-11-02,10,130,0
2020-11-02,11,145,0
2020-11-02,12,206,0
2020-11-02,13,103,0
2020-11-02,14,102,0
2020-11-02,15,151,0
2020-11-03,1,580,0
2020-11-03,2,454,0
2020-11-03,3,127,0
2020-11-03,4,189,0
2020-11-03,5,107,0
2020-11-03,6,106,0
2020-11-03,7,207,0
2020-11-03,8,130,0
2020-11-03,9,173,0
2020-11-03,10,110,0
2020-11-03,11,128,0
2020-11-03,12,202,0
2020-11-03,13,691,600
2020-11-03,14,92,0
2020-11-03,15,149,0
2020-11-04,1,576,0
2020-11-04,2,440,0
2020-11-04,3,122,0
2020-11-04,4,184,0
2020-11-04,5,100,0
2020-11-04,6,98,0
2020-11-04,7,199,0
2020-11-04,8,128,0
2020-11-04,9,170,0
2020-11-04,10,104,0
2020-11-04,11,120,0
2020-11-04,12,202,0
2020-11-04,13,687,0
2020-11-04,14,87,0
2020-11-04,15,142,0
2020-11-05,1,560,0
2020-11-05,2,422,0
2020-11-05,3,115,0
2020-11-05,4,169,0
2020-11-05,5,91,0
2020-11-05,6,96,0
2020-11-05,7,195,0
2020-11-05,8,111,0
2020-11-05,9,166,0
2020-11-05,10,102,0
2020-11-05,11,111,0
2020-11-05,12,191,0
2020-11-05,13,685,0
2020-11-05,14,82,0
2020-11-05,15,128,0
2020-11-06,1,532,0
2020-11-06,2,399,0
2020-11-06,3,96,0
2020-11-06,4,159,0
2020-11-06,5,82,0
2020-11-06,6,85,0
2020-11-06,7,193,0
2020-11-06,8,102,0
2020-11-06,9,163,0
2020-11-06,10,95,0
2020-11-06,11,105,0
2020-11-06,12,181,0
2020-11-06,13,680,0
2020-11-06,14,68,0
2020-11-06,15,119,0
2020-11-07,1,519,0
2020-11-07,2,391,0
2020-11-07,3,93,0
2020-11-07,4,150,0
2020-11-07,5,80,0
2020-11-07,6,78,0
2020-11-07,7,190,0
2020-11-07,8,98,0
2020-11-07,9,150,0
2020-11-07,10,89,0
2020-11-07,11,101,0
2020-11-07,12,171,0
2020-11-07,13,678,0
2020-11-07,14,56,0
2020-11-07,15,114,0
2020-11-08,1,500,0
2020-11-08,2,375,0
2020-11-08,3,85,0
2020-11-08,4,139,0
2020-11-08,5,70,0
2020-11-08,6,75,0
2020-11-08,7,181,0
2020-11-08,8,92,0
2020-11-08,9,137,0
2020-11-08,10,78,0
2020-11-08,11,700,600
2020-11-08,12,162,0
2020-11-08,13,671,0
2020-11-08,14,43,0
2020-11-08,15,111,0
2020-11-09,1,487,0
2020-11-09,2,356,0
2020-11-09,3,70,0
2020-11-09,4,132,0
2020-11-09,5,645,600
2020-11-09,6,62,0
2020-11-09,7,180,0
2020-11-09,8,78,0
2020-11-09,9,121,0
2020-11-09,10,68,0
2020-11-09,11,700,0
2020-11-09,12,157,0
2020-11-09,13,662,0
2020-11-09,14,25,0
2020-11-09,15,98,0
2020-11-10,1,477,0
2020-11-10,2,345,0
2020-11-10,3,57,0
2020-11-10,4,126,0
2020-11-10,5,637,0
2020-11-10,6,58,0
2020-11-10,7,168,0
2020-11-10,8,670,600
2020-11-10,9,116,0
2020-11-10,10,64,0
2020-11-10,11,694,0
2020-11-10,12,153,0
2020-11-10,13,652,0
2020-11-10,14,19,0
2020-11-10,15,92,0
2020-11-11,1,467,0
2020-11-11,2,341,0
2020-11-11,3,53,0
2020-11-11,4,95,0
2020-11-11,5,630,0
2020-11-11,6,51,0
2020-11-11,7,167,0
2020-11-11,8,658,0
2020-11-11,9,106,0
2020-11-11,10,55,0
2020-11-11,11,689,0
2020-11-11,12,147,0
2020-11-11,13,631,0
2020-11-11,14,13,0
2020-11-11,15,78,0
2020-11-12,1,451,0
2020-11-12,2,325,0
2020-11-12,3,643,600
2020-11-12,4,88,0
2020-11-12,5,624,0
2020-11-12,6,43,0
2020-11-12,7,150,0
2020-11-12,8,651,0
2020-11-12,9,99,0
2020-11-12,10,48,0
2020-11-12,11,679,0
2020-11-12,12,143,0
2020-11-12,13,628,0
2020-11-12,14,4,0
2020-11-12,15,68,0
2020-11-13,1,432,0
2020-11-13,2,313,0
2020-11-13,3,638,0
2020-11-13,4,76,0
2020-11-13,5,621,0
2020-11-13,6,25,0
2020-11-13,7,146,0
2020-11-13,8,641,0
2020-11-13,9,95,0
2020-11-13,10,644,600
2020-11-13,11,667,0
2020-11-13,12,142,0
2020-11-13,13,620,0
2020-11-13,14,0,0
2020-11-13,15,65,0
2020-11-14,1,423,0
2020-11-14,2,301,0
2020-11-14,3,629,0
2020-11-14,4,68,0
2020-11-14,5,617,0
2020-11-14,6,12,0
2020-11-14,7,130,0
2020-11-14,8,632,0
2020-11-14,9,80,0
2020-11-14,10,637,0
2020-11-14,11,664,0
2020-11-14,12,137,0
2020-11-14,13,615,0
2020-11-14,14,0,0
2020-11-14,15,61,0
2020-11-15,1,411,0
2020-11-15,2,278,0
2020-11-15,3,626,0
2020-11-15,4,56,0
2020-11-15,5,604,0
2020-11-15,6,4,0
2020-11-15,7,118,0
2020-11-15,8,627,0
2020-11-15,9,70,0
2020-11-15,10,619,0
2020-11-15,11,655,0
2020-11-15,12,131,0
2020-11-15,13,602,0
2020-11-15,14,0,0
2020-11-15,15,53,0
2020-11-16,1,395,0
2020-11-16,2,269,0
2020-11-16,3,618,0
2020-11-16,4,50,0
2020-11-16,5,600,0
2020-11-16,6,2,0
2020-11-16,7,112,0
2020-11-16,8,613,0
2020-11-16,9,64,0
2020-11-16,10,614,0
2020-11-16,11,651,0
2020-11-16,12,124,0
2020-11-16,13,598,0
2020-11-16,14,0,0
2020-11-16,15,44,0
2020-11-17,1,375,0
2020-11-17,2,257,0
2020-11-17,3,604,0
2020-11-17,4,35,0
2020-11-17,5,583,0
2020-11-17,6,0,0
2020-11-17,7,109,0
2020-11-17,8,598,0
2020-11-17,9,59,0
2020-11-17,10,611,0
2020-11-17,11,640,0
2020-11-17,12,116,0
2020-11-17,13,587,0
2020-11-17,14,0,0
2020-11-17,15,35,0
2020-11-18,1,364,0
2020-11-18,2,247,0
2020-11-18,3,595,0
2020-11-18,4,628,600
2020-11-18,5,575,0
2020-11-18,6,0,0
2020-11-18,7,100,0
2020-11-18,8,583,0
2020-11-18,9,50,0
2020-11-18,10,598,0
2020-11-18,11,631,0
2020-11-18,12,99,0
2020-11-18,13,582,0
2020-11-18,14,0,0
2020-11-18,15,632,600
2020-11-19,1,338,0
2020-11-19,2,237,0
2020-11-19,3,588,0
2020-11-19,4,622,0
2020-11-19,5,561,0
2020-11-19,6,0,0
2020-11-19,7,79,0
2020-11-19,8,577,0
2020-11-19,9,41,0
2020-11-19,10,576,0
2020-11-19,11,627,0
2020-11-19,12,93,0
2020-11-19,13,576,0
2020-11-19,14,0,0
2020-11-19,15,628,0
2020-11-20,1,322,0
2020-11-20,2,225,0
2020-11-20,3,584,0
2020-11-20,4,603,0
2020-11-20,5,548,0
2020-11-20,6,0,0
2020-11-20,7,62,0
2020-11-20,8,568,0
2020-11-20,9,29,0
2020-11-20,10,570,0
2020-11-20,11,619,0
2020-11-20,12,85,0
2020-11-20,13,562,0
2020-11-20,14,0,0
2020-11-20,15,621,0
2020-11-21,1,307,0
2020-11-21,2,220,0
2020-11-21,3,567,0
2020-11-21,4,597,0
2020-11-21,5,545,0
2020-11-21,6,0,0
2020-11-21,7,52,0
2020-11-21,8,565,0
2020-11-21,9,19,0
2020-11-21,10,567,0
2020-11-21,11,607,0
2020-11-21,12,675,600
2020-11-21,13,554,0
2020-11-21,14,0,0
2020-11-21,15,617,0
2020-11-22,1,287,0
2020-11-22,2,210,0
2020-11-22,3,555,0
2020-11-22,4,579,0
2020-11-22,5,538,0
2020-11-22,6,0,0
2020-11-22,7,41,0
2020-11-22,8,554,0
2020-11-22,9,601,600
2020-11-22,10,548,0
2020-11-22,11,602,0
2020-11-22,12,671,0
2020-11-22,13,548,0
2020-11-22,14,0,0
2020-11-22,15,611,0
2020-11-23,1,272,0
2020-11-23,2,197,0
2020-11-23,3,539,0
2020-11-23,4,569,0
2020-11-23,5,532,0
2020-11-23,6,0,0
2020-11-23,7,23,0
2020-11-23,8,535,0
2020-11-23,9,594,0
2020-11-23,10,535,0
2020-11-23,11,589,0
2020-11-23,12,662,0
2020-11-23,13,535,0
2020-11-23,14,0,0
2020-11-23,15,598,0
2020-11-24,1,251,0
2020-11-24,2,178,0
2020-11-24,3,528,0
2020-11-24,4,554,0
2020-11-24,5,521,0
2020-11-24,6,0,0
2020-11-24,7,2,0
2020-11-24,8,533,0
2020-11-24,9,579,0
2020-11-24,10,520,0
2020-11-24,11,578,0
2020-11-24,12,653,0
2020-11-24,13,527,0
2020-11-24,14,0,0
2020-11-24,15,583,0
2020-11-25,1,240,0
2020-11-25,2,152,0
2020-11-25,3,513,0
2020-11-25,4,546,0
2020-11-25,5,510,0
2020-11-25,6,0,0
2020-11-25,7,0,0
2020-11-25,8,523,0
2020-11-25,9,573,0
2020-11-25,10,497,0
2020-11-25,11,571,0
2020-11-25,12,641,0
2020-11-25,13,513,0
2020-11-25,14,0,0
2020-11-25,15,572,0
2020-11-26,1,226,0
2020-11-26,2,138,0
2020-11-26,3,500,0
2020-11-26,4,539,0
2020-11-26,5,499,0
2020-11-26,6,592,600
2020-11-26,7,0,0
2020-11-26,8,518,0
2020-11-26,9,565,0
2020-11-26,10,488,0
2020-11-26,11,562,0
2020-11-26,12,627,0
2020-11-26,13,502,0
2020-11-26,14,0,0
2020-11-26,15,553,0
2020-11-27,1,212,0
2020-11-27,2,122,0
2020-11-27,3,483,0
2020-11-27,4,534,0
2020-11-27,5,499,0
2020-11-27,6,582,0
2020-11-27,7,0,0
2020-11-27,8,502,0
2020-11-27,9,550,0
2020-11-27,10,488,0
2020-11-27,11,558,0
2020-11-27,12,608,0
2020-11-27,13,491,0
2020-11-27,14,0,0
2020-11-27,15,542,0
2020-11-28,1,203,0
2020-11-28,2,115,0
2020-11-28,3,477,0
2020-11-28,4,529,0
2020-11-28,5,490,0
2020-11-28,6,567,0
2020-11-28,7,0,0
2020-11-28,8,497,0
2020-11-28,9,536,0
2020-11-28,10,480,0
2020-11-28,11,554,0
2020-11-28,12,596,0
2020-11-28,13,486,0
2020-11-28,14,0,0
2020-11-28,15,537,0
2020-11-29,1,193,0
2020-11-29,2,104,0
2020-11-29,3,476,0
2020-11-29,4,523,0
2020-11-29,5,481,0
2020-11-29,6,561,0
2020-11-29,7,0,0
2020-11-29,8,493,0
2020-11-29,9,534,0
2020-11-29,10,474,0
2020-11-29,11,551,0
2020-11-29,12,593,0
2020-11-29,13,476,0
2020-11-29,14,0,0
2020-11-29,15,536,0
2020-11-30,1,175,0
2020-11-30,2,79,0
2020-11-30,3,466,0
2020-11-30,4,511,0
2020-11-30,5,467,0
2020-11-30,6,546,0
2020-11-30,7,0,0
2020-11-30,8,476,0
2020-11-30,9,526,0
2020-11-30,10,470,0
2020-11-30,11,551,0
2020-11-30,12,568,0
2020-11-30,13,466,0
2020-11-30,14,0,0
2020-11-30,15,525,0
2020-12-01,1,165,0
2020-12-01,2,65,0
2020-12-01,3,463,0
2020-12-01,4,501,0
2020-12-01,5,458,0
2020-12-01,6,538,0
2020-12-01,7,0,0
2020-12-01,8,457,0
2020-12-01,9,522,0
2020-12-01,10,458,0
2020-12-01,11,535,0
2020-12-01,12,546,0
2020-12-01,13,458,0
2020-12-01,14,0,0
2020-12-01,15,507,0
2020-12-02,1,157,0
2020-12-02,2,36,0
2020-12-02,3,459,0
2020-12-02,4,492,0
2020-12-02,5,457,0
2020-12-02,6,530,0
2020-12-02,7,0,0
2020-12-02,8,441,0
2020-12-02,9,518,0
2020-12-02,10,451,0
2020-12-02,11,530,0
2020-12-02,12,535,0
2020-12-02,13,456,0
2020-12-02,14,0,0
2020-12-02,15,505,0
2020-12-03,1,145,0
2020-12-03,2,29,0
2020-12-03,3,451,0
2020-12-03,4,474,0
2020-12-03,5,453,0
2020-12-03,6,526,0
2020-12-03,7,0,0
2020-12-03,8,436,0
2020-12-03,9,510,0
2020-12-03,10,434,0
2020-12-03,11,524,0
2020-12-03,12,521,0
2020-12-03,13,447,0
2020-12-03,14,0,0
2020-12-03,15,501,0
2020-12-04,1,126,0
2020-12-04,2,17,0
2020-12-04,3,446,0
2020-12-04,4,462,0
2020-12-04,5,448,0
2020-12-04,6,523,0
2020-12-04,7,0,0
2020-12-04,8,423,0
2020-12-04,9,499,0
2020-12-04,10,431,0
2020-12-04,11,517,0
2020-12-04,12,516,0
2020-12-04,13,436,0
2020-12-04,14,0,0
2020-12-04,15,497,0
2020-12-05,1,115,0
2020-12-05,2,0,0
2020-12-05,3,435,0
2020-12-05,4,450,0
2020-12-05,5,442,0
2020-12-05,6,505,0
2020-12-05,7,0,0
2020-12-05,8,411,0
2020-12-05,9,496,0
2020-12-05,10,422,0
2020-12-05,11,508,0
2020-12-05,12,499,0
2020-12-05,13,429,0
2020-12-05,14,0,0
2020-12-05,15,491,0
2020-12-06,1,100,0
2020-12-06,2,0,0
2020-12-06,3,428,0
2020-12-06,4,442,0
2020-12-06,5,428,0
2020-12-06,6,494,0
2020-12-06,7,0,0
2020-12-06,8,410,0
2020-12-06,9,480,0
2020-12-06,10,417,0
2020-12-06,11,503,0
2020-12-06,12,476,0
2020-12-06,13,422,0
2020-12-06,14,0,0
2020-12-06,15,484,0
2020-12-07,1,85,0
2020-12-07,2,0,0
2020-12-07,3,415,0
2020-12-07,4,437,0
2020-12-07,5,421,0
2020-12-07,6,471,0
2020-12-07,7,0,0
2020-12-07,8,396,0
2020-12-07,9,470,0
2020-12-07,10,413,0
2020-12-07,11,492,0
2020-12-07,12,464,0
2020-12-07,13,410,0
2020-12-07,14,0,0
2020-12-07,15,481,0
2020-12-08,1,58,0
2020-12-08,2,0,0
2020-12-08,3,405,0
2020-12-08,4,425,0
2020-12-08,5,419,0
2020-12-08,6,463,0
2020-12-08,7,0,0
2020-12-08,8,393,0
2020-12-08,9,459,0
2020-12-08,10,397,0
2020-12-08,11,479,0
2020-12-08,12,450,0
2020-12-08,13,402,0
2020-12-08,14,589,600
2020-12-08,15,468,0
2020-12-09,1,37,0
2020-12-09,2,0,0
2020-12-09,3,399,0
2020-12-09,4,425,0
2020-12-09,5,415,0
2020-12-09,6,455,0
2020-12-09,7,0,0
2020-12-09,8,382,0
2020-12-09,9,449,0
2020-12-09,10,387,0
2020-12-09,11,472,0
2020-12-09,12,445,0
2020-12-09,13,399,0
2020-12-09,14,572,0
2020-12-09,15,466,0
2020-12-10,1,13,0
2020-12-10,2,585,600
2020-12-10,3,392,0
2020-12-10,4,411,0
2020-12-10,5,412,0
2020-12-10,6,442,0
2020-12-10,7,0,0
2020-12-10,8,368,0
2020-12-10,9,442,0
2020-12-10,10,377,0
2020-12-10,11,448,0
2020-12-10,12,435,0
2020-12-10,13,387,0
2020-12-10,14,561,0
2020-12-10,15,446,0
2020-12-11,1,0,0
2020-12-11,2,573,0
2020-12-11,3,387,0
2020-12-11,4,400,0
2020-12-11,5,399,0
2020-12-11,6,430,0
2020-12-11,7,0,0
2020-12-11,8,356,0
2020-12-11,9,429,0
2020-12-11,10,355,0
2020-12-11,11,433,0
2020-12-11,12,422,0
2020-12-11,13,385,0
2020-12-11,14,549,0
2020-12-11,15,442,0
2020-12-12,1,0,0
2020-12-12,2,569,0
2020-12-12,3,375,0
2020-12-12,4,392,0
2020-12-12,5,393,0
2020-12-12,6,415,0
2020-12-12,7,0,0
2020-12-12,8,352,0
2020-12-12,9,415,0
2020-12-12,10,347,0
2020-12-12,11,420,0
2020-12-12,12,417,0
2020-12-12,13,382,0
2020-12-12,14,544,0
2020-12-12,15,435,0
2020-12-13,1,0,0
2020-12-13,2,560,0
2020-12-13,3,310,0
2020-12-13,4,380,0
2020-12-13,5,378,0
2020-12-13,6,402,0
2020-12-13,7,590,600
2020-12-13,8,341,0
2020-12-13,9,403,0
2020-12-13,10,342,0
2020-12-13,11,415,0
2020-12-13,12,408,0
2020-12-13,13,373,0
2020-12-13,14,531,0
2020-12-13,15,427,0
2020-12-14,1,0,0
2020-12-14,2,539,0
2020-12-14,3,307,0
2020-12-14,4,370,0
2020-12-14,5,373,0
2020-12-14,6,393,0
2020-12-14,7,589,0
2020-12-14,8,333,0
2020-12-14,9,396,0
2020-12-14,10,338,0
2020-12-14,11,408,0
2020-12-14,12,408,0
2020-12-14,13,351,0
2020-12-14,14,519,0
2020-12-14,15,419,0
2020-12-15,1,0,0
2020-12-15,2,525,0
2020-12-15,3,302,0
2020-12-15,4,362,0
2020-12-15,5,368,0
2020-12-15,6,381,0
2020-12-15,7,581,0
2020-12-15,8,323,0
2020-12-15,9,396,0
2020-12-15,10,329,0
2020-12-15,11,403,0
2020-12-15,12,394,0
2020-12-15,13,341,0
2020-12-15,14,505,0
2020-12-15,15,410,0
2020-12-16,1,0,0
2020-12-16,2,514,0
2020-12-16,3,286,0
2020-12-16,4,353,0
2020-12-16,5,361,0
2020-12-16,6,369,0
2020-12-16,7,576,0
2020-12-16,8,312,0
2020-12-16,9,391,0
2020-12-16,10,317,0
2020-12-16,11,398,0
2020-12-16,12,379,0
2020-12-16,13,335,0
2020-12-16,14,494,0
2020-12-16,15,407,0
2020-12-17,1,0,0
2020-12-17,2,500,0
2020-12-17,3,278,0
2020-12-17,4,345,0
2020-12-17,5,346,0
2020-12-17,6,369,0
2020-12-17,7,569,0
2020-12-17,8,309,0
2020-12-17,9,386,0
2020-12-17,10,304,0
2020-12-17,11,382,0
2020-12-17,12,375,0
2020-12-17,13,333,0
2020-12-17,14,491,0
2020-12-17,15,400,0
2020-12-18,1,0,0
2020-12-18,2,495,0
2020-12-18,3,272,0
2020-12-18,4,344,0
2020-12-18,5,334,0
2020-12-18,6,363,0
2020-12-18,7,561,0
2020-12-18,8,296,0
2020-12-18,9,378,0
2020-12-18,10,302,0
2020-12-18,11,376,0
2020-12-18,12,365,0
2020-12-18,13,329,0
2020-12-18,14,487,0
2020-12-18,15,387,0
2020-12-19,1,0,0
2020-12-19,2,482,0
2020-12-19,3,265,0
2020-12-19,4,328,0
2020-12-19,5,322,0
2020-12-19,6,350,0
2020-12-19,7,543,0
2020-12-19,8,284,0
2020-12-19,9,366,0
2020-12-19,10,295,0
2020-12-19,11,361,0
2020-12-19,12,360,0
2020-12-19,13,326,0
2020-12-19,14,478,0
2020-12-19,15,380,0
2020-12-20,1,0,0
2020-12-20,2,476,0
2020-12-20,3,260,0
2020-12-20,4,316,0
2020-12-20,5,314,0
2020-12-20,6,337,0
2020-12-20,7,543,0
2020-12-20,8,267,0
2020-12-20,9,359,0
2020-12-20,10,290,0
2020-12-20,11,359,0
2020-12-20,12,357,0
2020-12-20,13,315,0
2020-12-20,14,473,0
2020-12-20,15,371,0
2020-12-21,1,0,0
2020-12-21,2,462,0
2020-12-21,3,249,0
2020-12-21,4,313,0
2020-12-21,5,308,0
2020-12-21,6,334,0
2020-12-21,7,536,0
2020-12-21,8,255,0
2020-12-21,9,355,0
2020-12-21,10,286,0
2020-12-21,11,348,0
2020-12-21,12,319,0
2020-12-21,13,312,0
2020-12-21,14,470,0
2020-12-21,15,364,0
2020-12-22,1,0,0
2020-12-22,2,438,0
2020-12-22,3,243,0
2020-12-22,4,303,0
2020-12-22,5,301,0
2020-12-22,6,323,0
2020-12-22,7,525,0
2020-12-22,8,243,0
2020-12-22,9,346,0
2020-12-22,10,270,0
2020-12-22,11,348,0
2020-12-22,12,303,0
2020-12-22,13,307,0
2020-12-22,14,459,0
2020-12-22,15,357,0
2020-12-23,1,0,0
2020-12-23,2,415,0
2020-12-23,3,227,0
2020-12-23,4,297,0
2020-12-23,5,288,0
2020-12-23,6,319,0
2020-12-23,7,522,0
2020-12-23,8,242,0
2020-12-23,9,341,0
2020-12-23,10,265,0
2020-12-23,11,341,0
2020-12-23,12,299,0
2020-12-23,13,302,0
2020-12-23,14,446,0
2020-12-23,15,346,0
2020-12-24,1,586,600
2020-12-24,2,407,0
2020-12-24,3,216,0
2020-12-24,4,287,0
2020-12-24,5,276,0
2020-12-24,6,259,0
2020-12-24,7,505,0
2020-12-24,8,233,0
2020-12-24,9,332,0
2020-12-24,10,247,0
2020-12-24,11,328,0
2020-12-24,12,282,0
2020-12-24,13,297,0
2020-12-24,14,432,0
2020-12-24,15,333,0
2020-12-25,1,574,0
2020-12-25,2,326,0
2020-12-25,3,196,0
2020-12-25,4,269,0
2020-12-25,5,262,0
2020-12-25,6,250,0
2020-12-25,7,485,0
2020-12-25,8,221,0
2020-12-25,9,326,0
2020-12-25,10,236,0
2020-12-25,11,315,0
2020-12-25,12,266,0
2020-12-25,13,249,0
2020-12-25,14,410,0
2020-12-25,15,317,0
2020-12-26,1,563,0
2020-12-26,2,310,0
2020-12-26,3,186,0
2020-12-26,4,260,0
2020-12-26,5,246,0
2020-12-26,6,242,0
2020-12-26,7,478,0
2020-12-26,8,204,0
2020-12-26,9,314,0
2020-12-26,10,222,0
2020-12-26,11,302,0
2020-12-26,12,237,0
2020-12-26,13,241,0
2020-12-26,14,395,0
2020-12-26,15,307,0
2020-12-27,1,553,0
2020-12-27,2,298,0
2020-12-27,3,181,0
2020-12-27,4,248,0
2020-12-27,5,243,0
2020-12-27,6,233,0
2020-12-27,7,473,0
2020-12-27,8,194,0
2020-12-27,9,304,0
2020-12-27,10,205,0
2020-12-27,11,295,0
2020-12-27,12,228,0
2020-12-27,13,237,0
2020-12-27,14,379,0
2020-12-27,15,297,0
2020-12-28,1,540,0
2020-12-28,2,291,0
2020-12-28,3,177,0
2020-12-28,4,236,0
2020-12-28,5,237,0
2020-12-28,6,224,0
2020-12-28,7,472,0
2020-12-28,8,185,0
2020-12-28,9,298,0
2020-12-28,10,197,0
2020-12-28,11,287,0
2020-12-28,12,225,0
2020-12-28,13,222,0
2020-12-28,14,377,0
2020-12-28,15,296,0
2020-12-29,1,530,0
2020-12-29,2,285,0
2020-12-29,3,170,0
2020-12-29,4,228,0
2020-12-29,5,230,0
2020-12-29,6,213,0
2020-12-29,7,465,0
2020-12-29,8,170,0
2020-12-29,9,281,0
2020-12-29,10,185,0
2020-12-29,11,277,0
2020-12-29,12,213,0
2020-12-29,13,218,0
2020-12-29,14,354,0
2020-12-29,15,288,0
2020-12-30,1,492,0
2020-12-30,2,273,0
2020-12-30,3,162,0
2020-12-30,4,217,0
2020-12-30,5,217,0
2020-12-30,6,199,0
2020-12-30,7,461,0
2020-12-30,8,161,0
2020-12-30,9,274,0
2020-12-30,10,170,0
2020-12-30,11,266,0
2020-12-30,12,206,0
2020-12-30,13,211,0
2020-12-30,14,350,0
2020-12-30,15,281,0
2020-12-31,1,470,0
2020-12-31,2,271,0
2020-12-31,3,149,0
2020-12-31,4,201,0
2020-12-31,5,199,0
2020-12-31,6,180,0
2020-12-31,7,449,0
2020-12-31,8,160,0
2020-12-31,9,270,0
2020-12-31,10,162,0
2020-12-31,11,263,0
2020-12-31,12,196,0
2020-12-31,13,194,0
2020-12-31,14,343,0
2020-12-31,15,266,0
2021-01-01,1,470,0
2021-01-01,2,263,0
2021-01-01,3,144,0
2021-01-01,4,198,0
2021-01-01,5,197,0
2021-01-01,6,180,0
2021-01-01,7,448,0
2021-01-01,8,156,0
2021-01-01,9,265,0
2021-01-01,10,159,0
2021-01-01,11,258,0
2021-01-01,12,193,0
2021-01-01,13,185,0
2021-01-01,14,339,0
2021-01-01,15,265,0
2021-01-02,1,468,0
2021-01-02,2,254,0
2021-01-02,3,138,0
2021-01-02,4,190,0
2021-01-02,5,193,0
2021-01-02,6,178,0
2021-01-02,7,448,0
2021-01-02,8,153,0
2021-01-02,9,264,0
2021-01-02,10,157,0
2021-01-02,11,255,0
2021-01-02,12,187,0
2021-01-02,13,180,0
2021-01-02,14,337,0
2021-01-02,15,265,0
2021-01-03,1,460,0
2021-01-03,2,241,0
2021-01-03,3,130,0
2021-01-03,4,183,0
2021-01-03,5,190,0
2021-01-03,6,176,0
2021-01-03,7,392,0
2021-01-03,8,146,0
2021-01-03,9,252,0
2021-01-03,10,153,0
2021-01-03,11,244,0
2021-01-03,12,184,0
2021-01-03,13,173,0
2021-01-03,14,334,0
2021-01-03,15,260,0
2021-01-04,1,458,0
2021-01-04,2,234,0
2021-01-04,3,127,0
2021-01-04,4,174,0
2021-01-04,5,186,0
2021-01-04,6,167,0
2021-01-04,7,388,0
2021-01-04,8,146,0
2021-01-04,9,249,0
2021-01-04,10,150,0
2021-01-04,11,237,0
2021-01-04,12,179,0
2021-01-04,13,173,0
2021-01-04,14,334,0
2021-01-04,15,257,0
2021-01-05,1,453,0
2021-01-05,2,229,0
2021-01-05,3,125,0
2021-01-05,4,166,0
2021-01-05,5,183,0
2021-01-05,6,160,0
2021-01-05,7,388,0
2021-01-05,8,142,0
2021-01-05,9,245,0
2021-01-05,10,143,0
2021-01-05,11,230,0
2021-01-05,12,176,0
2021-01-05,13,169,0
2021-01-05,14,330,0
2021-01-05,15,253,0
2021-01-06,1,446,0
2021-01-06,2,229,0
2021-01-06,3,120,0
2021-01-06,4,166,0
2021-01-06,5,180,0
2021-01-06,6,158,0
2021-01-06,7,380,0
2021-01-06,8,142,0
2021-01-06,9,235,0
2021-01-06,10,141,0
2021-01-06,11,223,0
2021-01-06,12,171,0
2021-01-06,13,160,0
2021-01-06,14,330,0
2021-01-06,15,253,0
2021-01-07,1,438,0
2021-01-07,2,223,0
2021-01-07,3,114,0
2021-01-07,4,166,0
2021-01-07,5,176,0
2021-01-07,6,157,0
2021-01-07,7,375,0
2021-01-07,8,136,0
2021-01-07,9,233,0
2021-01-07,10,138,0
2021-01-07,11,184,0
2021-01-07,12,167,0
2021-01-07,13,156,0
2021-01-07,14,324,0
2021-01-07,15,249,0
2021-01-08,1,428,0
2021-01-08,2,214,0
2021-01-08,3,108,0
2021-01-08,4,155,0
2021-01-08,5,166,0
2021-01-08,6,157,0
2021-01-08,7,368,0
2021-01-08,8,131,0
2021-01-08,9,232,0
2021-01-08,10,137,0
2021-01-08,11,178,0
2021-01-08,12,158,0
2021-01-08,13,153,0
2021-01-08,14,317,0
2021-01-08,15,247,0
2021-01-09,1,418,0
2021-01-09,2,209,0
2021-01-09,3,102,0
2021-01-09,4,155,0
2021-01-09,5,160,0
2021-01-09,6,152,0
2021-01-09,7,366,0
2021-01-09,8,131,0
2021-01-09,9,228,0
2021-01-09,10,135,0
2021-01-09,11,175,0
2021-01-09,12,156,0
2021-01-09,13,152,0
2021-01-09,14,311,0
2021-01-09,15,243,0
2021-01-10,1,413,0
2021-01-10,2,206,0
2021-01-10,3,700,600
2021-01-10,4,152,0
2021-01-10,5,116,0
2021-01-10,6,152,0
2021-01-10,7,360,0
2021-01-10,8,727,600
2021-01-10,9,226,0
2021-01-10,10,130,0
2021-01-10,11,169,0
2021-01-10,12,154,0
2021-01-10,13,147,0
2021-01-10,14,308,0
2021-01-10,15,241,0
2021-01-11,1,407,0
2021-01-11,2,199,0
2021-01-11,3,695,0
2021-01-11,4,152,0
2021-01-11,5,111,0
2021-01-11,6,151,0
2021-01-11,7,355,0
2021-01-11,8,707,0
2021-01-11,9,226,0
2021-01-11,10,125,0
2021-01-11,11,166,0
2021-01-11,12,143,0
2021-01-11,13,145,0
2021-01-11,14,301,0
2021-01-11,15,239,0
2021-01-12,1,402,0
2021-01-12,2,186,0
2021-01-12,3,694,0
2021-01-12,4,148,0
2021-01-12,5,108,0
2021-01-12,6,151,0
2021-01-12,7,352,0
2021-01-12,8,707,0
2021-01-12,9,221,0
2021-01-12,10,125,0
2021-01-12,11,155,0
2021-01-12,12,140,0
2021-01-12,13,142,0
2021-01-12,14,299,0
2021-01-12,15,239,0
2021-01-13,1,398,0
2021-01-13,2,176,0
2021-01-13,3,642,0
2021-01-13,4,144,0
2021-01-13,5,101,0
2021-01-13,6,148,0
2021-01-13,7,352,0
2021-01-13,8,707,0
2021-01-13,9,216,0
2021-01-13,10,124,0
2021-01-13,11,150,0
2021-01-13,12,136,0
2021-01-13,13,137,0
2021-01-13,14,299,0
2021-01-13,15,234,0
2021-01-14,1,391,0
2021-01-14,2,172,0
2021-01-14,3,637,0
2021-01-14,4,141,0
2021-01-14,5,100,0
2021-01-14,6,146,0
2021-01-14,7,352,0
2021-01-14,8,705,0
2021-01-14,9,212,0
2021-01-14,10,121,0
2021-01-14,11,147,0
2021-01-14,12,132,0
2021-01-14,13,134,0
2021-01-14,14,295,0
2021-01-14,15,231,0
2021-01-15,1,385,0
2021-01-15,2,164,0
2021-01-15,3,631,0
2021-01-15,4,138,0
2021-01-15,5,100,0
2021-01-15,6,137,0
2021-01-15,7,349,0
2021-01-15,8,701,0
2021-01-15,9,209,0
2021-01-15,10,114,0
2021-01-15,11,143,0
2021-01-15,12,132,0
2021-01-15,13,130,0
2021-01-15,14,292,0
2021-01-15,15,220,0
2021-01-16,1,381,0
2021-01-16,2,154,0
2021-01-16,3,628,0
2021-01-16,4,132,0
2021-01-16,5,99,0
2021-01-16,6,131,0
2021-01-16,7,347,0
2021-01-16,8,699,0
2021-01-16,9,201,0
2021-01-16,10,114,0
2021-01-16,11,141,0
2021-01-16,12,128,0
2021-01-16,13,130,0
2021-01-16,14,281,0
2021-01-16,15,217,0
2021-01-17,1,373,0
2021-01-17,2,146,0
2021-01-17,3,621,0
2021-01-17,4,131,0
2021-01-17,5,97,0
2021-01-17,6,130,0
2021-01-17,7,345,0
2021-01-17,8,694,0
2021-01-17,9,197,0
2021-01-17,10,110,0
2021-01-17,11,139,0
2021-01-17,12,128,0
2021-01-17,13,127,0
2021-01-17,14,274,0
2021-01-17,15,212,0
2021-01-18,1,359,0
2021-01-18,2,141,0
2021-01-18,3,610,0
2021-01-18,4,127,0
2021-01-18,5,86,0
2021-01-18,6,130,0
2021-01-18,7,339,0
2021-01-18,8,693,0
2021-01-18,9,188,0
2021-01-18,10,106,0
2021-01-18,11,139,0
2021-01-18,12,123,0
2021-01-18,13,116,0
2021-01-18,14,273,0
2021-01-18,15,209,0
2021-01-19,1,357,0
2021-01-19,2,136,0
2021-01-19,3,603,0
2021-01-19,4,118,0
2021-01-19,5,83,0
2021-01-19,6,128,0
2021-01-19,7,336,0
2021-01-19,8,692,0
2021-01-19,9,188,0
2021-01-19,10,703,600
2021-01-19,11,139,0
2021-01-19,12,119,0
2021-01-19,13,113,0
2021-01-19,14,271,0
2021-01-19,15,206,0
2021-01-20,1,356,0
2021-01-20,2,136,0
2021-01-20,3,600,0
2021-01-20,4,114,0
2021-01-20,5,77,0
2021-01-20,6,122,0
2021-01-20,7,300,0
2021-01-20,8,692,0
2021-01-20,9,186,0
2021-01-20,10,702,0
2021-01-20,11,139,0
2021-01-20,12,118,0
2021-01-20,13,710,600
2021-01-20,14,267,0
2021-01-20,15,196,0
2021-01-21,1,349,0
2021-01-21,2,126,0
2021-01-21,3,597,0
2021-01-21,4,111,0
2021-01-21,5,70,0
2021-01-21,6,117,0
2021-01-21,7,298,0
2021-01-21,8,683,0
2021-01-21,9,182,0
2021-01-21,10,692,0
2021-01-21,11,738,600
2021-01-21,12,664,600
2021-01-21,13,704,0
2021-01-21,14,260,0
2021-01-21,15,188,0
2021-01-22,1,343,0
2021-01-22,2,123,0
2021-01-22,3,593,0
2021-01-22,4,711,600
2021-01-22,5,666,600
2021-01-22,6,114,0
2021-01-22,7,298,0
2021-01-22,8,681,0
2021-01-22,9,178,0
2021-01-22,10,684,0
2021-01-22,11,737,0
2021-01-22,12,660,0
2021-01-22,13,698,0
2021-01-22,14,255,0
2021-01-22,15,184,0
2021-01-23,1,337,0
2021-01-23,2,120,0
2021-01-23,3,590,0
2021-01-23,4,705,0
2021-01-23,5,658,0
2021-01-23,6,112,0
2021-01-23,7,293,0
2021-01-23,8,681,0
2021-01-23,9,173,0
2021-01-23,10,681,0
2021-01-23,11,734,0
2021-01-23,12,658,0
2021-01-23,13,694,0
2021-01-23,14,252,0
2021-01-23,15,182,0
2021-01-24,1,329,0
2021-01-24,2,114,0
2021-01-24,3,586,0
2021-01-24,4,694,0
2021-01-24,5,654,0
2021-01-24,6,109,0
2021-01-24,7,288,0
2021-01-24,8,680,0
2021-01-24,9,173,0
2021-01-24,10,675,0
2021-01-24,11,728,0
2021-01-24,12,658,0
2021-01-24,13,689,0
2021-01-24,14,247,0
2021-01-24,15,182,0
2021-01-25,1,325,0
2021-01-25,2,100,0
2021-01-25,3,582,0
2021-01-25,4,694,0
2021-01-25,5,642,0
2021-01-25,6,106,0
2021-01-25,7,288,0
2021-01-25,8,679,0
2021-01-25,9,173,0
2021-01-25,10,675,0
2021-01-25,11,728,0
2021-01-25,12,635,0
2021-01-25,13,687,0
2021-01-25,14,245,0
2021-01-25,15,175,0
2021-01-26,1,312,0
2021-01-26,2,94,0
2021-01-26,3,580,0
2021-01-26,4,690,0
2021-01-26,5,639,0
2021-01-26,6,105,0
2021-01-26,7,286,0
2021-01-26,8,678,0
2021-01-26,9,173,0
2021-01-26,10,671,0
2021-01-26,11,725,0
2021-01-26,12,626,0
2021-01-26,13,686,0
2021-01-26,14,243,0
2021-01-26,15,175,0
2021-01-27,1,307,0
2021-01-27,2,86,0
2021-01-27,3,577,0
2021-01-27,4,684,0
2021-01-27,5,634,0
2021-01-27,6,103,0
2021-01-27,7,284,0
2021-01-27,8,671,0
2021-01-27,9,166,0
2021-01-27,10,664,0
2021-01-27,11,719,0
2021-01-27,12,619,0
2021-01-27,13,674,0
2021-01-27,14,237,0
2021-01-27,15,171,0
2021-01-28,1,304,0
2021-01-28,2,77,0
2021-01-28,3,569,0
2021-01-28,4,676,0
2021-01-28,5,623,0
2021-01-28,6,97,0
2021-01-28,7,280,0
2021-01-28,8,670,0
2021-01-28,9,164,0
2021-01-28,10,664,0
2021-01-28,11,719,0
2021-01-28,12,614,0
2021-01-28,13,670,0
2021-01-28,14,236,0
2021-01-28,15,171,0
2021-01-29,1,297,0
2021-01-29,2,72,0
2021-01-29,3,564,0
2021-01-29,4,666,0
2021-01-29,5,623,0
2021-01-29,6,94,0
2021-01-29,7,276,0
2021-01-29,8,662,0
2021-01-29,9,164,0
2021-01-29,10,660,0
2021-01-29,11,713,0
2021-01-29,12,614,0
2021-01-29,13,667,0
2021-01-29,14,236,0
2021-01-29,15,163,0
2021-01-30,1,294,0
2021-01-30,2,57,0
2021-01-30,3,559,0
2021-01-30,4,654,0
2021-01-30,5,612,0
2021-01-30,6,83,0
2021-01-30,7,270,0
2021-01-30,8,658,0
2021-01-30,9,158,0
2021-01-30,10,657,0
2021-01-30,11,711,0
2021-01-30,12,612,0
2021-01-30,13,659,0
2021-01-30,14,231,0
2021-01-30,15,159,0
2021-01-31,1,289,0
2021-01-31,2,643,600
2021-01-31,3,559,0
2021-01-31,4,654,0
2021-01-31,5,608,0
2021-01-31,6,81,0
2021-01-31,7,263,0
2021-01-31,8,657,0
2021-01-31,9,152,0
2021-01-31,10,656,0
2021-01-31,11,710,0
2021-01-31,12,608,0
2021-01-31,13,657,0
2021-01-31,14,227,0
2021-01-31,15,156,0
2021-02-01,1,288,0
2021-02-01,2,635,0
2021-02-01,3,557,0
2021-02-01,4,651,0
2021-02-01,5,602,0
2021-02-01,6,75,0
2021-02-01,7,254,0
2021-02-01,8,642,0
2021-02-01,9,135,0
2021-02-01,10,648,0
2021-02-01,11,701,0
2021-02-01,12,602,0
2021-02-01,13,651,0
2021-02-01,14,217,0
2021-02-01,15,151,0
2021-02-02,1,284,0
2021-02-02,2,623,0
2021-02-02,3,554,0
2021-02-02,4,649,0
2021-02-02,5,601,0
2021-02-02,6,63,0
2021-02-02,7,252,0
2021-02-02,8,638,0
2021-02-02,9,133,0
2021-02-02,10,643,0
2021-02-02,11,701,0
2021-02-02,12,587,0
2021-02-02,13,649,0
2021-02-02,14,209,0
2021-02-02,15,143,0
2021-02-03,1,281,0
2021-02-03,2,623,0
2021-02-03,3,549,0
2021-02-03,4,649,0
2021-02-03,5,591,0
2021-02-03,6,55,0
2021-02-03,7,245,0
2021-02-03,8,630,0
2021-02-03,9,130,0
2021-02-03,10,640,0
2021-02-03,11,698,0
2021-02-03,12,584,0
2021-02-03,13,649,0
2021-02-03,14,209,0
2021-02-03,15,139,0
2021-02-04,1,274,0
2021-02-04,2,619,0
2021-02-04,3,546,0
2021-02-04,4,646,0
2021-02-04,5,591,0
2021-02-04,6,50,0
2021-02-04,7,245,0
2021-02-04,8,628,0
2021-02-04,9,130,0
2021-02-04,10,634,0
2021-02-04,11,695,0
2021-02-04,12,581,0
2021-02-04,13,647,0
2021-02-04,14,208,0
2021-02-04,15,138,0
2021-02-05,1,268,0
2021-02-05,2,609,0
2021-02-05,3,542,0
2021-02-05,4,644,0
2021-02-05,5,589,0
2021-02-05,6,46,0
2021-02-05,7,245,0
2021-02-05,8,628,0
2021-02-05,9,124,0
2021-02-05,10,622,0
2021-02-05,11,691,0
2021-02-05,12,580,0
2021-02-05,13,641,0
2021-02-05,14,197,0
2021-02-05,15,131,0
2021-02-06,1,261,0
2021-02-06,2,561,0
2021-02-06,3,539,0
2021-02-06,4,643,0
2021-02-06,5,586,0
2021-02-06,6,43,0
2021-02-06,7,239,0
2021-02-06,8,617,0
2021-02-06,9,121,0
2021-02-06,10,619,0
2021-02-06,11,684,0
2021-02-06,12,577,0
2021-02-06,13,630,0
2021-02-06,14,196,0
2021-02-06,15,131,0
2021-02-07,1,254,0
2021-02-07,2,553,0
2021-02-07,3,533,0
2021-02-07,4,641,0
2021-02-07,5,585,0
2021-02-07,6,39,0
2021-02-07,7,237,0
2021-02-07,8,617,0
2021-02-07,9,115,0
2021-02-07,10,615,0
2021-02-07,11,682,0
2021-02-07,12,573,0
2021-02-07,13,628,0
2021-02-07,14,193,0
2021-02-07,15,128,0
2021-02-08,1,249,0
2021-02-08,2,550,0
2021-02-08,3,527,0
2021-02-08,4,638,0
2021-02-08,5,585,0
2021-02-08,6,27,0
2021-02-08,7,233,0
2021-02-08,8,616,0
2021-02-08,9,106,0
2021-02-08,10,610,0
2021-02-08,11,679,0
2021-02-08,12,566,0
2021-02-08,13,617,0
2021-02-08,14,192,0
2021-02-08,15,125,0
2021-02-09,1,248,0
2021-02-09,2,542,0
2021-02-09,3,519,0
2021-02-09,4,637,0
2021-02-09,5,580,0
2021-02-09,6,23,0
2021-02-09,7,227,0
2021-02-09,8,613,0
2021-02-09,9,104,0
2021-02-09,10,607,0
2021-02-09,11,676,0
2021-02-09,12,561,0
2021-02-09,13,617,0
2021-02-09,14,192,0
2021-02-09,15,123,0
2021-02-10,1,238,0
2021-02-10,2,539,0
2021-02-10,3,517,0
2021-02-10,4,637,0
2021-02-10,5,580,0
2021-02-10,6,16,0
2021-02-10,7,224,0
2021-02-10,8,607,0
2021-02-10,9,101,0
2021-02-10,10,606,0
2021-02-10,11,668,0
2021-02-10,12,561,0
2021-02-10,13,617,0
2021-02-10,14,192,0
2021-02-10,15,118,0
2021-02-11,1,233,0
2021-02-11,2,535,0
2021-02-11,3,517,0
2021-02-11,4,634,0
2021-02-11,5,577,0
2021-02-11,6,16,0
2021-02-11,7,219,0
2021-02-11,8,605,0
2021-02-11,9,91,0
2021-02-11,10,602,0
2021-02-11,11,663,0
2021-02-11,12,557,0
2021-02-11,13,614,0
2021-02-11,14,191,0
2021-02-11,15,118,0
2021-02-12,1,231,0
2021-02-12,2,533,0
2021-02-12,3,514,0
2021-02-12,4,631,0
2021-02-12,5,571,0
2021-02-12,6,613,600
2021-02-12,7,219,0
2021-02-12,8,605,0
2021-02-12,9,91,0
2021-02-12,10,602,0
2021-02-12,11,660,0
2021-02-12,12,554,0
2021-02-12,13,611,0
2021-02-12,14,191,0
2021-02-12,15,114,0
2021-02-13,1,230,0
2021-02-13,2,531,0
2021-02-13,3,510,0
2021-02-13,4,624,0
2021-02-13,5,571,0
2021-02-13,6,608,0
2021-02-13,7,213,0
2021-02-13,8,604,0
2021-02-13,9,86,0
2021-02-13,10,599,0
2021-02-13,11,648,0
2021-02-13,12,548,0
2021-02-13,13,608,0
2021-02-13,14,186,0
2021-02-13,15,109,0
2021-02-14,1,222,0
2021-02-14,2,530,0
2021-02-14,3,510,0
2021-02-14,4,618,0
2021-02-14,5,568,0
2021-02-14,6,606,0
2021-02-14,7,211,0
2021-02-14,8,604,0
2021-02-14,9,83,0
2021-02-14,10,599,0
2021-02-14,11,648,0
2021-02-14,12,543,0
2021-02-14,13,607,0
2021-02-14,14,183,0
2021-02-14,15,102,0
2021-02-15,1,219,0
2021-02-15,2,530,0
2021-02-15,3,505,0
2021-02-15,4,618,0
2021-02-15,5,568,0
2021-02-15,6,605,0
2021-02-15,7,211,0
2021-02-15,8,593,0
2021-02-15,9,680,600
2021-02-15,10,598,0
2021-02-15,11,642,0
2021-02-15,12,543,0
2021-02-15,13,604,0
2021-02-15,14,181,0
2021-02-15,15,101,0
2021-02-16,1,209,0
2021-02-16,2,524,0
2021-02-16,3,497,0
2021-02-16,4,611,0
2021-02-16,5,563,0
2021-02-16,6,602,0
2021-02-16,7,209,0
2021-02-16,8,593,0
2021-02-16,9,669,0
2021-02-16,10,598,0
2021-02-16,11,638,0
2021-02-16,12,534,0
2021-02-16,13,595,0
2021-02-16,14,181,0
2021-02-16,15,101,0
2021-02-17,1,200,0
2021-02-17,2,524,0
2021-02-17,3,494,0
2021-02-17,4,609,0
2021-02-17,5,560,0
2021-02-17,6,597,0
2021-02-17,7,209,0
2021-02-17,8,584,0
2021-02-17,9,664,0
2021-02-17,10,592,0
2021-02-17,11,634,0
2021-02-17,12,531,0
2021-02-17,13,589,0
2021-02-17,14,174,0
2021-02-17,15,698,600
2021-02-18,1,188,0
2021-02-18,2,522,0
2021-02-18,3,483,0
2021-02-18,4,601,0
2021-02-18,5,554,0
2021-02-18,6,591,0
2021-02-18,7,197,0
2021-02-18,8,578,0
2021-02-18,9,659,0
2021-02-18,10,584,0
2021-02-18,11,631,0
2021-02-18,12,528,0
2021-02-18,13,589,0
2021-02-18,14,167,0
2021-02-18,15,697,0
2021-02-19,1,182,0
2021-02-19,2,511,0
2021-02-19,3,478,0
2021-02-19,4,594,0
2021-02-19,5,549,0
2021-02-19,6,585,0
2021-02-19,7,190,0
2021-02-19,8,577,0
2021-02-19,9,652,0
2021-02-19,10,580,0
2021-02-19,11,625,0
2021-02-19,12,528,0
2021-02-19,13,582,0
2021-02-19,14,163,0
2021-02-19,15,694,0
2021-02-20,1,181,0
2021-02-20,2,511,0
2021-02-20,3,476,0
2021-02-20,4,594,0
2021-02-20,5,538,0
2021-02-20,6,577,0
2021-02-20,7,187,0
2021-02-20,8,573,0
2021-02-20,9,643,0
2021-02-20,10,575,0
2021-02-20,11,612,0
2021-02-20,12,527,0
2021-02-20,13,577,0
2021-02-20,14,163,0
2021-02-20,15,694,0
2021-02-21,1,171,0
2021-02-21,2,508,0
2021-02-21,3,476,0
2021-02-21,4,594,0
2021-02-21,5,535,0
2021-02-21,6,573,0
2021-02-21,7,184,0
2021-02-21,8,571,0
2021-02-21,9,643,0
2021-02-21,10,570,0
2021-02-21,11,611,0
2021-02-21,12,522,0
2021-02-21,13,568,0
2021-02-21,14,157,0
2021-02-21,15,685,0
2021-02-22,1,165,0
2021-02-22,2,507,0
2021-02-22,3,468,0
2021-02-22,4,594,0
2021-02-22,5,532,0
2021-02-22,6,569,0
2021-02-22,7,181,0
2021-02-22,8,568,0
2021-02-22,9,643,0
2021-02-22,10,566,0
2021-02-22,11,608,0
2021-02-22,12,522,0
2021-02-22,13,568,0
2021-02-22,14,157,0
2021-02-22,15,684,0
2021-02-23,1,160,0
2021-02-23,2,501,0
2021-02-23,3,464,0
2021-02-23,4,591,0
2021-02-23,5,529,0
2021-02-23,6,566,0
2021-02-23,7,181,0
2021-02-23,8,565,0
2021-02-23,9,643,0
2021-02-23,10,563,0
2021-02-23,11,605,0
2021-02-23,12,520,0
2021-02-23,13,563,0
2021-02-23,14,149,0
2021-02-23,15,684,0
2021-02-24,1,157,0
2021-02-24,2,495,0
2021-02-24,3,463,0
2021-02-24,4,591,0
2021-02-24,5,529,0
2021-02-24,6,566,0
2021-02-24,7,178,0
2021-02-24,8,565,0
2021-02-24,9,638,0
2021-02-24,10,563,0
2021-02-24,11,602,0
2021-02-24,12,520,0
2021-02-24,13,561,0
2021-02-24,14,149,0
2021-02-24,15,676,0
2021-02-25,1,151,0
2021-02-25,2,490,0
2021-02-25,3,460,0
2021-02-25,4,589,0
2021-02-25,5,527,0
2021-02-25,6,565,0
2021-02-25,7,173,0
2021-02-25,8,563,0
2021-02-25,9,630,0
2021-02-25,10,560,0
2021-02-25,11,601,0
2021-02-25,12,516,0
2021-02-25,13,558,0
2021-02-25,14,141,0
2021-02-25,15,672,0
2021-02-26,1,145,0
2021-02-26,2,472,0
2021-02-26,3,453,0
2021-02-26,4,589,0
2021-02-26,5,520,0
2021-02-26,6,556,0
2021-02-26,7,164,0
2021-02-26,8,556,0
2021-02-26,9,618,0
2021-02-26,10,557,0
2021-02-26,11,594,0
2021-02-26,12,498,0
2021-02-26,13,557,0
2021-02-26,14,140,0
2021-02-26,15,669,0
2021-02-27,1,143,0
2021-02-27,2,468,0
2021-02-27,3,452,0
2021-02-27,4,584,0
2021-02-27,5,516,0
2021-02-27,6,551,0
2021-02-27,7,160,0
2021-02-27,8,556,0
2021-02-27,9,612,0
2021-02-27,10,556,0
2021-02-27,11,588,0
2021-02-27,12,498,0
2021-02-27,13,553,0
2021-02-27,14,132,0
2021-02-27,15,662,0
2021-02-28,1,136,0
2021-02-28,2,460,0
2021-02-28,3,451,0
2021-02-28,4,584,0
2021-02-28,5,515,0
2021-02-28,6,547,0
2021-02-28,7,160,0
2021-02-28,8,556,0
2021-02-28,9,609,0
2021-02-28,10,544,0
2021-02-28,11,585,0
2021-02-28,12,495,0
2021-02-28,13,551,0
2021-02-28,14,124,0
2021-02-28,15,659,0
2021-03-01,1,134,0
2021-03-01,2,456,0
2021-03-01,3,449,0
2021-03-01,4,579,0
2021-03-01,5,509,0
2021-03-01,6,543,0
2021-03-01,7,159,0
2021-03-01,8,543,0
2021-03-01,9,608,0
2021-03-01,10,530,0
2021-03-01,11,578,0
2021-03-01,12,459,0
2021-03-01,13,541,0
2021-03-01,14,120,0
2021-03-01,15,659,0
2021-03-02,1,133,0
2021-03-02,2,452,0
2021-03-02,3,447,0
2021-03-02,4,577,0
2021-03-02,5,507,0
2021-03-02,6,541,0
2021-03-02,7,151,0
2021-03-02,8,536,0
2021-03-02,9,606,0
2021-03-02,10,528,0
2021-03-02,11,574,0
2021-03-02,12,455,0
2021-03-02,13,536,0
2021-03-02,14,117,0
2021-03-02,15,649,0
2021-03-03,1,121,0
2021-03-03,2,451,0
2021-03-03,3,447,0
2021-03-03,4,574,0
2021-03-03,5,501,0
2021-03-03,6,535,0
2021-03-03,7,145,0
2021-03-03,8,531,0
2021-03-03,9,603,0
2021-03-03,10,521,0
2021-03-03,11,571,0
2021-03-03,12,455,0
2021-03-03,13,530,0
2021-03-03,14,108,0
2021-03-03,15,646,0
2021-03-04,1,117,0
2021-03-04,2,447,0
2021-03-04,3,446,0
2021-03-04,4,574,0
2021-03-04,5,501,0
2021-03-04,6,533,0
2021-03-04,7,145,0
2021-03-04,8,528,0
2021-03-04,9,600,0
2021-03-04,10,516,0
2021-03-04,11,570,0
2021-03-04,12,452,0
2021-03-04,13,530,0
2021-03-04,14,106,0
2021-03-04,15,641,0
2021-03-05,1,106,0
2021-03-05,2,436,0
2021-03-05,3,440,0
2021-03-05,4,568,0
2021-03-05,5,492,0
2021-03-05,6,524,0
2021-03-05,7,140,0
2021-03-05,8,523,0
2021-03-05,9,595,0
2021-03-05,10,513,0
2021-03-05,11,565,0
2021-03-05,12,450,0
2021-03-05,13,526,0
2021-03-05,14,101,0
2021-03-05,15,635,0
2021-03-06,1,96,0
2021-03-06,2,430,0
2021-03-06,3,437,0
2021-03-06,4,564,0
2021-03-06,5,488,0
2021-03-06,6,521,0
2021-03-06,7,134,0
2021-03-06,8,523,0
2021-03-06,9,591,0
2021-03-06,10,512,0
2021-03-06,11,559,0
2021-03-06,12,444,0
2021-03-06,13,522,0
2021-03-06,14,98,0
2021-03-06,15,628,0
2021-03-07,1,90,0
2021-03-07,2,426,0
2021-03-07,3,437,0
2021-03-07,4,563,0
2021-03-07,5,488,0
2021-03-07,6,514,0
2021-03-07,7,122,0
2021-03-07,8,521,0
2021-03-07,9,591,0
2021-03-07,10,505,0
2021-03-07,11,556,0
2021-03-07,12,444,0
2021-03-07,13,519,0
2021-03-07,14,92,0
2021-03-07,15,628,0
2021-03-08,1,83,0
2021-03-08,2,417,0
2021-03-08,3,430,0
2021-03-08,4,556,0
2021-03-08,5,485,0
2021-03-08,6,511,0
2021-03-08,7,114,0
2021-03-08,8,521,0
2021-03-08,9,588,0
2021-03-08,10,499,0
2021-03-08,11,553,0
2021-03-08,12,444,0
2021-03-08,13,517,0
2021-03-08,14,76,0
2021-03-08,15,625,0
2021-03-09,1,81,0
2021-03-09,2,407,0
2021-03-09,3,427,0
2021-03-09,4,556,0
2021-03-09,5,480,0
2021-03-09,6,511,0
2021-03-09,7,110,0
2021-03-09,8,518,0
2021-03-09,9,586,0
2021-03-09,10,491,0
2021-03-09,11,547,0
2021-03-09,12,438,0
2021-03-09,13,509,0
2021-03-09,14,76,0
2021-03-09,15,619,0
2021-03-10,1,74,0
2021-03-10,2,405,0
2021-03-10,3,421,0
2021-03-10,4,553,0
2021-03-10,5,474,0
2021-03-10,6,509,0
2021-03-10,7,110,0
2021-03-10,8,516,0
2021-03-10,9,586,0
2021-03-10,10,487,0
2021-03-10,11,546,0
2021-03-10,12,438,0
2021-03-10,13,509,0
2021-03-10,14,74,0
2021-03-10,15,618,0
2021-03-11,1,68,0
2021-03-11,2,400,0
2021-03-11,3,419,0
2021-03-11,4,547,0
2021-03-11,5,470,0
2021-03-11,6,509,0
2021-03-11,7,110,0
2021-03-11,8,511,0
2021-03-11,9,585,0
2021-03-11,10,483,0
2021-03-11,11,542,0
2021-03-11,12,433,0
2021-03-11,13,500,0
2021-03-11,14,65,0
2021-03-11,15,615,0
2021-03-12,1,68,0
2021-03-12,2,399,0
2021-03-12,3,419,0
2021-03-12,4,547,0
2021-03-12,5,468,0
2021-03-12,6,508,0
2021-03-12,7,110,0
2021-03-12,8,511,0
2021-03-12,9,585,0
2021-03-12,10,480,0
2021-03-12,11,542,0
2021-03-12,12,433,0
2021-03-12,13,493,0
2021-03-12,14,57,0
2021-03-12,15,613,0
2021-03-13,1,60,0
2021-03-13,2,391,0
2021-03-13,3,411,0
2021-03-13,4,542,0
2021-03-13,5,461,0
2021-03-13,6,505,0
2021-03-13,7,108,0
2021-03-13,8,505,0
2021-03-13,9,582,0
2021-03-13,10,479,0
2021-03-13,11,534,0
2021-03-13,12,424,0
2021-03-13,13,491,0
2021-03-13,14,53,0
2021-03-13,15,611,0
2021-03-14,1,51,0
2021-03-14,2,387,0
2021-03-14,3,398,0
2021-03-14,4,539,0
2021-03-14,5,455,0
2021-03-14,6,503,0
2021-03-14,7,102,0
2021-03-14,8,503,0
2021-03-14,9,580,0
2021-03-14,10,477,0
2021-03-14,11,525,0
2021-03-14,12,419,0
2021-03-14,13,489,0
2021-03-14,14,49,0
2021-03-14,15,608,0
2021-03-15,1,35,0
2021-03-15,2,384,0
2021-03-15,3,395,0
2021-03-15,4,534,0
2021-03-15,5,448,0
2021-03-15,6,497,0
2021-03-15,7,97,0
2021-03-15,8,498,0
2021-03-15,9,576,0
2021-03-15,10,466,0
2021-03-15,11,523,0
2021-03-15,12,417,0
2021-03-15,13,476,0
2021-03-15,14,42,0
2021-03-15,15,603,0
2021-03-16,1,24,0
2021-03-16,2,369,0
2021-03-16,3,394,0
2021-03-16,4,528,0
2021-03-16,5,448,0
2021-03-16,6,495,0
2021-03-16,7,95,0
2021-03-16,8,492,0
2021-03-16,9,573,0
2021-03-16,10,462,0
2021-03-16,11,516,0
2021-03-16,12,412,0
2021-03-16,13,472,0
2021-03-16,14,39,0
2021-03-16,15,600,0
2021-03-17,1,22,0
2021-03-17,2,358,0
2021-03-17,3,386,0
2021-03-17,4,527,0
2021-03-17,5,439,0
2021-03-17,6,484,0
2021-03-17,7,82,0
2021-03-17,8,488,0
2021-03-17,9,569,0
2021-03-17,10,462,0
2021-03-17,11,505,0
2021-03-17,12,412,0
2021-03-17,13,464,0
2021-03-17,14,36,0
2021-03-17,15,598,0
2021-03-18,1,15,0
2021-03-18,2,352,0
2021-03-18,3,383,0
2021-03-18,4,525,0
2021-03-18,5,429,0
2021-03-18,6,475,0
2021-03-18,7,77,0
2021-03-18,8,488,0
2021-03-18,9,563,0
2021-03-18,10,459,0
2021-03-18,11,497,0
2021-03-18,12,410,0
2021-03-18,13,461,0
2021-03-18,14,31,0
2021-03-18,15,596,0
2021-03-19,1,603,600
2021-03-19,2,348,0
2021-03-19,3,379,0
2021-03-19,4,521,0
2021-03-19,5,427,0
2021-03-19,6,472,0
2021-03-19,7,77,0
2021-03-19,8,480,0
2021-03-19,9,561,0
2021-03-19,10,456,0
2021-03-19,11,492,0
2021-03-19,12,410,0
2021-03-19,13,457,0
2021-03-19,14,24,0
2021-03-19,15,594,0
2021-03-20,1,598,0
2021-03-20,2,343,0
2021-03-20,3,379,0
2021-03-20,4,521,0
2021-03-20,5,416,0
2021-03-20,6,471,0
2021-03-20,7,74,0
2021-03-20,8,475,0
2021-03-20,9,556,0
2021-03-20,10,456,0
2021-03-20,11,482,0
2021-03-20,12,408,0
2021-03-20,13,452,0
2021-03-20,14,24,0
2021-03-20,15,589,0
2021-03-21,1,591,0
2021-03-21,2,340,0
2021-03-21,3,378,0
2021-03-21,4,516,0
2021-03-21,5,415,0
2021-03-21,6,471,0
2021-03-21,7,74,0
2021-03-21,8,475,0
2021-03-21,9,514,0
2021-03-21,10,456,0
2021-03-21,11,480,0
2021-03-21,12,408,0
2021-03-21,13,448,0
2021-03-21,14,24,0
2021-03-21,15,589,0
2021-03-22,1,590,0
2021-03-22,2,339,0
2021-03-22,3,377,0
2021-03-22,4,507,0
2021-03-22,5,415,0
2021-03-22,6,465,0
2021-03-22,7,72,0
2021-03-22,8,472,0
2021-03-22,9,513,0
2021-03-22,10,452,0
2021-03-22,11,479,0
2021-03-22,12,405,0
2021-03-22,13,439,0
2021-03-22,14,22,0
2021-03-22,15,587,0
2021-03-23,1,589,0
2021-03-23,2,338,0
2021-03-23,3,369,0
2021-03-23,4,505,0
2021-03-23,5,413,0
2021-03-23,6,462,0
2021-03-23,7,64,0
2021-03-23,8,461,0
2021-03-23,9,510,0
2021-03-23,10,446,0
2021-03-23,11,475,0
2021-03-23,12,394,0
2021-03-23,13,437,0
2021-03-23,14,17,0
2021-03-23,15,583,0
2021-03-24,1,582,0
2021-03-24,2,330,0
2021-03-24,3,366,0
2021-03-24,4,505,0
2021-03-24,5,411,0
2021-03-24,6,462,0
2021-03-24,7,58,0
2021-03-24,8,459,0
2021-03-24,9,505,0
2021-03-24,10,444,0
2021-03-24,11,472,0
2021-03-24,12,387,0
2021-03-24,13,434,0
2021-03-24,14,13,0
2021-03-24,15,581,0
2021-03-25,1,576,0
2021-03-25,2,326,0
2021-03-25,3,362,0
2021-03-25,4,501,0
2021-03-25,5,401,0
2021-03-25,6,459,0
2021-03-25,7,56,0
2021-03-25,8,459,0
2021-03-25,9,495,0
2021-03-25,10,444,0
2021-03-25,11,463,0
2021-03-25,12,382,0
2021-03-25,13,428,0
2021-03-25,14,10,0
2021-03-25,15,576,0
2021-03-26,1,560,0
2021-03-26,2,321,0
2021-03-26,3,360,0
2021-03-26,4,492,0
2021-03-26,5,390,0
2021-03-26,6,451,0
2021-03-26,7,51,0
2021-03-26,8,455,0
2021-03-26,9,490,0
2021-03-26,10,437,0
2021-03-26,11,456,0
2021-03-26,12,377,0
2021-03-26,13,425,0
2021-03-26,14,9,0
2021-03-26,15,573,0
2021-03-27,1,555,0
2021-03-27,2,318,0
2021-03-27,3,353,0
2021-03-27,4,482,0
2021-03-27,5,385,0
2021-03-27,6,451,0
2021-03-27,7,47,0
2021-03-27,8,451,0
2021-03-27,9,478,0
2021-03-27,10,416,0
2021-03-27,11,455,0
2021-03-27,12,377,0
2021-03-27,13,424,0
2021-03-27,14,1,0
2021-03-27,15,569,0
2021-03-28,1,551,0
2021-03-28,2,313,0
2021-03-28,3,351,0
2021-03-28,4,474,0
2021-03-28,5,376,0
2021-03-28,6,445,0
2021-03-28,7,39,0
2021-03-28,8,444,0
2021-03-28,9,470,0
2021-03-28,10,410,0
2021-03-28,11,443,0
2021-03-28,12,368,0
2021-03-28,13,420,0
2021-03-28,14,0,0
2021-03-28,15,566,0
2021-03-29,1,551,0
2021-03-29,2,302,0
2021-03-29,3,347,0
2021-03-29,4,472,0
2021-03-29,5,371,0
2021-03-29,6,440,0
2021-03-29,7,39,0
2021-03-29,8,444,0
2021-03-29,9,467,0
2021-03-29,10,406,0
2021-03-29,11,439,0
2021-03-29,12,362,0
2021-03-29,13,417,0
2021-03-29,14,0,0
2021-03-29,15,566,0
2021-03-30,1,543,0
2021-03-30,2,283,0
2021-03-30,3,345,0
2021-03-30,4,470,0
2021-03-30,5,369,0
2021-03-30,6,438,0
2021-03-30,7,37,0
2021-03-30,8,432,0
2021-03-30,9,464,0
2021-03-30,10,401,0
2021-03-30,11,437,0
2021-03-30,12,362,0
2021-03-30,13,417,0
2021-03-30,14,0,0
2021-03-30,15,563,0
2021-03-31,1,539,0
2021-03-31,2,265,0
2021-03-31,3,342,0
2021-03-31,4,467,0
2021-03-31,5,369,0
2021-03-31,6,438,0
2021-03-31,7,34,0
2021-03-31,8,431,0
2021-03-31,9,459,0
2021-03-31,10,398,0
2021-03-31,11,432,0
2021-03-31,12,359,0
2021-03-31,13,411,0
2021-03-31,14,0,0
2021-03-31,15,560,0
2021-04-01,1,528,0
2021-04-01,2,262,0
2021-04-01,3,340,0
2021-04-01,4,465,0
2021-04-01,5,369,0
2021-04-01,6,429,0
2021-04-01,7,31,0
2021-04-01,8,429,0
2021-04-01,9,448,0
2021-04-01,10,398,0
2021-04-01,11,428,0
2021-04-01,12,357,0
2021-04-01,13,409,0
2021-04-01,14,0,0
2021-04-01,15,557,0
2021-04-02,1,527,0
2021-04-02,2,252,0
2021-04-02,3,334,0
2021-04-02,4,463,0
2021-04-02,5,363,0
2021-04-02,6,429,0
2021-04-02,7,631,600
2021-04-02,8,426,0
2021-04-02,9,447,0
2021-04-02,10,394,0
2021-04-02,11,425,0
2021-04-02,12,356,0
2021-04-02,13,407,0
2021-04-02,14,0,0
2021-04-02,15,552,0
2021-04-03,1,524,0
2021-04-03,2,247,0
2021-04-03,3,328,0
2021-04-03,4,457,0
2021-04-03,5,358,0
2021-04-03,6,427,0
2021-04-03,7,625,0
2021-04-03,8,426,0
2021-04-03,9,441,0
2021-04-03,10,393,0
2021-04-03,11,422,0
2021-04-03,12,333,0
2021-04-03,13,398,0
2021-04-03,14,0,0
2021-04-03,15,545,0
2021-04-04,1,521,0
2021-04-04,2,244,0
2021-04-04,3,326,0
2021-04-04,4,450,0
2021-04-04,5,358,0
2021-04-04,6,424,0
2021-04-04,7,618,0
2021-04-04,8,426,0
2021-04-04,9,441,0
2021-04-04,10,392,0
2021-04-04,11,422,0
2021-04-04,12,331,0
2021-04-04,13,398,0
2021-04-04,14,0,0
2021-04-04,15,542,0
2021-04-05,1,510,0
2021-04-05,2,234,0
2021-04-05,3,323,0
2021-04-05,4,440,0
2021-04-05,5,357,0
2021-04-05,6,423,0
2021-04-05,7,608,0
2021-04-05,8,420,0
2021-04-05,9,436,0
2021-04-05,10,388,0
2021-04-05,11,416,0
2021-04-05,12,329,0
2021-04-05,13,398,0
2021-04-05,14,0,0
2021-04-05,15,538,0
2021-04-06,1,497,0
2021-04-06,2,231,0
2021-04-06,3,323,0
2021-04-06,4,433,0
2021-04-06,5,357,0
2021-04-06,6,419,0
2021-04-06,7,605,0
2021-04-06,8,417,0
2021-04-06,9,432,0
2021-04-06,10,382,0
2021-04-06,11,411,0
2021-04-06,12,323,0
2021-04-06,13,398,0
2021-04-06,14,0,0
2021-04-06,15,538,0
2021-04-07,1,493,0
2021-04-07,2,230,0
2021-04-07,3,323,0
2021-04-07,4,433,0
2021-04-07,5,352,0
2021-04-07,6,413,0
2021-04-07,7,605,0
2021-04-07,8,407,0
2021-04-07,9,428,0
2021-04-07,10,376,0
2021-04-07,11,410,0
2021-04-07,12,319,0
2021-04-07,13,397,0
2021-04-07,14,0,0
2021-04-07,15,530,0
2021-04-08,1,491,0
2021-04-08,2,228,0
2021-04-08,3,318,0
2021-04-08,4,429,0
2021-04-08,5,350,0
2021-04-08,6,412,0
2021-04-08,7,601,0
2021-04-08,8,406,0
2021-04-08,9,425,0
2021-04-08,10,370,0
2021-04-08,11,410,0
2021-04-08,12,311,0
2021-04-08,13,397,0
2021-04-08,14,0,0
2021-04-08,15,525,0
2021-04-09,1,486,0
2021-04-09,2,225,0
2021-04-09,3,312,0
2021-04-09,4,425,0
2021-04-09,5,343,0
2021-04-09,6,404,0
2021-04-09,7,597,0
2021-04-09,8,406,0
2021-04-09,9,422,0
2021-04-09,10,368,0
2021-04-09,11,406,0
2021-04-09,12,309,0
2021-04-09,13,394,0
2021-04-09,14,600,600
2021-04-09,15,522,0
2021-04-10,1,482,0
2021-04-10,2,225,0
2021-04-10,3,312,0
2021-04-10,4,419,0
2021-04-10,5,343,0
2021-04-10,6,398,0
2021-04-10,7,597,0
2021-04-10,8,404,0
2021-04-10,9,418,0
2021-04-10,10,364,0
2021-04-10,11,403,0
2021-04-10,12,309,0
2021-04-10,13,393,0
2021-04-10,14,600,0
2021-04-10,15,517,0
2021-04-11,1,473,0
2021-04-11,2,221,0
2021-04-11,3,307,0
2021-04-11,4,413,0
2021-04-11,5,343,0
2021-04-11,6,397,0
2021-04-11,7,595,0
2021-04-11,8,355,0
2021-04-11,9,414,0
2021-04-11,10,361,0
2021-04-11,11,403,0
2021-04-11,12,303,0
2021-04-11,13,389,0
2021-04-11,14,594,0
2021-04-11,15,517,0
2021-04-12,1,466,0
2021-04-12,2,218,0
2021-04-12,3,306,0
2021-04-12,4,411,0
2021-04-12,5,336,0
2021-04-12,6,395,0
2021-04-12,7,592,0
2021-04-12,8,353,0
2021-04-12,9,405,0
2021-04-12,10,358,0
2021-04-12,11,355,0
2021-04-12,12,300,0
2021-04-12,13,386,0
2021-04-12,14,591,0
2021-04-12,15,513,0
2021-04-13,1,453,0
2021-04-13,2,213,0
2021-04-13,3,297,0
2021-04-13,4,406,0
2021-04-13,5,328,0
2021-04-13,6,388,0
2021-04-13,7,581,0
2021-04-13,8,345,0
2021-04-13,9,401,0
2021-04-13,10,356,0
2021-04-13,11,348,0
2021-04-13,12,295,0
2021-04-13,13,377,0
2021-04-13,14,588,0
2021-04-13,15,510,0
2021-04-14,1,443,0
2021-04-14,2,213,0
2021-04-14,3,292,0
2021-04-14,4,400,0
2021-04-14,5,322,0
2021-04-14,6,383,0
2021-04-14,7,581,0
2021-04-14,8,338,0
2021-04-14,9,398,0
2021-04-14,10,351,0
2021-04-14,11,342,0
2021-04-14,12,290,0
2021-04-14,13,377,0
2021-04-14,14,588,0
2021-04-14,15,497,0
2021-04-15,1,439,0
2021-04-15,2,212,0
2021-04-15,3,285,0
2021-04-15,4,397,0
2021-04-15,5,317,0
2021-04-15,6,382,0
2021-04-15,7,580,0
2021-04-15,8,330,0
2021-04-15,9,393,0
2021-04-15,10,350,0
2021-04-15,11,339,0
2021-04-15,12,284,0
2021-04-15,13,374,0
2021-04-15,14,581,0
2021-04-15,15,492,0
2021-04-16,1,433,0
2021-04-16,2,211,0
2021-04-16,3,282,0
2021-04-16,4,387,0
2021-04-16,5,316,0
2021-04-16,6,376,0
2021-04-16,7,574,0
2021-04-16,8,327,0
2021-04-16,9,392,0
2021-04-16,10,343,0
2021-04-16,11,333,0
2021-04-16,12,275,0
2021-04-16,13,369,0
2021-04-16,14,574,0
2021-04-16,15,492,0
2021-04-17,1,418,0
2021-04-17,2,206,0
2021-04-17,3,277,0
2021-04-17,4,385,0
2021-04-17,5,310,0
2021-04-17,6,376,0
2021-04-17,7,573,0
2021-04-17,8,326,0
2021-04-17,9,392,0
2021-04-17,10,341,0
2021-04-17,11,330,0
2021-04-17,12,264,0
2021-04-17,13,366,0
2021-04-17,14,569,0
2021-04-17,15,492,0
2021-04-18,1,406,0
2021-04-18,2,202,0
2021-04-18,3,259,0
2021-04-18,4,382,0
2021-04-18,5,305,0
2021-04-18,6,369,0
2021-04-18,7,569,0
2021-04-18,8,326,0
2021-04-18,9,387,0
2021-04-18,10,340,0
2021-04-18,11,330,0
2021-04-18,12,259,0
2021-04-18,13,359,0
2021-04-18,14,569,0
2021-04-18,15,488,0
2021-04-19,1,401,0
2021-04-19,2,194,0
2021-04-19,3,251,0
2021-04-19,4,372,0
2021-04-19,5,303,0
2021-04-19,6,363,0
2021-04-19,7,560,0
2021-04-19,8,325,0
2021-04-19,9,378,0
2021-04-19,10,333,0
2021-04-19,11,328,0
2021-04-19,12,255,0
2021-04-19,13,348,0
2021-04-19,14,559,0
2021-04-19,15,481,0
2021-04-20,1,390,0
2021-04-20,2,188,0
2021-04-20,3,247,0
2021-04-20,4,367,0
2021-04-20,5,292,0
2021-04-20,6,363,0
2021-04-20,7,554,0
2021-04-20,8,323,0
2021-04-20,9,368,0
2021-04-20,10,330,0
2021-04-20,11,324,0
2021-04-20,12,249,0
2021-04-20,13,346,0
2021-04-20,14,553,0
2021-04-20,15,481,0
2021-04-21,1,377,0
2021-04-21,2,184,0
2021-04-21,3,244,0
2021-04-21,4,362,0
2021-04-21,5,281,0
2021-04-21,6,356,0
2021-04-21,7,548,0
2021-04-21,8,320,0
2021-04-21,9,364,0
2021-04-21,10,325,0
2021-04-21,11,324,0
2021-04-21,12,249,0
2021-04-21,13,344,0
2021-04-21,14,543,0
2021-04-21,15,469,0
2021-04-22,1,366,0
2021-04-22,2,173,0
2021-04-22,3,243,0
2021-04-22,4,362,0
2021-04-22,5,275,0
2021-04-22,6,353,0
2021-04-22,7,542,0
2021-04-22,8,312,0
2021-04-22,9,341,0
2021-04-22,10,325,0
2021-04-22,11,318,0
2021-04-22,12,246,0
2021-04-22,13,340,0
2021-04-22,14,541,0
2021-04-22,15,463,0
2021-04-23,1,361,0
2021-04-23,2,170,0
2021-04-23,3,236,0
2021-04-23,4,358,0
2021-04-23,5,267,0
2021-04-23,6,347,0
2021-04-23,7,540,0
2021-04-23,8,312,0
2021-04-23,9,338,0
2021-04-23,10,321,0
2021-04-23,11,317,0
2021-04-23,12,242,0
2021-04-23,13,337,0
2021-04-23,14,540,0
2021-04-23,15,463,0
2021-04-24,1,351,0
2021-04-24,2,166,0
2021-04-24,3,233,0
2021-04-24,4,358,0
2021-04-24,5,264,0
2021-04-24,6,345,0
2021-04-24,7,537,0
2021-04-24,8,309,0
2021-04-24,9,338,0
2021-04-24,10,321,0
2021-04-24,11,317,0
2021-04-24,12,241,0
2021-04-24,13,327,0
2021-04-24,14,535,0
2021-04-24,15,463,0
2021-04-25,1,341,0
2021-04-25,2,163,0
2021-04-25,3,227,0
2021-04-25,4,351,0
2021-04-25,5,263,0
2021-04-25,6,340,0
2021-04-25,7,532,0
2021-04-25,8,285,0
2021-04-25,9,336,0
2021-04-25,10,316,0
2021-04-25,11,312,0
2021-04-25,12,238,0
2021-04-25,13,324,0
2021-04-25,14,533,0
2021-04-25,15,460,0
2021-04-26,1,335,0
2021-04-26,2,152,0
2021-04-26,3,227,0
2021-04-26,4,351,0
2021-04-26,5,263,0
2021-04-26,6,334,0
2021-04-26,7,530,0
2021-04-26,8,280,0
2021-04-26,9,336,0
2021-04-26,10,312,0
2021-04-26,11,310,0
2021-04-26,12,232,0
2021-04-26,13,319,0
2021-04-26,14,531,0
2021-04-26,15,449,0
2021-04-27,1,334,0
2021-04-27,2,152,0
2021-04-27,3,220,0
2021-04-27,4,347,0
2021-04-27,5,256,0
2021-04-27,6,325,0
2021-04-27,7,522,0
2021-04-27,8,265,0
2021-04-27,9,324,0
2021-04-27,10,306,0
2021-04-27,11,305,0
2021-04-27,12,223,0
2021-04-27,13,306,0
2021-04-27,14,525,0
2021-04-27,15,446,0
2021-04-28,1,331,0
2021-04-28,2,145,0
2021-04-28,3,213,0
2021-04-28,4,337,0
2021-04-28,5,256,0
2021-04-28,6,316,0
2021-04-28,7,520,0
2021-04-28,8,259,0
2021-04-28,9,321,0
2021-04-28,10,299,0
2021-04-28,11,304,0
2021-04-28,12,220,0
2021-04-28,13,302,0
2021-04-28,14,518,0
2021-04-28,15,440,0
2021-04-29,1,323,0
2021-04-29,2,135,0
2021-04-29,3,213,0
2021-04-29,4,333,0
2021-04-29,5,249,0
2021-04-29,6,315,0
2021-04-29,7,514,0
2021-04-29,8,252,0
2021-04-29,9,318,0
2021-04-29,10,293,0
2021-04-29,11,299,0
2021-04-29,12,220,0
2021-04-29,13,302,0
2021-04-29,14,517,0
2021-04-29,15,438,0
2021-04-30,1,314,0
2021-04-30,2,132,0
2021-04-30,3,212,0
2021-04-30,4,329,0
2021-04-30,5,247,0
2021-04-30,6,315,0
2021-04-30,7,514,0
2021-04-30,8,249,0
2021-04-30,9,311,0
2021-04-30,10,293,0
2021-04-30,11,296,0
2021-04-30,12,218,0
2021-04-30,13,296,0
2021-04-30,14,509,0
2021-04-30,15,433,0
2021-05-01,1,313,0
2021-05-01,2,128,0
2021-05-01,3,210,0
2021-05-01,4,324,0
2021-05-01,5,244,0
2021-05-01,6,313,0
2021-05-01,7,512,0
2021-05-01,8,248,0
2021-05-01,9,310,0
2021-05-01,10,290,0
2021-05-01,11,293,0
2021-05-01,12,217,0
2021-05-01,13,290,0
2021-05-01,14,506,0
2021-05-01,15,420,0
2021-05-02,1,304,0
2021-05-02,2,117,0
2021-05-02,3,206,0
2021-05-02,4,324,0
2021-05-02,5,241,0
2021-05-02,6,304,0
2021-05-02,7,506,0
2021-05-02,8,242,0
2021-05-02,9,309,0
2021-05-02,10,283,0
2021-05-02,11,282,0
2021-05-02,12,216,0
2021-05-02,13,287,0
2021-05-02,14,498,0
2021-05-02,15,419,0
2021-05-03,1,294,0
2021-05-03,2,117,0
2021-05-03,3,203,0
2021-05-03,4,319,0
2021-05-03,5,241,0
2021-05-03,6,300,0
2021-05-03,7,500,0
2021-05-03,8,241,0
2021-05-03,9,307,0
2021-05-03,10,271,0
2021-05-03,11,279,0
2021-05-03,12,215,0
2021-05-03,13,284,0
2021-05-03,14,494,0
2021-05-03,15,414,0
2021-05-04,1,292,0
2021-05-04,2,111,0
2021-05-04,3,200,0
2021-05-04,4,312,0
2021-05-04,5,237,0
2021-05-04,6,300,0
2021-05-04,7,494,0
2021-05-04,8,241,0
2021-05-04,9,307,0
2021-05-04,10,270,0
2021-05-04,11,274,0
2021-05-04,12,208,0
2021-05-04,13,276,0
2021-05-04,14,488,0
2021-05-04,15,408,0
2021-05-05,1,288,0
2021-05-05,2,107,0
2021-05-05,3,199,0
2021-05-05,4,309,0
2021-05-05,5,235,0
2021-05-05,6,297,0
2021-05-05,7,494,0
2021-05-05,8,241,0
2021-05-05,9,306,0
2021-05-05,10,266,0
2021-05-05,11,273,0
2021-05-05,12,206,0
2021-05-05,13,274,0
2021-05-05,14,487,0
2021-05-05,15,406,0
2021-05-06,1,282,0
2021-05-06,2,107,0
2021-05-06,3,199,0
2021-05-06,4,309,0
2021-05-06,5,232,0
2021-05-06,6,291,0
2021-05-06,7,494,0
2021-05-06,8,233,0
2021-05-06,9,303,0
2021-05-06,10,255,0
2021-05-06,11,272,0
2021-05-06,12,205,0
2021-05-06,13,270,0
2021-05-06,14,486,0
2021-05-06,15,398,0
2021-05-07,1,279,0
2021-05-07,2,105,0
2021-05-07,3,191,0
2021-05-07,4,309,0
2021-05-07,5,229,0
2021-05-07,6,289,0
2021-05-07,7,490,0
2021-05-07,8,230,0
2021-05-07,9,300,0
2021-05-07,10,252,0
2021-05-07,11,270,0
2021-05-07,12,195,0
2021-05-07,13,264,0
2021-05-07,14,486,0
2021-05-07,15,396,0
2021-05-08,1,271,0
2021-05-08,2,100,0
2021-05-08,3,181,0
2021-05-08,4,301,0
2021-05-08,5,219,0
2021-05-08,6,285,0
2021-05-08,7,485,0
2021-05-08,8,229,0
2021-05-08,9,297,0
2021-05-08,10,251,0
2021-05-08,11,264,0
2021-05-08,12,193,0
2021-05-08,13,256,0
2021-05-08,14,485,0
2021-05-08,15,391,0
2021-05-09,1,264,0
2021-05-09,2,88,0
2021-05-09,3,178,0
2021-05-09,4,295,0
2021-05-09,5,219,0
2021-05-09,6,281,0
2021-05-09,7,480,0
2021-05-09,8,221,0
2021-05-09,9,294,0
2021-05-09,10,248,0
2021-05-09,11,256,0
2021-05-09,12,187,0
2021-05-09,13,247,0
2021-05-09,14,483,0
2021-05-09,15,385,0
2021-05-10,1,260,0
2021-05-10,2,81,0
2021-05-10,3,177,0
2021-05-10,4,295,0
2021-05-10,5,214,0
2021-05-10,6,274,0
2021-05-10,7,474,0
2021-05-10,8,219,0
2021-05-10,9,289,0
2021-05-10,10,242,0
2021-05-10,11,251,0
2021-05-10,12,176,0
2021-05-10,13,244,0
2021-05-10,14,480,0
2021-05-10,15,380,0
2021-05-11,1,248,0
2021-05-11,2,66,0
2021-05-11,3,169,0
2021-05-11,4,287,0
2021-05-11,5,203,0
2021-05-11,6,269,0
2021-05-11,7,469,0
2021-05-11,8,217,0
2021-05-11,9,288,0
2021-05-11,10,236,0
2021-05-11,11,244,0
2021-05-11,12,167,0
2021-05-11,13,237,0
2021-05-11,14,477,0
2021-05-11,15,374,0
2021-05-12,1,238,0
2021-05-12,2,660,600
2021-05-12,3,168,0
2021-05-12,4,273,0
2021-05-12,5,195,0
2021-05-12,6,267,0
2021-05-12,7,467,0
2021-05-12,8,209,0
2021-05-12,9,288,0
2021-05-12,10,236,0
2021-05-12,11,242,0
2021-05-12,12,161,0
2021-05-12,13,234,0
2021-05-12,14,470,0
2021-05-12,15,374,0
2021-05-13,1,233,0
2021-05-13,2,654,0
2021-05-13,3,156,0
2021-05-13,4,264,0
2021-05-13,5,193,0
2021-05-13,6,266,0
2021-05-13,7,462,0
2021-05-13,8,202,0
2021-05-13,9,284,0
2021-05-13,10,234,0
2021-05-13,11,237,0
2021-05-13,12,154,0
2021-05-13,13,230,0
2021-05-13,14,467,0
2021-05-13,15,365,0
2021-05-14,1,233,0
2021-05-14,2,651,0
2021-05-14,3,156,0
2021-05-14,4,260,0
2021-05-14,5,193,0
2021-05-14,6,266,0
2021-05-14,7,460,0
2021-05-14,8,202,0
2021-05-14,9,270,0
2021-05-14,10,234,0
2021-05-14,11,237,0
2021-05-14,12,153,0
2021-05-14,13,230,0
2021-05-14,14,464,0
2021-05-14,15,362,0
2021-05-15,1,222,0
2021-05-15,2,643,0
2021-05-15,3,150,0
2021-05-15,4,256,0
2021-05-15,5,190,0
2021-05-15,6,257,0
2021-05-15,7,446,0
2021-05-15,8,200,0
2021-05-15,9,262,0
2021-05-15,10,229,0
2021-05-15,11,234,0
2021-05-15,12,143,0
2021-05-15,13,222,0
2021-05-15,14,454,0
2021-05-15,15,355,0
2021-05-16,1,213,0
2021-05-16,2,641,0
2021-05-16,3,141,0
2021-05-16,4,256,0
2021-05-16,5,190,0
2021-05-16,6,257,0
2021-05-16,7,444,0
2021-05-16,8,197,0
2021-05-16,9,249,0
2021-05-16,10,227,0
2021-05-16,11,232,0
2021-05-16,12,141,0
2021-05-16,13,216,0
2021-05-16,14,454,0
2021-05-16,15,352,0
2021-05-17,1,160,0
2021-05-17,2,636,0
2021-05-17,3,137,0
2021-05-17,4,243,0
2021-05-17,5,184,0
2021-05-17,6,252,0
2021-05-17,7,440,0
2021-05-17,8,192,0
2021-05-17,9,245,0
2021-05-17,10,220,0
2021-05-17,11,228,0
2021-05-17,12,137,0
2021-05-17,13,216,0
2021-05-17,14,450,0
2021-05-17,15,346,0
2021-05-18,1,158,0
2021-05-18,2,635,0
2021-05-18,3,133,0
2021-05-18,4,237,0
2021-05-18,5,184,0
2021-05-18,6,238,0
2021-05-18,7,435,0
2021-05-18,8,190,0
2021-05-18,9,237,0
2021-05-18,10,208,0
2021-05-18,11,226,0
2021-05-18,12,131,0
2021-05-18,13,215,0
2021-05-18,14,444,0
2021-05-18,15,346,0
2021-05-19,1,152,0
2021-05-19,2,627,0
2021-05-19,3,132,0
2021-05-19,4,233,0
2021-05-19,5,184,0
2021-05-19,6,235,0
2021-05-19,7,433,0
2021-05-19,8,184,0
2021-05-19,9,228,0
2021-05-19,10,203,0
2021-05-19,11,215,0
2021-05-19,12,131,0
2021-05-19,13,210,0
2021-05-19,14,441,0
2021-05-19,15,341,0
2021-05-20,1,141,0
2021-05-20,2,626,0
2021-05-20,3,129,0
2021-05-20,4,230,0
2021-05-20,5,182,0
2021-05-20,6,231,0
2021-05-20,7,428,0
2021-05-20,8,181,0
2021-05-20,9,218,0
2021-05-20,10,166,0
2021-05-20,11,212,0
2021-05-20,12,121,0
2021-05-20,13,200,0
2021-05-20,14,441,0
2021-05-20,15,338,0
2021-05-21,1,133,0
2021-05-21,2,619,0
2021-05-21,3,126,0
2021-05-21,4,230,0
2021-05-21,5,180,0
2021-05-21,6,231,0
2021-05-21,7,425,0
2021-05-21,8,136,0
2021-05-21,9,216,0
2021-05-21,10,160,0
2021-05-21,11,212,0
2021-05-21,12,111,0
2021-05-21,13,174,0
2021-05-21,14,438,0
2021-05-21,15,317,0
2021-05-22,1,129,0
2021-05-22,2,615,0
2021-05-22,3,124,0
2021-05-22,4,230,0
2021-05-22,5,178,0
2021-05-22,6,231,0
2021-05-22,7,425,0
2021-05-22,8,134,0
2021-05-22,9,213,0
2021-05-22,10,157,0
2021-05-22,11,212,0
2021-05-22,12,104,0
2021-05-22,13,171,0
2021-05-22,14,437,0
2021-05-22,15,314,0
2021-05-23,1,121,0
2021-05-23,2,602,0
2021-05-23,3,120,0
2021-05-23,4,228,0
2021-05-23,5,167,0
2021-05-23,6,224,0
2021-05-23,7,414,0
2021-05-23,8,134,0
2021-05-23,9,211,0
2021-05-23,10,155,0
2021-05-23,11,203,0
2021-05-23,12,97,0
2021-05-23,13,167,0
2021-05-23,14,437,0
2021-05-23,15,312,0
2021-05-24,1,121,0
2021-05-24,2,598,0
2021-05-24,3,115,0
2021-05-24,4,228,0
2021-05-24,5,166,0
2021-05-24,6,222,0
2021-05-24,7,410,0
2021-05-24,8,123,0
2021-05-24,9,208,0
2021-05-24,10,154,0
2021-05-24,11,196,0
2021-05-24,12,90,0
2021-05-24,13,162,0
2021-05-24,14,434,0
2021-05-24,15,309,0
2021-05-25,1,117,0
2021-05-25,2,587,0
2021-05-25,3,109,0
2021-05-25,4,226,0
2021-05-25,5,158,0
2021-05-25,6,210,0
2021-05-25,7,407,0
2021-05-25,8,117,0
2021-05-25,9,208,0
2021-05-25,10,144,0
2021-05-25,11,196,0
2021-05-25,12,688,600
2021-05-25,13,160,0
2021-05-25,14,431,0
2021-05-25,15,305,0
2021-05-26,1,116,0
2021-05-26,2,581,0
2021-05-26,3,706,600
2021-05-26,4,219,0
2021-05-26,5,158,0
2021-05-26,6,206,0
2021-05-26,7,399,0
2021-05-26,8,113,0
2021-05-26,9,206,0
2021-05-26,10,142,0
2021-05-26,11,191,0
2021-05-26,12,684,0
2021-05-26,13,155,0
2021-05-26,14,429,0
2021-05-26,15,305,0
2021-05-27,1,109,0
2021-05-27,2,581,0
2021-05-27,3,698,0
2021-05-27,4,217,0
2021-05-27,5,158,0
2021-05-27,6,197,0
2021-05-27,7,393,0
2021-05-27,8,105,0
2021-05-27,9,203,0
2021-05-27,10,139,0
2021-05-27,11,176,0
2021-05-27,12,679,0
2021-05-27,13,146,0
2021-05-27,14,416,0
2021-05-27,15,303,0
2021-05-28,1,103,0
2021-05-28,2,579,0
2021-05-28,3,691,0
2021-05-28,4,214,0
2021-05-28,5,158,0
2021-05-28,6,195,0
2021-05-28,7,392,0
2021-05-28,8,699,600
2021-05-28,9,203,0
2021-05-28,10,138,0
2021-05-28,11,166,0
2021-05-28,12,678,0
2021-05-28,13,140,0
2021-05-28,14,411,0
2021-05-28,15,298,0
2021-05-29,1,101,0
2021-05-29,2,575,0
2021-05-29,3,687,0
2021-05-29,4,207,0
2021-05-29,5,152,0
2021-05-29,6,194,0
2021-05-29,7,390,0
2021-05-29,8,692,0
2021-05-29,9,193,0
2021-05-29,10,131,0
2021-05-29,11,166,0
2021-05-29,12,671,0
2021-05-29,13,133,0
2021-05-29,14,407,0
2021-05-29,15,290,0
2021-05-30,1,98,0
2021-05-30,2,567,0
2021-05-30,3,682,0
2021-05-30,4,199,0
2021-05-30,5,151,0
2021-05-30,6,194,0
2021-05-30,7,385,0
2021-05-30,8,687,0
2021-05-30,9,193,0
2021-05-30,10,122,0
2021-05-30,11,163,0
2021-05-30,12,671,0
2021-05-30,13,133,0
2021-05-30,14,403,0
2021-05-30,15,290,0
2021-05-31,1,92,0
2021-05-31,2,564,0
2021-05-31,3,681,0
2021-05-31,4,197,0
2021-05-31,5,151,0
2021-05-31,6,190,0
2021-05-31,7,381,0
2021-05-31,8,687,0
2021-05-31,9,191,0
2021-05-31,10,121,0
2021-05-31,11,160,0
2021-05-31,12,668,0
2021-05-31,13,128,0
2021-05-31,14,400,0
2021-05-31,15,281,0
2021-06-01,1,90,0
2021-06-01,2,561,0
2021-06-01,3,679,0
2021-06-01,4,197,0
2021-06-01,5,148,0
2021-06-01,6,187,0
2021-06-01,7,381,0
2021-06-01,8,685,0
2021-06-01,9,178,0
2021-06-01,10,114,0
2021-06-01,11,159,0
2021-06-01,12,665,0
2021-06-01,13,122,0
2021-06-01,14,394,0
2021-06-01,15,281,0
2021-06-02,1,88,0
2021-06-02,2,508,0
2021-06-02,3,676,0
2021-06-02,4,196,0
2021-06-02,5,142,0
2021-06-02,6,183,0
2021-06-02,7,380,0
2021-06-02,8,682,0
2021-06-02,9,178,0
2021-06-02,10,114,0
2021-06-02,11,153,0
2021-06-02,12,660,0
2021-06-02,13,116,0
2021-06-02,14,388,0
2021-06-02,15,281,0
2021-06-03,1,85,0
2021-06-03,2,505,0
2021-06-03,3,676,0
2021-06-03,4,187,0
2021-06-03,5,142,0
2021-06-03,6,183,0
2021-06-03,7,375,0
2021-06-03,8,680,0
2021-06-03,9,178,0
2021-06-03,10,108,0
2021-06-03,11,148,0
2021-06-03,12,660,0
2021-06-03,13,111,0
2021-06-03,14,386,0
2021-06-03,15,276,0
2021-06-04,1,83,0
2021-06-04,2,499,0
2021-06-04,3,676,0
2021-06-04,4,187,0
2021-06-04,5,134,0
2021-06-04,6,179,0
2021-06-04,7,372,0
2021-06-04,8,677,0
2021-06-04,9,175,0
2021-06-04,10,106,0
2021-06-04,11,145,0
2021-06-04,12,660,0
2021-06-04,13,110,0
2021-06-04,14,380,0
2021-06-04,15,276,0
2021-06-05,1,77,0
2021-06-05,2,499,0
2021-06-05,3,675,0
2021-06-05,4,187,0
2021-06-05,5,134,0
2021-06-05,6,175,0
2021-06-05,7,372,0
2021-06-05,8,674,0
2021-06-05,9,175,0
2021-06-05,10,98,0
2021-06-05,11,145,0
2021-06-05,12,660,0
2021-06-05,13,110,0
2021-06-05,14,377,0
2021-06-05,15,276,0
2021-06-06,1,72,0
2021-06-06,2,491,0
2021-06-06,3,675,0
2021-06-06,4,187,0
2021-06-06,5,134,0
2021-06-06,6,171,0
2021-06-06,7,371,0
2021-06-06,8,671,0
2021-06-06,9,168,0
2021-06-06,10,98,0
2021-06-06,11,145,0
2021-06-06,12,655,0
2021-06-06,13,710,600
2021-06-06,14,377,0
2021-06-06,15,273,0
2021-06-07,1,69,0
2021-06-07,2,483,0
2021-06-07,3,673,0
2021-06-07,4,187,0
2021-06-07,5,132,0
2021-06-07,6,167,0
2021-06-07,7,369,0
2021-06-07,8,668,0
2021-06-07,9,168,0
2021-06-07,10,96,0
2021-06-07,11,143,0
2021-06-07,12,653,0
2021-06-07,13,708,0
2021-06-07,14,371,0
2021-06-07,15,270,0
2021-06-08,1,66,0
2021-06-08,2,483,0
2021-06-08,3,671,0
2021-06-08,4,187,0
2021-06-08,5,131,0
2021-06-08,6,165,0
2021-06-08,7,366,0
2021-06-08,8,661,0
2021-06-08,9,163,0
2021-06-08,10,695,600
2021-06-08,11,141,0
2021-06-08,12,651,0
2021-06-08,13,708,0
2021-06-08,14,368,0
2021-06-08,15,266,0
2021-06-09,1,63,0
2021-06-09,2,483,0
2021-06-09,3,668,0
2021-06-09,4,186,0
2021-06-09,5,131,0
2021-06-09,6,165,0
2021-06-09,7,364,0
2021-06-09,8,661,0
2021-06-09,9,160,0
2021-06-09,10,694,0
2021-06-09,11,136,0
2021-06-09,12,651,0
2021-06-09,13,706,0
2021-06-09,14,367,0
2021-06-09,15,261,0
2021-06-10,1,657,600
2021-06-10,2,474,0
2021-06-10,3,664,0
2021-06-10,4,186,0
2021-06-10,5,131,0
2021-06-10,6,158,0
2021-06-10,7,364,0
2021-06-10,8,660,0
2021-06-10,9,154,0
2021-06-10,10,691,0
2021-06-10,11,736,600
2021-06-10,12,648,0
2021-06-10,13,706,0
2021-06-10,14,364,0
2021-06-10,15,261,0
2021-06-11,1,650,0
2021-06-11,2,466,0
2021-06-11,3,664,0
2021-06-11,4,185,0
2021-06-11,5,131,0
2021-06-11,6,152,0
2021-06-11,7,364,0
2021-06-11,8,660,0
2021-06-11,9,151,0
2021-06-11,10,688,0
2021-06-11,11,734,0
2021-06-11,12,644,0
2021-06-11,13,706,0
2021-06-11,14,364,0
2021-06-11,15,257,0
2021-06-12,1,648,0
2021-06-12,2,459,0
2021-06-12,3,664,0
2021-06-12,4,183,0
2021-06-12,5,128,0
2021-06-12,6,151,0
2021-06-12,7,362,0
2021-06-12,8,655,0
2021-06-12,9,149,0
2021-06-12,10,684,0
2021-06-12,11,734,0
2021-06-12,12,644,0
2021-06-12,13,705,0
2021-06-12,14,356,0
2021-06-12,15,255,0
2021-06-13,1,648,0
2021-06-13,2,458,0
2021-06-13,3,664,0
2021-06-13,4,183,0
2021-06-13,5,726,600
2021-06-13,6,151,0
2021-06-13,7,362,0
2021-06-13,8,653,0
2021-06-13,9,144,0
2021-06-13,10,682,0
2021-06-13,11,734,0
2021-06-13,12,641,0
2021-06-13,13,703,0
2021-06-13,14,350,0
2021-06-13,15,254,0
2021-06-14,1,648,0
2021-06-14,2,452,0
2021-06-14,3,664,0
2021-06-14,4,182,0
2021-06-14,5,726,0
2021-06-14,6,151,0
2021-06-14,7,353,0
2021-06-14,8,651,0
2021-06-14,9,144,0
2021-06-14,10,676,0
2021-06-14,11,734,0
2021-06-14,12,636,0
2021-06-14,13,703,0
2021-06-14,14,348,0
2021-06-14,15,251,0
2021-06-15,1,648,0
2021-06-15,2,448,0
2021-06-15,3,664,0
2021-06-15,4,180,0
2021-06-15,5,726,0
2021-06-15,6,151,0
2021-06-15,7,349,0
2021-06-15,8,650,0
2021-06-15,9,142,0
2021-06-15,10,676,0
2021-06-15,11,731,0
2021-06-15,12,630,0
2021-06-15,13,699,0
2021-06-15,14,345,0
2021-06-15,15,250,0
2021-06-16,1,642,0
2021-06-16,2,434,0
2021-06-16,3,664,0
2021-06-16,4,174,0
2021-06-16,5,726,0
2021-06-16,6,150,0
2021-06-16,7,349,0
2021-06-16,8,647,0
2021-06-16,9,133,0
2021-06-16,10,675,0
2021-06-16,11,731,0
2021-06-16,12,627,0
2021-06-16,13,695,0
2021-06-16,14,344,0
2021-06-16,15,246,0
2021-06-17,1,632,0
2021-06-17,2,434,0
2021-06-17,3,661,0
2021-06-17,4,173,0
2021-06-17,5,720,0
2021-06-17,6,147,0
2021-06-17,7,347,0
2021-06-17,8,647,0
2021-06-17,9,131,0
2021-06-17,10,674,0
2021-06-17,11,730,0
2021-06-17,12,627,0
2021-06-17,13,692,0
2021-06-17,14,342,0
2021-06-17,15,245,0
2021-06-18,1,629,0
2021-06-18,2,432,0
2021-06-18,3,661,0
2021-06-18,4,172,0
2021-06-18,5,717,0
2021-06-18,6,146,0
2021-06-18,7,347,0
2021-06-18,8,642,0
2021-06-18,9,126,0
2021-06-18,10,674,0
2021-06-18,11,727,0
2021-06-18,12,626,0
2021-06-18,13,688,0
2021-06-18,14,342,0
2021-06-18,15,242,0
2021-06-19,1,622,0
2021-06-19,2,427,0
2021-06-19,3,652,0
2021-06-19,4,172,0
2021-06-19,5,709,0
2021-06-19,6,146,0
2021-06-19,7,344,0
2021-06-19,8,634,0
2021-06-19,9,123,0
2021-06-19,10,671,0
2021-06-19,11,723,0
2021-06-19,12,619,0
2021-06-19,13,684,0
2021-06-19,14,337,0
2021-06-19,15,240,0
2021-06-20,1,618,0
2021-06-20,2,423,0
2021-06-20,3,652,0
2021-06-20,4,172,0
2021-06-20,5,708,0
2021-06-20,6,144,0
2021-06-20,7,344,0
2021-06-20,8,631,0
2021-06-20,9,118,0
2021-06-20,10,671,0
2021-06-20,11,719,0
2021-06-20,12,610,0
2021-06-20,13,681,0
2021-06-20,14,334,0
2021-06-20,15,240,0
2021-06-21,1,613,0
2021-06-21,2,418,0
2021-06-21,3,648,0
2021-06-21,4,169,0
2021-06-21,5,708,0
2021-06-21,6,140,0
2021-06-21,7,338,0
2021-06-21,8,628,0
2021-06-21,9,113,0
2021-06-21,10,669,0
2021-06-21,11,719,0
2021-06-21,12,608,0
2021-06-21,13,677,0
2021-06-21,14,331,0
2021-06-21,15,234,0
2021-06-22,1,610,0
2021-06-22,2,412,0
2021-06-22,3,645,0
2021-06-22,4,166,0
2021-06-22,5,706,0
2021-06-22,6,140,0
2021-06-22,7,338,0
2021-06-22,8,625,0
2021-06-22,9,111,0
2021-06-22,10,667,0
2021-06-22,11,712,0
2021-06-22,12,606,0
2021-06-22,13,674,0
2021-06-22,14,319,0
2021-06-22,15,223,0
2021-06-23,1,608,0
2021-06-23,2,407,0
2021-06-23,3,645,0
2021-06-23,4,166,0
2021-06-23,5,702,0
2021-06-23,6,137,0
2021-06-23,7,337,0
2021-06-23,8,606,0
2021-06-23,9,109,0
2021-06-23,10,667,0
2021-06-23,11,712,0
2021-06-23,12,602,0
2021-06-23,13,674,0
2021-06-23,14,312,0
2021-06-23,15,220,0
2021-06-24,1,595,0
2021-06-24,2,401,0
2021-06-24,3,642,0
2021-06-24,4,165,0
2021-06-24,5,696,0
2021-06-24,6,127,0
2021-06-24,7,334,0
2021-06-24,8,603,0
2021-06-24,9,104,0
2021-06-24,10,662,0
2021-06-24,11,710,0
2021-06-24,12,598,0
2021-06-24,13,674,0
2021-06-24,14,307,0
2021-06-24,15,218,0
2021-06-25,1,589,0
2021-06-25,2,387,0
2021-06-25,3,639,0
2021-06-25,4,161,0
2021-06-25,5,692,0
2021-06-25,6,122,0
2021-06-25,7,334,0
2021-06-25,8,600,0
2021-06-25,9,101,0
2021-06-25,10,658,0
2021-06-25,11,709,0
2021-06-25,12,592,0
2021-06-25,13,671,0
2021-06-25,14,307,0
2021-06-25,15,216,0
2021-06-26,1,587,0
2021-06-26,2,387,0
2021-06-26,3,633,0
2021-06-26,4,158,0
2021-06-26,5,690,0
2021-06-26,6,119,0
2021-06-26,7,332,0
2021-06-26,8,598,0
2021-06-26,9,701,600
2021-06-26,10,657,0
2021-06-26,11,709,0
2021-06-26,12,585,0
2021-06-26,13,666,0
2021-06-26,14,306,0
2021-06-26,15,205,0
2021-06-27,1,583,0
2021-06-27,2,385,0
2021-06-27,3,633,0
2021-06-27,4,158,0
2021-06-27,5,680,0
2021-06-27,6,119,0
2021-06-27,7,332,0
2021-06-27,8,598,0
2021-06-27,9,698,0
2021-06-27,10,656,0
2021-06-27,11,706,0
2021-06-27,12,583,0
2021-06-27,13,666,0
2021-06-27,14,306,0
2021-06-27,15,202,0
2021-06-28,1,582,0
2021-06-28,2,382,0
2021-06-28,3,628,0
2021-06-28,4,152,0
2021-06-28,5,677,0
2021-06-28,6,119,0
2021-06-28,7,328,0
2021-06-28,8,591,0
2021-06-28,9,692,0
2021-06-28,10,656,0
2021-06-28,11,702,0
2021-06-28,12,583,0
2021-06-28,13,663,0
2021-06-28,14,305,0
2021-06-28,15,194,0
2021-06-29,1,578,0
2021-06-29,2,380,0
2021-06-29,3,623,0
2021-06-29,4,147,0
2021-06-29,5,674,0
2021-06-29,6,119,0
2021-06-29,7,325,0
2021-06-29,8,587,0
2021-06-29,9,690,0
2021-06-29,10,647,0
2021-06-29,11,696,0
2021-06-29,12,576,0
2021-06-29,13,663,0
2021-06-29,14,302,0
2021-06-29,15,191,0
2021-06-30,1,574,0
2021-06-30,2,376,0
2021-06-30,3,614,0
2021-06-30,4,146,0
2021-06-30,5,673,0
2021-06-30,6,115,0
2021-06-30,7,321,0
2021-06-30,8,579,0
2021-06-30,9,688,0
2021-06-30,10,642,0
2021-06-30,11,688,0
2021-06-30,12,570,0
2021-06-30,13,663,0
2021-06-30,14,300,0
2021-06-30,15,189,0
2021-07-01,1,573,0
2021-07-01,2,376,0
2021-07-01,3,612,0
2021-07-01,4,146,0
2021-07-01,5,671,0
2021-07-01,6,110,0
2021-07-01,7,321,0
2021-07-01,8,579,0
2021-07-01,9,686,0
2021-07-01,10,642,0
2021-07-01,11,680,0
2021-07-01,12,569,0
2021-07-01,13,660,0
2021-07-01,14,300,0
2021-07-01,15,188,0
2021-07-02,1,573,0
2021-07-02,2,369,0
2021-07-02,3,610,0
2021-07-02,4,145,0
2021-07-02,5,667,0
2021-07-02,6,105,0
2021-07-02,7,318,0
2021-07-02,8,576,0
2021-07-02,9,684,0
2021-07-02,10,640,0
2021-07-02,11,680,0
2021-07-02,12,565,0
2021-07-02,13,660,0
2021-07-02,14,300,0
2021-07-02,15,188,0
2021-07-03,1,573,0
2021-07-03,2,360,0
2021-07-03,3,606,0
2021-07-03,4,144,0
2021-07-03,5,657,0
2021-07-03,6,99,0
2021-07-03,7,315,0
2021-07-03,8,573,0
2021-07-03,9,679,0
2021-07-03,10,639,0
2021-07-03,11,675,0
2021-07-03,12,563,0
2021-07-03,13,656,0
2021-07-03,14,297,0
2021-07-03,15,186,0
2021-07-04,1,565,0
2021-07-04,2,359,0
2021-07-04,3,599,0
2021-07-04,4,141,0
2021-07-04,5,654,0
2021-07-04,6,96,0
2021-07-04,7,312,0
2021-07-04,8,569,0
2021-07-04,9,674,0
2021-07-04,10,639,0
2021-07-04,11,669,0
2021-07-04,12,561,0
2021-07-04,13,651,0
2021-07-04,14,297,0
2021-07-04,15,183,0
2021-07-05,1,557,0
2021-07-05,2,353,0
2021-07-05,3,596,0
2021-07-05,4,132,0
2021-07-05,5,652,0
2021-07-05,6,92,0
2021-07-05,7,311,0
2021-07-05,8,562,0
2021-07-05,9,672,0
2021-07-05,10,633,0
2021-07-05,11,666,0
2021-07-05,12,560,0
2021-07-05,13,651,0
2021-07-05,14,294,0
2021-07-05,15,182,0
2021-07-06,1,552,0
2021-07-06,2,348,0
2021-07-06,3,593,0
2021-07-06,4,131,0
2021-07-06,5,650,0
2021-07-06,6,91,0
2021-07-06,7,311,0
2021-07-06,8,562,0
2021-07-06,9,672,0
2021-07-06,10,633,0
2021-07-06,11,664,0
2021-07-06,12,557,0
2021-07-06,13,651,0
2021-07-06,14,291,0
2021-07-06,15,180,0
2021-07-07,1,547,0
2021-07-07,2,345,0
2021-07-07,3,587,0
2021-07-07,4,129,0
2021-07-07,5,649,0
2021-07-07,6,79,0
2021-07-07,7,311,0
2021-07-07,8,559,0
2021-07-07,9,669,0
2021-07-07,10,630,0
2021-07-07,11,664,0
2021-07-07,12,554,0
2021-07-07,13,642,0
2021-07-07,14,286,0
2021-07-07,15,175,0
2021-07-08,1,547,0
2021-07-08,2,340,0
2021-07-08,3,580,0
2021-07-08,4,125,0
2021-07-08,5,649,0
2021-07-08,6,78,0
2021-07-08,7,308,0
2021-07-08,8,550,0
2021-07-08,9,669,0
2021-07-08,10,630,0
2021-07-08,11,661,0
2021-07-08,12,552,0
2021-07-08,13,642,0
2021-07-08,14,282,0
2021-07-08,15,170,0
2021-07-09,1,540,0
2021-07-09,2,336,0
2021-07-09,3,578,0
2021-07-09,4,722,600
2021-07-09,5,645,0
2021-07-09,6,75,0
2021-07-09,7,300,0
2021-07-09,8,550,0
2021-07-09,9,669,0
2021-07-09,10,630,0
2021-07-09,11,657,0
2021-07-09,12,550,0
2021-07-09,13,642,0
2021-07-09,14,276,0
2021-07-09,15,169,0
2021-07-10,1,534,0
2021-07-10,2,336,0
2021-07-10,3,577,0
2021-07-10,4,718,0
2021-07-10,5,642,0
2021-07-10,6,70,0
2021-07-10,7,298,0
2021-07-10,8,550,0
2021-07-10,9,669,0
2021-07-10,10,630,0
2021-07-10,11,654,0
2021-07-10,12,547,0
2021-07-10,13,641,0
2021-07-10,14,271,0
2021-07-10,15,169,0
2021-07-11,1,532,0
2021-07-11,2,332,0
2021-07-11,3,576,0
2021-07-11,4,715,0
2021-07-11,5,640,0
2021-07-11,6,67,0
2021-07-11,7,296,0
2021-07-11,8,550,0
2021-07-11,9,669,0
2021-07-11,10,630,0
2021-07-11,11,654,0
2021-07-11,12,546,0
2021-07-11,13,638,0
2021-07-11,14,266,0
2021-07-11,15,169,0
2021-07-12,1,525,0
2021-07-12,2,330,0
2021-07-12,3,574,0
2021-07-12,4,711,0
2021-07-12,5,631,0
2021-07-12,6,67,0
2021-07-12,7,293,0
2021-07-12,8,546,0
2021-07-12,9,669,0
2021-07-12,10,629,0
2021-07-12,11,650,0
2021-07-12,12,540,0
2021-07-12,13,637,0
2021-07-12,14,264,0
2021-07-12,15,165,0
2021-07-13,1,511,0
2021-07-13,2,325,0
2021-07-13,3,571,0
2021-07-13,4,702,0
2021-07-13,5,625,0
2021-07-13,6,65,0
2021-07-13,7,293,0
2021-07-13,8,541,0
2021-07-13,9,665,0
2021-07-13,10,625,0
2021-07-13,11,647,0
2021-07-13,12,538,0
2021-07-13,13,633,0
2021-07-13,14,261,0
2021-07-13,15,164,0
2021-07-14,1,508,0
2021-07-14,2,321,0
2021-07-14,3,570,0
2021-07-14,4,697,0
2021-07-14,5,616,0
2021-07-14,6,59,0
2021-07-14,7,285,0
2021-07-14,8,537,0
2021-07-14,9,665,0
2021-07-14,10,625,0
2021-07-14,11,647,0
2021-07-14,12,533,0
2021-07-14,13,630,0
2021-07-14,14,261,0
2021-07-14,15,161,0
2021-07-15,1,506,0
2021-07-15,2,320,0
2021-07-15,3,567,0
2021-07-15,4,692,0
2021-07-15,5,612,0
2021-07-15,6,59,0
2021-07-15,7,279,0
2021-07-15,8,535,0
2021-07-15,9,662,0
2021-07-15,10,625,0
2021-07-15,11,646,0
2021-07-15,12,533,0
2021-07-15,13,629,0
2021-07-15,14,261,0
2021-07-15,15,155,0
2021-07-16,1,506,0
2021-07-16,2,319,0
2021-07-16,3,566,0
2021-07-16,4,689,0
2021-07-16,5,612,0
2021-07-16,6,57,0
2021-07-16,7,277,0
2021-07-16,8,530,0
2021-07-16,9,662,0
2021-07-16,10,622,0
2021-07-16,11,644,0
2021-07-16,12,533,0
2021-07-16,13,629,0
2021-07-16,14,261,0
2021-07-16,15,155,0
2021-07-17,1,502,0
2021-07-17,2,316,0
2021-07-17,3,566,0
2021-07-17,4,689,0
2021-07-17,5,607,0
2021-07-17,6,651,600
2021-07-17,7,267,0
2021-07-17,8,526,0
2021-07-17,9,658,0
2021-07-17,10,622,0
2021-07-17,11,641,0
2021-07-17,12,529,0
2021-07-17,13,622,0
2021-07-17,14,261,0
2021-07-17,15,152,0
2021-07-18,1,496,0
2021-07-18,2,311,0
2021-07-18,3,563,0
2021-07-18,4,686,0
2021-07-18,5,604,0
2021-07-18,6,642,0
2021-07-18,7,254,0
2021-07-18,8,526,0
2021-07-18,9,658,0
2021-07-18,10,619,0
2021-07-18,11,636,0
2021-07-18,12,526,0
2021-07-18,13,617,0
2021-07-18,14,260,0
2021-07-18,15,146,0
2021-07-19,1,491,0
2021-07-19,2,305,0
2021-07-19,3,561,0
2021-07-19,4,683,0
2021-07-19,5,595,0
2021-07-19,6,636,0
2021-07-19,7,247,0
2021-07-19,8,526,0
2021-07-19,9,654,0
2021-07-19,10,619,0
2021-07-19,11,636,0
2021-07-19,12,521,0
2021-07-19,13,616,0
2021-07-19,14,260,0
2021-07-19,15,144,0
2021-07-20,1,484,0
2021-07-20,2,302,0
2021-07-20,3,558,0
2021-07-20,4,665,0
2021-07-20,5,595,0
2021-07-20,6,630,0
2021-07-20,7,244,0
2021-07-20,8,526,0
2021-07-20,9,652,0
2021-07-20,10,612,0
2021-07-20,11,634,0
2021-07-20,12,517,0
2021-07-20,13,615,0
2021-07-20,14,258,0
2021-07-20,15,144,0
2021-07-21,1,481,0
2021-07-21,2,293,0
2021-07-21,3,555,0
2021-07-21,4,665,0
2021-07-21,5,595,0
2021-07-21,6,630,0
2021-07-21,7,243,0
2021-07-21,8,523,0
2021-07-21,9,652,0
2021-07-21,10,612,0
2021-07-21,11,634,0
2021-07-21,12,515,0
2021-07-21,13,614,0
2021-07-21,14,258,0
2021-07-21,15,144,0
2021-07-22,1,481,0
2021-07-22,2,290,0
2021-07-22,3,550,0
2021-07-22,4,661,0
2021-07-22,5,594,0
2021-07-22,6,630,0
2021-07-22,7,242,0
2021-07-22,8,520,0
2021-07-22,9,652,0
2021-07-22,10,606,0
2021-07-22,11,627,0
2021-07-22,12,512,0
2021-07-22,13,611,0
2021-07-22,14,257,0
2021-07-22,15,141,0
2021-07-23,1,476,0
2021-07-23,2,284,0
2021-07-23,3,550,0
2021-07-23,4,656,0
2021-07-23,5,594,0
2021-07-23,6,627,0
2021-07-23,7,242,0
2021-07-23,8,510,0
2021-07-23,9,649,0
2021-07-23,10,600,0
2021-07-23,11,623,0
2021-07-23,12,511,0
2021-07-23,13,611,0
2021-07-23,14,257,0
2021-07-23,15,141,0
2021-07-24,1,468,0
2021-07-24,2,274,0
2021-07-24,3,550,0
2021-07-24,4,654,0
2021-07-24,5,594,0
2021-07-24,6,617,0
2021-07-24,7,238,0
2021-07-24,8,508,0
2021-07-24,9,646,0
2021-07-24,10,599,0
2021-07-24,11,622,0
2021-07-24,12,511,0
2021-07-24,13,608,0
2021-07-24,14,251,0
2021-07-24,15,141,0
2021-07-25,1,466,0
2021-07-25,2,273,0
2021-07-25,3,546,0
2021-07-25,4,652,0
2021-07-25,5,548,0
2021-07-25,6,614,0
2021-07-25,7,235,0
2021-07-25,8,506,0
2021-07-25,9,646,0
2021-07-25,10,595,0
2021-07-25,11,618,0
2021-07-25,12,506,0
2021-07-25,13,605,0
2021-07-25,14,247,0
2021-07-25,15,141,0
2021-07-26,1,461,0
2021-07-26,2,268,0
2021-07-26,3,542,0
2021-07-26,4,642,0
2021-07-26,5,546,0
2021-07-26,6,612,0
2021-07-26,7,234,0
2021-07-26,8,502,0
2021-07-26,9,642,0
2021-07-26,10,590,0
2021-07-26,11,618,0
2021-07-26,12,499,0
2021-07-26,13,605,0
2021-07-26,14,242,0
2021-07-26,15,138,0
2021-07-27,1,457,0
2021-07-27,2,260,0
2021-07-27,3,542,0
2021-07-27,4,642,0
2021-07-27,5,546,0
2021-07-27,6,610,0
2021-07-27,7,234,0
2021-07-27,8,498,0
2021-07-27,9,642,0
2021-07-27,10,588,0
2021-07-27,11,613,0
2021-07-27,12,487,0
2021-07-27,13,601,0
2021-07-27,14,242,0
2021-07-27,15,137,0
2021-07-28,1,454,0
2021-07-28,2,254,0
2021-07-28,3,537,0
2021-07-28,4,642,0
2021-07-28,5,542,0
2021-07-28,6,609,0
2021-07-28,7,232,0
2021-07-28,8,498,0
2021-07-28,9,641,0
2021-07-28,10,586,0
2021-07-28,11,613,0
2021-07-28,12,485,0
2021-07-28,13,601,0
2021-07-28,14,239,0
2021-07-28,15,137,0
2021-07-29,1,454,0
2021-07-29,2,250,0
2021-07-29,3,535,0
2021-07-29,4,642,0
2021-07-29,5,542,0
2021-07-29,6,605,0
2021-07-29,7,228,0
2021-07-29,8,498,0
2021-07-29,9,637,0
2021-07-29,10,578,0
2021-07-29,11,610,0
2021-07-29,12,478,0
2021-07-29,13,599,0
2021-07-29,14,236,0
2021-07-29,15,133,0
2021-07-30,1,454,0
2021-07-30,2,250,0
2021-07-30,3,534,0
2021-07-30,4,642,0
2021-07-30,5,536,0
2021-07-30,6,603,0
2021-07-30,7,227,0
2021-07-30,8,498,0
2021-07-30,9,634,0
2021-07-30,10,575,0
2021-07-30,11,607,0
2021-07-30,12,471,0
2021-07-30,13,599,0
2021-07-30,14,233,0
2021-07-30,15,128,0
2021-07-31,1,452,0
2021-07-31,2,248,0
2021-07-31,3,532,0
2021-07-31,4,637,0
2021-07-31,5,532,0
2021-07-31,6,592,0
2021-07-31,7,224,0
2021-07-31,8,494,0
2021-07-31,9,631,0
2021-07-31,10,572,0
2021-07-31,11,604,0
2021-07-31,12,470,0
2021-07-31,13,596,0
2021-07-31,14,229,0
2021-07-31,15,125,0
2021-08-01,1,449,0
2021-08-01,2,242,0
2021-08-01,3,531,0
2021-08-01,4,635,0
2021-08-01,5,527,0
2021-08-01,6,584,0
2021-08-01,7,222,0
2021-08-01,8,494,0
2021-08-01,9,631,0
2021-08-01,10,572,0
2021-08-01,11,602,0
2021-08-01,12,468,0
2021-08-01,13,595,0
2021-08-01,14,228,0
2021-08-01,15,123,0
2021-08-02,1,441,0
2021-08-02,2,231,0
2021-08-02,3,525,0
2021-08-02,4,633,0
2021-08-02,5,519,0
2021-08-02,6,583,0
2021-08-02,7,218,0
2021-08-02,8,493,0
2021-08-02,9,631,0
2021-08-02,10,570,0
2021-08-02,11,599,0
2021-08-02,12,468,0
2021-08-02,13,593,0
2021-08-02,14,224,0
2021-08-02,15,720,600
2021-08-03,1,434,0
2021-08-03,2,228,0
2021-08-03,3,525,0
2021-08-03,4,626,0
2021-08-03,5,516,0
2021-08-03,6,583,0
2021-08-03,7,216,0
2021-08-03,8,486,0
2021-08-03,9,629,0
2021-08-03,10,566,0
2021-08-03,11,599,0
2021-08-03,12,465,0
2021-08-03,13,592,0
2021-08-03,14,223,0
2021-08-03,15,717,0
2021-08-04,1,434,0
2021-08-04,2,227,0
2021-08-04,3,522,0
2021-08-04,4,626,0
2021-08-04,5,514,0
2021-08-04,6,583,0
2021-08-04,7,175,0
2021-08-04,8,483,0
2021-08-04,9,624,0
2021-08-04,10,563,0
2021-08-04,11,598,0
2021-08-04,12,463,0
2021-08-04,13,592,0
2021-08-04,14,220,0
2021-08-04,15,708,0
2021-08-05,1,434,0
2021-08-05,2,219,0
2021-08-05,3,520,0
2021-08-05,4,623,0
2021-08-05,5,511,0
2021-08-05,6,582,0
2021-08-05,7,172,0
2021-08-05,8,480,0
2021-08-05,9,623,0
2021-08-05,10,558,0
2021-08-05,11,596,0
2021-08-05,12,461,0
2021-08-05,13,588,0
2021-08-05,14,213,0
2021-08-05,15,707,0
2021-08-06,1,432,0
2021-08-06,2,210,0
2021-08-06,3,514,0
2021-08-06,4,621,0
2021-08-06,5,509,0
2021-08-06,6,573,0
2021-08-06,7,172,0
2021-08-06,8,474,0
2021-08-06,9,620,0
2021-08-06,10,554,0
2021-08-06,11,588,0
2021-08-06,12,455,0
2021-08-06,13,585,0
2021-08-06,14,206,0
2021-08-06,15,703,0
2021-08-07,1,428,0
2021-08-07,2,199,0
2021-08-07,3,507,0
2021-08-07,4,616,0
2021-08-07,5,503,0
2021-08-07,6,572,0
2021-08-07,7,167,0
2021-08-07,8,470,0
2021-08-07,9,620,0
2021-08-07,10,547,0
2021-08-07,11,585,0
2021-08-07,12,452,0
2021-08-07,13,582,0
2021-08-07,14,200,0
2021-08-07,15,697,0
2021-08-08,1,422,0
2021-08-08,2,190,0
2021-08-08,3,505,0
2021-08-08,4,610,0
2021-08-08,5,495,0
2021-08-08,6,566,0
2021-08-08,7,163,0
2021-08-08,8,466,0
2021-08-08,9,617,0
2021-08-08,10,542,0
2021-08-08,11,579,0
2021-08-08,12,445,0
2021-08-08,13,578,0
2021-08-08,14,195,0
2021-08-08,15,696,0
2021-08-09,1,416,0
2021-08-09,2,184,0
2021-08-09,3,505,0
2021-08-09,4,607,0
2021-08-09,5,489,0
2021-08-09,6,566,0
2021-08-09,7,163,0
2021-08-09,8,464,0
2021-08-09,9,617,0
2021-08-09,10,542,0
2021-08-09,11,579,0
2021-08-09,12,442,0
2021-08-09,13,576,0
2021-08-09,14,191,0
2021-08-09,15,696,0
2021-08-10,1,416,0
2021-08-10,2,177,0
2021-08-10,3,501,0
2021-08-10,4,606,0
2021-08-10,5,485,0
2021-08-10,6,561,0
2021-08-10,7,160,0
2021-08-10,8,463,0
2021-08-10,9,609,0
2021-08-10,10,542,0
2021-08-10,11,577,0
2021-08-10,12,440,0
2021-08-10,13,576,0
2021-08-10,14,189,0
2021-08-10,15,693,0
2021-08-11,1,413,0
2021-08-11,2,169,0
2021-08-11,3,496,0
2021-08-11,4,603,0
2021-08-11,5,484,0
2021-08-11,6,557,0
2021-08-11,7,155,0
2021-08-11,8,451,0
2021-08-11,9,606,0
2021-08-11,10,540,0
2021-08-11,11,572,0
2021-08-11,12,435,0
2021-08-11,13,571,0
2021-08-11,14,187,0
2021-08-11,15,691,0
2021-08-12,1,409,0
2021-08-12,2,169,0
2021-08-12,3,492,0
2021-08-12,4,597,0
2021-08-12,5,482,0
2021-08-12,6,553,0
2021-08-12,7,153,0
2021-08-12,8,451,0
2021-08-12,9,604,0
2021-08-12,10,540,0
2021-08-12,11,567,0
2021-08-12,12,433,0
2021-08-12,13,567,0
2021-08-12,14,186,0
2021-08-12,15,689,0
2021-08-13,1,407,0
2021-08-13,2,164,0
2021-08-13,3,483,0
2021-08-13,4,586,0
2021-08-13,5,478,0
2021-08-13,6,550,0
2021-08-13,7,149,0
2021-08-13,8,451,0
2021-08-13,9,604,0
2021-08-13,10,539,0
2021-08-13,11,563,0
2021-08-13,12,420,0
2021-08-13,13,563,0
2021-08-13,14,181,0
2021-08-13,15,682,0
2021-08-14,1,398,0
2021-08-14,2,158,0
2021-08-14,3,478,0
2021-08-14,4,584,0
2021-08-14,5,471,0
2021-08-14,6,549,0
2021-08-14,7,149,0
2021-08-14,8,446,0
2021-08-14,9,596,0
2021-08-14,10,536,0
2021-08-14,11,563,0
2021-08-14,12,415,0
2021-08-14,13,557,0
2021-08-14,14,180,0
2021-08-14,15,679,0
2021-08-15,1,397,0
2021-08-15,2,155,0
2021-08-15,3,472,0
2021-08-15,4,584,0
2021-08-15,5,467,0
2021-08-15,6,546,0
2021-08-15,7,147,0
2021-08-15,8,441,0
2021-08-15,9,594,0
2021-08-15,10,530,0
2021-08-15,11,562,0
2021-08-15,12,413,0
2021-08-15,13,551,0
2021-08-15,14,178,0
2021-08-15,15,676,0
2021-08-16,1,387,0
2021-08-16,2,153,0
2021-08-16,3,472,0
2021-08-16,4,577,0
2021-08-16,5,462,0
2021-08-16,6,544,0
2021-08-16,7,147,0
2021-08-16,8,440,0
2021-08-16,9,594,0
2021-08-16,10,525,0
2021-08-16,11,553,0
2021-08-16,12,413,0
2021-08-16,13,551,0
2021-08-16,14,177,0
2021-08-16,15,674,0
2021-08-17,1,383,0
2021-08-17,2,146,0
2021-08-17,3,471,0
2021-08-17,4,574,0
2021-08-17,5,460,0
2021-08-17,6,543,0
2021-08-17,7,141,0
2021-08-17,8,436,0
2021-08-17,9,586,0
2021-08-17,10,525,0
2021-08-17,11,546,0
2021-08-17,12,413,0
2021-08-17,13,551,0
2021-08-17,14,176,0
2021-08-17,15,672,0
2021-08-18,1,380,0
2021-08-18,2,141,0
2021-08-18,3,458,0
2021-08-18,4,573,0
2021-08-18,5,458,0
2021-08-18,6,543,0
2021-08-18,7,137,0
2021-08-18,8,429,0
2021-08-18,9,581,0
2021-08-18,10,523,0
2021-08-18,11,546,0
2021-08-18,12,413,0
2021-08-18,13,548,0
2021-08-18,14,172,0
2021-08-18,15,668,0
2021-08-19,1,380,0
2021-08-19,2,135,0
2021-08-19,3,455,0
2021-08-19,4,570,0
2021-08-19,5,456,0
2021-08-19,6,542,0
2021-08-19,7,136,0
2021-08-19,8,426,0
2021-08-19,9,575,0
2021-08-19,10,521,0
2021-08-19,11,545,0
2021-08-19,12,413,0
2021-08-19,13,548,0
2021-08-19,14,172,0
2021-08-19,15,662,0
2021-08-20,1,373,0
2021-08-20,2,132,0
2021-08-20,3,450,0
2021-08-20,4,569,0
2021-08-20,5,452,0
2021-08-20,6,533,0
2021-08-20,7,136,0
2021-08-20,8,423,0
2021-08-20,9,569,0
2021-08-20,10,520,0
2021-08-20,11,536,0
2021-08-20,12,411,0
2021-08-20,13,545,0
2021-08-20,14,167,0
2021-08-20,15,661,0
2021-08-21,1,370,0
2021-08-21,2,129,0
2021-08-21,3,449,0
2021-08-21,4,562,0
2021-08-21,5,452,0
2021-08-21,6,531,0
2021-08-21,7,136,0
2021-08-21,8,421,0
2021-08-21,9,560,0
2021-08-21,10,518,0
2021-08-21,11,534,0
2021-08-21,12,411,0
2021-08-21,13,545,0
2021-08-21,14,167,0
2021-08-21,15,661,0
2021-08-22,1,366,0
2021-08-22,2,129,0
2021-08-22,3,445,0
2021-08-22,4,559,0
2021-08-22,5,452,0
2021-08-22,6,531,0
2021-08-22,7,134,0
2021-08-22,8,419,0
2021-08-22,9,554,0
2021-08-22,10,516,0
2021-08-22,11,528,0
2021-08-22,12,408,0
2021-08-22,13,540,0
2021-08-22,14,165,0
2021-08-22,15,660,0
2021-08-23,1,363,0
2021-08-23,2,125,0
2021-08-23,3,437,0
2021-08-23,4,552,0
2021-08-23,5,447,0
2021-08-23,6,531,0
2021-08-23,7,126,0
2021-08-23,8,413,0
2021-08-23,9,552,0
2021-08-23,10,514,0
2021-08-23,11,525,0
2021-08-23,12,406,0
2021-08-23,13,540,0
2021-08-23,14,162,0
2021-08-23,15,657,0
2021-08-24,1,354,0
2021-08-24,2,125,0
2021-08-24,3,432,0
2021-08-24,4,551,0
2021-08-24,5,442,0
2021-08-24,6,528,0
2021-08-24,7,126,0
2021-08-24,8,400,0
2021-08-24,9,543,0
2021-08-24,10,514,0
2021-08-24,11,517,0
2021-08-24,12,403,0
2021-08-24,13,538,0
2021-08-24,14,161,0
2021-08-24,15,656,0
2021-08-25,1,343,0
2021-08-25,2,120,0
2021-08-25,3,431,0
2021-08-25,4,549,0
2021-08-25,5,439,0
2021-08-25,6,526,0
2021-08-25,7,124,0
2021-08-25,8,394,0
2021-08-25,9,543,0
2021-08-25,10,510,0
2021-08-25,11,517,0
2021-08-25,12,393,0
2021-08-25,13,532,0
2021-08-25,14,155,0
2021-08-25,15,649,0
2021-08-26,1,331,0
2021-08-26,2,118,0
2021-08-26,3,431,0
2021-08-26,4,546,0
2021-08-26,5,433,0
2021-08-26,6,520,0
2021-08-26,7,120,0
2021-08-26,8,387,0
2021-08-26,9,529,0
2021-08-26,10,507,0
2021-08-26,11,506,0
2021-08-26,12,393,0
2021-08-26,13,526,0
2021-08-26,14,154,0
2021-08-26,15,646,0
2021-08-27,1,328,0
2021-08-27,2,112,0
2021-08-27,3,425,0
2021-08-27,4,546,0
2021-08-27,5,433,0
2021-08-27,6,520,0
2021-08-27,7,119,0
2021-08-27,8,381,0
2021-08-27,9,528,0
2021-08-27,10,506,0
2021-08-27,11,504,0
2021-08-27,12,389,0
2021-08-27,13,520,0
2021-08-27,14,146,0
2021-08-27,15,640,0
2021-08-28,1,325,0
2021-08-28,2,109,0
2021-08-28,3,418,0
2021-08-28,4,543,0
2021-08-28,5,429,0
2021-08-28,6,518,0
2021-08-28,7,119,0
2021-08-28,8,381,0
2021-08-28,9,526,0
2021-08-28,10,506,0
2021-08-28,11,497,0
2021-08-28,12,386,0
2021-08-28,13,516,0
2021-08-28,14,143,0
2021-08-28,15,639,0
2021-08-29,1,324,0
2021-08-29,2,106,0
2021-08-29,3,410,0
2021-08-29,4,537,0
2021-08-29,5,429,0
2021-08-29,6,512,0
2021-08-29,7,115,0
2021-08-29,8,378,0
2021-08-29,9,526,0
2021-08-29,10,502,0
2021-08-29,11,488,0
2021-08-29,12,378,0
2021-08-29,13,504,0
2021-08-29,14,143,0
2021-08-29,15,634,0
2021-08-30,1,317,0
2021-08-30,2,102,0
2021-08-30,3,410,0
2021-08-30,4,535,0
2021-08-30,5,393,0
2021-08-30,6,512,0
2021-08-30,7,108,0
2021-08-30,8,378,0
2021-08-30,9,526,0
2021-08-30,10,498,0
2021-08-30,11,483,0
2021-08-30,12,373,0
2021-08-30,13,504,0
2021-08-30,14,138,0
2021-08-30,15,634,0
2021-08-31,1,315,0
2021-08-31,2,695,600
2021-08-31,3,410,0
2021-08-31,4,530,0
2021-08-31,5,388,0
2021-08-31,6,512,0
2021-08-31,7,105,0
2021-08-31,8,378,0
2021-08-31,9,519,0
2021-08-31,10,491,0
2021-08-31,11,480,0
2021-08-31,12,372,0
2021-08-31,13,501,0
2021-08-31,14,136,0
2021-08-31,15,632,0
2021-09-01,1,309,0
2021-09-01,2,689,0
2021-09-01,3,407,0
2021-09-01,4,522,0
2021-09-01,5,386,0
2021-09-01,6,511,0
2021-09-01,7,105,0
2021-09-01,8,377,0
2021-09-01,9,505,0
2021-09-01,10,490,0
2021-09-01,11,476,0
2021-09-01,12,371,0
2021-09-01,13,498,0
2021-09-01,14,135,0
2021-09-01,15,627,0
2021-09-02,1,302,0
2021-09-02,2,681,0
2021-09-02,3,402,0
2021-09-02,4,513,0
2021-09-02,5,382,0
2021-09-02,6,507,0
2021-09-02,7,103,0
2021-09-02,8,370,0
2021-09-02,9,499,0
2021-09-02,10,486,0
2021-09-02,11,476,0
2021-09-02,12,368,0
2021-09-02,13,495,0
2021-09-02,14,122,0
2021-09-02,15,627,0
2021-09-03,1,297,0
2021-09-03,2,679,0
2021-09-03,3,397,0
2021-09-03,4,506,0
2021-09-03,5,376,0
2021-09-03,6,506,0
2021-09-03,7,100,0
2021-09-03,8,366,0
2021-09-03,9,499,0
2021-09-03,10,484,0
2021-09-03,11,471,0
2021-09-03,12,363,0
2021-09-03,13,495,0
2021-09-03,14,116,0
2021-09-03,15,621,0
2021-09-04,1,286,0
2021-09-04,2,671,0
2021-09-04,3,392,0
2021-09-04,4,505,0
2021-09-04,5,367,0
2021-09-04,6,502,0
2021-09-04,7,100,0
2021-09-04,8,362,0
2021-09-04,9,492,0
2021-09-04,10,483,0
2021-09-04,11,464,0
2021-09-04,12,363,0
2021-09-04,13,495,0
2021-09-04,14,112,0
2021-09-04,15,614,0
2021-09-05,1,280,0
2021-09-05,2,662,0
2021-09-05,3,388,0
2021-09-05,4,502,0
2021-09-05,5,366,0
2021-09-05,6,495,0
2021-09-05,7,95,0
2021-09-05,8,352,0
2021-09-05,9,492,0
2021-09-05,10,478,0
2021-09-05,11,458,0
2021-09-05,12,357,0
2021-09-05,13,494,0
2021-09-05,14,109,0
2021-09-05,15,613,0
2021-09-06,1,279,0
2021-09-06,2,658,0
2021-09-06,3,388,0
2021-09-06,4,500,0
2021-09-06,5,365,0
2021-09-06,6,492,0
2021-09-06,7,89,0
2021-09-06,8,348,0
2021-09-06,9,489,0
2021-09-06,10,475,0
2021-09-06,11,452,0
2021-09-06,12,351,0
2021-09-06,13,491,0
2021-09-06,14,109,0
2021-09-06,15,610,0
2021-09-07,1,270,0
2021-09-07,2,651,0
2021-09-07,3,380,0
2021-09-07,4,496,0
2021-09-07,5,363,0
2021-09-07,6,486,0
2021-09-07,7,81,0
2021-09-07,8,346,0
2021-09-07,9,486,0
2021-09-07,10,474,0
2021-09-07,11,450,0
2021-09-07,12,347,0
2021-09-07,13,487,0
2021-09-07,14,106,0
2021-09-07,15,605,0
2021-09-08,1,266,0
2021-09-08,2,643,0
2021-09-08,3,379,0
2021-09-08,4,493,0
2021-09-08,5,362,0
2021-09-08,6,483,0
2021-09-08,7,75,0
2021-09-08,8,345,0
2021-09-08,9,478,0
2021-09-08,10,471,0
2021-09-08,11,444,0
2021-09-08,12,337,0
2021-09-08,13,485,0
2021-09-08,14,99,0
2021-09-08,15,602,0
2021-09-09,1,266,0
2021-09-09,2,639,0
2021-09-09,3,374,0
2021-09-09,4,491,0
2021-09-09,5,362,0
2021-09-09,6,478,0
2021-09-09,7,69,0
2021-09-09,8,345,0
2021-09-09,9,478,0
2021-09-09,10,467,0
2021-09-09,11,436,0
2021-09-09,12,334,0
2021-09-09,13,483,0
2021-09-09,14,97,0
2021-09-09,15,599,0
2021-09-10,1,256,0
2021-09-10,2,639,0
2021-09-10,3,374,0
2021-09-10,4,491,0
2021-09-10,5,357,0
2021-09-10,6,473,0
2021-09-10,7,58,0
2021-09-10,8,343,0
2021-09-10,9,473,0
2021-09-10,10,465,0
2021-09-10,11,430,0
2021-09-10,12,331,0
2021-09-10,13,479,0
2021-09-10,14,97,0
2021-09-10,15,599,0
2021-09-11,1,253,0
2021-09-11,2,629,0
2021-09-11,3,370,0
2021-09-11,4,485,0
2021-09-11,5,355,0
2021-09-11,6,469,0
2021-09-11,7,55,0
2021-09-11,8,340,0
2021-09-11,9,472,0
2021-09-11,10,461,0
2021-09-11,11,424,0
2021-09-11,12,318,0
2021-09-11,13,477,0
2021-09-11,14,95,0
2021-09-11,15,596,0
2021-09-12,1,243,0
2021-09-12,2,622,0
2021-09-12,3,370,0
2021-09-12,4,480,0
2021-09-12,5,349,0
2021-09-12,6,469,0
2021-09-12,7,652,600
2021-09-12,8,305,0
2021-09-12,9,469,0
2021-09-12,10,461,0
2021-09-12,11,421,0
2021-09-12,12,315,0
2021-09-12,13,473,0
2021-09-12,14,86,0
2021-09-12,15,591,0
2021-09-13,1,232,0
2021-09-13,2,616,0
2021-09-13,3,366,0
2021-09-13,4,473,0
2021-09-13,5,345,0
2021-09-13,6,469,0
2021-09-13,7,646,0
2021-09-13,8,302,0
2021-09-13,9,466,0
2021-09-13,10,458,0
2021-09-13,11,416,0
2021-09-13,12,313,0
2021-09-13,13,472,0
2021-09-13,14,86,0
2021-09-13,15,591,0
2021-09-14,1,231,0
2021-09-14,2,603,0
2021-09-14,3,363,0
2021-09-14,4,466,0
2021-09-14,5,340,0
2021-09-14,6,459,0
2021-09-14,7,643,0
2021-09-14,8,297,0
2021-09-14,9,465,0
2021-09-14,10,443,0
2021-09-14,11,409,0
2021-09-14,12,305,0
2021-09-14,13,472,0
2021-09-14,14,82,0
2021-09-14,15,591,0
2021-09-15,1,224,0
2021-09-15,2,598,0
2021-09-15,3,354,0
2021-09-15,4,460,0
2021-09-15,5,335,0
2021-09-15,6,451,0
2021-09-15,7,642,0
2021-09-15,8,293,0
2021-09-15,9,465,0
2021-09-15,10,438,0
2021-09-15,11,406,0
2021-09-15,12,303,0
2021-09-15,13,469,0
2021-09-15,14,75,0
2021-09-15,15,591,0
2021-09-16,1,217,0
2021-09-16,2,588,0
2021-09-16,3,311,0
2021-09-16,4,460,0
2021-09-16,5,332,0
2021-09-16,6,442,0
2021-09-16,7,634,0
2021-09-16,8,290,0
2021-09-16,9,461,0
2021-09-16,10,434,0
2021-09-16,11,400,0
2021-09-16,12,297,0
2021-09-16,13,460,0
2021-09-16,14,74,0
2021-09-16,15,584,0
2021-09-17,1,211,0
2021-09-17,2,586,0
2021-09-17,3,307,0
2021-09-17,4,459,0
2021-09-17,5,327,0
2021-09-17,6,440,0
2021-09-17,7,633,0
2021-09-17,8,290,0
2021-09-17,9,457,0
2021-09-17,10,434,0
2021-09-17,11,396,0
2021-09-17,12,286,0
2021-09-17,13,460,0
2021-09-17,14,71,0
2021-09-17,15,579,0
2021-09-18,1,205,0
2021-09-18,2,575,0
2021-09-18,3,302,0
2021-09-18,4,458,0
2021-09-18,5,324,0
2021-09-18,6,438,0
2021-09-18,7,629,0
2021-09-18,8,287,0
2021-09-18,9,454,0
2021-09-18,10,431,0
2021-09-18,11,388,0
2021-09-18,12,283,0
2021-09-18,13,460,0
2021-09-18,14,69,0
2021-09-18,15,575,0
2021-09-19,1,198,0
2021-09-19,2,569,0
2021-09-19,3,299,0
2021-09-19,4,455,0
2021-09-19,5,323,0
2021-09-19,6,433,0
2021-09-19,7,623,0
2021-09-19,8,283,0
2021-09-19,9,451,0
2021-09-19,10,431,0
2021-09-19,11,387,0
2021-09-19,12,275,0
2021-09-19,13,459,0
2021-09-19,14,63,0
2021-09-19,15,575,0
2021-09-20,1,184,0
2021-09-20,2,559,0
2021-09-20,3,296,0
2021-09-20,4,454,0
2021-09-20,5,319,0
2021-09-20,6,427,0
2021-09-20,7,623,0
2021-09-20,8,281,0
2021-09-20,9,445,0
2021-09-20,10,431,0
2021-09-20,11,380,0
2021-09-20,12,267,0
2021-09-20,13,452,0
2021-09-20,14,62,0
2021-09-20,15,564,0
2021-09-21,1,179,0
2021-09-21,2,547,0
2021-09-21,3,296,0
2021-09-21,4,454,0
2021-09-21,5,319,0
2021-09-21,6,426,0
2021-09-21,7,620,0
2021-09-21,8,274,0
2021-09-21,9,442,0
2021-09-21,10,427,0
2021-09-21,11,378,0
2021-09-21,12,264,0
2021-09-21,13,443,0
2021-09-21,14,60,0
2021-09-21,15,560,0
2021-09-22,1,176,0
2021-09-22,2,538,0
2021-09-22,3,290,0
2021-09-22,4,452,0
2021-09-22,5,319,0
2021-09-22,6,422,0
2021-09-22,7,620,0
2021-09-22,8,274,0
2021-09-22,9,440,0
2021-09-22,10,426,0
2021-09-22,11,372,0
2021-09-22,12,260,0
2021-09-22,13,437,0
2021-09-22,14,52,0
2021-09-22,15,556,0
2021-09-23,1,165,0
2021-09-23,2,535,0
2021-09-23,3,281,0
2021-09-23,4,447,0
2021-09-23,5,315,0
2021-09-23,6,422,0
2021-09-23,7,614,0
2021-09-23,8,269,0
2021-09-23,9,436,0
2021-09-23,10,420,0
2021-09-23,11,372,0
2021-09-23,12,259,0
2021-09-23,13,433,0
2021-09-23,14,48,0
2021-09-23,15,553,0
2021-09-24,1,162,0
2021-09-24,2,524,0
2021-09-24,3,274,0
2021-09-24,4,444,0
2021-09-24,5,311,0
2021-09-24,6,420,0
2021-09-24,7,611,0
2021-09-24,8,260,0
2021-09-24,9,431,0
2021-09-24,10,417,0
2021-09-24,11,370,0
2021-09-24,12,259,0
2021-09-24,13,426,0
2021-09-24,14,44,0
2021-09-24,15,551,0
2021-09-25,1,161,0
2021-09-25,2,523,0
2021-09-25,3,263,0
2021-09-25,4,444,0
2021-09-25,5,310,0
2021-09-25,6,414,0
2021-09-25,7,611,0
2021-09-25,8,253,0
2021-09-25,9,422,0
2021-09-25,10,414,0
2021-09-25,11,369,0
2021-09-25,12,225,0
2021-09-25,13,419,0
2021-09-25,14,38,0
2021-09-25,15,551,0
2021-09-26,1,158,0
2021-09-26,2,520,0
2021-09-26,3,260,0
2021-09-26,4,439,0
2021-09-26,5,310,0
2021-09-26,6,412,0
2021-09-26,7,610,0
2021-09-26,8,253,0
2021-09-26,9,416,0
2021-09-26,10,404,0
2021-09-26,11,369,0
2021-09-26,12,224,0
2021-09-26,13,412,0
2021-09-26,14,37,0
2021-09-26,15,542,0
2021-09-27,1,144,0
2021-09-27,2,509,0
2021-09-27,3,260,0
2021-09-27,4,437,0
2021-09-27,5,307,0
2021-09-27,6,409,0
2021-09-27,7,608,0
2021-09-27,8,245,0
2021-09-27,9,416,0
2021-09-27,10,403,0
2021-09-27,11,369,0
2021-09-27,12,209,0
2021-09-27,13,407,0
2021-09-27,14,33,0
2021-09-27,15,528,0
2021-09-28,1,139,0
2021-09-28,2,500,0
2021-09-28,3,259,0
2021-09-28,4,435,0
2021-09-28,5,306,0
2021-09-28,6,405,0
2021-09-28,7,604,0
2021-09-28,8,242,0
2021-09-28,9,407,0
2021-09-28,10,398,0
2021-09-28,11,363,0
2021-09-28,12,209,0
2021-09-28,13,399,0
2021-09-28,14,32,0
2021-09-28,15,526,0
2021-09-29,1,122,0
2021-09-29,2,499,0
2021-09-29,3,251,0
2021-09-29,4,425,0
2021-09-29,5,299,0
2021-09-29,6,388,0
2021-09-29,7,599,0
2021-09-29,8,235,0
2021-09-29,9,407,0
2021-09-29,10,391,0
2021-09-29,11,357,0
2021-09-29,12,203,0
2021-09-29,13,389,0
2021-09-29,14,28,0
2021-09-29,15,485,0
2021-09-30,1,117,0
2021-09-30,2,490,0
2021-09-30,3,249,0
2021-09-30,4,423,0
2021-09-30,5,295,0
2021-09-30,6,387,0
2021-09-30,7,596,0
2021-09-30,8,233,0
2021-09-30,9,401,0
2021-09-30,10,391,0
2021-09-30,11,355,0
2021-09-30,12,194,0
2021-09-30,13,385,0
2021-09-30,14,28,0
2021-09-30,15,477,0
2021-10-01,1,116,0
2021-10-01,2,485,0
2021-10-01,3,246,0
2021-10-01,4,423,0
2021-10-01,5,294,0
2021-10-01,6,381,0
2021-10-01,7,588,0
2021-10-01,8,230,0
2021-10-01,9,397,0
2021-10-01,10,385,0
2021-10-01,11,355,0
2021-10-01,12,187,0
2021-10-01,13,378,0
2021-10-01,14,28,0
2021-10-01,15,472,0
2021-10-02,1,114,0
2021-10-02,2,478,0
2021-10-02,3,244,0
2021-10-02,4,420,0
2021-10-02,5,292,0
2021-10-02,6,376,0
2021-10-02,7,583,0
2021-10-02,8,228,0
2021-10-02,9,387,0
2021-10-02,10,385,0
2021-10-02,11,354,0
2021-10-02,12,187,0
2021-10-02,13,377,0
2021-10-02,14,25,0
2021-10-02,15,471,0
2021-10-03,1,107,0
2021-10-03,2,469,0
2021-10-03,3,242,0
2021-10-03,4,417,0
2021-10-03,5,288,0
2021-10-03,6,372,0
2021-10-03,7,576,0
2021-10-03,8,220,0
2021-10-03,9,382,0
2021-10-03,10,380,0
2021-10-03,11,350,0
2021-10-03,12,185,0
2021-10-03,13,374,0
2021-10-03,14,20,0
2021-10-03,15,464,0
2021-10-04,1,95,0
2021-10-04,2,467,0
2021-10-04,3,232,0
2021-10-04,4,416,0
2021-10-04,5,286,0
2021-10-04,6,370,0
2021-10-04,7,574,0
2021-10-04,8,218,0
2021-10-04,9,382,0
2021-10-04,10,376,0
2021-10-04,11,347,0
2021-10-04,12,172,0
2021-10-04,13,370,0
2021-10-04,14,16,0
2021-10-04,15,453,0
2021-10-05,1,86,0
2021-10-05,2,457,0
2021-10-05,3,227,0
2021-10-05,4,408,0
2021-10-05,5,282,0
2021-10-05,6,368,0
2021-10-05,7,573,0
2021-10-05,8,214,0
2021-10-05,9,379,0
2021-10-05,10,373,0
2021-10-05,11,343,0
2021-10-05,12,166,0
2021-10-05,13,366,0
2021-10-05,14,12,0
2021-10-05,15,453,0
2021-10-06,1,83,0
2021-10-06,2,454,0
2021-10-06,3,225,0
2021-10-06,4,407,0
2021-10-06,5,280,0
2021-10-06,6,361,0
2021-10-06,7,573,0
2021-10-06,8,213,0
2021-10-06,9,378,0
2021-10-06,10,373,0
2021-10-06,11,341,0
2021-10-06,12,162,0
2021-10-06,13,361,0
2021-10-06,14,10,0
2021-10-06,15,451,0
2021-10-07,1,79,0
2021-10-07,2,447,0
2021-10-07,3,222,0
2021-10-07,4,405,0
2021-10-07,5,280,0
2021-10-07,6,359,0
2021-10-07,7,572,0
2021-10-07,8,207,0
2021-10-07,9,378,0
2021-10-07,10,371,0
2021-10-07,11,336,0
2021-10-07,12,155,0
2021-10-07,13,361,0
2021-10-07,14,8,0
2021-10-07,15,446,0
2021-10-08,1,74,0
2021-10-08,2,440,0
2021-10-08,3,214,0
2021-10-08,4,405,0
2021-10-08,5,269,0
2021-10-08,6,355,0
2021-10-08,7,570,0
2021-10-08,8,205,0
2021-10-08,9,363,0
2021-10-08,10,367,0
2021-10-08,11,336,0
2021-10-08,12,145,0
2021-10-08,13,359,0
2021-10-08,14,4,0
2021-10-08,15,444,0
2021-10-09,1,71,0
2021-10-09,2,435,0
2021-10-09,3,211,0
2021-10-09,4,402,0
2021-10-09,5,267,0
2021-10-09,6,355,0
2021-10-09,7,568,0
2021-10-09,8,196,0
2021-10-09,9,356,0
2021-10-09,10,366,0
2021-10-09,11,336,0
2021-10-09,12,144,0
2021-10-09,13,316,0
2021-10-09,14,2,0
2021-10-09,15,438,0
2021-10-10,1,68,0
2021-10-10,2,428,0
2021-10-10,3,209,0
2021-10-10,4,401,0
2021-10-10,5,258,0
2021-10-10,6,355,0
2021-10-10,7,564,0
2021-10-10,8,188,0
2021-10-10,9,350,0
2021-10-10,10,362,0
2021-10-10,11,331,0
2021-10-10,12,141,0
2021-10-10,13,315,0
2021-10-10,14,2,0
2021-10-10,15,432,0
2021-10-11,1,68,0
2021-10-11,2,418,0
2021-10-11,3,206,0
2021-10-11,4,399,0
2021-10-11,5,253,0
2021-10-11,6,346,0
2021-10-11,7,564,0
2021-10-11,8,188,0
2021-10-11,9,347,0
2021-10-11,10,358,0
2021-10-11,11,328,0
2021-10-11,12,136,0
2021-10-11,13,315,0
2021-10-11,14,598,600
2021-10-11,15,427,0
2021-10-12,1,63,0
2021-10-12,2,414,0
2021-10-12,3,205,0
2021-10-12,4,396,0
2021-10-12,5,251,0
2021-10-12,6,343,0
2021-10-12,7,559,0
2021-10-12,8,179,0
2021-10-12,9,344,0
2021-10-12,10,351,0
2021-10-12,11,327,0
2021-10-12,12,136,0
2021-10-12,13,308,0
2021-10-12,14,594,0
2021-10-12,15,425,0
2021-10-13,1,56,0
2021-10-13,2,414,0
2021-10-13,3,192,0
2021-10-13,4,392,0
2021-10-13,5,249,0
2021-10-13,6,338,0
2021-10-13,7,556,0
2021-10-13,8,175,0
2021-10-13,9,342,0
2021-10-13,10,347,0
2021-10-13,11,317,0
2021-10-13,12,127,0
2021-10-13,13,304,0
2021-10-13,14,585,0
2021-10-13,15,421,0
2021-10-14,1,45,0
2021-10-14,2,406,0
2021-10-14,3,189,0
2021-10-14,4,391,0
2021-10-14,5,247,0
2021-10-14,6,334,0
2021-10-14,7,543,0
2021-10-14,8,172,0
2021-10-14,9,340,0
2021-10-14,10,344,0
2021-10-14,11,310,0
2021-10-14,12,117,0
2021-10-14,13,303,0
2021-10-14,14,582,0
2021-10-14,15,414,0
2021-10-15,1,35,0
2021-10-15,2,400,0
2021-10-15,3,183,0
2021-10-15,4,391,0
2021-10-15,5,238,0
2021-10-15,6,330,0
2021-10-15,7,542,0
2021-10-15,8,165,0
2021-10-15,9,340,0
2021-10-15,10,343,0
2021-10-15,11,307,0
2021-10-15,12,113,0
2021-10-15,13,300,0
2021-10-15,14,581,0
2021-10-15,15,414,0
2021-10-16,1,24,0
2021-10-16,2,392,0
2021-10-16,3,174,0
2021-10-16,4,391,0
2021-10-16,5,228,0
2021-10-16,6,318,0
2021-10-16,7,533,0
2021-10-16,8,159,0
2021-10-16,9,339,0
2021-10-16,10,332,0
2021-10-16,11,299,0
2021-10-16,12,110,0
2021-10-16,13,293,0
2021-10-16,14,579,0
2021-10-16,15,414,0
2021-10-17,1,24,0
2021-10-17,2,388,0
2021-10-17,3,172,0
2021-10-17,4,389,0
2021-10-17,5,227,0
2021-10-17,6,318,0
2021-10-17,7,533,0
2021-10-17,8,157,0
2021-10-17,9,335,0
2021-10-17,10,331,0
2021-10-17,11,297,0
2021-10-17,12,108,0
2021-10-17,13,288,0
2021-10-17,14,577,0
2021-10-17,15,414,0
2021-10-18,1,621,600
2021-10-18,2,378,0
2021-10-18,3,169,0
2021-10-18,4,388,0
2021-10-18,5,222,0
2021-10-18,6,314,0
2021-10-18,7,528,0
2021-10-18,8,149,0
2021-10-18,9,332,0
2021-10-18,10,325,0
2021-10-18,11,283,0
2021-10-18,12,702,600
2021-10-18,13,287,0
2021-10-18,14,570,0
2021-10-18,15,412,0
2021-10-19,1,618,0
2021-10-19,2,373,0
2021-10-19,3,169,0
2021-10-19,4,387,0
2021-10-19,5,217,0
2021-10-19,6,309,0
2021-10-19,7,528,0
2021-10-19,8,149,0
2021-10-19,9,328,0
2021-10-19,10,324,0
2021-10-19,11,277,0
2021-10-19,12,697,0
2021-10-19,13,281,0
2021-10-19,14,564,0
2021-10-19,15,409,0
2021-10-20,1,608,0
2021-10-20,2,358,0
2021-10-20,3,157,0
2021-10-20,4,383,0
2021-10-20,5,214,0
2021-10-20,6,302,0
2021-10-20,7,521,0
2021-10-20,8,147,0
2021-10-20,9,326,0
2021-10-20,10,311,0
2021-10-20,11,269,0
2021-10-20,12,689,0
2021-10-20,13,276,0
2021-10-20,14,562,0
2021-10-20,15,407,0
2021-10-21,1,600,0
2021-10-21,2,356,0
2021-10-21,3,154,0
2021-10-21,4,380,0
2021-10-21,5,207,0
2021-10-21,6,299,0
2021-10-21,7,521,0
2021-10-21,8,147,0
2021-10-21,9,317,0
2021-10-21,10,307,0
2021-10-21,11,266,0
2021-10-21,12,679,0
2021-10-21,13,273,0
2021-10-21,14,559,0
2021-10-21,15,401,0
2021-10-22,1,599,0
2021-10-22,2,351,0
2021-10-22,3,154,0
2021-10-22,4,377,0
2021-10-22,5,204,0
2021-10-22,6,299,0
2021-10-22,7,521,0
2021-10-22,8,140,0
2021-10-22,9,306,0
2021-10-22,10,303,0
2021-10-22,11,265,0
2021-10-22,12,674,0
2021-10-22,13,272,0
2021-10-22,14,558,0
2021-10-22,15,398,0
2021-10-23,1,584,0
2021-10-23,2,346,0
2021-10-23,3,151,0
2021-10-23,4,376,0
2021-10-23,5,195,0
2021-10-23,6,285,0
2021-10-23,7,517,0
2021-10-23,8,136,0
2021-10-23,9,305,0
2021-10-23,10,301,0
2021-10-23,11,261,0
2021-10-23,12,665,0
2021-10-23,13,266,0
2021-10-23,14,545,0
2021-10-23,15,395,0
2021-10-24,1,577,0
2021-10-24,2,339,0
2021-10-24,3,151,0
2021-10-24,4,376,0
2021-10-24,5,192,0
2021-10-24,6,283,0
2021-10-24,7,515,0
2021-10-24,8,136,0
2021-10-24,9,301,0
2021-10-24,10,292,0
2021-10-24,11,251,0
2021-10-24,12,664,0
2021-10-24,13,262,0
2021-10-24,14,538,0
2021-10-24,15,392,0
2021-10-25,1,574,0
2021-10-25,2,333,0
2021-10-25,3,151,0
2021-10-25,4,376,0
2021-10-25,5,180,0
2021-10-25,6,280,0
2021-10-25,7,510,0
2021-10-25,8,732,600
2021-10-25,9,298,0
2021-10-25,10,285,0
2021-10-25,11,251,0
2021-10-25,12,660,0
2021-10-25,13,260,0
2021-10-25,14,535,0
2021-10-25,15,389,0
2021-10-26,1,572,0
2021-10-26,2,330,0
2021-10-26,3,144,0
2021-10-26,4,371,0
2021-10-26,5,172,0
2021-10-26,6,279,0
2021-10-26,7,510,0
2021-10-26,8,731,0
2021-10-26,9,296,0
2021-10-26,10,281,0
2021-10-26,11,251,0
2021-10-26,12,658,0
2021-10-26,13,250,0
2021-10-26,14,535,0
2021-10-26,15,380,0
2021-10-27,1,565,0
2021-10-27,2,323,0
2021-10-27,3,139,0
2021-10-27,4,369,0
2021-10-27,5,168,0
2021-10-27,6,275,0
2021-10-27,7,507,0
2021-10-27,8,726,0
2021-10-27,9,295,0
2021-10-27,10,281,0
2021-10-27,11,249,0
2021-10-27,12,658,0
2021-10-27,13,244,0
2021-10-27,14,533,0
2021-10-27,15,375,0
2021-10-28,1,563,0
2021-10-28,2,313,0
2021-10-28,3,132,0
2021-10-28,4,363,0
2021-10-28,5,165,0
2021-10-28,6,269,0
2021-10-28,7,503,0
2021-10-28,8,720,0
2021-10-28,9,289,0
2021-10-28,10,281,0
2021-10-28,11,242,0
2021-10-28,12,658,0
2021-10-28,13,241,0
2021-10-28,14,531,0
2021-10-28,15,373,0
2021-10-29,1,557,0
2021-10-29,2,305,0
2021-10-29,3,124,0
2021-10-29,4,359,0
2021-10-29,5,164,0
2021-10-29,6,259,0
2021-10-29,7,499,0
2021-10-29,8,713,0
2021-10-29,9,285,0
2021-10-29,10,277,0
2021-10-29,11,242,0
2021-10-29,12,651,0
2021-10-29,13,230,0
2021-10-29,14,529,0
2021-10-29,15,370,0
2021-10-30,1,551,0
2021-10-30,2,299,0
2021-10-30,3,118,0
2021-10-30,4,358,0
2021-10-30,5,164,0
2021-10-30,6,254,0
2021-10-30,7,493,0
2021-10-30,8,705,0
2021-10-30,9,277,0
2021-10-30,10,269,0
2021-10-30,11,236,0
2021-10-30,12,650,0
2021-10-30,13,228,0
2021-10-30,14,526,0
2021-10-30,15,370,0
2021-10-31,1,543,0
2021-10-31,2,285,0
2021-10-31,3,112,0
2021-10-31,4,356,0
2021-10-31,5,148,0
2021-10-31,6,251,0
2021-10-31,7,488,0
2021-10-31,8,705,0
2021-10-31,9,269,0
2021-10-31,10,263,0
2021-10-31,11,233,0
2021-10-31,12,647,0
2021-10-31,13,222,0
2021-10-31,14,523,0
2021-10-31,15,368,0
2021-11-01,1,512,0
2021-11-01,2,232,0
2021-11-01,3,101,0
2021-11-01,4,342,0
2021-11-01,5,132,0
2021-11-01,6,237,0
2021-11-01,7,469,0
2021-11-01,8,676,0
2021-11-01,9,258,0
2021-11-01,10,252,0
2021-11-01,11,222,0
2021-11-01,12,632,0
2021-11-01,13,208,0
2021-11-01,14,514,0
2021-11-01,15,328,0
2021-11-02,1,500,0
2021-11-02,2,222,0
2021-11-02,3,94,0
2021-11-02,4,331,0
2021-11-02,5,105,0
2021-11-02,6,216,0
2021-11-02,7,458,0
2021-11-02,8,673,0
2021-11-02,9,240,0
2021-11-02,10,241,0
2021-11-02,11,211,0
2021-11-02,12,620,0
2021-11-02,13,201,0
2021-11-02,14,504,0
2021-11-02,15,320,0
2021-11-03,1,482,0
2021-11-03,2,200,0
2021-11-03,3,91,0
2021-11-03,4,323,0
2021-11-03,5,94,0
2021-11-03,6,199,0
2021-11-03,7,453,0
2021-11-03,8,662,0
2021-11-03,9,227,0
2021-11-03,10,232,0
2021-11-03,11,201,0
2021-11-03,12,614,0
2021-11-03,13,184,0
2021-11-03,14,493,0
2021-11-03,15,301,0
2021-11-04,1,444,0
2021-11-04,2,184,0
2021-11-04,3,81,0
2021-11-04,4,317,0
2021-11-04,5,80,0
2021-11-04,6,190,0
2021-11-04,7,435,0
2021-11-04,8,660,0
2021-11-04,9,214,0
2021-11-04,10,180,0
2021-11-04,11,192,0
2021-11-04,12,596,0
2021-11-04,13,170,0
2021-11-04,14,469,0
2021-11-04,15,282,0
2021-11-05,1,431,0
2021-11-05,2,167,0
2021-11-05,3,670,600
2021-11-05,4,311,0
2021-11-05,5,65,0
2021-11-05,6,183,0
2021-11-05,7,423,0
2021-11-05,8,652,0
2021-11-05,9,196,0
2021-11-05,10,172,0
2021-11-05,11,175,0
2021-11-05,12,590,0
2021-11-05,13,160,0
2021-11-05,14,442,0
2021-11-05,15,274,0
2021-11-06,1,406,0
2021-11-06,2,145,0
2021-11-06,3,645,0
2021-11-06,4,304,0
2021-11-06,5,54,0
2021-11-06,6,175,0
2021-11-06,7,410,0
2021-11-06,8,625,0
2021-11-06,9,184,0
2021-11-06,10,158,0
2021-11-06,11,161,0
2021-11-06,12,575,0
2021-11-06,13,142,0
2021-11-06,14,431,0
2021-11-06,15,262,0
2021-11-07,1,362,0
2021-11-07,2,130,0
2021-11-07,3,643,0
2021-11-07,4,299,0
2021-11-07,5,43,0
2021-11-07,6,165,0
2021-11-07,7,399,0
2021-11-07,8,621,0
2021-11-07,9,173,0
2021-11-07,10,142,0
2021-11-07,11,143,0
2021-11-07,12,566,0
2021-11-07,13,135,0
2021-11-07,14,427,0
2021-11-07,15,250,0
2021-11-08,1,346,0
2021-11-08,2,110,0
2021-11-08,3,631,0
2021-11-08,4,286,0
2021-11-08,5,20,0
2021-11-08,6,156,0
2021-11-08,7,396,0
2021-11-08,8,619,0
2021-11-08,9,163,0
2021-11-08,10,125,0
2021-11-08,11,128,0
2021-11-08,12,556,0
2021-11-08,13,127,0
2021-11-08,14,422,0
2021-11-08,15,232,0
2021-11-09,1,312,0
2021-11-09,2,107,0
2021-11-09,3,626,0
2021-11-09,4,283,0
2021-11-09,5,16,0
2021-11-09,6,150,0
2021-11-09,7,384,0
2021-11-09,8,611,0
2021-11-09,9,146,0
2021-11-09,10,122,0
2021-11-09,11,121,0
2021-11-09,12,552,0
2021-11-09,13,118,0
2021-11-09,14,420,0
2021-11-09,15,216,0
2021-11-10,1,295,0
2021-11-10,2,103,0
2021-11-10,3,617,0
2021-11-10,4,276,0
2021-11-10,5,0,0
2021-11-10,6,143,0
2021-11-10,7,374,0
2021-11-10,8,593,0
2021-11-10,9,131,0
2021-11-10,10,116,0
2021-11-10,11,104,0
2021-11-10,12,544,0
2021-11-10,13,102,0
2021-11-10,14,411,0
2021-11-10,15,206,0
2021-11-11,1,282,0
2021-11-11,2,91,0
2021-11-11,3,611,0
2021-11-11,4,270,0
2021-11-11,5,0,0
2021-11-11,6,130,0
2021-11-11,7,364,0
2021-11-11,8,583,0
2021-11-11,9,121,0
2021-11-11,10,103,0
2021-11-11,11,94,0
2021-11-11,12,525,0
2021-11-11,13,94,0
2021-11-11,14,398,0
2021-11-11,15,198,0
2021-11-12,1,271,0
2021-11-12,2,83,0
2021-11-12,3,601,0
2021-11-12,4,266,0
2021-11-12,5,591,600
2021-11-12,6,125,0
2021-11-12,7,355,0
2021-11-12,8,575,0
2021-11-12,9,110,0
2021-11-12,10,94,0
2021-11-12,11,82,0
2021-11-12,12,510,0
2021-11-12,13,76,0
2021-11-12,14,384,0
2021-11-12,15,184,0
2021-11-13,1,257,0
2021-11-13,2,62,0
2021-11-13,3,588,0
2021-11-13,4,255,0
2021-11-13,5,589,0
2021-11-13,6,118,0
2021-11-13,7,350,0
2021-11-13,8,566,0
2021-11-13,9,97,0
2021-11-13,10,83,0
2021-11-13,11,69,0
2021-11-13,12,510,0
2021-11-13,13,72,0
2021-11-13,14,356,0
2021-11-13,15,180,0
2021-11-14,1,239,0
2021-11-14,2,47,0
2021-11-14,3,575,0
2021-11-14,4,247,0
2021-11-14,5,582,0
2021-11-14,6,105,0
2021-11-14,7,336,0
2021-11-14,8,560,0
2021-11-14,9,92,0
2021-11-14,10,79,0
2021-11-14,11,664,600
2021-11-14,12,493,0
2021-11-14,13,57,0
2021-11-14,14,350,0
2021-11-14,15,171,0
2021-11-15,1,206,0
2021-11-15,2,39,0
2021-11-15,3,565,0
2021-11-15,4,234,0
2021-11-15,5,553,0
2021-11-15,6,90,0
2021-11-15,7,309,0
2021-11-15,8,534,0
2021-11-15,9,83,0
2021-11-15,10,74,0
2021-11-15,11,657,0
2021-11-15,12,489,0
2021-11-15,13,42,0
2021-11-15,14,344,0
2021-11-15,15,158,0
2021-11-16,1,188,0
2021-11-16,2,21,0
2021-11-16,3,551,0
2021-11-16,4,213,0
2021-11-16,5,544,0
2021-11-16,6,86,0
2021-11-16,7,294,0
2021-11-16,8,524,0
2021-11-16,9,66,0
2021-11-16,10,66,0
2021-11-16,11,644,0
2021-11-16,12,478,0
2021-11-16,13,627,600
2021-11-16,14,337,0
2021-11-16,15,152,0
2021-11-17,1,173,0
2021-11-17,2,5,0
2021-11-17,3,533,0
2021-11-17,4,199,0
2021-11-17,5,537,0
2021-11-17,6,34,0
2021-11-17,7,277,0
2021-11-17,8,509,0
2021-11-17,9,56,0
2021-11-17,10,58,0
2021-11-17,11,630,0
2021-11-17,12,469,0
2021-11-17,13,599,0
2021-11-17,14,327,0
2021-11-17,15,148,0
2021-11-18,1,166,0
2021-11-18,2,0,0
2021-11-18,3,523,0
2021-11-18,4,195,0
2021-11-18,5,529,0
2021-11-18,6,14,0
2021-11-18,7,262,0
2021-11-18,8,498,0
2021-11-18,9,47,0
2021-11-18,10,50,0
2021-11-18,11,628,0
2021-11-18,12,463,0
2021-11-18,13,589,0
2021-11-18,14,317,0
2021-11-18,15,137,0
2021-11-19,1,158,0
2021-11-19,2,0,0
2021-11-19,3,513,0
2021-11-19,4,180,0
2021-11-19,5,520,0
2021-11-19,6,10,0
2021-11-19,7,253,0
2021-11-19,8,485,0
2021-11-19,9,39,0
2021-11-19,10,38,0
2021-11-19,11,625,0
2021-11-19,12,459,0
2021-11-19,13,575,0
2021-11-19,14,307,0
2021-11-19,15,128,0
2021-11-20,1,143,0
2021-11-20,2,590,600
2021-11-20,3,506,0
2021-11-20,4,177,0
2021-11-20,5,508,0
2021-11-20,6,0,0
2021-11-20,7,240,0
2021-11-20,8,477,0
2021-11-20,9,29,0
2021-11-20,10,32,0
2021-11-20,11,619,0
2021-11-20,12,452,0
2021-11-20,13,568,0
2021-11-20,14,299,0
2021-11-20,15,124,0
2021-11-21,1,129,0
2021-11-21,2,568,0
2021-11-21,3,489,0
2021-11-21,4,166,0
2021-11-21,5,493,0
2021-11-21,6,0,0
2021-11-21,7,226,0
2021-11-21,8,469,0
2021-11-21,9,8,0
2021-11-21,10,616,600
2021-11-21,11,609,0
2021-11-21,12,438,0
2021-11-21,13,546,0
2021-11-21,14,284,0
2021-11-21,15,115,0
2021-11-22,1,115,0
2021-11-22,2,546,0
2021-11-22,3,481,0
2021-11-22,4,158,0
2021-11-22,5,482,0
2021-11-22,6,0,0
2021-11-22,7,218,0
2021-11-22,8,459,0
2021-11-22,9,5,0
2021-11-22,10,606,0
2021-11-22,11,605,0
2021-11-22,12,417,0
2021-11-22,13,540,0
2021-11-22,14,279,0
2021-11-22,15,105,0
2021-11-23,1,106,0
2021-11-23,2,539,0
2021-11-23,3,470,0
2021-11-23,4,146,0
2021-11-23,5,476,0
2021-11-23,6,0,0
2021-11-23,7,203,0
2021-11-23,8,447,0
2021-11-23,9,596,600
2021-11-23,10,592,0
2021-11-23,11,602,0
2021-11-23,12,401,0
2021-11-23,13,533,0
2021-11-23,14,266,0
2021-11-23,15,100,0
2021-11-24,1,97,0
2021-11-24,2,527,0
2021-11-24,3,465,0
2021-11-24,4,123,0
2021-11-24,5,456,0
2021-11-24,6,0,0
2021-11-24,7,197,0
2021-11-24,8,433,0
2021-11-24,9,578,0
2021-11-24,10,578,0
2021-11-24,11,586,0
2021-11-24,12,383,0
2021-11-24,13,516,0
2021-11-24,14,259,0
2021-11-24,15,87,0
2021-11-25,1,86,0
2021-11-25,2,516,0
2021-11-25,3,458,0
2021-11-25,4,110,0
2021-11-25,5,438,0
2021-11-25,6,0,0
2021-11-25,7,189,0
2021-11-25,8,418,0
2021-11-25,9,566,0
2021-11-25,10,567,0
2021-11-25,11,574,0
2021-11-25,12,374,0
2021-11-25,13,509,0
2021-11-25,14,253,0
2021-11-25,15,82,0
2021-11-26,1,70,0
2021-11-26,2,507,0
2021-11-26,3,447,0
2021-11-26,4,96,0
2021-11-26,5,424,0
2021-11-26,6,0,0
2021-11-26,7,179,0
2021-11-26,8,411,0
2021-11-26,9,557,0
2021-11-26,10,557,0
2021-11-26,11,552,0
2021-11-26,12,367,0
2021-11-26,13,482,0
2021-11-26,14,244,0
2021-11-26,15,76,0
2021-11-27,1,60,0
2021-11-27,2,484,0
2021-11-27,3,439,0
2021-11-27,4,90,0
2021-11-27,5,412,0
2021-11-27,6,0,0
2021-11-27,7,169,0
2021-11-27,8,401,0
2021-11-27,9,537,0
2021-11-27,10,554,0
2021-11-27,11,538,0
2021-11-27,12,362,0
2021-11-27,13,469,0
2021-11-27,14,238,0
2021-11-27,15,66,0
2021-11-28,1,43,0
2021-11-28,2,472,0
2021-11-28,3,431,0
2021-11-28,4,79,0
2021-11-28,5,396,0
2021-11-28,6,0,0
2021-11-28,7,161,0
2021-11-28,8,390,0
2021-11-28,9,526,0
2021-11-28,10,545,0
2021-11-28,11,519,0
2021-11-28,12,353,0
2021-11-28,13,463,0
2021-11-28,14,215,0
2021-11-28,15,48,0
2021-11-29,1,40,0
2021-11-29,2,460,0
2021-11-29,3,425,0
2021-11-29,4,70,0
2021-11-29,5,382,0
2021-11-29,6,0,0
2021-11-29,7,154,0
2021-11-29,8,385,0
2021-11-29,9,519,0
2021-11-29,10,538,0
2021-11-29,11,510,0
2021-11-29,12,336,0
2021-11-29,13,453,0
2021-11-29,14,201,0
2021-11-29,15,35,0
2021-11-30,1,16,0
2021-11-30,2,430,0
2021-11-30,3,412,0
2021-11-30,4,57,0
2021-11-30,5,367,0
2021-11-30,6,0,0
2021-11-30,7,139,0
2021-11-30,8,367,0
2021-11-30,9,516,0
2021-11-30,10,529,0
2021-11-30,11,498,0
2021-11-30,12,319,0
2021-11-30,13,432,0
2021-11-30,14,178,0
2021-11-30,15,29,0
2021-12-01,1,7,0
2021-12-01,2,420,0
2021-12-01,3,402,0
2021-12-01,4,47,0
2021-12-01,5,364,0
2021-12-01,6,0,0
2021-12-01,7,126,0
2021-12-01,8,360,0
2021-12-01,9,498,0
2021-12-01,10,522,0
2021-12-01,11,487,0
2021-12-01,12,310,0
2021-12-01,13,419,0
2021-12-01,14,176,0
2021-12-01,15,20,0
2021-12-02,1,0,0
2021-12-02,2,408,0
2021-12-02,3,397,0
2021-12-02,4,36,0
2021-12-02,5,360,0
2021-12-02,6,0,0
2021-12-02,7,121,0
2021-12-02,8,358,0
2021-12-02,9,481,0
2021-12-02,10,517,0
2021-12-02,11,480,0
2021-12-02,12,301,0
2021-12-02,13,406,0
2021-12-02,14,159,0
2021-12-02,15,617,600
2021-12-03,1,0,0
2021-12-03,2,401,0
2021-12-03,3,385,0
2021-12-03,4,629,600
2021-12-03,5,356,0
2021-12-03,6,0,0
2021-12-03,7,113,0
2021-12-03,8,340,0
2021-12-03,9,475,0
2021-12-03,10,503,0
2021-12-03,11,477,0
2021-12-03,12,292,0
2021-12-03,13,401,0
2021-12-03,14,152,0
2021-12-03,15,614,0
2021-12-04,1,0,0
2021-12-04,2,394,0
2021-12-04,3,378,0
2021-12-04,4,627,0
2021-12-04,5,346,0
2021-12-04,6,0,0
2021-12-04,7,108,0
2021-12-04,8,337,0
2021-12-04,9,472,0
2021-12-04,10,497,0
2021-12-04,11,466,0
2021-12-04,12,283,0
2021-12-04,13,399,0
2021-12-04,14,147,0
2021-12-04,15,609,0
2021-12-05,1,0,0
2021-12-05,2,372,0
2021-12-05,3,368,0
2021-12-05,4,615,0
2021-12-05,5,335,0
2021-12-05,6,0,0
2021-12-05,7,95,0
2021-12-05,8,336,0
2021-12-05,9,461,0
2021-12-05,10,489,0
2021-12-05,11,457,0
2021-12-05,12,272,0
2021-12-05,13,391,0
2021-12-05,14,146,0
2021-12-05,15,606,0
2021-12-06,1,0,0
2021-12-06,2,359,0
2021-12-06,3,359,0
2021-12-06,4,603,0
2021-12-06,5,321,0
2021-12-06,6,0,0
2021-12-06,7,92,0
2021-12-06,8,320,0
2021-12-06,9,455,0
2021-12-06,10,480,0
2021-12-06,11,451,0
2021-12-06,12,258,0
2021-12-06,13,386,0
2021-12-06,14,131,0
2021-12-06,15,594,0
2021-12-07,1,0,0
2021-12-07,2,337,0
2021-12-07,3,350,0
2021-12-07,4,596,0
2021-12-07,5,314,0
2021-12-07,6,0,0
2021-12-07,7,82,0
2021-12-07,8,317,0
2021-12-07,9,438,0
2021-12-07,10,472,0
2021-12-07,11,447,0
2021-12-07,12,245,0
2021-12-07,13,383,0
2021-12-07,14,123,0
2021-12-07,15,585,0
2021-12-08,1,0,0
2021-12-08,2,323,0
2021-12-08,3,340,0
2021-12-08,4,586,0
2021-12-08,5,297,0
2021-12-08,6,0,0
2021-12-08,7,72,0
2021-12-08,8,311,0
2021-12-08,9,427,0
2021-12-08,10,459,0
2021-12-08,11,441,0
2021-12-08,12,234,0
2021-12-08,13,368,0
2021-12-08,14,110,0
2021-12-08,15,574,0
2021-12-09,1,0,0
2021-12-09,2,292,0
2021-12-09,3,331,0
2021-12-09,4,578,0
2021-12-09,5,277,0
2021-12-09,6,0,0
2021-12-09,7,56,0
2021-12-09,8,291,0
2021-12-09,9,419,0
2021-12-09,10,446,0
2021-12-09,11,436,0
2021-12-09,12,228,0
2021-12-09,13,360,0
2021-12-09,14,96,0
2021-12-09,15,563,0
2021-12-10,1,0,0
2021-12-10,2,277,0
2021-12-10,3,324,0
2021-12-10,4,555,0
2021-12-10,5,271,0
2021-12-10,6,578,600
2021-12-10,7,51,0
2021-12-10,8,274,0
2021-12-10,9,398,0
2021-12-10,10,428,0
2021-12-10,11,421,0
2021-12-10,12,221,0
2021-12-10,13,352,0
2021-12-10,14,75,0
2021-12-10,15,549,0
2021-12-11,1,591,600
2021-12-11,2,262,0
2021-12-11,3,317,0
2021-12-11,4,540,0
2021-12-11,5,264,0
2021-12-11,6,571,0
2021-12-11,7,41,0
2021-12-11,8,257,0
2021-12-11,9,391,0
2021-12-11,10,420,0
2021-12-11,11,402,0
2021-12-11,12,211,0
2021-12-11,13,342,0
2021-12-11,14,71,0
2021-12-11,15,537,0
2021-12-12,1,578,0
2021-12-12,2,242,0
2021-12-12,3,309,0
2021-12-12,4,533,0
2021-12-12,5,250,0
2021-12-12,6,560,0
2021-12-12,7,29,0
2021-12-12,8,245,0
2021-12-12,9,383,0
2021-12-12,10,410,0
2021-12-12,11,391,0
2021-12-12,12,205,0
2021-12-12,13,332,0
2021-12-12,14,67,0
2021-12-12,15,529,0
2021-12-13,1,553,0
2021-12-13,2,228,0
2021-12-13,3,303,0
2021-12-13,4,525,0
2021-12-13,5,230,0
2021-12-13,6,553,0
2021-12-13,7,9,0
2021-12-13,8,237,0
2021-12-13,9,370,0
2021-12-13,10,397,0
2021-12-13,11,379,0
2021-12-13,12,193,0
2021-12-13,13,330,0
2021-12-13,14,48,0
2021-12-13,15,513,0
2021-12-14,1,503,0
2021-12-14,2,194,0
2021-12-14,3,288,0
2021-12-14,4,520,0
2021-12-14,5,219,0
2021-12-14,6,539,0
2021-12-14,7,5,0
2021-12-14,8,227,0
2021-12-14,9,361,0
2021-12-14,10,385,0
2021-12-14,11,366,0
2021-12-14,12,180,0
2021-12-14,13,318,0
2021-12-14,14,42,0
2021-12-14,15,504,0
2021-12-15,1,494,0
2021-12-15,2,183,0
2021-12-15,3,275,0
2021-12-15,4,517,0
2021-12-15,5,217,0
2021-12-15,6,534,0
2021-12-15,7,0,0
2021-12-15,8,214,0
2021-12-15,9,359,0
2021-12-15,10,382,0
2021-12-15,11,357,0
2021-12-15,12,168,0
2021-12-15,13,285,0
2021-12-15,14,40,0
2021-12-15,15,502,0
2021-12-16,1,473,0
2021-12-16,2,169,0
2021-12-16,3,260,0
2021-12-16,4,511,0
2021-12-16,5,215,0
2021-12-16,6,524,0
2021-12-16,7,0,0
2021-12-16,8,204,0
2021-12-16,9,352,0
2021-12-16,10,371,0
2021-12-16,11,337,0
2021-12-16,12,157,0
2021-12-16,13,277,0
2021-12-16,14,29,0
2021-12-16,15,496,0
2021-12-17,1,446,0
2021-12-17,2,147,0
2021-12-17,3,243,0
2021-12-17,4,500,0
2021-12-17,5,201,0
2021-12-17,6,513,0
2021-12-17,7,0,0
2021-12-17,8,193,0
2021-12-17,9,342,0
2021-12-17,10,360,0
2021-12-17,11,316,0
2021-12-17,12,145,0
2021-12-17,13,259,0
2021-12-17,14,19,0
2021-12-17,15,483,0
2021-12-18,1,422,0
2021-12-18,2,139,0
2021-12-18,3,217,0
2021-12-18,4,482,0
2021-12-18,5,194,0
2021-12-18,6,465,0
2021-12-18,7,0,0
2021-12-18,8,180,0
2021-12-18,9,328,0
2021-12-18,10,340,0
2021-12-18,11,306,0
2021-12-18,12,142,0
2021-12-18,13,236,0
2021-12-18,14,11,0
2021-12-18,15,470,0
2021-12-19,1,404,0
2021-12-19,2,132,0
2021-12-19,3,210,0
2021-12-19,4,474,0
2021-12-19,5,184,0
2021-12-19,6,456,0
2021-12-19,7,0,0
2021-12-19,8,173,0
2021-12-19,9,313,0
2021-12-19,10,323,0
2021-12-19,11,298,0
2021-12-19,12,135,0
2021-12-19,13,226,0
2021-12-19,14,5,0
2021-12-19,15,461,0
2021-12-20,1,385,0
2021-12-20,2,104,0
2021-12-20,3,201,0
2021-12-20,4,429,0
2021-12-20,5,175,0
2021-12-20,6,447,0
2021-12-20,7,0,0
2021-12-20,8,162,0
2021-12-20,9,296,0
2021-12-20,10,316,0
2021-12-20,11,290,0
2021-12-20,12,126,0
2021-12-20,13,221,0
2021-12-20,14,0,0
2021-12-20,15,450,0
2021-12-21,1,382,0
2021-12-21,2,77,0
2021-12-21,3,194,0
2021-12-21,4,426,0
2021-12-21,5,165,0
2021-12-21,6,440,0
2021-12-21,7,0,0
2021-12-21,8,146,0
2021-12-21,9,287,0
2021-12-21,10,310,0
2021-12-21,11,279,0
2021-12-21,12,111,0
2021-12-21,13,193,0
2021-12-21,14,0,0
2021-12-21,15,442,0
2021-12-22,1,359,0
2021-12-22,2,52,0
2021-12-22,3,175,0
2021-12-22,4,410,0
2021-12-22,5,154,0
2021-12-22,6,429,0
2021-12-22,7,0,0
2021-12-22,8,135,0
2021-12-22,9,272,0
2021-12-22,10,302,0
2021-12-22,11,266,0
2021-12-22,12,103,0
2021-12-22,13,177,0
2021-12-22,14,0,0
2021-12-22,15,425,0
2021-12-23,1,351,0
2021-12-23,2,37,0
2021-12-23,3,165,0
2021-12-23,4,395,0
2021-12-23,5,149,0
2021-12-23,6,414,0
2021-12-23,7,0,0
2021-12-23,8,122,0
2021-12-23,9,261,0
2021-12-23,10,298,0
2021-12-23,11,246,0
2021-12-23,12,92,0
2021-12-23,13,171,0
2021-12-23,14,0,0
2021-12-23,15,421,0
2021-12-24,1,334,0
2021-12-24,2,9,0
2021-12-24,3,135,0
2021-12-24,4,386,0
2021-12-24,5,131,0
2021-12-24,6,404,0
2021-12-24,7,0,0
2021-12-24,8,113,0
2021-12-24,9,255,0
2021-12-24,10,282,0
2021-12-24,11,233,0
2021-12-24,12,73,0
2021-12-24,13,157,0
2021-12-24,14,0,0
2021-12-24,15,411,0
2021-12-25,1,314,0
2021-12-25,2,0,0
2021-12-25,3,128,0
2021-12-25,4,365,0
2021-12-25,5,116,0
2021-12-25,6,392,0
2021-12-25,7,0,0
2021-12-25,8,104,0
2021-12-25,9,240,0
2021-12-25,10,265,0
2021-12-25,11,208,0
2021-12-25,12,64,0
2021-12-25,13,144,0
2021-12-25,14,0,0
2021-12-25,15,408,0
2021-12-26,1,300,0
2021-12-26,2,0,0
2021-12-26,3,122,0
2021-12-26,4,353,0
2021-12-26,5,105,0
2021-12-26,6,389,0
2021-12-26,7,0,0
2021-12-26,8,92,0
2021-12-26,9,230,0
2021-12-26,10,254,0
2021-12-26,11,202,0
2021-12-26,12,59,0
2021-12-26,13,132,0
2021-12-26,14,0,0
2021-12-26,15,366,0
2021-12-27,1,277,0
2021-12-27,2,0,0
2021-12-27,3,112,0
2021-12-27,4,333,0
2021-12-27,5,99,0
2021-12-27,6,373,0
2021-12-27,7,0,0
2021-12-27,8,68,0
2021-12-27,9,213,0
2021-12-27,10,246,0
2021-12-27,11,195,0
2021-12-27,12,654,600
2021-12-27,13,121,0
2021-12-27,14,0,0
2021-12-27,15,349,0
2021-12-28,1,263,0
2021-12-28,2,0,0
2021-12-28,3,97,0
2021-12-28,4,314,0
2021-12-28,5,95,0
2021-12-28,6,364,0
2021-12-28,7,0,0
2021-12-28,8,654,600
2021-12-28,9,203,0
2021-12-28,10,238,0
2021-12-28,11,182,0
2021-12-28,12,647,0
2021-12-28,13,109,0
2021-12-28,14,0,0
2021-12-28,15,336,0
2021-12-29,1,254,0
2021-12-29,2,0,0
2021-12-29,3,93,0
2021-12-29,4,309,0
2021-12-29,5,90,0
2021-12-29,6,363,0
2021-12-29,7,0,0
2021-12-29,8,652,0
2021-12-29,9,192,0
2021-12-29,10,230,0
2021-12-29,11,177,0
2021-12-29,12,638,0
2021-12-29,13,108,0
2021-12-29,14,0,0
2021-12-29,15,331,0
2021-12-30,1,248,0
2021-12-30,2,0,0
2021-12-30,3,86,0
2021-12-30,4,296,0
2021-12-30,5,85,0
2021-12-30,6,354,0
2021-12-30,7,585,600
2021-12-30,8,641,0
2021-12-30,9,158,0
2021-12-30,10,217,0
2021-12-30,11,168,0
2021-12-30,12,626,0
2021-12-30,13,105,0
2021-12-30,14,0,0
2021-12-30,15,328,0
2021-12-31,1,227,0
2021-12-31,2,591,600
2021-12-31,3,82,0
2021-12-31,4,280,0
2021-12-31,5,75,0
2021-12-31,6,343,0
2021-12-31,7,574,0
2021-12-31,8,632,0
2021-12-31,9,152,0
2021-12-31,10,206,0
2021-12-31,11,139,0
2021-12-31,12,620,0
2021-12-31,13,89,0
2021-12-31,14,0,0
2021-12-31,15,322,0
2022-01-01,1,218,0
2022-01-01,2,585,0
2022-01-01,3,76,0
2022-01-01,4,276,0
2022-01-01,5,66,0
2022-01-01,6,335,0
2022-01-01,7,570,0
2022-01-01,8,631,0
2022-01-01,9,152,0
2022-01-01,10,206,0
2022-01-01,11,136,0
2022-01-01,12,608,0
2022-01-01,13,83,0
2022-01-01,14,0,0
2022-01-01,15,319,0
2022-01-02,1,214,0
2022-01-02,2,582,0
2022-01-02,3,70,0
2022-01-02,4,270,0
2022-01-02,5,64,0
2022-01-02,6,327,0
2022-01-02,7,567,0
2022-01-02,8,630,0
2022-01-02,9,147,0
2022-01-02,10,202,0
2022-01-02,11,136,0
2022-01-02,12,599,0
2022-01-02,13,83,0
2022-01-02,14,0,0
2022-01-02,15,312,0
2022-01-03,1,208,0
2022-01-03,2,576,0
2022-01-03,3,670,600
2022-01-03,4,262,0
2022-01-03,5,59,0
2022-01-03,6,318,0
2022-01-03,7,567,0
2022-01-03,8,622,0
2022-01-03,9,145,0
2022-01-03,10,199,0
2022-01-03,11,131,0
2022-01-03,12,587,0
2022-01-03,13,79,0
2022-01-03,14,0,0
2022-01-03,15,305,0
2022-01-04,1,202,0
2022-01-04,2,564,0
2022-01-04,3,667,0
2022-01-04,4,256,0
2022-01-04,5,659,600
2022-01-04,6,316,0
2022-01-04,7,558,0
2022-01-04,8,622,0
2022-01-04,9,141,0
2022-01-04,10,197,0
2022-01-04,11,123,0
2022-01-04,12,582,0
2022-01-04,13,677,600
2022-01-04,14,0,0
2022-01-04,15,303,0
2022-01-05,1,193,0
2022-01-05,2,555,0
2022-01-05,3,667,0
2022-01-05,4,253,0
2022-01-05,5,656,0
2022-01-05,6,306,0
2022-01-05,7,552,0
2022-01-05,8,616,0
2022-01-05,9,140,0
2022-01-05,10,192,0
2022-01-05,11,74,0
2022-01-05,12,578,0
2022-01-05,13,668,0
2022-01-05,14,0,0
2022-01-05,15,297,0
2022-01-06,1,187,0
2022-01-06,2,548,0
2022-01-06,3,667,0
2022-01-06,4,247,0
2022-01-06,5,650,0
2022-01-06,6,301,0
2022-01-06,7,550,0
2022-01-06,8,610,0
2022-01-06,9,134,0
2022-01-06,10,192,0
2022-01-06,11,70,0
2022-01-06,12,571,0
2022-01-06,13,665,0
2022-01-06,14,0,0
2022-01-06,15,292,0
2022-01-07,1,182,0
2022-01-07,2,545,0
2022-01-07,3,662,0
2022-01-07,4,244,0
2022-01-07,5,648,0
2022-01-07,6,301,0
2022-01-07,7,549,0
2022-01-07,8,608,0
2022-01-07,9,132,0
2022-01-07,10,189,0
2022-01-07,11,665,600
2022-01-07,12,568,0
2022-01-07,13,662,0
2022-01-07,14,0,0
2022-01-07,15,288,0
2022-01-08,1,175,0
2022-01-08,2,532,0
2022-01-08,3,654,0
2022-01-08,4,234,0
2022-01-08,5,635,0
2022-01-08,6,293,0
2022-01-08,7,545,0
2022-01-08,8,597,0
2022-01-08,9,126,0
2022-01-08,10,185,0
2022-01-08,11,657,0
2022-01-08,12,564,0
2022-01-08,13,657,0
2022-01-08,14,0,0
2022-01-08,15,279,0
2022-01-09,1,157,0
2022-01-09,2,529,0
2022-01-09,3,650,0
2022-01-09,4,234,0
2022-01-09,5,634,0
2022-01-09,6,288,0
2022-01-09,7,543,0
2022-01-09,8,594,0
2022-01-09,9,124,0
2022-01-09,10,185,0
2022-01-09,11,656,0
2022-01-09,12,564,0
2022-01-09,13,654,0
2022-01-09,14,0,0
2022-01-09,15,276,0
2022-01-10,1,151,0
2022-01-10,2,521,0
2022-01-10,3,640,0
2022-01-10,4,234,0
2022-01-10,5,631,0
2022-01-10,6,288,0
2022-01-10,7,537,0
2022-01-10,8,591,0
2022-01-10,9,120,0
2022-01-10,10,182,0
2022-01-10,11,646,0
2022-01-10,12,564,0
2022-01-10,13,650,0
2022-01-10,14,0,0
2022-01-10,15,274,0
2022-01-11,1,138,0
2022-01-11,2,517,0
2022-01-11,3,637,0
2022-01-11,4,228,0
2022-01-11,5,621,0
2022-01-11,6,284,0
2022-01-11,7,535,0
2022-01-11,8,584,0
2022-01-11,9,115,0
2022-01-11,10,178,0
2022-01-11,11,641,0
2022-01-11,12,558,0
2022-01-11,13,647,0
2022-01-11,14,0,0
2022-01-11,15,273,0
2022-01-12,1,135,0
2022-01-12,2,513,0
2022-01-12,3,632,0
2022-01-12,4,221,0
2022-01-12,5,617,0
2022-01-12,6,283,0
2022-01-12,7,535,0
2022-01-12,8,576,0
2022-01-12,9,111,0
2022-01-12,10,177,0
2022-01-12,11,638,0
2022-01-12,12,553,0
2022-01-12,13,640,0
2022-01-12,14,0,0
2022-01-12,15,273,0
2022-01-13,1,127,0
2022-01-13,2,491,0
2022-01-13,3,624,0
2022-01-13,4,217,0
2022-01-13,5,614,0
2022-01-13,6,279,0
2022-01-13,7,535,0
2022-01-13,8,564,0
2022-01-13,9,108,0
2022-01-13,10,172,0
2022-01-13,11,636,0
2022-01-13,12,549,0
2022-01-13,13,633,0
2022-01-13,14,0,0
2022-01-13,15,264,0
2022-01-14,1,119,0
2022-01-14,2,486,0
2022-01-14,3,618,0
2022-01-14,4,215,0
2022-01-14,5,614,0
2022-01-14,6,279,0
2022-01-14,7,528,0
2022-01-14,8,558,0
2022-01-14,9,98,0
2022-01-14,10,172,0
2022-01-14,11,633,0
2022-01-14,12,542,0
2022-01-14,13,624,0
2022-01-14,14,0,0
2022-01-14,15,263,0
2022-01-15,1,108,0
2022-01-15,2,477,0
2022-01-15,3,612,0
2022-01-15,4,211,0
2022-01-15,5,610,0
2022-01-15,6,277,0
2022-01-15,7,519,0
2022-01-15,8,556,0
2022-01-15,9,96,0
2022-01-15,10,163,0
2022-01-15,11,629,0
2022-01-15,12,539,0
2022-01-15,13,614,0
2022-01-15,14,0,0
2022-01-15,15,257,0
2022-01-16,1,97,0
2022-01-16,2,467,0
2022-01-16,3,612,0
2022-01-16,4,209,0
2022-01-16,5,600,0
2022-01-16,6,274,0
2022-01-16,7,511,0
2022-01-16,8,547,0
2022-01-16,9,691,600
2022-01-16,10,157,0
2022-01-16,11,625,0
2022-01-16,12,536,0
2022-01-16,13,611,0
2022-01-16,14,0,0
2022-01-16,15,253,0
2022-01-17,1,86,0
2022-01-17,2,464,0
2022-01-17,3,609,0
2022-01-17,4,203,0
2022-01-17,5,591,0
2022-01-17,6,271,0
2022-01-17,7,505,0
2022-01-17,8,543,0
2022-01-17,9,683,0
2022-01-17,10,152,0
2022-01-17,11,623,0
2022-01-17,12,532,0
2022-01-17,13,608,0
2022-01-17,14,0,0
2022-01-17,15,242,0
2022-01-18,1,81,0
2022-01-18,2,457,0
2022-01-18,3,600,0
2022-01-18,4,193,0
2022-01-18,5,587,0
2022-01-18,6,265,0
2022-01-18,7,505,0
2022-01-18,8,541,0
2022-01-18,9,681,0
2022-01-18,10,143,0
2022-01-18,11,619,0
2022-01-18,12,525,0
2022-01-18,13,600,0
2022-01-18,14,594,600
2022-01-18,15,240,0
2022-01-19,1,71,0
2022-01-19,2,450,0
2022-01-19,3,595,0
2022-01-19,4,185,0
2022-01-19,5,584,0
2022-01-19,6,262,0
2022-01-19,7,505,0
2022-01-19,8,536,0
2022-01-19,9,679,0
2022-01-19,10,143,0
2022-01-19,11,610,0
2022-01-19,12,521,0
2022-01-19,13,595,0
2022-01-19,14,590,0
2022-01-19,15,237,0
2022-01-20,1,66,0
2022-01-20,2,439,0
2022-01-20,3,589,0
2022-01-20,4,180,0
2022-01-20,5,578,0
2022-01-20,6,257,0
2022-01-20,7,501,0
2022-01-20,8,524,0
2022-01-20,9,671,0
2022-01-20,10,138,0
2022-01-20,11,607,0
2022-01-20,12,515,0
2022-01-20,13,593,0
2022-01-20,14,580,0
2022-01-20,15,236,0
2022-01-21,1,52,0
2022-01-21,2,430,0
2022-01-21,3,582,0
2022-01-21,4,178,0
2022-01-21,5,578,0
2022-01-21,6,254,0
2022-01-21,7,487,0
2022-01-21,8,521,0
2022-01-21,9,662,0
2022-01-21,10,136,0
2022-01-21,11,600,0
2022-01-21,12,472,0
2022-01-21,13,593,0
2022-01-21,14,574,0
2022-01-21,15,230,0
2022-01-22,1,47,0
2022-01-22,2,424,0
2022-01-22,3,579,0
2022-01-22,4,177,0
2022-01-22,5,564,0
2022-01-22,6,254,0
2022-01-22,7,479,0
2022-01-22,8,516,0
2022-01-22,9,662,0
2022-01-22,10,126,0
2022-01-22,11,595,0
2022-01-22,12,466,0
2022-01-22,13,586,0
2022-01-22,14,572,0
2022-01-22,15,227,0
2022-01-23,1,46,0
2022-01-23,2,413,0
2022-01-23,3,576,0
2022-01-23,4,169,0
2022-01-23,5,560,0
2022-01-23,6,252,0
2022-01-23,7,473,0
2022-01-23,8,514,0
2022-01-23,9,661,0
2022-01-23,10,121,0
2022-01-23,11,590,0
2022-01-23,12,453,0
2022-01-23,13,579,0
2022-01-23,14,566,0
2022-01-23,15,224,0
2022-01-24,1,33,0
2022-01-24,2,407,0
2022-01-24,3,568,0
2022-01-24,4,165,0
2022-01-24,5,553,0
2022-01-24,6,244,0
2022-01-24,7,469,0
2022-01-24,8,509,0
2022-01-24,9,653,0
2022-01-24,10,115,0
2022-01-24,11,590,0
2022-01-24,12,446,0
2022-01-24,13,575,0
2022-01-24,14,558,0
2022-01-24,15,211,0
2022-01-25,1,26,0
2022-01-25,2,396,0
2022-01-25,3,564,0
2022-01-25,4,165,0
2022-01-25,5,542,0
2022-01-25,6,242,0
2022-01-25,7,467,0
2022-01-25,8,505,0
2022-01-25,9,648,0
2022-01-25,10,115,0
2022-01-25,11,584,0
2022-01-25,12,441,0
2022-01-25,13,575,0
2022-01-25,14,553,0
2022-01-25,15,206,0
2022-01-26,1,15,0
2022-01-26,2,391,0
2022-01-26,3,563,0
2022-01-26,4,163,0
2022-01-26,5,538,0
2022-01-26,6,235,0
2022-01-26,7,464,0
2022-01-26,8,501,0
2022-01-26,9,636,0
2022-01-26,10,109,0
2022-01-26,11,583,0
2022-01-26,12,439,0
2022-01-26,13,567,0
2022-01-26,14,553,0
2022-01-26,15,202,0
2022-01-27,1,13,0
2022-01-27,2,391,0
2022-01-27,3,560,0
2022-01-27,4,163,0
2022-01-27,5,538,0
2022-01-27,6,235,0
2022-01-27,7,458,0
2022-01-27,8,501,0
2022-01-27,9,632,0
2022-01-27,10,108,0
2022-01-27,11,582,0
2022-01-27,12,439,0
2022-01-27,13,564,0
2022-01-27,14,545,0
2022-01-27,15,195,0
2022-01-28,1,3,0
2022-01-28,2,387,0
2022-01-28,3,560,0
2022-01-28,4,160,0
2022-01-28,5,529,0
2022-01-28,6,232,0
2022-01-28,7,452,0
2022-01-28,8,497,0
2022-01-28,9,630,0
2022-01-28,10,101,0
2022-01-28,11,579,0
2022-01-28,12,436,0
2022-01-28,13,555,0
2022-01-28,14,541,0
2022-01-28,15,190,0
2022-01-29,1,1,0
2022-01-29,2,376,0
2022-01-29,3,556,0
2022-01-29,4,157,0
2022-01-29,5,502,0
2022-01-29,6,226,0
2022-01-29,7,442,0
2022-01-29,8,495,0
2022-01-29,9,628,0
2022-01-29,10,98,0
2022-01-29,11,576,0
2022-01-29,12,428,0
2022-01-29,13,552,0
2022-01-29,14,531,0
2022-01-29,15,188,0
2022-01-30,1,0,0
2022-01-30,2,367,0
2022-01-30,3,552,0
2022-01-30,4,154,0
2022-01-30,5,493,0
2022-01-30,6,222,0
2022-01-30,7,436,0
2022-01-30,8,488,0
2022-01-30,9,628,0
2022-01-30,10,93,0
2022-01-30,11,572,0
2022-01-30,12,428,0
2022-01-30,13,551,0
2022-01-30,14,527,0
2022-01-30,15,184,0
2022-01-31,1,0,0
2022-01-31,2,358,0
2022-01-31,3,544,0
2022-01-31,4,153,0
2022-01-31,5,488,0
2022-01-31,6,218,0
2022-01-31,7,432,0
2022-01-31,8,480,0
2022-01-31,9,623,0
2022-01-31,10,91,0
2022-01-31,11,567,0
2022-01-31,12,425,0
2022-01-31,13,544,0
2022-01-31,14,520,0
2022-01-31,15,174,0
2022-02-01,1,595,600
2022-02-01,2,347,0
2022-02-01,3,542,0
2022-02-01,4,150,0
2022-02-01,5,483,0
2022-02-01,6,217,0
2022-02-01,7,426,0
2022-02-01,8,465,0
2022-02-01,9,620,0
2022-02-01,10,689,600
2022-02-01,11,563,0
2022-02-01,12,425,0
2022-02-01,13,496,0
2022-02-01,14,518,0
2022-02-01,15,172,0
2022-02-02,1,591,0
2022-02-02,2,341,0
2022-02-02,3,540,0
2022-02-02,4,145,0
2022-02-02,5,481,0
2022-02-02,6,214,0
2022-02-02,7,416,0
2022-02-02,8,465,0
2022-02-02,9,618,0
2022-02-02,10,681,0
2022-02-02,11,558,0
2022-02-02,12,414,0
2022-02-02,13,490,0
2022-02-02,14,515,0
2022-02-02,15,171,0
2022-02-03,1,585,0
2022-02-03,2,338,0
2022-02-03,3,532,0
2022-02-03,4,141,0
2022-02-03,5,479,0
2022-02-03,6,206,0
2022-02-03,7,413,0
2022-02-03,8,462,0
2022-02-03,9,611,0
2022-02-03,10,679,0
2022-02-03,11,549,0
2022-02-03,12,405,0
2022-02-03,13,484,0
2022-02-03,14,508,0
2022-02-03,15,158,0
2022-02-04,1,578,0
2022-02-04,2,308,0
2022-02-04,3,529,0
2022-02-04,4,135,0
2022-02-04,5,475,0
2022-02-04,6,204,0
2022-02-04,7,412,0
2022-02-04,8,462,0
2022-02-04,9,606,0
2022-02-04,10,676,0
2022-02-04,11,547,0
2022-02-04,12,404,0
2022-02-04,13,482,0
2022-02-04,14,506,0
2022-02-04,15,156,0
2022-02-05,1,576,0
2022-02-05,2,305,0
2022-02-05,3,526,0
2022-02-05,4,131,0
2022-02-05,5,471,0
2022-02-05,6,199,0
2022-02-05,7,412,0
2022-02-05,8,455,0
2022-02-05,9,606,0
2022-02-05,10,676,0
2022-02-05,11,541,0
2022-02-05,12,402,0
2022-02-05,13,482,0
2022-02-05,14,499,0
2022-02-05,15,148,0
2022-02-06,1,568,0
2022-02-06,2,299,0
2022-02-06,3,516,0
2022-02-06,4,128,0
2022-02-06,5,469,0
2022-02-06,6,196,0
2022-02-06,7,408,0
2022-02-06,8,446,0
2022-02-06,9,603,0
2022-02-06,10,676,0
2022-02-06,11,536,0
2022-02-06,12,399,0
2022-02-06,13,481,0
2022-02-06,14,493,0
2022-02-06,15,146,0
2022-02-07,1,559,0
2022-02-07,2,290,0
2022-02-07,3,509,0
2022-02-07,4,118,0
2022-02-07,5,464,0
2022-02-07,6,195,0
2022-02-07,7,401,0
2022-02-07,8,438,0
2022-02-07,9,602,0
2022-02-07,10,669,0
2022-02-07,11,523,0
2022-02-07,12,391,0
2022-02-07,13,476,0
2022-02-07,14,480,0
2022-02-07,15,144,0
2022-02-08,1,557,0
2022-02-08,2,290,0
2022-02-08,3,508,0
2022-02-08,4,116,0
2022-02-08,5,453,0
2022-02-08,6,194,0
2022-02-08,7,401,0
2022-02-08,8,434,0
2022-02-08,9,599,0
2022-02-08,10,664,0
2022-02-08,11,520,0
2022-02-08,12,388,0
2022-02-08,13,472,0
2022-02-08,14,475,0
2022-02-08,15,141,0
2022-02-09,1,553,0
2022-02-09,2,288,0
2022-02-09,3,500,0
2022-02-09,4,110,0
2022-02-09,5,449,0
2022-02-09,6,194,0
2022-02-09,7,399,0
2022-02-09,8,428,0
2022-02-09,9,587,0
2022-02-09,10,657,0
2022-02-09,11,517,0
2022-02-09,12,385,0
2022-02-09,13,461,0
2022-02-09,14,472,0
2022-02-09,15,133,0
2022-02-10,1,546,0
2022-02-10,2,284,0
2022-02-10,3,495,0
2022-02-10,4,106,0
2022-02-10,5,444,0
2022-02-10,6,192,0
2022-02-10,7,394,0
2022-02-10,8,424,0
2022-02-10,9,577,0
2022-02-10,10,654,0
2022-02-10,11,503,0
2022-02-10,12,375,0
2022-02-10,13,451,0
2022-02-10,14,472,0
2022-02-10,15,124,0
2022-02-11,1,544,0
2022-02-11,2,276,0
2022-02-11,3,485,0
2022-02-11,4,103,0
2022-02-11,5,444,0
2022-02-11,6,188,0
2022-02-11,7,389,0
2022-02-11,8,418,0
2022-02-11,9,575,0
2022-02-11,10,647,0
2022-02-11,11,503,0
2022-02-11,12,372,0
2022-02-11,13,436,0
2022-02-11,14,462,0
2022-02-11,15,121,0
2022-02-12,1,533,0
2022-02-12,2,258,0
2022-02-12,3,480,0
2022-02-12,4,699,600
2022-02-12,5,438,0
2022-02-12,6,182,0
2022-02-12,7,388,0
2022-02-12,8,417,0
2022-02-12,9,570,0
2022-02-12,10,643,0
2022-02-12,11,501,0
2022-02-12,12,364,0
2022-02-12,13,436,0
2022-02-12,14,459,0
2022-02-12,15,119,0
2022-02-13,1,530,0
2022-02-13,2,253,0
2022-02-13,3,479,0
2022-02-13,4,696,0
2022-02-13,5,438,0
2022-02-13,6,182,0
2022-02-13,7,387,0
2022-02-13,8,415,0
2022-02-13,9,570,0
2022-02-13,10,638,0
2022-02-13,11,493,0
2022-02-13,12,362,0
2022-02-13,13,436,0
2022-02-13,14,454,0
2022-02-13,15,113,0
2022-02-14,1,517,0
2022-02-14,2,198,0
2022-02-14,3,473,0
2022-02-14,4,692,0
2022-02-14,5,429,0
2022-02-14,6,171,0
2022-02-14,7,384,0
2022-02-14,8,412,0
2022-02-14,9,556,0
2022-02-14,10,636,0
2022-02-14,11,490,0
2022-02-14,12,355,0
2022-02-14,13,434,0
2022-02-14,14,453,0
2022-02-14,15,110,0
2022-02-15,1,514,0
2022-02-15,2,190,0
2022-02-15,3,469,0
2022-02-15,4,685,0
2022-02-15,5,425,0
2022-02-15,6,171,0
2022-02-15,7,376,0
2022-02-15,8,411,0
2022-02-15,9,547,0
2022-02-15,10,633,0
2022-02-15,11,489,0
2022-02-15,12,352,0
2022-02-15,13,430,0
2022-02-15,14,448,0
2022-02-15,15,105,0
2022-02-16,1,502,0
2022-02-16,2,175,0
2022-02-16,3,467,0
2022-02-16,4,683,0
2022-02-16,5,420,0
2022-02-16,6,168,0
2022-02-16,7,369,0
2022-02-16,8,409,0
2022-02-16,9,536,0
2022-02-16,10,630,0
2022-02-16,11,483,0
2022-02-16,12,345,0
2022-02-16,13,429,0
2022-02-16,14,446,0
2022-02-16,15,104,0
2022-02-17,1,496,0
2022-02-17,2,171,0
2022-02-17,3,464,0
2022-02-17,4,680,0
2022-02-17,5,417,0
2022-02-17,6,161,0
2022-02-17,7,369,0
2022-02-17,8,407,0
2022-02-17,9,535,0
2022-02-17,10,622,0
2022-02-17,11,478,0
2022-02-17,12,343,0
2022-02-17,13,426,0
2022-02-17,14,445,0
2022-02-17,15,98,0
2022-02-18,1,483,0
2022-02-18,2,167,0
2022-02-18,3,462,0
2022-02-18,4,677,0
2022-02-18,5,415,0
2022-02-18,6,160,0
2022-02-18,7,364,0
2022-02-18,8,405,0
2022-02-18,9,532,0
2022-02-18,10,616,0
2022-02-18,11,478,0
2022-02-18,12,338,0
2022-02-18,13,423,0
2022-02-18,14,444,0
2022-02-18,15,98,0
2022-02-19,1,474,0
2022-02-19,2,165,0
2022-02-19,3,457,0
2022-02-19,4,677,0
2022-02-19,5,407,0
2022-02-19,6,151,0
2022-02-19,7,361,0
2022-02-19,8,398,0
2022-02-19,9,529,0
2022-02-19,10,611,0
2022-02-19,11,469,0
2022-02-19,12,332,0
2022-02-19,13,407,0
2022-02-19,14,438,0
2022-02-19,15,93,0
2022-02-20,1,463,0
2022-02-20,2,152,0
2022-02-20,3,455,0
2022-02-20,4,667,0
2022-02-20,5,407,0
2022-02-20,6,145,0
2022-02-20,7,360,0
2022-02-20,8,398,0
2022-02-20,9,526,0
2022-02-20,10,611,0
2022-02-20,11,467,0
2022-02-20,12,328,0
2022-02-20,13,404,0
2022-02-20,14,435,0
2022-02-20,15,686,600
2022-02-21,1,457,0
2022-02-21,2,148,0
2022-02-21,3,451,0
2022-02-21,4,665,0
2022-02-21,5,405,0
2022-02-21,6,145,0
2022-02-21,7,358,0
2022-02-21,8,390,0
2022-02-21,9,525,0
2022-02-21,10,606,0
2022-02-21,11,466,0
2022-02-21,12,323,0
2022-02-21,13,401,0
2022-02-21,14,429,0
2022-02-21,15,683,0
2022-02-22,1,453,0
2022-02-22,2,148,0
2022-02-22,3,448,0
2022-02-22,4,662,0
2022-02-22,5,399,0
2022-02-22,6,145,0
2022-02-22,7,354,0
2022-02-22,8,390,0
2022-02-22,9,520,0
2022-02-22,10,601,0
2022-02-22,11,460,0
2022-02-22,12,317,0
2022-02-22,13,400,0
2022-02-22,14,421,0
2022-02-22,15,674,0
2022-02-23,1,447,0
2022-02-23,2,143,0
2022-02-23,3,446,0
2022-02-23,4,660,0
2022-02-23,5,398,0
2022-02-23,6,145,0
2022-02-23,7,348,0
2022-02-23,8,385,0
2022-02-23,9,520,0
2022-02-23,10,594,0
2022-02-23,11,460,0
2022-02-23,12,314,0
2022-02-23,13,400,0
2022-02-23,14,416,0
2022-02-23,15,673,0
2022-02-24,1,435,0
2022-02-24,2,142,0
2022-02-24,3,440,0
2022-02-24,4,653,0
2022-02-24,5,391,0
2022-02-24,6,140,0
2022-02-24,7,339,0
2022-02-24,8,381,0
2022-02-24,9,510,0
2022-02-24,10,591,0
2022-02-24,11,459,0
2022-02-24,12,308,0
2022-02-24,13,394,0
2022-02-24,14,412,0
2022-02-24,15,662,0
2022-02-25,1,433,0
2022-02-25,2,140,0
2022-02-25,3,439,0
2022-02-25,4,644,0
2022-02-25,5,386,0
2022-02-25,6,136,0
2022-02-25,7,334,0
2022-02-25,8,374,0
2022-02-25,9,510,0
2022-02-25,10,591,0
2022-02-25,11,456,0
2022-02-25,12,308,0
2022-02-25,13,391,0
2022-02-25,14,411,0
2022-02-25,15,662,0
2022-02-26,1,430,0
2022-02-26,2,132,0
2022-02-26,3,433,0
2022-02-26,4,641,0
2022-02-26,5,382,0
2022-02-26,6,131,0
2022-02-26,7,328,0
2022-02-26,8,362,0
2022-02-26,9,507,0
2022-02-26,10,588,0
2022-02-26,11,447,0
2022-02-26,12,306,0
2022-02-26,13,382,0
2022-02-26,14,407,0
2022-02-26,15,658,0
2022-02-27,1,430,0
2022-02-27,2,130,0
2022-02-27,3,433,0
2022-02-27,4,639,0
2022-02-27,5,378,0
2022-02-27,6,128,0
2022-02-27,7,325,0
2022-02-27,8,362,0
2022-02-27,9,503,0
2022-02-27,10,582,0
2022-02-27,11,447,0
2022-02-27,12,257,0
2022-02-27,13,326,0
2022-02-27,14,407,0
2022-02-27,15,657,0
2022-02-28,1,426,0
2022-02-28,2,124,0
2022-02-28,3,426,0
2022-02-28,4,639,0
2022-02-28,5,376,0
2022-02-28,6,121,0
2022-02-28,7,322,0
2022-02-28,8,362,0
2022-02-28,9,502,0
2022-02-28,10,578,0
2022-02-28,11,444,0
2022-02-28,12,251,0
2022-02-28,13,316,0
2022-02-28,14,405,0
2022-02-28,15,643,0
2022-03-01,1,418,0
2022-03-01,2,120,0
2022-03-01,3,426,0
2022-03-01,4,633,0
2022-03-01,5,371,0
2022-03-01,6,119,0
2022-03-01,7,320,0
2022-03-01,8,356,0
2022-03-01,9,494,0
2022-03-01,10,578,0
2022-03-01,11,441,0
2022-03-01,12,246,0
2022-03-01,13,315,0
2022-03-01,14,397,0
2022-03-01,15,640,0
2022-03-02,1,409,0
2022-03-02,2,111,0
2022-03-02,3,425,0
2022-03-02,4,631,0
2022-03-02,5,365,0
2022-03-02,6,111,0
2022-03-02,7,313,0
2022-03-02,8,349,0
2022-03-02,9,492,0
2022-03-02,10,569,0
2022-03-02,11,439,0
2022-03-02,12,243,0
2022-03-02,13,310,0
2022-03-02,14,392,0
2022-03-02,15,638,0
2022-03-03,1,402,0
2022-03-03,2,105,0
2022-03-03,3,422,0
2022-03-03,4,627,0
2022-03-03,5,360,0
2022-03-03,6,98,0
2022-03-03,7,307,0
2022-03-03,8,348,0
2022-03-03,9,486,0
2022-03-03,10,567,0
2022-03-03,11,436,0
2022-03-03,12,239,0
2022-03-03,13,299,0
2022-03-03,14,392,0
2022-03-03,15,637,0
2022-03-04,1,400,0
2022-03-04,2,105,0
2022-03-04,3,419,0
2022-03-04,4,622,0
2022-03-04,5,354,0
2022-03-04,6,91,0
2022-03-04,7,304,0
2022-03-04,8,343,0
2022-03-04,9,481,0
2022-03-04,10,564,0
2022-03-04,11,436,0
2022-03-04,12,229,0
2022-03-04,13,299,0
2022-03-04,14,390,0
2022-03-04,15,632,0
2022-03-05,1,400,0
2022-03-05,2,104,0
2022-03-05,3,419,0
2022-03-05,4,622,0
2022-03-05,5,351,0
2022-03-05,6,88,0
2022-03-05,7,302,0
2022-03-05,8,339,0
2022-03-05,9,477,0
2022-03-05,10,561,0
2022-03-05,11,430,0
2022-03-05,12,228,0
2022-03-05,13,299,0
2022-03-05,14,382,0
2022-03-05,15,621,0
2022-03-06,1,396,0
2022-03-06,2,88,0
2022-03-06,3,411,0
2022-03-06,4,619,0
2022-03-06,5,349,0
2022-03-06,6,79,0
2022-03-06,7,302,0
2022-03-06,8,339,0
2022-03-06,9,471,0
2022-03-06,10,557,0
2022-03-06,11,424,0
2022-03-06,12,225,0
2022-03-06,13,294,0
2022-03-06,14,380,0
2022-03-06,15,620,0
2022-03-07,1,394,0
2022-03-07,2,685,600
2022-03-07,3,411,0
2022-03-07,4,619,0
2022-03-07,5,341,0
2022-03-07,6,68,0
2022-03-07,7,298,0
2022-03-07,8,334,0
2022-03-07,9,463,0
2022-03-07,10,548,0
2022-03-07,11,416,0
2022-03-07,12,220,0
2022-03-07,13,287,0
2022-03-07,14,377,0
2022-03-07,15,617,0
2022-03-08,1,392,0
2022-03-08,2,680,0
2022-03-08,3,408,0
2022-03-08,4,613,0
2022-03-08,5,338,0
2022-03-08,6,66,0
2022-03-08,7,294,0
2022-03-08,8,331,0
2022-03-08,9,459,0
2022-03-08,10,545,0
2022-03-08,11,404,0
2022-03-08,12,220,0
2022-03-08,13,280,0
2022-03-08,14,372,0
2022-03-08,15,612,0
2022-03-09,1,386,0
2022-03-09,2,676,0
2022-03-09,3,405,0
2022-03-09,4,606,0
2022-03-09,5,337,0
2022-03-09,6,64,0
2022-03-09,7,288,0
2022-03-09,8,326,0
2022-03-09,9,459,0
2022-03-09,10,538,0
2022-03-09,11,400,0
2022-03-09,12,215,0
2022-03-09,13,280,0
2022-03-09,14,372,0
2022-03-09,15,612,0
2022-03-10,1,372,0
2022-03-10,2,675,0
2022-03-10,3,399,0
2022-03-10,4,599,0
2022-03-10,5,334,0
2022-03-10,6,61,0
2022-03-10,7,284,0
2022-03-10,8,286,0
2022-03-10,9,455,0
2022-03-10,10,535,0
2022-03-10,11,391,0
2022-03-10,12,214,0
2022-03-10,13,276,0
2022-03-10,14,369,0
2022-03-10,15,603,0
2022-03-11,1,372,0
2022-03-11,2,668,0
2022-03-11,3,396,0
2022-03-11,4,599,0
2022-03-11,5,324,0
2022-03-11,6,57,0
2022-03-11,7,277,0
2022-03-11,8,283,0
2022-03-11,9,451,0
2022-03-11,10,527,0
2022-03-11,11,389,0
2022-03-11,12,211,0
2022-03-11,13,270,0
2022-03-11,14,360,0
2022-03-11,15,591,0
2022-03-12,1,367,0
2022-03-12,2,655,0
2022-03-12,3,395,0
2022-03-12,4,594,0
2022-03-12,5,323,0
2022-03-12,6,50,0
2022-03-12,7,272,0
2022-03-12,8,277,0
2022-03-12,9,447,0
2022-03-12,10,524,0
2022-03-12,11,385,0
2022-03-12,12,204,0
2022-03-12,13,266,0
2022-03-12,14,352,0
2022-03-12,15,591,0
2022-03-13,1,355,0
2022-03-13,2,644,0
2022-03-13,3,392,0
2022-03-13,4,592,0
2022-03-13,5,319,0
2022-03-13,6,43,0
2022-03-13,7,270,0
2022-03-13,8,274,0
2022-03-13,9,443,0
2022-03-13,10,522,0
2022-03-13,11,379,0
2022-03-13,12,200,0
2022-03-13,13,265,0
2022-03-13,14,345,0
2022-03-13,15,583,0
2022-03-14,1,350,0
2022-03-14,2,636,0
2022-03-14,3,386,0
2022-03-14,4,592,0
2022-03-14,5,318,0
2022-03-14,6,36,0
2022-03-14,7,264,0
2022-03-14,8,264,0
2022-03-14,9,442,0
2022-03-14,10,513,0
2022-03-14,11,377,0
2022-03-14,12,193,0
2022-03-14,13,265,0
2022-03-14,14,342,0
2022-03-14,15,575,0
2022-03-15,1,342,0
2022-03-15,2,626,0
2022-03-15,3,384,0
2022-03-15,4,583,0
2022-03-15,5,316,0
2022-03-15,6,36,0
2022-03-15,7,255,0
2022-03-15,8,262,0
2022-03-15,9,437,0
2022-03-15,10,509,0
2022-03-15,11,373,0
2022-03-15,12,193,0
2022-03-15,13,262,0
2022-03-15,14,339,0
2022-03-15,15,573,0
2022-03-16,1,337,0
2022-03-16,2,613,0
2022-03-16,3,380,0
2022-03-16,4,574,0
2022-03-16,5,300,0
2022-03-16,6,33,0
2022-03-16,7,250,0
2022-03-16,8,256,0
2022-03-16,9,433,0
2022-03-16,10,504,0
2022-03-16,11,372,0
2022-03-16,12,186,0
2022-03-16,13,260,0
2022-03-16,14,332,0
2022-03-16,15,569,0
2022-03-17,1,332,0
2022-03-17,2,601,0
2022-03-17,3,374,0
2022-03-17,4,572,0
2022-03-17,5,298,0
2022-03-17,6,33,0
2022-03-17,7,247,0
2022-03-17,8,249,0
2022-03-17,9,429,0
2022-03-17,10,502,0
2022-03-17,11,364,0
2022-03-17,12,180,0
2022-03-17,13,250,0
2022-03-17,14,319,0
2022-03-17,15,563,0
2022-03-18,1,326,0
2022-03-18,2,585,0
2022-03-18,3,362,0
2022-03-18,4,570,0
2022-03-18,5,295,0
2022-03-18,6,28,0
2022-03-18,7,240,0
2022-03-18,8,248,0
2022-03-18,9,427,0
2022-03-18,10,501,0
2022-03-18,11,364,0
2022-03-18,12,180,0
2022-03-18,13,247,0
2022-03-18,14,312,0
2022-03-18,15,559,0
2022-03-19,1,324,0
2022-03-19,2,583,0
2022-03-19,3,362,0
2022-03-19,4,570,0
2022-03-19,5,285,0
2022-03-19,6,25,0
2022-03-19,7,237,0
2022-03-19,8,240,0
2022-03-19,9,421,0
2022-03-19,10,495,0
2022-03-19,11,358,0
2022-03-19,12,179,0
2022-03-19,13,242,0
2022-03-19,14,308,0
2022-03-19,15,556,0
2022-03-20,1,321,0
2022-03-20,2,579,0
2022-03-20,3,356,0
2022-03-20,4,570,0
2022-03-20,5,282,0
2022-03-20,6,21,0
2022-03-20,7,228,0
2022-03-20,8,234,0
2022-03-20,9,418,0
2022-03-20,10,494,0
2022-03-20,11,348,0
2022-03-20,12,176,0
2022-03-20,13,237,0
2022-03-20,14,299,0
2022-03-20,15,548,0
2022-03-21,1,310,0
2022-03-21,2,571,0
2022-03-21,3,356,0
2022-03-21,4,568,0
2022-03-21,5,281,0
2022-03-21,6,17,0
2022-03-21,7,226,0
2022-03-21,8,233,0
2022-03-21,9,414,0
2022-03-21,10,491,0
2022-03-21,11,347,0
2022-03-21,12,170,0
2022-03-21,13,237,0
2022-03-21,14,297,0
2022-03-21,15,548,0
2022-03-22,1,301,0
2022-03-22,2,564,0
2022-03-22,3,355,0
2022-03-22,4,568,0
2022-03-22,5,276,0
2022-03-22,6,613,600
2022-03-22,7,221,0
2022-03-22,8,226,0
2022-03-22,9,414,0
2022-03-22,10,491,0
2022-03-22,11,338,0
2022-03-22,12,169,0
2022-03-22,13,223,0
2022-03-22,14,286,0
2022-03-22,15,541,0
2022-03-23,1,289,0
2022-03-23,2,559,0
2022-03-23,3,352,0
2022-03-23,4,568,0
2022-03-23,5,263,0
2022-03-23,6,607,0
2022-03-23,7,217,0
2022-03-23,8,216,0
2022-03-23,9,411,0
2022-03-23,10,488,0
2022-03-23,11,338,0
2022-03-23,12,161,0
2022-03-23,13,209,0
2022-03-23,14,280,0
2022-03-23,15,541,0
2022-03-24,1,284,0
2022-03-24,2,551,0
2022-03-24,3,346,0
2022-03-24,4,565,0
2022-03-24,5,255,0
2022-03-24,6,603,0
2022-03-24,7,213,0
2022-03-24,8,216,0
2022-03-24,9,410,0
2022-03-24,10,478,0
2022-03-24,11,327,0
2022-03-24,12,158,0
2022-03-24,13,204,0
2022-03-24,14,280,0
2022-03-24,15,538,0
2022-03-25,1,280,0
2022-03-25,2,548,0
2022-03-25,3,338,0
2022-03-25,4,560,0
2022-03-25,5,253,0
2022-03-25,6,600,0
2022-03-25,7,208,0
2022-03-25,8,216,0
2022-03-25,9,409,0
2022-03-25,10,478,0
2022-03-25,11,325,0
2022-03-25,12,158,0
2022-03-25,13,204,0
2022-03-25,14,280,0
2022-03-25,15,522,0
2022-03-26,1,274,0
2022-03-26,2,539,0
2022-03-26,3,334,0
2022-03-26,4,555,0
2022-03-26,5,240,0
2022-03-26,6,587,0
2022-03-26,7,202,0
2022-03-26,8,213,0
2022-03-26,9,400,0
2022-03-26,10,470,0
2022-03-26,11,324,0
2022-03-26,12,149,0
2022-03-26,13,196,0
2022-03-26,14,270,0
2022-03-26,15,511,0
2022-03-27,1,270,0
2022-03-27,2,533,0
2022-03-27,3,329,0
2022-03-27,4,541,0
2022-03-27,5,235,0
2022-03-27,6,587,0
2022-03-27,7,199,0
2022-03-27,8,207,0
2022-03-27,9,397,0
2022-03-27,10,469,0
2022-03-27,11,324,0
2022-03-27,12,145,0
2022-03-27,13,195,0
2022-03-27,14,270,0
2022-03-27,15,508,0
2022-03-28,1,263,0
2022-03-28,2,533,0
2022-03-28,3,324,0
2022-03-28,4,538,0
2022-03-28,5,228,0
2022-03-28,6,584,0
2022-03-28,7,197,0
2022-03-28,8,198,0
2022-03-28,9,391,0
2022-03-28,10,463,0
2022-03-28,11,320,0
2022-03-28,12,140,0
2022-03-28,13,188,0
2022-03-28,14,266,0
2022-03-28,15,503,0
2022-03-29,1,262,0
2022-03-29,2,533,0
2022-03-29,3,323,0
2022-03-29,4,531,0
2022-03-29,5,217,0
2022-03-29,6,581,0
2022-03-29,7,194,0
2022-03-29,8,198,0
2022-03-29,9,390,0
2022-03-29,10,462,0
2022-03-29,11,317,0
2022-03-29,12,134,0
2022-03-29,13,188,0
2022-03-29,14,262,0
2022-03-29,15,500,0
2022-03-30,1,258,0
2022-03-30,2,516,0
2022-03-30,3,319,0
2022-03-30,4,522,0
2022-03-30,5,212,0
2022-03-30,6,580,0
2022-03-30,7,186,0
2022-03-30,8,189,0
2022-03-30,9,382,0
2022-03-30,10,451,0
2022-03-30,11,314,0
2022-03-30,12,118,0
2022-03-30,13,181,0
2022-03-30,14,260,0
2022-03-30,15,497,0
2022-03-31,1,252,0
2022-03-31,2,515,0
2022-03-31,3,315,0
2022-03-31,4,519,0
2022-03-31,5,206,0
2022-03-31,6,580,0
2022-03-31,7,179,0
2022-03-31,8,186,0
2022-03-31,9,382,0
2022-03-31,10,448,0
2022-03-31,11,314,0
2022-03-31,12,111,0
2022-03-31,13,179,0
2022-03-31,14,254,0
2022-03-31,15,492,0
2022-04-01,1,247,0
2022-04-01,2,507,0
2022-04-01,3,308,0
2022-04-01,4,506,0
2022-04-01,5,204,0
2022-04-01,6,575,0
2022-04-01,7,177,0
2022-04-01,8,182,0
2022-04-01,9,377,0
2022-04-01,10,438,0
2022-04-01,11,312,0
2022-04-01,12,101,0
2022-04-01,13,179,0
2022-04-01,14,254,0
2022-04-01,15,488,0
2022-04-02,1,241,0
2022-04-02,2,497,0
2022-04-02,3,304,0
2022-04-02,4,501,0
2022-04-02,5,198,0
2022-04-02,6,569,0
2022-04-02,7,176,0
2022-04-02,8,177,0
2022-04-02,9,371,0
2022-04-02,10,432,0
2022-04-02,11,301,0
2022-04-02,12,98,0
2022-04-02,13,175,0
2022-04-02,14,242,0
2022-04-02,15,480,0
2022-04-03,1,233,0
2022-04-03,2,494,0
2022-04-03,3,302,0
2022-04-03,4,501,0
2022-04-03,5,198,0
2022-04-03,6,569,0
2022-04-03,7,173,0
2022-04-03,8,177,0
2022-04-03,9,371,0
2022-04-03,10,426,0
2022-04-03,11,295,0
2022-04-03,12,95,0
2022-04-03,13,172,0
2022-04-03,14,238,0
2022-04-03,15,479,0
2022-04-04,1,230,0
2022-04-04,2,494,0
2022-04-04,3,302,0
2022-04-04,4,499,0
2022-04-04,5,193,0
2022-04-04,6,566,0
2022-04-04,7,170,0
2022-04-04,8,174,0
2022-04-04,9,370,0
2022-04-04,10,421,0
2022-04-04,11,294,0
2022-04-04,12,95,0
2022-04-04,13,168,0
2022-04-04,14,235,0
2022-04-04,15,478,0
2022-04-05,1,221,0
2022-04-05,2,491,0
2022-04-05,3,293,0
2022-04-05,4,493,0
2022-04-05,5,185,0
2022-04-05,6,557,0
2022-04-05,7,166,0
2022-04-05,8,171,0
2022-04-05,9,368,0
2022-04-05,10,419,0
2022-04-05,11,289,0
2022-04-05,12,690,600
2022-04-05,13,164,0
2022-04-05,14,231,0
2022-04-05,15,469,0
2022-04-06,1,218,0
2022-04-06,2,488,0
2022-04-06,3,291,0
2022-04-06,4,491,0
2022-04-06,5,183,0
2022-04-06,6,555,0
2022-04-06,7,164,0
2022-04-06,8,163,0
2022-04-06,9,367,0
2022-04-06,10,416,0
2022-04-06,11,284,0
2022-04-06,12,687,0
2022-04-06,13,164,0
2022-04-06,14,223,0
2022-04-06,15,467,0
2022-04-07,1,207,0
2022-04-07,2,484,0
2022-04-07,3,279,0
2022-04-07,4,491,0
2022-04-07,5,182,0
2022-04-07,6,552,0
2022-04-07,7,161,0
2022-04-07,8,163,0
2022-04-07,9,366,0
2022-04-07,10,412,0
2022-04-07,11,282,0
2022-04-07,12,685,0
2022-04-07,13,161,0
2022-04-07,14,217,0
2022-04-07,15,463,0
2022-04-08,1,196,0
2022-04-08,2,481,0
2022-04-08,3,275,0
2022-04-08,4,489,0
2022-04-08,5,174,0
2022-04-08,6,549,0
2022-04-08,7,159,0
2022-04-08,8,162,0
2022-04-08,9,363,0
2022-04-08,10,406,0
2022-04-08,11,281,0
2022-04-08,12,683,0
2022-04-08,13,141,0
2022-04-08,14,216,0
2022-04-08,15,456,0
2022-04-09,1,189,0
2022-04-09,2,472,0
2022-04-09,3,270,0
2022-04-09,4,485,0
2022-04-09,5,169,0
2022-04-09,6,543,0
2022-04-09,7,158,0
2022-04-09,8,156,0
2022-04-09,9,358,0
2022-04-09,10,406,0
2022-04-09,11,278,0
2022-04-09,12,673,0
2022-04-09,13,140,0
2022-04-09,14,213,0
2022-04-09,15,453,0
2022-04-10,1,179,0
2022-04-10,2,463,0
2022-04-10,3,265,0
2022-04-10,4,483,0
2022-04-10,5,163,0
2022-04-10,6,536,0
2022-04-10,7,155,0
2022-04-10,8,153,0
2022-04-10,9,349,0
2022-04-10,10,400,0
2022-04-10,11,274,0
2022-04-10,12,668,0
2022-04-10,13,137,0
2022-04-10,14,213,0
2022-04-10,15,451,0
2022-04-11,1,165,0
2022-04-11,2,458,0
2022-04-11,3,249,0
2022-04-11,4,481,0
2022-04-11,5,159,0
2022-04-11,6,532,0
2022-04-11,7,152,0
2022-04-11,8,150,0
2022-04-11,9,346,0
2022-04-11,10,399,0
2022-04-11,11,265,0
2022-04-11,12,667,0
2022-04-11,13,131,0
2022-04-11,14,213,0
2022-04-11,15,447,0
2022-04-12,1,156,0
2022-04-12,2,455,0
2022-04-12,3,244,0
2022-04-12,4,475,0
2022-04-12,5,152,0
2022-04-12,6,522,0
2022-04-12,7,150,0
2022-04-12,8,141,0
2022-04-12,9,343,0
2022-04-12,10,393,0
2022-04-12,11,258,0
2022-04-12,12,660,0
2022-04-12,13,130,0
2022-04-12,14,212,0
2022-04-12,15,441,0
2022-04-13,1,144,0
2022-04-13,2,449,0
2022-04-13,3,244,0
2022-04-13,4,469,0
2022-04-13,5,147,0
2022-04-13,6,518,0
2022-04-13,7,145,0
2022-04-13,8,134,0
2022-04-13,9,340,0
2022-04-13,10,385,0
2022-04-13,11,254,0
2022-04-13,12,657,0
2022-04-13,13,124,0
2022-04-13,14,210,0
2022-04-13,15,436,0
2022-04-14,1,137,0
2022-04-14,2,440,0
2022-04-14,3,239,0
2022-04-14,4,467,0
2022-04-14,5,144,0
2022-04-14,6,505,0
2022-04-14,7,140,0
2022-04-14,8,134,0
2022-04-14,9,340,0
2022-04-14,10,385,0
2022-04-14,11,246,0
2022-04-14,12,649,0
2022-04-14,13,124,0
2022-04-14,14,205,0
2022-04-14,15,436,0
2022-04-15,1,135,0
2022-04-15,2,432,0
2022-04-15,3,239,0
2022-04-15,4,466,0
2022-04-15,5,142,0
2022-04-15,6,503,0
2022-04-15,7,140,0
2022-04-15,8,134,0
2022-04-15,9,334,0
2022-04-15,10,385,0
2022-04-15,11,245,0
2022-04-15,12,648,0
2022-04-15,13,119,0
2022-04-15,14,205,0
2022-04-15,15,432,0
2022-04-16,1,131,0
2022-04-16,2,427,0
2022-04-16,3,236,0
2022-04-16,4,466,0
2022-04-16,5,136,0
2022-04-16,6,498,0
2022-04-16,7,135,0
2022-04-16,8,130,0
2022-04-16,9,330,0
2022-04-16,10,381,0
2022-04-16,11,236,0
2022-04-16,12,638,0
2022-04-16,13,112,0
2022-04-16,14,204,0
2022-04-16,15,427,0
2022-04-17,1,124,0
2022-04-17,2,421,0
2022-04-17,3,234,0
2022-04-17,4,458,0
2022-04-17,5,136,0
2022-04-17,6,498,0
2022-04-17,7,130,0
2022-04-17,8,127,0
2022-04-17,9,324,0
2022-04-17,10,371,0
2022-04-17,11,232,0
2022-04-17,12,624,0
2022-04-17,13,112,0
2022-04-17,14,201,0
2022-04-17,15,427,0
2022-04-18,1,117,0
2022-04-18,2,411,0
2022-04-18,3,226,0
2022-04-18,4,451,0
2022-04-18,5,126,0
2022-04-18,6,498,0
2022-04-18,7,126,0
2022-04-18,8,120,0
2022-04-18,9,321,0
2022-04-18,10,364,0
2022-04-18,11,223,0
2022-04-18,12,622,0
2022-04-18,13,712,600
2022-04-18,14,199,0
2022-04-18,15,423,0
2022-04-19,1,106,0
2022-04-19,2,406,0
2022-04-19,3,224,0
2022-04-19,4,450,0
2022-04-19,5,124,0
2022-04-19,6,497,0
2022-04-19,7,125,0
2022-04-19,8,720,600
2022-04-19,9,315,0
2022-04-19,10,356,0
2022-04-19,11,217,0
2022-04-19,12,615,0
2022-04-19,13,711,0
2022-04-19,14,192,0
2022-04-19,15,423,0
2022-04-20,1,98,0
2022-04-20,2,398,0
2022-04-20,3,218,0
2022-04-20,4,450,0
2022-04-20,5,120,0
2022-04-20,6,494,0
2022-04-20,7,121,0
2022-04-20,8,713,0
2022-04-20,9,311,0
2022-04-20,10,347,0
2022-04-20,11,213,0
2022-04-20,12,615,0
2022-04-20,13,707,0
2022-04-20,14,190,0
2022-04-20,15,419,0
2022-04-21,1,83,0
2022-04-21,2,392,0
2022-04-21,3,212,0
2022-04-21,4,447,0
2022-04-21,5,117,0
2022-04-21,6,492,0
2022-04-21,7,116,0
2022-04-21,8,708,0
2022-04-21,9,307,0
2022-04-21,10,342,0
2022-04-21,11,208,0
2022-04-21,12,611,0
2022-04-21,13,705,0
2022-04-21,14,180,0
2022-04-21,15,407,0
2022-04-22,1,79,0
2022-04-22,2,380,0
2022-04-22,3,210,0
2022-04-22,4,443,0
2022-04-22,5,115,0
2022-04-22,6,488,0
2022-04-22,7,116,0
2022-04-22,8,701,0
2022-04-22,9,305,0
2022-04-22,10,336,0
2022-04-22,11,205,0
2022-04-22,12,606,0
2022-04-22,13,702,0
2022-04-22,14,178,0
2022-04-22,15,406,0
2022-04-23,1,67,0
2022-04-23,2,369,0
2022-04-23,3,209,0
2022-04-23,4,440,0
2022-04-23,5,110,0
2022-04-23,6,484,0
2022-04-23,7,111,0
2022-04-23,8,690,0
2022-04-23,9,301,0
2022-04-23,10,327,0
2022-04-23,11,200,0
2022-04-23,12,604,0
2022-04-23,13,699,0
2022-04-23,14,178,0
2022-04-23,15,400,0
2022-04-24,1,52,0
2022-04-24,2,361,0
2022-04-24,3,207,0
2022-04-24,4,439,0
2022-04-24,5,106,0
2022-04-24,6,480,0
2022-04-24,7,106,0
2022-04-24,8,688,0
2022-04-24,9,295,0
2022-04-24,10,326,0
2022-04-24,11,200,0
2022-04-24,12,603,0
2022-04-24,13,699,0
2022-04-24,14,171,0
2022-04-24,15,392,0
2022-04-25,1,52,0
2022-04-25,2,353,0
2022-04-25,3,201,0
2022-04-25,4,437,0
2022-04-25,5,702,600
2022-04-25,6,478,0
2022-04-25,7,103,0
2022-04-25,8,687,0
2022-04-25,9,293,0
2022-04-25,10,321,0
2022-04-25,11,200,0
2022-04-25,12,602,0
2022-04-25,13,696,0
2022-04-25,14,169,0
2022-04-25,15,392,0
2022-04-26,1,47,0
2022-04-26,2,345,0
2022-04-26,3,201,0
2022-04-26,4,432,0
2022-04-26,5,695,0
2022-04-26,6,475,0
2022-04-26,7,98,0
2022-04-26,8,684,0
2022-04-26,9,292,0
2022-04-26,10,320,0
2022-04-26,11,197,0
2022-04-26,12,595,0
2022-04-26,13,688,0
2022-04-26,14,165,0
2022-04-26,15,387,0
2022-04-27,1,44,0
2022-04-27,2,337,0
2022-04-27,3,198,0
2022-04-27,4,432,0
2022-04-27,5,692,0
2022-04-27,6,467,0
2022-04-27,7,92,0
2022-04-27,8,680,0
2022-04-27,9,284,0
2022-04-27,10,315,0
2022-04-27,11,194,0
2022-04-27,12,592,0
2022-04-27,13,688,0
2022-04-27,14,162,0
2022-04-27,15,385,0
2022-04-28,1,37,0
2022-04-28,2,332,0
2022-04-28,3,190,0
2022-04-28,4,427,0
2022-04-28,5,692,0
2022-04-28,6,466,0
2022-04-28,7,89,0
2022-04-28,8,676,0
2022-04-28,9,283,0
2022-04-28,10,312,0
2022-04-28,11,190,0
2022-04-28,12,587,0
2022-04-28,13,688,0
2022-04-28,14,158,0
2022-04-28,15,383,0
2022-04-29,1,29,0
2022-04-29,2,323,0
2022-04-29,3,182,0
2022-04-29,4,425,0
2022-04-29,5,690,0
2022-04-29,6,449,0
2022-04-29,7,83,0
2022-04-29,8,669,0
2022-04-29,9,279,0
2022-04-29,10,304,0
2022-04-29,11,185,0
2022-04-29,12,587,0
2022-04-29,13,682,0
2022-04-29,14,149,0
2022-04-29,15,375,0
2022-04-30,1,22,0
2022-04-30,2,314,0
2022-04-30,3,179,0
2022-04-30,4,423,0
2022-04-30,5,689,0
2022-04-30,6,447,0
2022-04-30,7,81,0
2022-04-30,8,669,0
2022-04-30,9,276,0
2022-04-30,10,302,0
2022-04-30,11,177,0
2022-04-30,12,587,0
2022-04-30,13,678,0
2022-04-30,14,145,0
2022-04-30,15,374,0
2022-05-01,1,16,0
2022-05-01,2,312,0
2022-05-01,3,167,0
2022-05-01,4,415,0
2022-05-01,5,681,0
2022-05-01,6,447,0
2022-05-01,7,72,0
2022-05-01,8,667,0
2022-05-01,9,273,0
2022-05-01,10,292,0
2022-05-01,11,173,0
2022-05-01,12,582,0
2022-05-01,13,672,0
2022-05-01,14,144,0
2022-05-01,15,361,0
2022-05-02,1,0,0
2022-05-02,2,304,0
2022-05-02,3,166,0
2022-05-02,4,412,0
2022-05-02,5,679,0
2022-05-02,6,444,0
2022-05-02,7,61,0
2022-05-02,8,664,0
2022-05-02,9,270,0
2022-05-02,10,287,0
2022-05-02,11,170,0
2022-05-02,12,575,0
2022-05-02,13,672,0
2022-05-02,14,142,0
2022-05-02,15,357,0
2022-05-03,1,0,0
2022-05-03,2,298,0
2022-05-03,3,166,0
2022-05-03,4,409,0
2022-05-03,5,672,0
2022-05-03,6,444,0
2022-05-03,7,57,0
2022-05-03,8,658,0
2022-05-03,9,264,0
2022-05-03,10,277,0
2022-05-03,11,165,0
2022-05-03,12,564,0
2022-05-03,13,667,0
2022-05-03,14,139,0
2022-05-03,15,357,0
2022-05-04,1,597,600
2022-05-04,2,287,0
2022-05-04,3,159,0
2022-05-04,4,407,0
2022-05-04,5,669,0
2022-05-04,6,443,0
2022-05-04,7,56,0
2022-05-04,8,657,0
2022-05-04,9,260,0
2022-05-04,10,270,0
2022-05-04,11,157,0
2022-05-04,12,562,0
2022-05-04,13,662,0
2022-05-04,14,135,0
2022-05-04,15,352,0
2022-05-05,1,597,0
2022-05-05,2,281,0
2022-05-05,3,153,0
2022-05-05,4,399,0
2022-05-05,5,669,0
2022-05-05,6,442,0
2022-05-05,7,49,0
2022-05-05,8,650,0
2022-05-05,9,258,0
2022-05-05,10,264,0
2022-05-05,11,155,0
2022-05-05,12,555,0
2022-05-05,13,662,0
2022-05-05,14,135,0
2022-05-05,15,342,0
2022-05-06,1,591,0
2022-05-06,2,273,0
2022-05-06,3,153,0
2022-05-06,4,387,0
2022-05-06,5,666,0
2022-05-06,6,442,0
2022-05-06,7,43,0
2022-05-06,8,648,0
2022-05-06,9,252,0
2022-05-06,10,260,0
2022-05-06,11,155,0
2022-05-06,12,544,0
2022-05-06,13,655,0
2022-05-06,14,127,0
2022-05-06,15,337,0
2022-05-07,1,580,0
2022-05-07,2,271,0
2022-05-07,3,146,0
2022-05-07,4,384,0
2022-05-07,5,666,0
2022-05-07,6,435,0
2022-05-07,7,40,0
2022-05-07,8,647,0
2022-05-07,9,251,0
2022-05-07,10,255,0
2022-05-07,11,152,0
2022-05-07,12,539,0
2022-05-07,13,652,0
2022-05-07,14,125,0
2022-05-07,15,333,0
2022-05-08,1,575,0
2022-05-08,2,261,0
2022-05-08,3,134,0
2022-05-08,4,380,0
2022-05-08,5,656,0
2022-05-08,6,434,0
2022-05-08,7,38,0
2022-05-08,8,639,0
2022-05-08,9,245,0
2022-05-08,10,250,0
2022-05-08,11,145,0
2022-05-08,12,537,0
2022-05-08,13,647,0
2022-05-08,14,114,0
2022-05-08,15,330,0
2022-05-09,1,574,0
2022-05-09,2,256,0
2022-05-09,3,134,0
2022-05-09,4,377,0
2022-05-09,5,648,0
2022-05-09,6,428,0
2022-05-09,7,35,0
2022-05-09,8,637,0
2022-05-09,9,244,0
2022-05-09,10,245,0
2022-05-09,11,142,0
2022-05-09,12,536,0
2022-05-09,13,644,0
2022-05-09,14,113,0
2022-05-09,15,321,0
2022-05-10,1,569,0
2022-05-10,2,254,0
2022-05-10,3,128,0
2022-05-10,4,373,0
2022-05-10,5,645,0
2022-05-10,6,421,0
2022-05-10,7,29,0
2022-05-10,8,635,0
2022-05-10,9,244,0
2022-05-10,10,243,0
2022-05-10,11,140,0
2022-05-10,12,535,0
2022-05-10,13,636,0
2022-05-10,14,112,0
2022-05-10,15,312,0
2022-05-11,1,556,0
2022-05-11,2,253,0
2022-05-11,3,121,0
2022-05-11,4,369,0
2022-05-11,5,643,0
2022-05-11,6,412,0
2022-05-11,7,28,0
2022-05-11,8,630,0
2022-05-11,9,242,0
2022-05-11,10,240,0
2022-05-11,11,136,0
2022-05-11,12,535,0
2022-05-11,13,635,0
2022-05-11,14,106,0
2022-05-11,15,309,0
2022-05-12,1,555,0
2022-05-12,2,244,0
2022-05-12,3,117,0
2022-05-12,4,363,0
2022-05-12,5,628,0
2022-05-12,6,410,0
2022-05-12,7,20,0
2022-05-12,8,624,0
2022-05-12,9,240,0
2022-05-12,10,237,0
2022-05-12,11,134,0
2022-05-12,12,535,0
2022-05-12,13,635,0
2022-05-12,14,106,0
2022-05-12,15,307,0
2022-05-13,1,546,0
2022-05-13,2,231,0
2022-05-13,3,117,0
2022-05-13,4,361,0
2022-05-13,5,623,0
2022-05-13,6,406,0
2022-05-13,7,612,600
2022-05-13,8,624,0
2022-05-13,9,233,0
2022-05-13,10,237,0
2022-05-13,11,129,0
2022-05-13,12,527,0
2022-05-13,13,632,0
2022-05-13,14,101,0
2022-05-13,15,306,0
2022-05-14,1,538,0
2022-05-14,2,225,0
2022-05-14,3,117,0
2022-05-14,4,360,0
2022-05-14,5,620,0
2022-05-14,6,403,0
2022-05-14,7,606,0
2022-05-14,8,621,0
2022-05-14,9,220,0
2022-05-14,10,234,0
2022-05-14,11,127,0
2022-05-14,12,519,0
2022-05-14,13,632,0
2022-05-14,14,95,0
2022-05-14,15,306,0
2022-05-15,1,529,0
2022-05-15,2,214,0
2022-05-15,3,115,0
2022-05-15,4,360,0
2022-05-15,5,614,0
2022-05-15,6,402,0
2022-05-15,7,603,0
2022-05-15,8,619,0
2022-05-15,9,219,0
2022-05-15,10,229,0
2022-05-15,11,727,600
2022-05-15,12,516,0
2022-05-15,13,631,0
2022-05-15,14,88,0
2022-05-15,15,306,0
2022-05-16,1,526,0
2022-05-16,2,211,0
2022-05-16,3,115,0
2022-05-16,4,356,0
2022-05-16,5,610,0
2022-05-16,6,395,0
2022-05-16,7,595,0
2022-05-16,8,611,0
2022-05-16,9,219,0
2022-05-16,10,225,0
2022-05-16,11,720,0
2022-05-16,12,513,0
2022-05-16,13,624,0
2022-05-16,14,85,0
2022-05-16,15,302,0
2022-05-17,1,514,0
2022-05-17,2,202,0
2022-05-17,3,715,600
2022-05-17,4,353,0
2022-05-17,5,610,0
2022-05-17,6,390,0
2022-05-17,7,591,0
2022-05-17,8,607,0
2022-05-17,9,214,0
2022-05-17,10,223,0
2022-05-17,11,712,0
2022-05-17,12,509,0
2022-05-17,13,624,0
2022-05-17,14,80,0
2022-05-17,15,299,0
2022-05-18,1,501,0
2022-05-18,2,197,0
2022-05-18,3,715,0
2022-05-18,4,349,0
2022-05-18,5,607,0
2022-05-18,6,385,0
2022-05-18,7,583,0
2022-05-18,8,601,0
2022-05-18,9,212,0
2022-05-18,10,222,0
2022-05-18,11,704,0
2022-05-18,12,500,0
2022-05-18,13,617,0
2022-05-18,14,72,0
2022-05-18,15,294,0
2022-05-19,1,501,0
2022-05-19,2,194,0
2022-05-19,3,714,0
2022-05-19,4,345,0
2022-05-19,5,607,0
2022-05-19,6,384,0
2022-05-19,7,580,0
2022-05-19,8,595,0
2022-05-19,9,209,0
2022-05-19,10,216,0
2022-05-19,11,702,0
2022-05-19,12,499,0
2022-05-19,13,605,0
2022-05-19,14,68,0
2022-05-19,15,292,0
2022-05-20,1,494,0
2022-05-20,2,190,0
2022-05-20,3,708,0
2022-05-20,4,343,0
2022-05-20,5,601,0
2022-05-20,6,379,0
2022-05-20,7,567,0
2022-05-20,8,587,0
2022-05-20,9,203,0
2022-05-20,10,214,0
2022-05-20,11,699,0
2022-05-20,12,496,0
2022-05-20,13,601,0
2022-05-20,14,66,0
2022-05-20,15,284,0
2022-05-21,1,492,0
2022-05-21,2,188,0
2022-05-21,3,706,0
2022-05-21,4,342,0
2022-05-21,5,592,0
2022-05-21,6,373,0
2022-05-21,7,563,0
2022-05-21,8,587,0
2022-05-21,9,199,0
2022-05-21,10,207,0
2022-05-21,11,696,0
2022-05-21,12,482,0
2022-05-21,13,591,0
2022-05-21,14,62,0
2022-05-21,15,281,0
2022-05-22,1,489,0
2022-05-22,2,177,0
2022-05-22,3,705,0
2022-05-22,4,337,0
2022-05-22,5,589,0
2022-05-22,6,371,0
2022-05-22,7,557,0
2022-05-22,8,584,0
2022-05-22,9,196,0
2022-05-22,10,203,0
2022-05-22,11,694,0
2022-05-22,12,464,0
2022-05-22,13,586,0
2022-05-22,14,52,0
2022-05-22,15,274,0
2022-05-23,1,478,0
2022-05-23,2,165,0
2022-05-23,3,699,0
2022-05-23,4,331,0
2022-05-23,5,589,0
2022-05-23,6,363,0
2022-05-23,7,557,0
2022-05-23,8,572,0
2022-05-23,9,193,0
2022-05-23,10,203,0
2022-05-23,11,694,0
2022-05-23,12,454,0
2022-05-23,13,582,0
2022-05-23,14,51,0
2022-05-23,15,270,0
2022-05-24,1,470,0
2022-05-24,2,160,0
2022-05-24,3,694,0
2022-05-24,4,329,0
2022-05-24,5,585,0
2022-05-24,6,355,0
2022-05-24,7,555,0
2022-05-24,8,564,0
2022-05-24,9,193,0
2022-05-24,10,198,0
2022-05-24,11,687,0
2022-05-24,12,448,0
2022-05-24,13,576,0
2022-05-24,14,47,0
2022-05-24,15,266,0
2022-05-25,1,463,0
2022-05-25,2,147,0
2022-05-25,3,688,0
2022-05-25,4,317,0
2022-05-25,5,562,0
2022-05-25,6,355,0
2022-05-25,7,551,0
2022-05-25,8,556,0
2022-05-25,9,189,0
2022-05-25,10,195,0
2022-05-25,11,681,0
2022-05-25,12,440,0
2022-05-25,13,573,0
2022-05-25,14,47,0
2022-05-25,15,262,0
2022-05-26,1,452,0
2022-05-26,2,143,0
2022-05-26,3,684,0
2022-05-26,4,309,0
2022-05-26,5,560,0
2022-05-26,6,347,0
2022-05-26,7,543,0
2022-05-26,8,550,0
2022-05-26,9,186,0
2022-05-26,10,195,0
2022-05-26,11,673,0
2022-05-26,12,438,0
2022-05-26,13,567,0
2022-05-26,14,35,0
2022-05-26,15,257,0
2022-05-27,1,439,0
2022-05-27,2,137,0
2022-05-27,3,681,0
2022-05-27,4,306,0
2022-05-27,5,560,0
2022-05-27,6,347,0
2022-05-27,7,541,0
2022-05-27,8,550,0
2022-05-27,9,182,0
2022-05-27,10,188,0
2022-05-27,11,668,0
2022-05-27,12,434,0
2022-05-27,13,561,0
2022-05-27,14,31,0
2022-05-27,15,249,0
2022-05-28,1,415,0
2022-05-28,2,131,0
2022-05-28,3,675,0
2022-05-28,4,300,0
2022-05-28,5,541,0
2022-05-28,6,342,0
2022-05-28,7,533,0
2022-05-28,8,544,0
2022-05-28,9,180,0
2022-05-28,10,185,0
2022-05-28,11,659,0
2022-05-28,12,429,0
2022-05-28,13,556,0
2022-05-28,14,25,0
2022-05-28,15,241,0
2022-05-29,1,405,0
2022-05-29,2,131,0
2022-05-29,3,668,0
2022-05-29,4,262,0
2022-05-29,5,537,0
2022-05-29,6,334,0
2022-05-29,7,528,0
2022-05-29,8,541,0
2022-05-29,9,180,0
2022-05-29,10,183,0
2022-05-29,11,653,0
2022-05-29,12,426,0
2022-05-29,13,552,0
2022-05-29,14,22,0
2022-05-29,15,238,0
2022-05-30,1,395,0
2022-05-30,2,131,0
2022-05-30,3,665,0
2022-05-30,4,261,0
2022-05-30,5,534,0
2022-05-30,6,334,0
2022-05-30,7,526,0
2022-05-30,8,534,0
2022-05-30,9,168,0
2022-05-30,10,178,0
2022-05-30,11,645,0
2022-05-30,12,422,0
2022-05-30,13,546,0
2022-05-30,14,14,0
2022-05-30,15,234,0
2022-05-31,1,378,0
2022-05-31,2,127,0
2022-05-31,3,661,0
2022-05-31,4,256,0
2022-05-31,5,529,0
2022-05-31,6,331,0
2022-05-31,7,524,0
2022-05-31,8,533,0
2022-05-31,9,162,0
2022-05-31,10,122,0
2022-05-31,11,639,0
2022-05-31,12,414,0
2022-05-31,13,542,0
2022-05-31,14,5,0
2022-05-31,15,205,0
2022-06-01,1,376,0
2022-06-01,2,126,0
2022-06-01,3,658,0
2022-06-01,4,256,0
2022-06-01,5,526,0
2022-06-01,6,326,0
2022-06-01,7,524,0
2022-06-01,8,531,0
2022-06-01,9,158,0
2022-06-01,10,120,0
2022-06-01,11,638,0
2022-06-01,12,411,0
2022-06-01,13,541,0
2022-06-01,14,2,0
2022-06-01,15,205,0
2022-06-02,1,362,0
2022-06-02,2,124,0
2022-06-02,3,655,0
2022-06-02,4,253,0
2022-06-02,5,522,0
2022-06-02,6,324,0
2022-06-02,7,524,0
2022-06-02,8,529,0
2022-06-02,9,154,0
2022-06-02,10,120,0
2022-06-02,11,637,0
2022-06-02,12,406,0
2022-06-02,13,539,0
2022-06-02,14,0,0
2022-06-02,15,204,0
2022-06-03,1,345,0
2022-06-03,2,122,0
2022-06-03,3,648,0
2022-06-03,4,250,0
2022-06-03,5,519,0
2022-06-03,6,322,0
2022-06-03,7,521,0
2022-06-03,8,528,0
2022-06-03,9,148,0
2022-06-03,10,120,0
2022-06-03,11,637,0
2022-06-03,12,400,0
2022-06-03,13,536,0
2022-06-03,14,0,0
2022-06-03,15,201,0
2022-06-04,1,342,0
2022-06-04,2,115,0
2022-06-04,3,645,0
2022-06-04,4,244,0
2022-06-04,5,519,0
2022-06-04,6,317,0
2022-06-04,7,518,0
2022-06-04,8,525,0
2022-06-04,9,146,0
2022-06-04,10,119,0
2022-06-04,11,635,0
2022-06-04,12,391,0
2022-06-04,13,532,0
2022-06-04,14,0,0
2022-06-04,15,197,0
2022-06-05,1,336,0
2022-06-05,2,114,0
2022-06-05,3,638,0
2022-06-05,4,242,0
2022-06-05,5,519,0
2022-06-05,6,317,0
2022-06-05,7,515,0
2022-06-05,8,523,0
2022-06-05,9,144,0
2022-06-05,10,116,0
2022-06-05,11,635,0
2022-06-05,12,391,0
2022-06-05,13,527,0
2022-06-05,14,0,0
2022-06-05,15,185,0
2022-06-06,1,317,0
2022-06-06,2,114,0
2022-06-06,3,635,0
2022-06-06,4,238,0
2022-06-06,5,518,0
2022-06-06,6,317,0
2022-06-06,7,513,0
2022-06-06,8,522,0
2022-06-06,9,142,0
2022-06-06,10,112,0
2022-06-06,11,632,0
2022-06-06,12,389,0
2022-06-06,13,526,0
2022-06-06,14,0,0
2022-06-06,15,182,0
2022-06-07,1,317,0
2022-06-07,2,114,0
2022-06-07,3,632,0
2022-06-07,4,236,0
2022-06-07,5,518,0
2022-06-07,6,312,0
2022-06-07,7,509,0
2022-06-07,8,520,0
2022-06-07,9,140,0
2022-06-07,10,112,0
2022-06-07,11,628,0
2022-06-07,12,387,0
2022-06-07,13,526,0
2022-06-07,14,0,0
2022-06-07,15,178,0
2022-06-08,1,311,0
2022-06-08,2,711,600
2022-06-08,3,626,0
2022-06-08,4,232,0
2022-06-08,5,515,0
2022-06-08,6,312,0
2022-06-08,7,506,0
2022-06-08,8,517,0
2022-06-08,9,137,0
2022-06-08,10,112,0
2022-06-08,11,625,0
2022-06-08,12,387,0
2022-06-08,13,525,0
2022-06-08,14,0,0
2022-06-08,15,178,0
2022-06-09,1,305,0
2022-06-09,2,705,0
2022-06-09,3,620,0
2022-06-09,4,226,0
2022-06-09,5,512,0
2022-06-09,6,310,0
2022-06-09,7,499,0
2022-06-09,8,515,0
2022-06-09,9,132,0
2022-06-09,10,108,0
2022-06-09,11,600,0
2022-06-09,12,383,0
2022-06-09,13,519,0
2022-06-09,14,0,0
2022-06-09,15,178,0
2022-06-10,1,300,0
2022-06-10,2,705,0
2022-06-10,3,620,0
2022-06-10,4,223,0
2022-06-10,5,511,0
2022-06-10,6,310,0
2022-06-10,7,498,0
2022-06-10,8,515,0
2022-06-10,9,132,0
2022-06-10,10,105,0
2022-06-10,11,598,0
2022-06-10,12,380,0
2022-06-10,13,519,0
2022-06-10,14,0,0
2022-06-10,15,178,0
2022-06-11,1,299,0
2022-06-11,2,694,0
2022-06-11,3,596,0
2022-06-11,4,221,0
2022-06-11,5,505,0
2022-06-11,6,301,0
2022-06-11,7,498,0
2022-06-11,8,513,0
2022-06-11,9,127,0
2022-06-11,10,54,0
2022-06-11,11,598,0
2022-06-11,12,378,0
2022-06-11,13,518,0
2022-06-11,14,0,0
2022-06-11,15,178,0
2022-06-12,1,294,0
2022-06-12,2,686,0
2022-06-12,3,595,0
2022-06-12,4,217,0
2022-06-12,5,501,0
2022-06-12,6,298,0
2022-06-12,7,495,0
2022-06-12,8,509,0
2022-06-12,9,124,0
2022-06-12,10,54,0
2022-06-12,11,590,0
2022-06-12,12,376,0
2022-06-12,13,516,0
2022-06-12,14,0,0
2022-06-12,15,178,0
2022-06-13,1,290,0
2022-06-13,2,679,0
2022-06-13,3,590,0
2022-06-13,4,213,0
2022-06-13,5,499,0
2022-06-13,6,294,0
2022-06-13,7,487,0
2022-06-13,8,504,0
2022-06-13,9,122,0
2022-06-13,10,49,0
2022-06-13,11,585,0
2022-06-13,12,375,0
2022-06-13,13,506,0
2022-06-13,14,593,600
2022-06-13,15,173,0
2022-06-14,1,289,0
2022-06-14,2,674,0
2022-06-14,3,588,0
2022-06-14,4,213,0
2022-06-14,5,497,0
2022-06-14,6,290,0
2022-06-14,7,485,0
2022-06-14,8,503,0
2022-06-14,9,122,0
2022-06-14,10,649,600
2022-06-14,11,578,0
2022-06-14,12,369,0
2022-06-14,13,503,0
2022-06-14,14,593,0
2022-06-14,15,171,0
2022-06-15,1,283,0
2022-06-15,2,672,0
2022-06-15,3,586,0
2022-06-15,4,210,0
2022-06-15,5,494,0
2022-06-15,6,289,0
2022-06-15,7,482,0
2022-06-15,8,502,0
2022-06-15,9,115,0
2022-06-15,10,645,0
2022-06-15,11,574,0
2022-06-15,12,365,0
2022-06-15,13,503,0
2022-06-15,14,587,0
2022-06-15,15,170,0
2022-06-16,1,283,0
2022-06-16,2,670,0
2022-06-16,3,583,0
2022-06-16,4,206,0
2022-06-16,5,494,0
2022-06-16,6,289,0
2022-06-16,7,479,0
2022-06-16,8,501,0
2022-06-16,9,113,0
2022-06-16,10,644,0
2022-06-16,11,572,0
2022-06-16,12,364,0
2022-06-16,13,502,0
2022-06-16,14,585,0
2022-06-16,15,166,0
2022-06-17,1,283,0
2022-06-17,2,664,0
2022-06-17,3,583,0
2022-06-17,4,206,0
2022-06-17,5,488,0
2022-06-17,6,289,0
2022-06-17,7,477,0
2022-06-17,8,500,0
2022-06-17,9,710,600
2022-06-17,10,639,0
2022-06-17,11,571,0
2022-06-17,12,364,0
2022-06-17,13,497,0
2022-06-17,14,582,0
2022-06-17,15,166,0
2022-06-18,1,282,0
2022-06-18,2,654,0
2022-06-18,3,577,0
2022-06-18,4,204,0
2022-06-18,5,485,0
2022-06-18,6,282,0
2022-06-18,7,475,0
2022-06-18,8,499,0
2022-06-18,9,708,0
2022-06-18,10,639,0
2022-06-18,11,567,0
2022-06-18,12,362,0
2022-06-18,13,492,0
2022-06-18,14,578,0
2022-06-18,15,164,0
2022-06-19,1,274,0
2022-06-19,2,645,0
2022-06-19,3,573,0
2022-06-19,4,198,0
2022-06-19,5,481,0
2022-06-19,6,274,0
2022-06-19,7,472,0
2022-06-19,8,493,0
2022-06-19,9,705,0
2022-06-19,10,634,0
2022-06-19,11,566,0
2022-06-19,12,359,0
2022-06-19,13,489,0
2022-06-19,14,577,0
2022-06-19,15,159,0
2022-06-20,1,271,0
2022-06-20,2,640,0
2022-06-20,3,571,0
2022-06-20,4,196,0
2022-06-20,5,477,0
2022-06-20,6,268,0
2022-06-20,7,470,0
2022-06-20,8,490,0
2022-06-20,9,702,0
2022-06-20,10,632,0
2022-06-20,11,563,0
2022-06-20,12,358,0
2022-06-20,13,488,0
2022-06-20,14,574,0
2022-06-20,15,159,0
2022-06-21,1,264,0
2022-06-21,2,631,0
2022-06-21,3,565,0
2022-06-21,4,190,0
2022-06-21,5,473,0
2022-06-21,6,264,0
2022-06-21,7,467,0
2022-06-21,8,483,0
2022-06-21,9,701,0
2022-06-21,10,629,0
2022-06-21,11,557,0
2022-06-21,12,352,0
2022-06-21,13,482,0
2022-06-21,14,574,0
2022-06-21,15,156,0
2022-06-22,1,262,0
2022-06-22,2,625,0
2022-06-22,3,560,0
2022-06-22,4,190,0
2022-06-22,5,472,0
2022-06-22,6,262,0
2022-06-22,7,462,0
2022-06-22,8,482,0
2022-06-22,9,692,0
2022-06-22,10,625,0
2022-06-22,11,550,0
2022-06-22,12,351,0
2022-06-22,13,479,0
2022-06-22,14,574,0
2022-06-22,15,154,0
2022-06-23,1,257,0
2022-06-23,2,616,0
2022-06-23,3,559,0
2022-06-23,4,190,0
2022-06-23,5,468,0
2022-06-23,6,259,0
2022-06-23,7,459,0
2022-06-23,8,482,0
2022-06-23,9,687,0
2022-06-23,10,622,0
2022-06-23,11,546,0
2022-06-23,12,346,0
2022-06-23,13,473,0
2022-06-23,14,569,0
2022-06-23,15,149,0
2022-06-24,1,250,0
2022-06-24,2,613,0
2022-06-24,3,558,0
2022-06-24,4,186,0
2022-06-24,5,466,0
2022-06-24,6,259,0
2022-06-24,7,454,0
2022-06-24,8,479,0
2022-06-24,9,682,0
2022-06-24,10,619,0
2022-06-24,11,544,0
2022-06-24,12,344,0
2022-06-24,13,473,0
2022-06-24,14,568,0
2022-06-24,15,147,0
2022-06-25,1,242,0
2022-06-25,2,608,0
2022-06-25,3,553,0
2022-06-25,4,178,0
2022-06-25,5,464,0
2022-06-25,6,256,0
2022-06-25,7,454,0
2022-06-25,8,475,0
2022-06-25,9,676,0
2022-06-25,10,616,0
2022-06-25,11,540,0
2022-06-25,12,344,0
2022-06-25,13,471,0
2022-06-25,14,567,0
2022-06-25,15,145,0
2022-06-26,1,227,0
2022-06-26,2,606,0
2022-06-26,3,548,0
2022-06-26,4,178,0
2022-06-26,5,462,0
2022-06-26,6,250,0
2022-06-26,7,454,0
2022-06-26,8,472,0
2022-06-26,9,676,0
2022-06-26,10,616,0
2022-06-26,11,538,0
2022-06-26,12,343,0
2022-06-26,13,471,0
2022-06-26,14,567,0
2022-06-26,15,145,0
2022-06-27,1,224,0
2022-06-27,2,604,0
2022-06-27,3,545,0
2022-06-27,4,172,0
2022-06-27,5,462,0
2022-06-27,6,247,0
2022-06-27,7,451,0
2022-06-27,8,472,0
2022-06-27,9,668,0
2022-06-27,10,608,0
2022-06-27,11,537,0
2022-06-27,12,337,0
2022-06-27,13,471,0
2022-06-27,14,563,0
2022-06-27,15,145,0
2022-06-28,1,221,0
2022-06-28,2,604,0
2022-06-28,3,545,0
2022-06-28,4,168,0
2022-06-28,5,462,0
2022-06-28,6,247,0
2022-06-28,7,450,0
2022-06-28,8,469,0
2022-06-28,9,665,0
2022-06-28,10,605,0
2022-06-28,11,534,0
2022-06-28,12,334,0
2022-06-28,13,468,0
2022-06-28,14,563,0
2022-06-28,15,142,0
2022-06-29,1,217,0
2022-06-29,2,600,0
2022-06-29,3,545,0
2022-06-29,4,166,0
2022-06-29,5,457,0
2022-06-29,6,243,0
2022-06-29,7,449,0
2022-06-29,8,466,0
2022-06-29,9,662,0
2022-06-29,10,605,0
2022-06-29,11,532,0
2022-06-29,12,330,0
2022-06-29,13,460,0
2022-06-29,14,562,0
2022-06-29,15,142,0
2022-06-30,1,216,0
2022-06-30,2,593,0
2022-06-30,3,545,0
2022-06-30,4,164,0
2022-06-30,5,451,0
2022-06-30,6,241,0
2022-06-30,7,449,0
2022-06-30,8,465,0
2022-06-30,9,659,0
2022-06-30,10,603,0
2022-06-30,11,528,0
2022-06-30,12,326,0
2022-06-30,13,457,0
2022-06-30,14,562,0
2022-06-30,15,139,0
2022-07-01,1,207,0
2022-07-01,2,590,0
2022-07-01,3,517,0
2022-07-01,4,156,0
2022-07-01,5,449,0
2022-07-01,6,240,0
2022-07-01,7,448,0
2022-07-01,8,460,0
2022-07-01,9,657,0
2022-07-01,10,603,0
2022-07-01,11,526,0
2022-07-01,12,326,0
2022-07-01,13,457,0
2022-07-01,14,556,0
2022-07-01,15,139,0
2022-07-02,1,201,0
2022-07-02,2,584,0
2022-07-02,3,509,0
2022-07-02,4,156,0
2022-07-02,5,444,0
2022-07-02,6,238,0
2022-07-02,7,440,0
2022-07-02,8,456,0
2022-07-02,9,657,0
2022-07-02,10,592,0
2022-07-02,11,522,0
2022-07-02,12,322,0
2022-07-02,13,455,0
2022-07-02,14,553,0
2022-07-02,15,136,0
2022-07-03,1,194,0
2022-07-03,2,569,0
2022-07-03,3,508,0
2022-07-03,4,152,0
2022-07-03,5,438,0
2022-07-03,6,234,0
2022-07-03,7,439,0
2022-07-03,8,453,0
2022-07-03,9,657,0
2022-07-03,10,591,0
2022-07-03,11,517,0
2022-07-03,12,319,0
2022-07-03,13,451,0
2022-07-03,14,551,0
2022-07-03,15,136,0
2022-07-04,1,182,0
2022-07-04,2,567,0
2022-07-04,3,505,0
2022-07-04,4,151,0
2022-07-04,5,435,0
2022-07-04,6,234,0
2022-07-04,7,436,0
2022-07-04,8,453,0
2022-07-04,9,654,0
2022-07-04,10,583,0
2022-07-04,11,512,0
2022-07-04,12,319,0
2022-07-04,13,445,0
2022-07-04,14,548,0
2022-07-04,15,132,0
2022-07-05,1,180,0
2022-07-05,2,552,0
2022-07-05,3,499,0
2022-07-05,4,144,0
2022-07-05,5,433,0
2022-07-05,6,232,0
2022-07-05,7,434,0
2022-07-05,8,449,0
2022-07-05,9,644,0
2022-07-05,10,579,0
2022-07-05,11,505,0
2022-07-05,12,319,0
2022-07-05,13,438,0
2022-07-05,14,547,0
2022-07-05,15,129,0
2022-07-06,1,180,0
2022-07-06,2,549,0
2022-07-06,3,499,0
2022-07-06,4,138,0
2022-07-06,5,433,0
2022-07-06,6,232,0
2022-07-06,7,425,0
2022-07-06,8,449,0
2022-07-06,9,639,0
2022-07-06,10,577,0
2022-07-06,11,502,0
2022-07-06,12,316,0
2022-07-06,13,433,0
2022-07-06,14,544,0
2022-07-06,15,129,0
2022-07-07,1,176,0
2022-07-07,2,544,0
2022-07-07,3,499,0
2022-07-07,4,133,0
2022-07-07,5,430,0
2022-07-07,6,227,0
2022-07-07,7,423,0
2022-07-07,8,448,0
2022-07-07,9,636,0
2022-07-07,10,575,0
2022-07-07,11,499,0
2022-07-07,12,316,0
2022-07-07,13,433,0
2022-07-07,14,544,0
2022-07-07,15,125,0
2022-07-08,1,170,0
2022-07-08,2,536,0
2022-07-08,3,497,0
2022-07-08,4,129,0
2022-07-08,5,425,0
2022-07-08,6,221,0
2022-07-08,7,423,0
2022-07-08,8,448,0
2022-07-08,9,633,0
2022-07-08,10,575,0
2022-07-08,11,495,0
2022-07-08,12,315,0
2022-07-08,13,431,0
2022-07-08,14,536,0
2022-07-08,15,725,600
2022-07-09,1,167,0
2022-07-09,2,533,0
2022-07-09,3,497,0
2022-07-09,4,125,0
2022-07-09,5,422,0
2022-07-09,6,220,0
2022-07-09,7,423,0
2022-07-09,8,446,0
2022-07-09,9,630,0
2022-07-09,10,573,0
2022-07-09,11,493,0
2022-07-09,12,312,0
2022-07-09,13,416,0
2022-07-09,14,536,0
2022-07-09,15,720,0
2022-07-10,1,161,0
2022-07-10,2,526,0
2022-07-10,3,491,0
2022-07-10,4,124,0
2022-07-10,5,414,0
2022-07-10,6,220,0
2022-07-10,7,420,0
2022-07-10,8,446,0
2022-07-10,9,607,0
2022-07-10,10,566,0
2022-07-10,11,480,0
2022-07-10,12,309,0
2022-07-10,13,412,0
2022-07-10,14,533,0
2022-07-10,15,713,0
2022-07-11,1,157,0
2022-07-11,2,523,0
2022-07-11,3,491,0
2022-07-11,4,118,0
2022-07-11,5,414,0
2022-07-11,6,210,0
2022-07-11,7,419,0
2022-07-11,8,446,0
2022-07-11,9,607,0
2022-07-11,10,566,0
2022-07-11,11,477,0
2022-07-11,12,300,0
2022-07-11,13,412,0
2022-07-11,14,530,0
2022-07-11,15,712,0
2022-07-12,1,155,0
2022-07-12,2,519,0
2022-07-12,3,488,0
2022-07-12,4,114,0
2022-07-12,5,411,0
2022-07-12,6,203,0
2022-07-12,7,416,0
2022-07-12,8,440,0
2022-07-12,9,604,0
2022-07-12,10,562,0
2022-07-12,11,473,0
2022-07-12,12,296,0
2022-07-12,13,408,0
2022-07-12,14,528,0
2022-07-12,15,712,0
2022-07-13,1,149,0
2022-07-13,2,515,0
2022-07-13,3,486,0
2022-07-13,4,109,0
2022-07-13,5,404,0
2022-07-13,6,203,0
2022-07-13,7,416,0
2022-07-13,8,439,0
2022-07-13,9,604,0
2022-07-13,10,562,0
2022-07-13,11,472,0
2022-07-13,12,292,0
2022-07-13,13,408,0
2022-07-13,14,527,0
2022-07-13,15,712,0
2022-07-14,1,147,0
2022-07-14,2,509,0
2022-07-14,3,486,0
2022-07-14,4,107,0
2022-07-14,5,398,0
2022-07-14,6,203,0
2022-07-14,7,413,0
2022-07-14,8,436,0
2022-07-14,9,604,0
2022-07-14,10,560,0
2022-07-14,11,470,0
2022-07-14,12,290,0
2022-07-14,13,402,0
2022-07-14,14,525,0
2022-07-14,15,711,0
2022-07-15,1,142,0
2022-07-15,2,496,0
2022-07-15,3,473,0
2022-07-15,4,702,600
2022-07-15,5,395,0
2022-07-15,6,203,0
2022-07-15,7,398,0
2022-07-15,8,430,0
2022-07-15,9,600,0
2022-07-15,10,552,0
2022-07-15,11,463,0
2022-07-15,12,286,0
2022-07-15,13,390,0
2022-07-15,14,523,0
2022-07-15,15,708,0
2022-07-16,1,142,0
2022-07-16,2,496,0
2022-07-16,3,471,0
2022-07-16,4,701,0
2022-07-16,5,395,0
2022-07-16,6,203,0
2022-07-16,7,398,0
2022-07-16,8,430,0
2022-07-16,9,600,0
2022-07-16,10,547,0
2022-07-16,11,461,0
2022-07-16,12,285,0
2022-07-16,13,387,0
2022-07-16,14,521,0
2022-07-16,15,708,0
2022-07-17,1,136,0
2022-07-17,2,492,0
2022-07-17,3,469,0
2022-07-17,4,699,0
2022-07-17,5,395,0
2022-07-17,6,200,0
2022-07-17,7,398,0
2022-07-17,8,419,0
2022-07-17,9,600,0
2022-07-17,10,545,0
2022-07-17,11,458,0
2022-07-17,12,285,0
2022-07-17,13,384,0
2022-07-17,14,518,0
2022-07-17,15,705,0
2022-07-18,1,129,0
2022-07-18,2,487,0
2022-07-18,3,467,0
2022-07-18,4,689,0
2022-07-18,5,393,0
2022-07-18,6,194,0
2022-07-18,7,394,0
2022-07-18,8,417,0
2022-07-18,9,595,0
2022-07-18,10,541,0
2022-07-18,11,458,0
2022-07-18,12,282,0
2022-07-18,13,381,0
2022-07-18,14,517,0
2022-07-18,15,701,0
2022-07-19,1,121,0
2022-07-19,2,485,0
2022-07-19,3,467,0
2022-07-19,4,686,0
2022-07-19,5,393,0
2022-07-19,6,191,0
2022-07-19,7,394,0
2022-07-19,8,406,0
2022-07-19,9,593,0
2022-07-19,10,534,0
2022-07-19,11,458,0
2022-07-19,12,282,0
2022-07-19,13,381,0
2022-07-19,14,514,0
2022-07-19,15,692,0
2022-07-20,1,116,0
2022-07-20,2,482,0
2022-07-20,3,467,0
2022-07-20,4,686,0
2022-07-20,5,388,0
2022-07-20,6,191,0
2022-07-20,7,391,0
2022-07-20,8,404,0
2022-07-20,9,593,0
2022-07-20,10,534,0
2022-07-20,11,457,0
2022-07-20,12,277,0
2022-07-20,13,374,0
2022-07-20,14,514,0
2022-07-20,15,688,0
2022-07-21,1,107,0
2022-07-21,2,479,0
2022-07-21,3,467,0
2022-07-21,4,686,0
2022-07-21,5,388,0
2022-07-21,6,186,0
2022-07-21,7,388,0
2022-07-21,8,404,0
2022-07-21,9,590,0
2022-07-21,10,533,0
2022-07-21,11,448,0
2022-07-21,12,271,0
2022-07-21,13,371,0
2022-07-21,14,513,0
2022-07-21,15,688,0
2022-07-22,1,104,0
2022-07-22,2,473,0
2022-07-22,3,461,0
2022-07-22,4,683,0
2022-07-22,5,388,0
2022-07-22,6,184,0
2022-07-22,7,379,0
2022-07-22,8,404,0
2022-07-22,9,587,0
2022-07-22,10,531,0
2022-07-22,11,445,0
2022-07-22,12,269,0
2022-07-22,13,368,0
2022-07-22,14,510,0
2022-07-22,15,677,0
2022-07-23,1,103,0
2022-07-23,2,460,0
2022-07-23,3,458,0
2022-07-23,4,683,0
2022-07-23,5,380,0
2022-07-23,6,179,0
2022-07-23,7,375,0
2022-07-23,8,397,0
2022-07-23,9,579,0
2022-07-23,10,527,0
2022-07-23,11,441,0
2022-07-23,12,263,0
2022-07-23,13,365,0
2022-07-23,14,509,0
2022-07-23,15,674,0
2022-07-24,1,99,0
2022-07-24,2,452,0
2022-07-24,3,458,0
2022-07-24,4,679,0
2022-07-24,5,380,0
2022-07-24,6,173,0
2022-07-24,7,320,0
2022-07-24,8,391,0
2022-07-24,9,578,0
2022-07-24,10,527,0
2022-07-24,11,441,0
2022-07-24,12,262,0
2022-07-24,13,362,0
2022-07-24,14,507,0
2022-07-24,15,674,0
2022-07-25,1,93,0
2022-07-25,2,452,0
2022-07-25,3,455,0
2022-07-25,4,678,0
2022-07-25,5,371,0
2022-07-25,6,172,0
2022-07-25,7,320,0
2022-07-25,8,386,0
2022-07-25,9,578,0
2022-07-25,10,525,0
2022-07-25,11,439,0
2022-07-25,12,260,0
2022-07-25,13,357,0
2022-07-25,14,507,0
2022-07-25,15,672,0
2022-07-26,1,89,0
2022-07-26,2,437,0
2022-07-26,3,451,0
2022-07-26,4,675,0
2022-07-26,5,371,0
2022-07-26,6,170,0
2022-07-26,7,319,0
2022-07-26,8,386,0
2022-07-26,9,577,0
2022-07-26,10,525,0
2022-07-26,11,432,0
2022-07-26,12,260,0
2022-07-26,13,355,0
2022-07-26,14,505,0
2022-07-26,15,669,0
2022-07-27,1,84,0
2022-07-27,2,431,0
2022-07-27,3,449,0
2022-07-27,4,669,0
2022-07-27,5,368,0
2022-07-27,6,167,0
2022-07-27,7,314,0
2022-07-27,8,375,0
2022-07-27,9,574,0
2022-07-27,10,523,0
2022-07-27,11,429,0
2022-07-27,12,252,0
2022-07-27,13,351,0
2022-07-27,14,501,0
2022-07-27,15,665,0
2022-07-28,1,82,0
2022-07-28,2,425,0
2022-07-28,3,449,0
2022-07-28,4,667,0
2022-07-28,5,368,0
2022-07-28,6,161,0
2022-07-28,7,314,0
2022-07-28,8,369,0
2022-07-28,9,570,0
2022-07-28,10,520,0
2022-07-28,11,429,0
2022-07-28,12,249,0
2022-07-28,13,349,0
2022-07-28,14,495,0
2022-07-28,15,664,0
2022-07-29,1,78,0
2022-07-29,2,423,0
2022-07-29,3,449,0
2022-07-29,4,667,0
2022-07-29,5,365,0
2022-07-29,6,160,0
2022-07-29,7,314,0
2022-07-29,8,368,0
2022-07-29,9,569,0
2022-07-29,10,519,0
2022-07-29,11,424,0
2022-07-29,12,248,0
2022-07-29,13,349,0
2022-07-29,14,495,0
2022-07-29,15,664,0
2022-07-30,1,75,0
2022-07-30,2,423,0
2022-07-30,3,445,0
2022-07-30,4,667,0
2022-07-30,5,365,0
2022-07-30,6,158,0
2022-07-30,7,312,0
2022-07-30,8,365,0
2022-07-30,9,568,0
2022-07-30,10,519,0
2022-07-30,11,422,0
2022-07-30,12,244,0
2022-07-30,13,343,0
2022-07-30,14,495,0
2022-07-30,15,664,0
2022-07-31,1,70,0
2022-07-31,2,418,0
2022-07-31,3,440,0
2022-07-31,4,662,0
2022-07-31,5,365,0
2022-07-31,6,157,0
2022-07-31,7,312,0
2022-07-31,8,362,0
2022-07-31,9,561,0
2022-07-31,10,515,0
2022-07-31,11,421,0
2022-07-31,12,242,0
2022-07-31,13,337,0
2022-07-31,14,489,0
2022-07-31,15,661,0
2022-08-01,1,66,0
2022-08-01,2,416,0
2022-08-01,3,432,0
2022-08-01,4,662,0
2022-08-01,5,362,0
2022-08-01,6,154,0
2022-08-01,7,307,0
2022-08-01,8,354,0
2022-08-01,9,558,0
2022-08-01,10,514,0
2022-08-01,11,419,0
2022-08-01,12,236,0
2022-08-01,13,333,0
2022-08-01,14,483,0
2022-08-01,15,658,0
2022-08-02,1,65,0
2022-08-02,2,408,0
2022-08-02,3,424,0
2022-08-02,4,657,0
2022-08-02,5,358,0
2022-08-02,6,149,0
2022-08-02,7,307,0
2022-08-02,8,345,0
2022-08-02,9,552,0
2022-08-02,10,511,0
2022-08-02,11,418,0
2022-08-02,12,230,0
2022-08-02,13,329,0
2022-08-02,14,480,0
2022-08-02,15,658,0
2022-08-03,1,662,600
2022-08-03,2,407,0
2022-08-03,3,418,0
2022-08-03,4,653,0
2022-08-03,5,353,0
2022-08-03,6,148,0
2022-08-03,7,303,0
2022-08-03,8,342,0
2022-08-03,9,552,0
2022-08-03,10,504,0
2022-08-03,11,414,0
2022-08-03,12,227,0
2022-08-03,13,329,0
2022-08-03,14,478,0
2022-08-03,15,654,0
2022-08-04,1,657,0
2022-08-04,2,391,0
2022-08-04,3,413,0
2022-08-04,4,653,0
2022-08-04,5,349,0
2022-08-04,6,145,0
2022-08-04,7,300,0
2022-08-04,8,342,0
2022-08-04,9,549,0
2022-08-04,10,503,0
2022-08-04,11,412,0
2022-08-04,12,219,0
2022-08-04,13,326,0
2022-08-04,14,477,0
2022-08-04,15,651,0
2022-08-05,1,649,0
2022-08-05,2,387,0
2022-08-05,3,410,0
2022-08-05,4,638,0
2022-08-05,5,343,0
2022-08-05,6,145,0
2022-08-05,7,296,0
2022-08-05,8,340,0
2022-08-05,9,544,0
2022-08-05,10,498,0
2022-08-05,11,408,0
2022-08-05,12,210,0
2022-08-05,13,324,0
2022-08-05,14,469,0
2022-08-05,15,640,0
2022-08-06,1,638,0
2022-08-06,2,374,0
2022-08-06,3,402,0
2022-08-06,4,635,0
2022-08-06,5,340,0
2022-08-06,6,141,0
2022-08-06,7,294,0
2022-08-06,8,335,0
2022-08-06,9,537,0
2022-08-06,10,487,0
2022-08-06,11,405,0
2022-08-06,12,204,0
2022-08-06,13,318,0
2022-08-06,14,466,0
2022-08-06,15,637,0
2022-08-07,1,631,0
2022-08-07,2,374,0
2022-08-07,3,401,0
2022-08-07,4,634,0
2022-08-07,5,340,0
2022-08-07,6,138,0
2022-08-07,7,287,0
2022-08-07,8,329,0
2022-08-07,9,537,0
2022-08-07,10,483,0
2022-08-07,11,398,0
2022-08-07,12,204,0
2022-08-07,13,317,0
2022-08-07,14,464,0
2022-08-07,15,634,0
2022-08-08,1,624,0
2022-08-08,2,370,0
2022-08-08,3,401,0
2022-08-08,4,630,0
2022-08-08,5,330,0
2022-08-08,6,135,0
2022-08-08,7,287,0
2022-08-08,8,328,0
2022-08-08,9,536,0
2022-08-08,10,476,0
2022-08-08,11,396,0
2022-08-08,12,203,0
2022-08-08,13,316,0
2022-08-08,14,461,0
2022-08-08,15,631,0
2022-08-09,1,621,0
2022-08-09,2,368,0
2022-08-09,3,396,0
2022-08-09,4,630,0
2022-08-09,5,324,0
2022-08-09,6,135,0
2022-08-09,7,287,0
2022-08-09,8,324,0
2022-08-09,9,533,0
2022-08-09,10,472,0
2022-08-09,11,389,0
2022-08-09,12,178,0
2022-08-09,13,313,0
2022-08-09,14,461,0
2022-08-09,15,628,0
2022-08-10,1,617,0
2022-08-10,2,366,0
2022-08-10,3,396,0
2022-08-10,4,629,0
2022-08-10,5,321,0
2022-08-10,6,130,0
2022-08-10,7,282,0
2022-08-10,8,322,0
2022-08-10,9,531,0
2022-08-10,10,466,0
2022-08-10,11,389,0
2022-08-10,12,172,0
2022-08-10,13,307,0
2022-08-10,14,460,0
2022-08-10,15,628,0
2022-08-11,1,612,0
2022-08-11,2,365,0
2022-08-11,3,396,0
2022-08-11,4,627,0
2022-08-11,5,316,0
2022-08-11,6,129,0
2022-08-11,7,280,0
2022-08-11,8,318,0
2022-08-11,9,529,0
2022-08-11,10,463,0
2022-08-11,11,387,0
2022-08-11,12,169,0
2022-08-11,13,307,0
2022-08-11,14,460,0
2022-08-11,15,625,0
2022-08-12,1,607,0
2022-08-12,2,365,0
2022-08-12,3,388,0
2022-08-12,4,627,0
2022-08-12,5,316,0
2022-08-12,6,129,0
2022-08-12,7,280,0
2022-08-12,8,316,0
2022-08-12,9,526,0
2022-08-12,10,463,0
2022-08-12,11,387,0
2022-08-12,12,167,0
2022-08-12,13,304,0
2022-08-12,14,457,0
2022-08-12,15,625,0
2022-08-13,1,605,0
2022-08-13,2,363,0
2022-08-13,3,381,0
2022-08-13,4,626,0
2022-08-13,5,316,0
2022-08-13,6,79,0
2022-08-13,7,274,0
2022-08-13,8,313,0
2022-08-13,9,524,0
2022-08-13,10,463,0
2022-08-13,11,386,0
2022-08-13,12,165,0
2022-08-13,13,304,0
2022-08-13,14,457,0
2022-08-13,15,625,0
2022-08-14,1,601,0
2022-08-14,2,359,0
2022-08-14,3,348,0
2022-08-14,4,622,0
2022-08-14,5,313,0
2022-08-14,6,76,0
2022-08-14,7,267,0
2022-08-14,8,308,0
2022-08-14,9,520,0
2022-08-14,10,462,0
2022-08-14,11,386,0
2022-08-14,12,157,0
2022-08-14,13,299,0
2022-08-14,14,450,0
2022-08-14,15,622,0
2022-08-15,1,592,0
2022-08-15,2,354,0
2022-08-15,3,348,0
2022-08-15,4,610,0
2022-08-15,5,311,0
2022-08-15,6,73,0
2022-08-15,7,264,0
2022-08-15,8,302,0
2022-08-15,9,512,0
2022-08-15,10,459,0
2022-08-15,11,384,0
2022-08-15,12,156,0
2022-08-15,13,296,0
2022-08-15,14,447,0
2022-08-15,15,622,0
2022-08-16,1,589,0
2022-08-16,2,343,0
2022-08-16,3,347,0
2022-08-16,4,610,0
2022-08-16,5,310,0
2022-08-16,6,66,0
2022-08-16,7,258,0
2022-08-16,8,297,0
2022-08-16,9,508,0
2022-08-16,10,454,0
2022-08-16,11,381,0
2022-08-16,12,149,0
2022-08-16,13,294,0
2022-08-16,14,442,0
2022-08-16,15,619,0
2022-08-17,1,589,0
2022-08-17,2,338,0
2022-08-17,3,344,0
2022-08-17,4,605,0
2022-08-17,5,305,0
2022-08-17,6,66,0
2022-08-17,7,257,0
2022-08-17,8,297,0
2022-08-17,9,496,0
2022-08-17,10,454,0
2022-08-17,11,381,0
2022-08-17,12,142,0
2022-08-17,13,294,0
2022-08-17,14,442,0
2022-08-17,15,618,0
2022-08-18,1,584,0
2022-08-18,2,338,0
2022-08-18,3,344,0
2022-08-18,4,602,0
2022-08-18,5,302,0
2022-08-18,6,64,0
2022-08-18,7,251,0
2022-08-18,8,296,0
2022-08-18,9,492,0
2022-08-18,10,451,0
2022-08-18,11,377,0
2022-08-18,12,142,0
2022-08-18,13,285,0
2022-08-18,14,439,0
2022-08-18,15,617,0
2022-08-19,1,583,0
2022-08-19,2,332,0
2022-08-19,3,343,0
2022-08-19,4,594,0
2022-08-19,5,300,0
2022-08-19,6,64,0
2022-08-19,7,245,0
2022-08-19,8,296,0
2022-08-19,9,490,0
2022-08-19,10,447,0
2022-08-19,11,377,0
2022-08-19,12,137,0
2022-08-19,13,285,0
2022-08-19,14,434,0
2022-08-19,15,617,0
2022-08-20,1,580,0
2022-08-20,2,318,0
2022-08-20,3,340,0
2022-08-20,4,592,0
2022-08-20,5,293,0
2022-08-20,6,63,0
2022-08-20,7,238,0
2022-08-20,8,295,0
2022-08-20,9,489,0
2022-08-20,10,446,0
2022-08-20,11,373,0
2022-08-20,12,129,0
2022-08-20,13,277,0
2022-08-20,14,429,0
2022-08-20,15,609,0
2022-08-21,1,574,0
2022-08-21,2,318,0
2022-08-21,3,340,0
2022-08-21,4,592,0
2022-08-21,5,290,0
2022-08-21,6,63,0
2022-08-21,7,237,0
2022-08-21,8,293,0
2022-08-21,9,489,0
2022-08-21,10,443,0
2022-08-21,11,362,0
2022-08-21,12,129,0
2022-08-21,13,272,0
2022-08-21,14,429,0
2022-08-21,15,609,0
2022-08-22,1,572,0
2022-08-22,2,312,0
2022-08-22,3,333,0
2022-08-22,4,591,0
2022-08-22,5,284,0
2022-08-22,6,58,0
2022-08-22,7,235,0
2022-08-22,8,290,0
2022-08-22,9,488,0
2022-08-22,10,440,0
2022-08-22,11,357,0
2022-08-22,12,126,0
2022-08-22,13,269,0
2022-08-22,14,428,0
2022-08-22,15,572,0
2022-08-23,1,564,0
2022-08-23,2,309,0
2022-08-23,3,331,0
2022-08-23,4,591,0
2022-08-23,5,275,0
2022-08-23,6,55,0
2022-08-23,7,232,0
2022-08-23,8,286,0
2022-08-23,9,478,0
2022-08-23,10,434,0
2022-08-23,11,355,0
2022-08-23,12,124,0
2022-08-23,13,268,0
2022-08-23,14,425,0
2022-08-23,15,569,0
2022-08-24,1,556,0
2022-08-24,2,304,0
2022-08-24,3,331,0
2022-08-24,4,591,0
2022-08-24,5,272,0
2022-08-24,6,53,0
2022-08-24,7,229,0
2022-08-24,8,280,0
2022-08-24,9,475,0
2022-08-24,10,413,0
2022-08-24,11,352,0
2022-08-24,12,118,0
2022-08-24,13,268,0
2022-08-24,14,423,0
2022-08-24,15,563,0
2022-08-25,1,555,0
2022-08-25,2,300,0
2022-08-25,3,331,0
2022-08-25,4,585,0
2022-08-25,5,269,0
2022-08-25,6,52,0
2022-08-25,7,227,0
2022-08-25,8,276,0
2022-08-25,9,471,0
2022-08-25,10,413,0
2022-08-25,11,352,0
2022-08-25,12,118,0
2022-08-25,13,268,0
2022-08-25,14,423,0
2022-08-25,15,559,0
2022-08-26,1,552,0
2022-08-26,2,292,0
2022-08-26,3,328,0
2022-08-26,4,583,0
2022-08-26,5,268,0
2022-08-26,6,47,0
2022-08-26,7,224,0
2022-08-26,8,274,0
2022-08-26,9,465,0
2022-08-26,10,410,0
2022-08-26,11,346,0
2022-08-26,12,710,600
2022-08-26,13,268,0
2022-08-26,14,421,0
2022-08-26,15,548,0
2022-08-27,1,549,0
2022-08-27,2,288,0
2022-08-27,3,323,0
2022-08-27,4,581,0
2022-08-27,5,264,0
2022-08-27,6,47,0
2022-08-27,7,222,0
2022-08-27,8,271,0
2022-08-27,9,456,0
2022-08-27,10,407,0
2022-08-27,11,342,0
2022-08-27,12,704,0
2022-08-27,13,259,0
2022-08-27,14,418,0
2022-08-27,15,544,0
2022-08-28,1,546,0
2022-08-28,2,287,0
2022-08-28,3,323,0
2022-08-28,4,580,0
2022-08-28,5,258,0
2022-08-28,6,47,0
2022-08-28,7,219,0
2022-08-28,8,268,0
2022-08-28,9,452,0
2022-08-28,10,406,0
2022-08-28,11,338,0
2022-08-28,12,701,0
2022-08-28,13,259,0
2022-08-28,14,416,0
2022-08-28,15,536,0
2022-08-29,1,542,0
2022-08-29,2,286,0
2022-08-29,3,323,0
2022-08-29,4,579,0
2022-08-29,5,258,0
2022-08-29,6,47,0
2022-08-29,7,219,0
2022-08-29,8,268,0
2022-08-29,9,449,0
2022-08-29,10,403,0
2022-08-29,11,338,0
2022-08-29,12,701,0
2022-08-29,13,256,0
2022-08-29,14,415,0
2022-08-29,15,536,0
2022-08-30,1,537,0
2022-08-30,2,283,0
2022-08-30,3,323,0
2022-08-30,4,579,0
2022-08-30,5,254,0
2022-08-30,6,44,0
2022-08-30,7,215,0
2022-08-30,8,263,0
2022-08-30,9,443,0
2022-08-30,10,400,0
2022-08-30,11,336,0
2022-08-30,12,697,0
2022-08-30,13,256,0
2022-08-30,14,414,0
2022-08-30,15,534,0
2022-08-31,1,533,0
2022-08-31,2,279,0
2022-08-31,3,313,0
2022-08-31,4,572,0
2022-08-31,5,253,0
2022-08-31,6,40,0
2022-08-31,7,214,0
2022-08-31,8,262,0
2022-08-31,9,395,0
2022-08-31,10,369,0
2022-08-31,11,334,0
2022-08-31,12,693,0
2022-08-31,13,252,0
2022-08-31,14,412,0
2022-08-31,15,514,0
2022-09-01,1,522,0
2022-09-01,2,264,0
2022-09-01,3,310,0
2022-09-01,4,572,0
2022-09-01,5,253,0
2022-09-01,6,636,600
2022-09-01,7,208,0
2022-09-01,8,254,0
2022-09-01,9,391,0
2022-09-01,10,367,0
2022-09-01,11,330,0
2022-09-01,12,693,0
2022-09-01,13,248,0
2022-09-01,14,404,0
2022-09-01,15,511,0
2022-09-02,1,508,0
2022-09-02,2,252,0
2022-09-02,3,302,0
2022-09-02,4,568,0
2022-09-02,5,247,0
2022-09-02,6,630,0
2022-09-02,7,206,0
2022-09-02,8,241,0
2022-09-02,9,380,0
2022-09-02,10,363,0
2022-09-02,11,323,0
2022-09-02,12,688,0
2022-09-02,13,243,0
2022-09-02,14,404,0
2022-09-02,15,509,0
2022-09-03,1,500,0
2022-09-03,2,245,0
2022-09-03,3,300,0
2022-09-03,4,565,0
2022-09-03,5,244,0
2022-09-03,6,627,0
2022-09-03,7,204,0
2022-09-03,8,241,0
2022-09-03,9,379,0
2022-09-03,10,358,0
2022-09-03,11,320,0
2022-09-03,12,681,0
2022-09-03,13,242,0
2022-09-03,14,401,0
2022-09-03,15,509,0
2022-09-04,1,494,0
2022-09-04,2,237,0
2022-09-04,3,294,0
2022-09-04,4,565,0
2022-09-04,5,235,0
2022-09-04,6,612,0
2022-09-04,7,197,0
2022-09-04,8,237,0
2022-09-04,9,375,0
2022-09-04,10,357,0
2022-09-04,11,312,0
2022-09-04,12,676,0
2022-09-04,13,240,0
2022-09-04,14,394,0
2022-09-04,15,498,0
2022-09-05,1,483,0
2022-09-05,2,232,0
2022-09-05,3,280,0
2022-09-05,4,552,0
2022-09-05,5,233,0
2022-09-05,6,610,0
2022-09-05,7,187,0
2022-09-05,8,235,0
2022-09-05,9,361,0
2022-09-05,10,349,0
2022-09-05,11,293,0
2022-09-05,12,674,0
2022-09-05,13,233,0
2022-09-05,14,381,0
2022-09-05,15,494,0
2022-09-06,1,465,0
2022-09-06,2,223,0
2022-09-06,3,276,0
2022-09-06,4,548,0
2022-09-06,5,233,0
2022-09-06,6,610,0
2022-09-06,7,182,0
2022-09-06,8,235,0
2022-09-06,9,356,0
2022-09-06,10,347,0
2022-09-06,11,291,0
2022-09-06,12,669,0
2022-09-06,13,230,0
2022-09-06,14,378,0
2022-09-06,15,487,0
2022-09-07,1,461,0
2022-09-07,2,213,0
2022-09-07,3,273,0
2022-09-07,4,536,0
2022-09-07,5,228,0
2022-09-07,6,606,0
2022-09-07,7,178,0
2022-09-07,8,224,0
2022-09-07,9,353,0
2022-09-07,10,341,0
2022-09-07,11,290,0
2022-09-07,12,664,0
2022-09-07,13,227,0
2022-09-07,14,370,0
2022-09-07,15,480,0
2022-09-08,1,461,0
2022-09-08,2,208,0
2022-09-08,3,272,0
2022-09-08,4,527,0
2022-09-08,5,226,0
2022-09-08,6,601,0
2022-09-08,7,172,0
2022-09-08,8,218,0
2022-09-08,9,352,0
2022-09-08,10,339,0
2022-09-08,11,290,0
2022-09-08,12,660,0
2022-09-08,13,223,0
2022-09-08,14,369,0
2022-09-08,15,477,0
2022-09-09,1,454,0
2022-09-09,2,204,0
2022-09-09,3,271,0
2022-09-09,4,526,0
2022-09-09,5,226,0
2022-09-09,6,595,0
2022-09-09,7,164,0
2022-09-09,8,216,0
2022-09-09,9,351,0
2022-09-09,10,339,0
2022-09-09,11,289,0
2022-09-09,12,653,0
2022-09-09,13,220,0
2022-09-09,14,365,0
2022-09-09,15,477,0
2022-09-10,1,443,0
2022-09-10,2,198,0
2022-09-10,3,264,0
2022-09-10,4,517,0
2022-09-10,5,223,0
2022-09-10,6,581,0
2022-09-10,7,163,0
2022-09-10,8,211,0
2022-09-10,9,350,0
2022-09-10,10,334,0
2022-09-10,11,276,0
2022-09-10,12,646,0
2022-09-10,13,216,0
2022-09-10,14,358,0
2022-09-10,15,465,0
2022-09-11,1,436,0
2022-09-11,2,183,0
2022-09-11,3,258,0
2022-09-11,4,510,0
2022-09-11,5,221,0
2022-09-11,6,574,0
2022-09-11,7,151,0
2022-09-11,8,206,0
2022-09-11,9,341,0
2022-09-11,10,326,0
2022-09-11,11,270,0
2022-09-11,12,639,0
2022-09-11,13,206,0
2022-09-11,14,351,0
2022-09-11,15,460,0
2022-09-12,1,422,0
2022-09-12,2,177,0
2022-09-12,3,251,0
2022-09-12,4,502,0
2022-09-12,5,212,0
2022-09-12,6,562,0
2022-09-12,7,147,0
2022-09-12,8,203,0
2022-09-12,9,335,0
2022-09-12,10,315,0
2022-09-12,11,261,0
2022-09-12,12,631,0
2022-09-12,13,199,0
2022-09-12,14,349,0
2022-09-12,15,458,0
2022-09-13,1,419,0
2022-09-13,2,174,0
2022-09-13,3,250,0
2022-09-13,4,501,0
2022-09-13,5,211,0
2022-09-13,6,562,0
2022-09-13,7,141,0
2022-09-13,8,202,0
2022-09-13,9,335,0
2022-09-13,10,308,0
2022-09-13,11,259,0
2022-09-13,12,624,0
2022-09-13,13,196,0
2022-09-13,14,349,0
2022-09-13,15,458,0
2022-09-14,1,408,0
2022-09-14,2,157,0
2022-09-14,3,239,0
2022-09-14,4,487,0
2022-09-14,5,208,0
2022-09-14,6,558,0
2022-09-14,7,137,0
2022-09-14,8,194,0
2022-09-14,9,327,0
2022-09-14,10,298,0
2022-09-14,11,258,0
2022-09-14,12,620,0
2022-09-14,13,191,0
2022-09-14,14,341,0
2022-09-14,15,456,0
2022-09-15,1,403,0
2022-09-15,2,151,0
2022-09-15,3,233,0
2022-09-15,4,487,0
2022-09-15,5,201,0
2022-09-15,6,558,0
2022-09-15,7,129,0
2022-09-15,8,194,0
2022-09-15,9,317,0
2022-09-15,10,298,0
2022-09-15,11,255,0
2022-09-15,12,619,0
2022-09-15,13,188,0
2022-09-15,14,336,0
2022-09-15,15,450,0
2022-09-16,1,388,0
2022-09-16,2,137,0
2022-09-16,3,229,0
2022-09-16,4,482,0
2022-09-16,5,200,0
2022-09-16,6,554,0
2022-09-16,7,129,0
2022-09-16,8,180,0
2022-09-16,9,316,0
2022-09-16,10,289,0
2022-09-16,11,247,0
2022-09-16,12,615,0
2022-09-16,13,177,0
2022-09-16,14,332,0
2022-09-16,15,433,0
2022-09-17,1,387,0
2022-09-17,2,136,0
2022-09-17,3,223,0
2022-09-17,4,475,0
2022-09-17,5,187,0
2022-09-17,6,554,0
2022-09-17,7,129,0
2022-09-17,8,180,0
2022-09-17,9,314,0
2022-09-17,10,277,0
2022-09-17,11,238,0
2022-09-17,12,612,0
2022-09-17,13,134,0
2022-09-17,14,330,0
2022-09-17,15,428,0
2022-09-18,1,380,0
2022-09-18,2,128,0
2022-09-18,3,223,0
2022-09-18,4,472,0
2022-09-18,5,183,0
2022-09-18,6,543,0
2022-09-18,7,129,0
2022-09-18,8,171,0
2022-09-18,9,308,0
2022-09-18,10,273,0
2022-09-18,11,237,0
2022-09-18,12,611,0
2022-09-18,13,104,0
2022-09-18,14,324,0
2022-09-18,15,426,0
2022-09-19,1,377,0
2022-09-19,2,125,0
2022-09-19,3,216,0
2022-09-19,4,469,0
2022-09-19,5,176,0
2022-09-19,6,536,0
2022-09-19,7,124,0
2022-09-19,8,166,0
2022-09-19,9,300,0
2022-09-19,10,266,0
2022-09-19,11,235,0
2022-09-19,12,606,0
2022-09-19,13,95,0
2022-09-19,14,321,0
2022-09-19,15,420,0
2022-09-20,1,369,0
2022-09-20,2,115,0
2022-09-20,3,210,0
2022-09-20,4,465,0
2022-09-20,5,161,0
2022-09-20,6,533,0
2022-09-20,7,122,0
2022-09-20,8,163,0
2022-09-20,9,297,0
2022-09-20,10,262,0
2022-09-20,11,210,0
2022-09-20,12,604,0
2022-09-20,13,89,0
2022-09-20,14,318,0
2022-09-20,15,417,0
2022-09-21,1,359,0
2022-09-21,2,111,0
2022-09-21,3,206,0
2022-09-21,4,461,0
2022-09-21,5,155,0
2022-09-21,6,525,0
2022-09-21,7,113,0
2022-09-21,8,157,0
2022-09-21,9,286,0
2022-09-21,10,260,0
2022-09-21,11,201,0
2022-09-21,12,595,0
2022-09-21,13,89,0
2022-09-21,14,312,0
2022-09-21,15,406,0
2022-09-22,1,358,0
2022-09-22,2,105,0
2022-09-22,3,203,0
2022-09-22,4,452,0
2022-09-22,5,155,0
2022-09-22,6,523,0
2022-09-22,7,107,0
2022-09-22,8,155,0
2022-09-22,9,277,0
2022-09-22,10,257,0
2022-09-22,11,201,0
2022-09-22,12,590,0
2022-09-22,13,85,0
2022-09-22,14,309,0
2022-09-22,15,399,0
2022-09-23,1,348,0
2022-09-23,2,96,0
2022-09-23,3,202,0
2022-09-23,4,449,0
2022-09-23,5,155,0
2022-09-23,6,518,0
2022-09-23,7,107,0
2022-09-23,8,148,0
2022-09-23,9,271,0
2022-09-23,10,252,0
2022-09-23,11,200,0
2022-09-23,12,589,0
2022-09-23,13,84,0
2022-09-23,14,309,0
2022-09-23,15,390,0
2022-09-24,1,343,0
2022-09-24,2,91,0
2022-09-24,3,194,0
2022-09-24,4,440,0
2022-09-24,5,144,0
2022-09-24,6,517,0
2022-09-24,7,100,0
2022-09-24,8,142,0
2022-09-24,9,267,0
2022-09-24,10,246,0
2022-09-24,11,195,0
2022-09-24,12,578,0
2022-09-24,13,75,0
2022-09-24,14,307,0
2022-09-24,15,390,0
2022-09-25,1,336,0
2022-09-25,2,87,0
2022-09-25,3,186,0
2022-09-25,4,434,0
2022-09-25,5,140,0
2022-09-25,6,513,0
2022-09-25,7,90,0
2022-09-25,8,140,0
2022-09-25,9,252,0
2022-09-25,10,242,0
2022-09-25,11,190,0
2022-09-25,12,567,0
2022-09-25,13,66,0
2022-09-25,14,304,0
2022-09-25,15,384,0
2022-09-26,1,333,0
2022-09-26,2,85,0
2022-09-26,3,179,0
2022-09-26,4,425,0
2022-09-26,5,132,0
2022-09-26,6,502,0
2022-09-26,7,90,0
2022-09-26,8,132,0
2022-09-26,9,250,0
2022-09-26,10,241,0
2022-09-26,11,181,0
2022-09-26,12,549,0
2022-09-26,13,58,0
2022-09-26,14,297,0
2022-09-26,15,381,0
2022-09-27,1,325,0
2022-09-27,2,76,0
2022-09-27,3,177,0
2022-09-27,4,414,0
2022-09-27,5,132,0
2022-09-27,6,496,0
2022-09-27,7,88,0
2022-09-27,8,122,0
2022-09-27,9,240,0
2022-09-27,10,230,0
2022-09-27,11,176,0
2022-09-27,12,540,0
2022-09-27,13,653,600
2022-09-27,14,293,0
2022-09-27,15,371,0
2022-09-28,1,314,0
2022-09-28,2,68,0
2022-09-28,3,173,0
2022-09-28,4,409,0
2022-09-28,5,131,0
2022-09-28,6,496,0
2022-09-28,7,82,0
2022-09-28,8,122,0
2022-09-28,9,232,0
2022-09-28,10,229,0
2022-09-28,11,176,0
2022-09-28,12,535,0
2022-09-28,13,648,0
2022-09-28,14,291,0
2022-09-28,15,367,0
2022-09-29,1,306,0
2022-09-29,2,61,0
2022-09-29,3,170,0
2022-09-29,4,407,0
2022-09-29,5,124,0
2022-09-29,6,488,0
2022-09-29,7,78,0
2022-09-29,8,117,0
2022-09-29,9,226,0
2022-09-29,10,229,0
2022-09-29,11,173,0
2022-09-29,12,516,0
2022-09-29,13,640,0
2022-09-29,14,288,0
2022-09-29,15,365,0
2022-09-30,1,295,0
2022-09-30,2,648,600
2022-09-30,3,164,0
2022-09-30,4,403,0
2022-09-30,5,118,0
2022-09-30,6,476,0
2022-09-30,7,76,0
2022-09-30,8,708,600
2022-09-30,9,226,0
2022-09-30,10,229,0
2022-09-30,11,171,0
2022-09-30,12,507,0
2022-09-30,13,638,0
2022-09-30,14,288,0
2022-09-30,15,359,0
2022-10-01,1,292,0
2022-10-01,2,635,0
2022-10-01,3,156,0
2022-10-01,4,398,0
2022-10-01,5,115,0
2022-10-01,6,472,0
2022-10-01,7,70,0
2022-10-01,8,701,0
2022-10-01,9,220,0
2022-10-01,10,222,0
2022-10-01,11,169,0
2022-10-01,12,502,0
2022-10-01,13,627,0
2022-10-01,14,288,0
2022-10-01,15,353,0
2022-10-02,1,288,0
2022-10-02,2,628,0
2022-10-02,3,150,0
2022-10-02,4,392,0
2022-10-02,5,100,0
2022-10-02,6,464,0
2022-10-02,7,64,0
2022-10-02,8,693,0
2022-10-02,9,218,0
2022-10-02,10,222,0
2022-10-02,11,166,0
2022-10-02,12,496,0
2022-10-02,13,623,0
2022-10-02,14,288,0
2022-10-02,15,345,0
2022-10-03,1,282,0
2022-10-03,2,624,0
2022-10-03,3,145,0
2022-10-03,4,391,0
2022-10-03,5,91,0
2022-10-03,6,462,0
2022-10-03,7,57,0
2022-10-03,8,691,0
2022-10-03,9,216,0
2022-10-03,10,216,0
2022-10-03,11,166,0
2022-10-03,12,483,0
2022-10-03,13,621,0
2022-10-03,14,280,0
2022-10-03,15,342,0
2022-10-04,1,272,0
2022-10-04,2,616,0
2022-10-04,3,139,0
2022-10-04,4,391,0
2022-10-04,5,91,0
2022-10-04,6,462,0
2022-10-04,7,57,0
2022-10-04,8,689,0
2022-10-04,9,215,0
2022-10-04,10,211,0
2022-10-04,11,161,0
2022-10-04,12,479,0
2022-10-04,13,621,0
2022-10-04,14,274,0
2022-10-04,15,342,0
2022-10-05,1,265,0
2022-10-05,2,611,0
2022-10-05,3,130,0
2022-10-05,4,389,0
2022-10-05,5,43,0
2022-10-05,6,457,0
2022-10-05,7,53,0
2022-10-05,8,686,0
2022-10-05,9,208,0
2022-10-05,10,200,0
2022-10-05,11,155,0
2022-10-05,12,470,0
2022-10-05,13,619,0
2022-10-05,14,256,0
2022-10-05,15,340,0
2022-10-06,1,263,0
2022-10-06,2,604,0
2022-10-06,3,127,0
2022-10-06,4,380,0
2022-10-06,5,636,600
2022-10-06,6,454,0
2022-10-06,7,49,0
2022-10-06,8,678,0
2022-10-06,9,199,0
2022-10-06,10,191,0
2022-10-06,11,149,0
2022-10-06,12,470,0
2022-10-06,13,617,0
2022-10-06,14,249,0
2022-10-06,15,337,0
2022-10-07,1,258,0
2022-10-07,2,593,0
2022-10-07,3,114,0
2022-10-07,4,375,0
2022-10-07,5,627,0
2022-10-07,6,451,0
2022-10-07,7,49,0
2022-10-07,8,657,0
2022-10-07,9,188,0
2022-10-07,10,182,0
2022-10-07,11,145,0
2022-10-07,12,469,0
2022-10-07,13,613,0
2022-10-07,14,241,0
2022-10-07,15,323,0
2022-10-08,1,257,0
2022-10-08,2,589,0
2022-10-08,3,111,0
2022-10-08,4,372,0
2022-10-08,5,619,0
2022-10-08,6,444,0
2022-10-08,7,49,0
2022-10-08,8,648,0
2022-10-08,9,171,0
2022-10-08,10,175,0
2022-10-08,11,145,0
2022-10-08,12,460,0
2022-10-08,13,610,0
2022-10-08,14,222,0
2022-10-08,15,315,0
2022-10-09,1,249,0
2022-10-09,2,584,0
2022-10-09,3,108,0
2022-10-09,4,368,0
2022-10-09,5,617,0
2022-10-09,6,437,0
2022-10-09,7,35,0
2022-10-09,8,643,0
2022-10-09,9,165,0
2022-10-09,10,166,0
2022-10-09,11,143,0
2022-10-09,12,452,0
2022-10-09,13,605,0
2022-10-09,14,222,0
2022-10-09,15,313,0
2022-10-10,1,239,0
2022-10-10,2,573,0
2022-10-10,3,102,0
2022-10-10,4,367,0
2022-10-10,5,612,0
2022-10-10,6,433,0
2022-10-10,7,32,0
2022-10-10,8,639,0
2022-10-10,9,165,0
2022-10-10,10,160,0
2022-10-10,11,139,0
2022-10-10,12,448,0
2022-10-10,13,604,0
2022-10-10,14,222,0
2022-10-10,15,311,0
2022-10-11,1,232,0
2022-10-11,2,571,0
2022-10-11,3,96,0
2022-10-11,4,365,0
2022-10-11,5,607,0
2022-10-11,6,432,0
2022-10-11,7,25,0
2022-10-11,8,639,0
2022-10-11,9,165,0
2022-10-11,10,158,0
2022-10-11,11,132,0
2022-10-11,12,446,0
2022-10-11,13,601,0
2022-10-11,14,219,0
2022-10-11,15,308,0
2022-10-12,1,228,0
2022-10-12,2,568,0
2022-10-12,3,95,0
2022-10-12,4,361,0
2022-10-12,5,602,0
2022-10-12,6,431,0
2022-10-12,7,625,600
2022-10-12,8,633,0
2022-10-12,9,157,0
2022-10-12,10,155,0
2022-10-12,11,129,0
2022-10-12,12,440,0
2022-10-12,13,601,0
2022-10-12,14,217,0
2022-10-12,15,297,0
2022-10-13,1,227,0
2022-10-13,2,563,0
2022-10-13,3,689,600
2022-10-13,4,356,0
2022-10-13,5,600,0
2022-10-13,6,431,0
2022-10-13,7,621,0
2022-10-13,8,633,0
2022-10-13,9,154,0
2022-10-13,10,155,0
2022-10-13,11,725,600
2022-10-13,12,439,0
2022-10-13,13,601,0
2022-10-13,14,215,0
2022-10-13,15,291,0
2022-10-14,1,223,0
2022-10-14,2,558,0
2022-10-14,3,689,0
2022-10-14,4,349,0
2022-10-14,5,598,0
2022-10-14,6,426,0
2022-10-14,7,613,0
2022-10-14,8,627,0
2022-10-14,9,149,0
2022-10-14,10,150,0
2022-10-14,11,724,0
2022-10-14,12,433,0
2022-10-14,13,601,0
2022-10-14,14,212,0
2022-10-14,15,283,0
2022-10-15,1,207,0
2022-10-15,2,550,0
2022-10-15,3,688,0
2022-10-15,4,346,0
2022-10-15,5,594,0
2022-10-15,6,425,0
2022-10-15,7,609,0
2022-10-15,8,618,0
2022-10-15,9,148,0
2022-10-15,10,104,0
2022-10-15,11,717,0
2022-10-15,12,432,0
2022-10-15,13,601,0
2022-10-15,14,209,0
2022-10-15,15,274,0
2022-10-16,1,200,0
2022-10-16,2,549,0
2022-10-16,3,688,0
2022-10-16,4,340,0
2022-10-16,5,592,0
2022-10-16,6,423,0
2022-10-16,7,603,0
2022-10-16,8,615,0
2022-10-16,9,144,0
2022-10-16,10,102,0
2022-10-16,11,712,0
2022-10-16,12,431,0
2022-10-16,13,592,0
2022-10-16,14,205,0
2022-10-16,15,274,0
2022-10-17,1,192,0
2022-10-17,2,546,0
2022-10-17,3,684,0
2022-10-17,4,332,0
2022-10-17,5,589,0
2022-10-17,6,421,0
2022-10-17,7,598,0
2022-10-17,8,611,0
2022-10-17,9,133,0
2022-10-17,10,101,0
2022-10-17,11,710,0
2022-10-17,12,424,0
2022-10-17,13,584,0
2022-10-17,14,204,0
2022-10-17,15,270,0
2022-10-18,1,184,0
2022-10-18,2,535,0
2022-10-18,3,675,0
2022-10-18,4,332,0
2022-10-18,5,579,0
2022-10-18,6,384,0
2022-10-18,7,587,0
2022-10-18,8,609,0
2022-10-18,9,127,0
2022-10-18,10,89,0
2022-10-18,11,705,0
2022-10-18,12,423,0
2022-10-18,13,580,0
2022-10-18,14,195,0
2022-10-18,15,265,0
2022-10-19,1,169,0
2022-10-19,2,528,0
2022-10-19,3,670,0
2022-10-19,4,330,0
2022-10-19,5,572,0
2022-10-19,6,373,0
2022-10-19,7,582,0
2022-10-19,8,606,0
2022-10-19,9,118,0
2022-10-19,10,83,0
2022-10-19,11,698,0
2022-10-19,12,411,0
2022-10-19,13,564,0
2022-10-19,14,193,0
2022-10-19,15,263,0
2022-10-20,1,155,0
2022-10-20,2,522,0
2022-10-20,3,660,0
2022-10-20,4,325,0
2022-10-20,5,561,0
2022-10-20,6,367,0
2022-10-20,7,578,0
2022-10-20,8,605,0
2022-10-20,9,111,0
2022-10-20,10,82,0
2022-10-20,11,689,0
2022-10-20,12,399,0
2022-10-20,13,551,0
2022-10-20,14,190,0
2022-10-20,15,257,0
2022-10-21,1,146,0
2022-10-21,2,518,0
2022-10-21,3,656,0
2022-10-21,4,322,0
2022-10-21,5,557,0
2022-10-21,6,364,0
2022-10-21,7,578,0
2022-10-21,8,600,0
2022-10-21,9,106,0
2022-10-21,10,78,0
2022-10-21,11,688,0
2022-10-21,12,398,0
2022-10-21,13,550,0
2022-10-21,14,187,0
2022-10-21,15,250,0
2022-10-22,1,145,0
2022-10-22,2,477,0
2022-10-22,3,650,0
2022-10-22,4,319,0
2022-10-22,5,553,0
2022-10-22,6,361,0
2022-10-22,7,576,0
2022-10-22,8,600,0
2022-10-22,9,101,0
2022-10-22,10,78,0
2022-10-22,11,681,0
2022-10-22,12,397,0
2022-10-22,13,547,0
2022-10-22,14,181,0
2022-10-22,15,250,0
2022-10-23,1,131,0
2022-10-23,2,464,0
2022-10-23,3,642,0
2022-10-23,4,318,0
2022-10-23,5,548,0
2022-10-23,6,358,0
2022-10-23,7,573,0
2022-10-23,8,591,0
2022-10-23,9,101,0
2022-10-23,10,78,0
2022-10-23,11,678,0
2022-10-23,12,394,0
2022-10-23,13,533,0
2022-10-23,14,177,0
2022-10-23,15,241,0
2022-10-24,1,125,0
2022-10-24,2,457,0
2022-10-24,3,639,0
2022-10-24,4,315,0
2022-10-24,5,548,0
2022-10-24,6,356,0
2022-10-24,7,567,0
2022-10-24,8,584,0
2022-10-24,9,101,0
2022-10-24,10,75,0
2022-10-24,11,678,0
2022-10-24,12,388,0
2022-10-24,13,523,0
2022-10-24,14,174,0
2022-10-24,15,241,0
2022-10-25,1,118,0
2022-10-25,2,442,0
2022-10-25,3,639,0
2022-10-25,4,304,0
2022-10-25,5,542,0
2022-10-25,6,346,0
2022-10-25,7,558,0
2022-10-25,8,575,0
2022-10-25,9,98,0
2022-10-25,10,69,0
2022-10-25,11,676,0
2022-10-25,12,385,0
2022-10-25,13,506,0
2022-10-25,14,173,0
2022-10-25,15,232,0
2022-10-26,1,109,0
2022-10-26,2,436,0
2022-10-26,3,632,0
2022-10-26,4,298,0
2022-10-26,5,532,0
2022-10-26,6,337,0
2022-10-26,7,548,0
2022-10-26,8,575,0
2022-10-26,9,94,0
2022-10-26,10,67,0
2022-10-26,11,676,0
2022-10-26,12,385,0
2022-10-26,13,497,0
2022-10-26,14,171,0
2022-10-26,15,231,0
2022-10-27,1,101,0
2022-10-27,2,433,0
2022-10-27,3,627,0
2022-10-27,4,291,0
2022-10-27,5,529,0
2022-10-27,6,327,0
2022-10-27,7,546,0
2022-10-27,8,567,0
2022-10-27,9,90,0
2022-10-27,10,61,0
2022-10-27,11,676,0
2022-10-27,12,376,0
2022-10-27,13,484,0
2022-10-27,14,158,0
2022-10-27,15,230,0
2022-10-28,1,93,0
2022-10-28,2,422,0
2022-10-28,3,624,0
2022-10-28,4,283,0
2022-10-28,5,521,0
2022-10-28,6,319,0
2022-10-28,7,541,0
2022-10-28,8,564,0
2022-10-28,9,690,600
2022-10-28,10,59,0
2022-10-28,11,668,0
2022-10-28,12,376,0
2022-10-28,13,484,0
2022-10-28,14,151,0
2022-10-28,15,221,0
2022-10-29,1,85,0
2022-10-29,2,417,0
2022-10-29,3,619,0
2022-10-29,4,283,0
2022-10-29,5,521,0
2022-10-29,6,312,0
2022-10-29,7,539,0
2022-10-29,8,560,0
2022-10-29,9,686,0
2022-10-29,10,654,600
2022-10-29,11,666,0
2022-10-29,12,376,0
2022-10-29,13,478,0
2022-10-29,14,151,0
2022-10-29,15,219,0
2022-10-30,1,83,0
2022-10-30,2,415,0
2022-10-30,3,613,0
2022-10-30,4,280,0
2022-10-30,5,509,0
2022-10-30,6,306,0
2022-10-30,7,529,0
2022-10-30,8,557,0
2022-10-30,9,681,0
2022-10-30,10,652,0
2022-10-30,11,662,0
2022-10-30,12,370,0
2022-10-30,13,474,0
2022-10-30,14,144,0
2022-10-30,15,213,0
2022-10-31,1,76,0
2022-10-31,2,411,0
2022-10-31,3,607,0
2022-10-31,4,280,0
2022-10-31,5,508,0
2022-10-31,6,302,0
2022-10-31,7,523,0
2022-10-31,8,557,0
2022-10-31,9,678,0
2022-10-31,10,642,0
2022-10-31,11,651,0
2022-10-31,12,366,0
2022-10-31,13,465,0
2022-10-31,14,138,0
2022-10-31,15,206,0
2022-11-01,1,0,0
2022-11-01,2,365,0
2022-11-01,3,607,0
2022-11-01,4,280,0
2022-11-01,5,504,0
2022-11-01,6,299,0
2022-11-01,7,522,0
2022-11-01,8,556,0
2022-11-01,9,678,0
2022-11-01,10,636,0
2022-11-01,11,648,0
2022-11-01,12,364,0
2022-11-01,13,461,0
2022-11-01,14,133,0
2022-11-01,15,198,0
2022-11-02,1,0,0
2022-11-02,2,299,0
2022-11-02,3,599,0
2022-11-02,4,279,0
2022-11-02,5,501,0
2022-11-02,6,293,0
2022-11-02,7,519,0
2022-11-02,8,546,0
2022-11-02,9,657,0
2022-11-02,10,636,0
2022-11-02,11,642,0
2022-11-02,12,364,0
2022-11-02,13,461,0
2022-11-02,14,131,0
2022-11-02,15,192,0
2022-11-03,1,0,0
2022-11-03,2,228,0
2022-11-03,3,598,0
2022-11-03,4,275,0
2022-11-03,5,500,0
2022-11-03,6,291,0
2022-11-03,7,515,0
2022-11-03,8,538,0
2022-11-03,9,654,0
2022-11-03,10,633,0
2022-11-03,11,639,0
2022-11-03,12,359,0
2022-11-03,13,461,0
2022-11-03,14,124,0
2022-11-03,15,190,0
2022-11-04,1,0,0
2022-11-04,2,183,0
2022-11-04,3,597,0
2022-11-04,4,273,0
2022-11-04,5,498,0
2022-11-04,6,286,0
2022-11-04,7,509,0
2022-11-04,8,535,0
2022-11-04,9,652,0
2022-11-04,10,632,0
2022-11-04,11,637,0
2022-11-04,12,354,0
2022-11-04,13,448,0
2022-11-04,14,124,0
2022-11-04,15,190,0
2022-11-05,1,0,0
2022-11-05,2,120,0
2022-11-05,3,594,0
2022-11-05,4,273,0
2022-11-05,5,494,0
2022-11-05,6,283,0
2022-11-05,7,508,0
2022-11-05,8,533,0
2022-11-05,9,645,0
2022-11-05,10,630,0
2022-11-05,11,637,0
2022-11-05,12,346,0
2022-11-05,13,434,0
2022-11-05,14,117,0
2022-11-05,15,189,0
2022-11-06,1,0,0
2022-11-06,2,75,0
2022-11-06,3,591,0
2022-11-06,4,273,0
2022-11-06,5,494,0
2022-11-06,6,278,0
2022-11-06,7,504,0
2022-11-06,8,526,0
2022-11-06,9,641,0
2022-11-06,10,627,0
2022-11-06,11,631,0
2022-11-06,12,340,0
2022-11-06,13,428,0
2022-11-06,14,112,0
2022-11-06,15,183,0
2022-11-07,1,0,0
2022-11-07,2,1,0
2022-11-07,3,586,0
2022-11-07,4,269,0
2022-11-07,5,490,0
2022-11-07,6,274,0
2022-11-07,7,499,0
2022-11-07,8,519,0
2022-11-07,9,630,0
2022-11-07,10,620,0
2022-11-07,11,627,0
2022-11-07,12,337,0
2022-11-07,13,421,0
2022-11-07,14,112,0
2022-11-07,15,173,0
2022-11-08,1,0,0
2022-11-08,2,0,0
2022-11-08,3,584,0
2022-11-08,4,265,0
2022-11-08,5,490,0
2022-11-08,6,274,0
2022-11-08,7,494,0
2022-11-08,8,513,0
2022-11-08,9,630,0
2022-11-08,10,614,0
2022-11-08,11,625,0
2022-11-08,12,335,0
2022-11-08,13,416,0
2022-11-08,14,108,0
2022-11-08,15,170,0
2022-11-09,1,0,0
2022-11-09,2,0,0
2022-11-09,3,579,0
2022-11-09,4,263,0
2022-11-09,5,490,0
2022-11-09,6,271,0
2022-11-09,7,491,0
2022-11-09,8,510,0
2022-11-09,9,628,0
2022-11-09,10,613,0
2022-11-09,11,621,0
2022-11-09,12,333,0
2022-11-09,13,413,0
2022-11-09,14,106,0
2022-11-09,15,167,0
2022-11-10,1,0,0
2022-11-10,2,0,0
2022-11-10,3,574,0
2022-11-10,4,254,0
2022-11-10,5,484,0
2022-11-10,6,266,0
2022-11-10,7,481,0
2022-11-10,8,503,0
2022-11-10,9,614,0
2022-11-10,10,608,0
2022-11-10,11,616,0
2022-11-10,12,327,0
2022-11-10,13,406,0
2022-11-10,14,102,0
2022-11-10,15,160,0
2022-11-11,1,567,600
2022-11-11,2,0,0
2022-11-11,3,572,0
2022-11-11,4,254,0
2022-11-11,5,479,0
2022-11-11,6,261,0
2022-11-11,7,479,0
2022-11-11,8,495,0
2022-11-11,9,609,0
2022-11-11,10,607,0
2022-11-11,11,614,0
2022-11-11,12,325,0
2022-11-11,13,406,0
2022-11-11,14,99,0
2022-11-11,15,160,0
2022-11-12,1,473,0
2022-11-12,2,0,0
2022-11-12,3,572,0
2022-11-12,4,252,0
2022-11-12,5,466,0
2022-11-12,6,251,0
2022-11-12,7,475,0
2022-11-12,8,482,0
2022-11-12,9,606,0
2022-11-12,10,599,0
2022-11-12,11,606,0
2022-11-12,12,325,0
2022-11-12,13,403,0
2022-11-12,14,99,0
2022-11-12,15,148,0
2022-11-13,1,406,0
2022-11-13,2,0,0
2022-11-13,3,565,0
2022-11-13,4,245,0
2022-11-13,5,463,0
2022-11-13,6,250,0
2022-11-13,7,468,0
2022-11-13,8,476,0
2022-11-13,9,605,0
2022-11-13,10,590,0
2022-11-13,11,602,0
2022-11-13,12,325,0
2022-11-13,13,395,0
2022-11-13,14,91,0
2022-11-13,15,144,0
2022-11-14,1,336,0
2022-11-14,2,0,0
2022-11-14,3,558,0
2022-11-14,4,240,0
2022-11-14,5,460,0
2022-11-14,6,248,0
2022-11-14,7,459,0
2022-11-14,8,474,0
2022-11-14,9,596,0
2022-11-14,10,582,0
2022-11-14,11,598,0
2022-11-14,12,319,0
2022-11-14,13,394,0
2022-11-14,14,88,0
2022-11-14,15,137,0
2022-11-15,1,264,0
2022-11-15,2,0,0
2022-11-15,3,555,0
2022-11-15,4,236,0
2022-11-15,5,457,0
2022-11-15,6,243,0
2022-11-15,7,459,0
2022-11-15,8,469,0
2022-11-15,9,592,0
2022-11-15,10,577,0
2022-11-15,11,597,0
2022-11-15,12,309,0
2022-11-15,13,394,0
2022-11-15,14,88,0
2022-11-15,15,134,0
2022-11-16,1,224,0
2022-11-16,2,0,0
2022-11-16,3,550,0
2022-11-16,4,228,0
2022-11-16,5,455,0
2022-11-16,6,238,0
2022-11-16,7,459,0
2022-11-16,8,465,0
2022-11-16,9,585,0
2022-11-16,10,574,0
2022-11-16,11,594,0
2022-11-16,12,301,0
2022-11-16,13,393,0
2022-11-16,14,83,0
2022-11-16,15,124,0
2022-11-17,1,174,0
2022-11-17,2,0,0
2022-11-17,3,550,0
2022-11-17,4,221,0
2022-11-17,5,451,0
2022-11-17,6,231,0
2022-11-17,7,452,0
2022-11-17,8,459,0
2022-11-17,9,584,0
2022-11-17,10,569,0
2022-11-17,11,591,0
2022-11-17,12,301,0
2022-11-17,13,393,0
2022-11-17,14,77,0
2022-11-17,15,124,0
2022-11-18,1,114,0
2022-11-18,2,0,0
2022-11-18,3,549,0
2022-11-18,4,211,0
2022-11-18,5,449,0
2022-11-18,6,227,0
2022-11-18,7,449,0
2022-11-18,8,455,0
2022-11-18,9,546,0
2022-11-18,10,569,0
2022-11-18,11,591,0
2022-11-18,12,296,0
2022-11-18,13,389,0
2022-11-18,14,71,0
2022-11-18,15,121,0
2022-11-19,1,61,0
2022-11-19,2,518,600
2022-11-19,3,549,0
2022-11-19,4,208,0
2022-11-19,5,444,0
2022-11-19,6,225,0
2022-11-19,7,445,0
2022-11-19,8,451,0
2022-11-19,9,538,0
2022-11-19,10,564,0
2022-11-19,11,587,0
2022-11-19,12,295,0
2022-11-19,13,381,0
2022-11-19,14,65,0
2022-11-19,15,117,0
2022-11-20,1,0,0
2022-11-20,2,437,0
2022-11-20,3,548,0
2022-11-20,4,204,0
2022-11-20,5,441,0
2022-11-20,6,220,0
2022-11-20,7,443,0
2022-11-20,8,448,0
2022-11-20,9,530,0
2022-11-20,10,560,0
2022-11-20,11,573,0
2022-11-20,12,287,0
2022-11-20,13,378,0
2022-11-20,14,56,0
2022-11-20,15,106,0
2022-11-21,1,0,0
2022-11-21,2,364,0
2022-11-21,3,547,0
2022-11-21,4,190,0
2022-11-21,5,437,0
2022-11-21,6,217,0
2022-11-21,7,439,0
2022-11-21,8,444,0
2022-11-21,9,519,0
2022-11-21,10,558,0
2022-11-21,11,568,0
2022-11-21,12,284,0
2022-11-21,13,377,0
2022-11-21,14,49,0
2022-11-21,15,103,0
2022-11-22,1,0,0
2022-11-22,2,309,0
2022-11-22,3,546,0
2022-11-22,4,190,0
2022-11-22,5,437,0
2022-11-22,6,210,0
2022-11-22,7,430,0
2022-11-22,8,433,0
2022-11-22,9,508,0
2022-11-22,10,553,0
2022-11-22,11,566,0
2022-11-22,12,271,0
2022-11-22,13,375,0
2022-11-22,14,43,0
2022-11-22,15,103,0
2022-11-23,1,0,0
2022-11-23,2,279,0
2022-11-23,3,545,0
2022-11-23,4,190,0
2022-11-23,5,436,0
2022-11-23,6,207,0
2022-11-23,7,424,0
2022-11-23,8,427,0
2022-11-23,9,507,0
2022-11-23,10,550,0
2022-11-23,11,564,0
2022-11-23,12,271,0
2022-11-23,13,372,0
2022-11-23,14,40,0
2022-11-23,15,100,0
2022-11-24,1,0,0
2022-11-24,2,192,0
2022-11-24,3,538,0
2022-11-24,4,186,0
2022-11-24,5,430,0
2022-11-24,6,202,0
2022-11-24,7,419,0
2022-11-24,8,419,0
2022-11-24,9,497,0
2022-11-24,10,543,0
2022-11-24,11,554,0
2022-11-24,12,268,0
2022-11-24,13,370,0
2022-11-24,14,35,0
2022-11-24,15,93,0
2022-11-25,1,0,0
2022-11-25,2,117,0
2022-11-25,3,536,0
2022-11-25,4,186,0
2022-11-25,5,425,0
2022-11-25,6,197,0
2022-11-25,7,416,0
2022-11-25,8,411,0
2022-11-25,9,494,0
2022-11-25,10,537,0
2022-11-25,11,548,0
2022-11-25,12,267,0
2022-11-25,13,370,0
2022-11-25,14,35,0
2022-11-25,15,89,0
2022-11-26,1,0,0
2022-11-26,2,68,0
2022-11-26,3,533,0
2022-11-26,4,185,0
2022-11-26,5,418,0
2022-11-26,6,192,0
2022-11-26,7,414,0
2022-11-26,8,407,0
2022-11-26,9,486,0
2022-11-26,10,535,0
2022-11-26,11,546,0
2022-11-26,12,264,0
2022-11-26,13,367,0
2022-11-26,14,31,0
2022-11-26,15,86,0
2022-11-27,1,0,0
2022-11-27,2,35,0
2022-11-27,3,529,0
2022-11-27,4,182,0
2022-11-27,5,412,0
2022-11-27,6,189,0
2022-11-27,7,409,0
2022-11-27,8,402,0
2022-11-27,9,481,0
2022-11-27,10,531,0
2022-11-27,11,543,0
2022-11-27,12,260,0
2022-11-27,13,367,0
2022-11-27,14,29,0
2022-11-27,15,668,600
2022-11-28,1,0,0
2022-11-28,2,0,0
2022-11-28,3,524,0
2022-11-28,4,176,0
2022-11-28,5,406,0
2022-11-28,6,185,0
2022-11-28,7,403,0
2022-11-28,8,396,0
2022-11-28,9,475,0
2022-11-28,10,524,0
2022-11-28,11,539,0
2022-11-28,12,244,0
2022-11-28,13,363,0
2022-11-28,14,17,0
2022-11-28,15,666,0
2022-11-29,1,0,0
2022-11-29,2,0,0
2022-11-29,3,513,0
2022-11-29,4,172,0
2022-11-29,5,403,0
2022-11-29,6,181,0
2022-11-29,7,399,0
2022-11-29,8,393,0
2022-11-29,9,464,0
2022-11-29,10,511,0
2022-11-29,11,527,0
2022-11-29,12,242,0
2022-11-29,13,359,0
2022-11-29,14,5,0
2022-11-29,15,661,0
2022-11-30,1,0,0
2022-11-30,2,0,0
2022-11-30,3,509,0
2022-11-30,4,170,0
2022-11-30,5,398,0
2022-11-30,6,180,0
2022-11-30,7,394,0
2022-11-30,8,392,0
2022-11-30,9,462,0
2022-11-30,10,507,0
2022-11-30,11,524,0
2022-11-30,12,238,0
2022-11-30,13,358,0
2022-11-30,14,1,0
2022-11-30,15,659,0
2022-12-01,1,0,0
2022-12-01,2,0,0
2022-12-01,3,504,0
2022-12-01,4,168,0
2022-12-01,5,392,0
2022-12-01,6,176,0
2022-12-01,7,391,0
2022-12-01,8,387,0
2022-12-01,9,456,0
2022-12-01,10,503,0
2022-12-01,11,521,0
2022-12-01,12,233,0
2022-12-01,13,356,0
2022-12-01,14,0,0
2022-12-01,15,654,0
2022-12-02,1,0,0
2022-12-02,2,0,0
2022-12-02,3,491,0
2022-12-02,4,163,0
2022-12-02,5,391,0
2022-12-02,6,174,0
2022-12-02,7,388,0
2022-12-02,8,376,0
2022-12-02,9,450,0
2022-12-02,10,501,0
2022-12-02,11,518,0
2022-12-02,12,228,0
2022-12-02,13,351,0
2022-12-02,14,0,0
2022-12-02,15,654,0
2022-12-03,1,0,0
2022-12-03,2,0,0
2022-12-03,3,483,0
2022-12-03,4,160,0
2022-12-03,5,390,0
2022-12-03,6,171,0
2022-12-03,7,384,0
2022-12-03,8,370,0
2022-12-03,9,447,0
2022-12-03,10,495,0
2022-12-03,11,511,0
2022-12-03,12,224,0
2022-12-03,13,351,0
2022-12-03,14,0,0
2022-12-03,15,654,0
2022-12-04,1,0,0
2022-12-04,2,0,0
2022-12-04,3,477,0
2022-12-04,4,155,0
2022-12-04,5,382,0
2022-12-04,6,167,0
2022-12-04,7,377,0
2022-12-04,8,367,0
2022-12-04,9,438,0
2022-12-04,10,488,0
2022-12-04,11,508,0
2022-12-04,12,220,0
2022-12-04,13,346,0
2022-12-04,14,0,0
2022-12-04,15,651,0
2022-12-05,1,0,0
2022-12-05,2,0,0
2022-12-05,3,471,0
2022-12-05,4,155,0
2022-12-05,5,377,0
2022-12-05,6,167,0
2022-12-05,7,374,0
2022-12-05,8,366,0
2022-12-05,9,434,0
2022-12-05,10,483,0
2022-12-05,11,504,0
2022-12-05,12,220,0
2022-12-05,13,343,0
2022-12-05,14,0,0
2022-12-05,15,646,0
2022-12-06,1,0,0
2022-12-06,2,0,0
2022-12-06,3,468,0
2022-12-06,4,155,0
2022-12-06,5,377,0
2022-12-06,6,162,0
2022-12-06,7,372,0
2022-12-06,8,364,0
2022-12-06,9,431,0
2022-12-06,10,482,0
2022-12-06,11,504,0
2022-12-06,12,220,0
2022-12-06,13,339,0
2022-12-06,14,0,0
2022-12-06,15,643,0
2022-12-07,1,0,0
2022-12-07,2,0,0
2022-12-07,3,455,0
2022-12-07,4,147,0
2022-12-07,5,372,0
2022-12-07,6,148,0
2022-12-07,7,363,0
2022-12-07,8,360,0
2022-12-07,9,423,0
2022-12-07,10,482,0
2022-12-07,11,501,0
2022-12-07,12,220,0
2022-12-07,13,330,0
2022-12-07,14,0,0
2022-12-07,15,638,0
2022-12-08,1,0,0
2022-12-08,2,0,0
2022-12-08,3,442,0
2022-12-08,4,141,0
2022-12-08,5,367,0
2022-12-08,6,142,0
2022-12-08,7,347,0
2022-12-08,8,355,0
2022-12-08,9,414,0
2022-12-08,10,478,0
2022-12-08,11,490,0
2022-12-08,12,218,0
2022-12-08,13,328,0
2022-12-08,14,0,0
2022-12-08,15,637,0
2022-12-09,1,505,600
2022-12-09,2,541,600
2022-12-09,3,437,0
2022-12-09,4,133,0
2022-12-09,5,357,0
2022-12-09,6,129,0
2022-12-09,7,303,0
2022-12-09,8,338,0
2022-12-09,9,408,0
2022-12-09,10,470,0
2022-12-09,11,487,0
2022-12-09,12,168,0
2022-12-09,13,325,0
2022-12-09,14,0,0
2022-12-09,15,631,0
2022-12-10,1,448,0
2022-12-10,2,498,0
2022-12-10,3,432,0
2022-12-10,4,133,0
2022-12-10,5,349,0
2022-12-10,6,121,0
2022-12-10,7,292,0
2022-12-10,8,338,0
2022-12-10,9,403,0
2022-12-10,10,463,0
2022-12-10,11,484,0
2022-12-10,12,165,0
2022-12-10,13,320,0
2022-12-10,14,0,0
2022-12-10,15,626,0
2022-12-11,1,387,0
2022-12-11,2,392,0
2022-12-11,3,430,0
2022-12-11,4,126,0
2022-12-11,5,340,0
2022-12-11,6,116,0
2022-12-11,7,291,0
2022-12-11,8,335,0
2022-12-11,9,400,0
2022-12-11,10,459,0
2022-12-11,11,479,0
2022-12-11,12,165,0
2022-12-11,13,315,0
2022-12-11,14,0,0
2022-12-11,15,623,0
2022-12-12,1,327,0
2022-12-12,2,335,0
2022-12-12,3,429,0
2022-12-12,4,125,0
2022-12-12,5,334,0
2022-12-12,6,116,0
2022-12-12,7,286,0
2022-12-12,8,335,0
2022-12-12,9,382,0
2022-12-12,10,455,0
2022-12-12,11,476,0
2022-12-12,12,163,0
2022-12-12,13,313,0
2022-12-12,14,0,0
2022-12-12,15,617,0
2022-12-13,1,259,0
2022-12-13,2,241,0
2022-12-13,3,426,0
2022-12-13,4,120,0
2022-12-13,5,325,0
2022-12-13,6,112,0
2022-12-13,7,277,0
2022-12-13,8,330,0
2022-12-13,9,380,0
2022-12-13,10,453,0
2022-12-13,11,474,0
2022-12-13,12,157,0
2022-12-13,13,308,0
2022-12-13,14,0,0
2022-12-13,15,607,0
2022-12-14,1,146,0
2022-12-14,2,193,0
2022-12-14,3,419,0
2022-12-14,4,111,0
2022-12-14,5,322,0
2022-12-14,6,112,0
2022-12-14,7,270,0
2022-12-14,8,330,0
2022-12-14,9,369,0
2022-12-14,10,449,0
2022-12-14,11,465,0
2022-12-14,12,157,0
2022-12-14,13,295,0
2022-12-14,14,597,600
2022-12-14,15,602,0
2022-12-15,1,74,0
2022-12-15,2,91,0
2022-12-15,3,419,0
2022-12-15,4,107,0
2022-12-15,5,319,0
2022-12-15,6,111,0
2022-12-15,7,269,0
2022-12-15,8,330,0
2022-12-15,9,365,0
2022-12-15,10,445,0
2022-12-15,11,460,0
2022-12-15,12,156,0
2022-12-15,13,293,0
2022-12-15,14,592,0
2022-12-15,15,597,0
2022-12-16,1,1,0
2022-12-16,2,20,0
2022-12-16,3,412,0
2022-12-16,4,105,0
2022-12-16,5,310,0
2022-12-16,6,103,0
2022-12-16,7,264,0
2022-12-16,8,323,0
2022-12-16,9,355,0
2022-12-16,10,442,0
2022-12-16,11,448,0
2022-12-16,12,153,0
2022-12-16,13,293,0
2022-12-16,14,583,0
2022-12-16,15,590,0
2022-12-17,1,0,0
2022-12-17,2,0,0
2022-12-17,3,410,0
2022-12-17,4,694,600
2022-12-17,5,304,0
2022-12-17,6,98,0
2022-12-17,7,256,0
2022-12-17,8,317,0
2022-12-17,9,352,0
2022-12-17,10,439,0
2022-12-17,11,440,0
2022-12-17,12,149,0
2022-12-17,13,272,0
2022-12-17,14,582,0
2022-12-17,15,585,0
2022-12-18,1,0,0
2022-12-18,2,0,0
2022-12-18,3,410,0
2022-12-18,4,691,0
2022-12-18,5,296,0
2022-12-18,6,97,0
2022-12-18,7,255,0
2022-12-18,8,315,0
2022-12-18,9,352,0
2022-12-18,10,432,0
2022-12-18,11,438,0
2022-12-18,12,149,0
2022-12-18,13,268,0
2022-12-18,14,573,0
2022-12-18,15,585,0
2022-12-19,1,0,0
2022-12-19,2,0,0
2022-12-19,3,407,0
2022-12-19,4,687,0
2022-12-19,5,290,0
2022-12-19,6,86,0
2022-12-19,7,252,0
2022-12-19,8,308,0
2022-12-19,9,349,0
2022-12-19,10,429,0
2022-12-19,11,437,0
2022-12-19,12,144,0
2022-12-19,13,253,0
2022-12-19,14,568,0
2022-12-19,15,578,0
2022-12-20,1,0,0
2022-12-20,2,0,0
2022-12-20,3,404,0
2022-12-20,4,684,0
2022-12-20,5,290,0
2022-12-20,6,77,0
2022-12-20,7,250,0
2022-12-20,8,282,0
2022-12-20,9,349,0
2022-12-20,10,420,0
2022-12-20,11,433,0
2022-12-20,12,142,0
2022-12-20,13,252,0
2022-12-20,14,568,0
2022-12-20,15,572,0
2022-12-21,1,0,0
2022-12-21,2,0,0
2022-12-21,3,402,0
2022-12-21,4,683,0
2022-12-21,5,289,0
2022-12-21,6,76,0
2022-12-21,7,239,0
2022-12-21,8,279,0
2022-12-21,9,343,0
2022-12-21,10,415,0
2022-12-21,11,429,0
2022-12-21,12,125,0
2022-12-21,13,248,0
2022-12-21,14,560,0
2022-12-21,15,566,0
2022-12-22,1,0,0
2022-12-22,2,0,0
2022-12-22,3,396,0
2022-12-22,4,675,0
2022-12-22,5,286,0
2022-12-22,6,76,0
2022-12-22,7,238,0
2022-12-22,8,266,0
2022-12-22,9,341,0
2022-12-22,10,412,0
2022-12-22,11,420,0
2022-12-22,12,122,0
2022-12-22,13,245,0
2022-12-22,14,558,0
2022-12-22,15,565,0
2022-12-23,1,0,0
2022-12-23,2,0,0
2022-12-23,3,392,0
2022-12-23,4,675,0
2022-12-23,5,280,0
2022-12-23,6,65,0
2022-12-23,7,238,0
2022-12-23,8,263,0
2022-12-23,9,334,0
2022-12-23,10,404,0
2022-12-23,11,419,0
2022-12-23,12,115,0
2022-12-23,13,239,0
2022-12-23,14,556,0
2022-12-23,15,552,0
2022-12-24,1,0,0
2022-12-24,2,0,0
2022-12-24,3,392,0
2022-12-24,4,671,0
2022-12-24,5,272,0
2022-12-24,6,59,0
2022-12-24,7,234,0
2022-12-24,8,260,0
2022-12-24,9,326,0
2022-12-24,10,402,0
2022-12-24,11,415,0
2022-12-24,12,105,0
2022-12-24,13,231,0
2022-12-24,14,553,0
2022-12-24,15,547,0
2022-12-25,1,0,0
2022-12-25,2,0,0
2022-12-25,3,383,0
2022-12-25,4,668,0
2022-12-25,5,266,0
2022-12-25,6,54,0
2022-12-25,7,220,0
2022-12-25,8,250,0
2022-12-25,9,324,0
2022-12-25,10,401,0
2022-12-25,11,412,0
2022-12-25,12,103,0
2022-12-25,13,224,0
2022-12-25,14,551,0
2022-12-25,15,543,0
2022-12-26,1,0,0
2022-12-26,2,0,0
2022-12-26,3,380,0
2022-12-26,4,667,0
2022-12-26,5,259,0
2022-12-26,6,49,0
2022-12-26,7,216,0
2022-12-26,8,241,0
2022-12-26,9,319,0
2022-12-26,10,400,0
2022-12-26,11,410,0
2022-12-26,12,98,0
2022-12-26,13,219,0
2022-12-26,14,545,0
2022-12-26,15,543,0
2022-12-27,1,0,0
2022-12-27,2,0,0
2022-12-27,3,371,0
2022-12-27,4,661,0
2022-12-27,5,257,0
2022-12-27,6,49,0
2022-12-27,7,207,0
2022-12-27,8,187,0
2022-12-27,9,316,0
2022-12-27,10,388,0
2022-12-27,11,405,0
2022-12-27,12,692,600
2022-12-27,13,219,0
2022-12-27,14,539,0
2022-12-27,15,525,0
2022-12-28,1,0,0
2022-12-28,2,0,0
2022-12-28,3,370,0
2022-12-28,4,655,0
2022-12-28,5,254,0
2022-12-28,6,48,0
2022-12-28,7,199,0
2022-12-28,8,187,0
2022-12-28,9,313,0
2022-12-28,10,380,0
2022-12-28,11,404,0
2022-12-28,12,675,0
2022-12-28,13,216,0
2022-12-28,14,538,0
2022-12-28,15,514,0
2022-12-29,1,0,0
2022-12-29,2,446,600
2022-12-29,3,370,0
2022-12-29,4,652,0
2022-12-29,5,244,0
2022-12-29,6,48,0
2022-12-29,7,194,0
2022-12-29,8,150,0
2022-12-29,9,308,0
2022-12-29,10,380,0
2022-12-29,11,399,0
2022-12-29,12,675,0
2022-12-29,13,215,0
2022-12-29,14,533,0
2022-12-29,15,511,0
2022-12-30,1,0,0
2022-12-30,2,383,0
2022-12-30,3,358,0
2022-12-30,4,644,0
2022-12-30,5,244,0
2022-12-30,6,37,0
2022-12-30,7,188,0
2022-12-30,8,148,0
2022-12-30,9,305,0
2022-12-30,10,374,0
2022-12-30,11,391,0
2022-12-30,12,675,0
2022-12-30,13,209,0
2022-12-30,14,525,0
2022-12-30,15,504,0
2022-12-31,1,0,0
2022-12-31,2,331,0
2022-12-31,3,358,0
2022-12-31,4,639,0
2022-12-31,5,241,0
2022-12-31,6,31,0
2022-12-31,7,182,0
2022-12-31,8,145,0
2022-12-31,9,302,0
2022-12-31,10,371,0
2022-12-31,11,383,0
2022-12-31,12,675,0
2022-12-31,13,199,0
2022-12-31,14,523,0
2022-12-31,15,503,0
2023-01-01,1,0,0
2023-01-01,2,325,0
2023-01-01,3,356,0
2023-01-01,4,631,0
2023-01-01,5,236,0
2023-01-01,6,24,0
2023-01-01,7,180,0
2023-01-01,8,143,0
2023-01-01,9,297,0
2023-01-01,10,366,0
2023-01-01,11,375,0
2023-01-01,12,671,0
2023-01-01,13,195,0
2023-01-01,14,515,0
2023-01-01,15,502,0
2023-01-02,1,0,0
2023-01-02,2,313,0
2023-01-02,3,355,0
2023-01-02,4,626,0
2023-01-02,5,228,0
2023-01-02,6,22,0
2023-01-02,7,180,0
2023-01-02,8,138,0
2023-01-02,9,288,0
2023-01-02,10,353,0
2023-01-02,11,373,0
2023-01-02,12,662,0
2023-01-02,13,185,0
2023-01-02,14,511,0
2023-01-02,15,502,0
2023-01-03,1,0,0
2023-01-03,2,303,0
2023-01-03,3,324,0
2023-01-03,4,626,0
2023-01-03,5,225,0
2023-01-03,6,16,0
2023-01-03,7,174,0
2023-01-03,8,134,0
2023-01-03,9,282,0
2023-01-03,10,352,0
2023-01-03,11,370,0
2023-01-03,12,657,0
2023-01-03,13,176,0
2023-01-03,14,506,0
2023-01-03,15,493,0
2023-01-04,1,591,600
2023-01-04,2,292,0
2023-01-04,3,320,0
2023-01-04,4,626,0
2023-01-04,5,225,0
2023-01-04,6,12,0
2023-01-04,7,162,0
2023-01-04,8,131,0
2023-01-04,9,279,0
2023-01-04,10,349,0
2023-01-04,11,363,0
2023-01-04,12,655,0
2023-01-04,13,175,0
2023-01-04,14,502,0
2023-01-04,15,485,0
2023-01-05,1,590,0
2023-01-05,2,283,0
2023-01-05,3,315,0
2023-01-05,4,621,0
2023-01-05,5,216,0
2023-01-05,6,8,0
2023-01-05,7,154,0
2023-01-05,8,121,0
2023-01-05,9,276,0
2023-01-05,10,342,0
2023-01-05,11,360,0
2023-01-05,12,650,0
2023-01-05,13,172,0
2023-01-05,14,500,0
2023-01-05,15,477,0
2023-01-06,1,583,0
2023-01-06,2,277,0
2023-01-06,3,311,0
2023-01-06,4,613,0
2023-01-06,5,191,0
2023-01-06,6,605,600
2023-01-06,7,148,0
2023-01-06,8,706,600
2023-01-06,9,271,0
2023-01-06,10,337,0
2023-01-06,11,350,0
2023-01-06,12,645,0
2023-01-06,13,172,0
2023-01-06,14,498,0
2023-01-06,15,471,0
2023-01-07,1,576,0
2023-01-07,2,270,0
2023-01-07,3,305,0
2023-01-07,4,605,0
2023-01-07,5,185,0
2023-01-07,6,602,0
2023-01-07,7,144,0
2023-01-07,8,700,0
2023-01-07,9,271,0
2023-01-07,10,328,0
2023-01-07,11,343,0
2023-01-07,12,645,0
2023-01-07,13,165,0
2023-01-07,14,495,0
2023-01-07,15,468,0
2023-01-08,1,574,0
2023-01-08,2,268,0
2023-01-08,3,304,0
2023-01-08,4,605,0
2023-01-08,5,183,0
2023-01-08,6,596,0
2023-01-08,7,135,0
2023-01-08,8,693,0
2023-01-08,9,265,0
2023-01-08,10,328,0
2023-01-08,11,334,0
2023-01-08,12,644,0
2023-01-08,13,163,0
2023-01-08,14,490,0
2023-01-08,15,462,0
2023-01-09,1,564,0
2023-01-09,2,256,0
2023-01-09,3,293,0
2023-01-09,4,605,0
2023-01-09,5,177,0
2023-01-09,6,591,0
2023-01-09,7,127,0
2023-01-09,8,690,0
2023-01-09,9,261,0
2023-01-09,10,323,0
2023-01-09,11,320,0
2023-01-09,12,636,0
2023-01-09,13,147,0
2023-01-09,14,484,0
2023-01-09,15,456,0
2023-01-10,1,545,0
2023-01-10,2,252,0
2023-01-10,3,285,0
2023-01-10,4,601,0
2023-01-10,5,174,0
2023-01-10,6,589,0
2023-01-10,7,125,0
2023-01-10,8,689,0
2023-01-10,9,255,0
2023-01-10,10,323,0
2023-01-10,11,317,0
2023-01-10,12,634,0
2023-01-10,13,135,0
2023-01-10,14,473,0
2023-01-10,15,456,0
2023-01-11,1,530,0
2023-01-11,2,244,0
2023-01-11,3,279,0
2023-01-11,4,599,0
2023-01-11,5,170,0
2023-01-11,6,585,0
2023-01-11,7,122,0
2023-01-11,8,685,0
2023-01-11,9,252,0
2023-01-11,10,317,0
2023-01-11,11,312,0
2023-01-11,12,632,0
2023-01-11,13,132,0
2023-01-11,14,471,0
2023-01-11,15,450,0
2023-01-12,1,520,0
2023-01-12,2,228,0
2023-01-12,3,268,0
2023-01-12,4,595,0
2023-01-12,5,170,0
2023-01-12,6,585,0
2023-01-12,7,115,0
2023-01-12,8,678,0
2023-01-12,9,246,0
2023-01-12,10,313,0
2023-01-12,11,307,0
2023-01-12,12,626,0
2023-01-12,13,130,0
2023-01-12,14,459,0
2023-01-12,15,447,0
2023-01-13,1,493,0
2023-01-13,2,218,0
2023-01-13,3,263,0
2023-01-13,4,591,0
2023-01-13,5,170,0
2023-01-13,6,580,0
2023-01-13,7,114,0
2023-01-13,8,676,0
2023-01-13,9,236,0
2023-01-13,10,308,0
2023-01-13,11,294,0
2023-01-13,12,621,0
2023-01-13,13,127,0
2023-01-13,14,452,0
2023-01-13,15,439,0
2023-01-14,1,480,0
2023-01-14,2,214,0
2023-01-14,3,261,0
2023-01-14,4,588,0
2023-01-14,5,162,0
2023-01-14,6,566,0
2023-01-14,7,111,0
2023-01-14,8,664,0
2023-01-14,9,232,0
2023-01-14,10,302,0
2023-01-14,11,291,0
2023-01-14,12,620,0
2023-01-14,13,126,0
2023-01-14,14,448,0
2023-01-14,15,432,0
2023-01-15,1,463,0
2023-01-15,2,208,0
2023-01-15,3,258,0
2023-01-15,4,581,0
2023-01-15,5,154,0
2023-01-15,6,563,0
2023-01-15,7,106,0
2023-01-15,8,661,0
2023-01-15,9,229,0
2023-01-15,10,302,0
2023-01-15,11,286,0
2023-01-15,12,620,0
2023-01-15,13,125,0
2023-01-15,14,440,0
2023-01-15,15,426,0
2023-01-16,1,453,0
2023-01-16,2,199,0
2023-01-16,3,256,0
2023-01-16,4,580,0
2023-01-16,5,140,0
2023-01-16,6,553,0
2023-01-16,7,103,0
2023-01-16,8,660,0
2023-01-16,9,225,0
2023-01-16,10,300,0
2023-01-16,11,278,0
2023-01-16,12,614,0
2023-01-16,13,122,0
2023-01-16,14,439,0
2023-01-16,15,414,0
2023-01-17,1,448,0
2023-01-17,2,193,0
2023-01-17,3,249,0
2023-01-17,4,573,0
2023-01-17,5,137,0
2023-01-17,6,549,0
2023-01-17,7,97,0
2023-01-17,8,655,0
2023-01-17,9,222,0
2023-01-17,10,295,0
2023-01-17,11,274,0
2023-01-17,12,595,0
2023-01-17,13,114,0
2023-01-17,14,426,0
2023-01-17,15,411,0
2023-01-18,1,436,0
2023-01-18,2,176,0
2023-01-18,3,249,0
2023-01-18,4,573,0
2023-01-18,5,134,0
2023-01-18,6,541,0
2023-01-18,7,94,0
2023-01-18,8,643,0
2023-01-18,9,217,0
2023-01-18,10,290,0
2023-01-18,11,268,0
2023-01-18,12,594,0
2023-01-18,13,114,0
2023-01-18,14,420,0
2023-01-18,15,410,0
2023-01-19,1,433,0
2023-01-19,2,173,0
2023-01-19,3,248,0
2023-01-19,4,565,0
2023-01-19,5,132,0
2023-01-19,6,538,0
2023-01-19,7,83,0
2023-01-19,8,642,0
2023-01-19,9,217,0
2023-01-19,10,285,0
2023-01-19,11,268,0
2023-01-19,12,592,0
2023-01-19,13,714,600
2023-01-19,14,417,0
2023-01-19,15,407,0
2023-01-20,1,423,0
2023-01-20,2,163,0
2023-01-20,3,244,0
2023-01-20,4,557,0
2023-01-20,5,127,0
2023-01-20,6,537,0
2023-01-20,7,79,0
2023-01-20,8,634,0
2023-01-20,9,201,0
2023-01-20,10,281,0
2023-01-20,11,264,0
2023-01-20,12,579,0
2023-01-20,13,708,0
2023-01-20,14,402,0
2023-01-20,15,401,0
2023-01-21,1,418,0
2023-01-21,2,162,0
2023-01-21,3,199,0
2023-01-21,4,550,0
2023-01-21,5,116,0
2023-01-21,6,529,0
2023-01-21,7,70,0
2023-01-21,8,625,0
2023-01-21,9,201,0
2023-01-21,10,276,0
2023-01-21,11,261,0
2023-01-21,12,575,0
2023-01-21,13,704,0
2023-01-21,14,396,0
2023-01-21,15,400,0
2023-01-22,1,408,0
2023-01-22,2,155,0
2023-01-22,3,180,0
2023-01-22,4,543,0
2023-01-22,5,111,0
2023-01-22,6,525,0
2023-01-22,7,66,0
2023-01-22,8,618,0
2023-01-22,9,194,0
2023-01-22,10,270,0
2023-01-22,11,256,0
2023-01-22,12,570,0
2023-01-22,13,699,0
2023-01-22,14,390,0
2023-01-22,15,394,0
2023-01-23,1,400,0
2023-01-23,2,145,0
2023-01-23,3,179,0
2023-01-23,4,538,0
2023-01-23,5,98,0
2023-01-23,6,524,0
2023-01-23,7,57,0
2023-01-23,8,618,0
2023-01-23,9,192,0
2023-01-23,10,266,0
2023-01-23,11,250,0
2023-01-23,12,569,0
2023-01-23,13,697,0
2023-01-23,14,381,0
2023-01-23,15,385,0
2023-01-24,1,382,0
2023-01-24,2,137,0
2023-01-24,3,179,0
2023-01-24,4,538,0
2023-01-24,5,95,0
2023-01-24,6,521,0
2023-01-24,7,55,0
2023-01-24,8,610,0
2023-01-24,9,192,0
2023-01-24,10,265,0
2023-01-24,11,248,0
2023-01-24,12,564,0
2023-01-24,13,696,0
2023-01-24,14,377,0
2023-01-24,15,375,0
2023-01-25,1,366,0
2023-01-25,2,124,0
2023-01-25,3,176,0
2023-01-25,4,534,0
2023-01-25,5,91,0
2023-01-25,6,521,0
2023-01-25,7,42,0
2023-01-25,8,610,0
2023-01-25,9,188,0
2023-01-25,10,262,0
2023-01-25,11,243,0
2023-01-25,12,555,0
2023-01-25,13,694,0
2023-01-25,14,375,0
2023-01-25,15,368,0
2023-01-26,1,361,0
2023-01-26,2,109,0
2023-01-26,3,175,0
2023-01-26,4,529,0
2023-01-26,5,86,0
2023-01-26,6,521,0
2023-01-26,7,35,0
2023-01-26,8,605,0
2023-01-26,9,185,0
2023-01-26,10,256,0
2023-01-26,11,234,0
2023-01-26,12,553,0
2023-01-26,13,689,0
2023-01-26,14,374,0
2023-01-26,15,366,0
2023-01-27,1,350,0
2023-01-27,2,103,0
2023-01-27,3,171,0
2023-01-27,4,526,0
2023-01-27,5,83,0
2023-01-27,6,516,0
2023-01-27,7,33,0
2023-01-27,8,598,0
2023-01-27,9,181,0
2023-01-27,10,251,0
2023-01-27,11,230,0
2023-01-27,12,544,0
2023-01-27,13,685,0
2023-01-27,14,372,0
2023-01-27,15,363,0
2023-01-28,1,347,0
2023-01-28,2,99,0
2023-01-28,3,161,0
2023-01-28,4,521,0
2023-01-28,5,680,600
2023-01-28,6,516,0
2023-01-28,7,32,0
2023-01-28,8,594,0
2023-01-28,9,179,0
2023-01-28,10,244,0
2023-01-28,11,230,0
2023-01-28,12,537,0
2023-01-28,13,679,0
2023-01-28,14,366,0
2023-01-28,15,358,0
2023-01-29,1,333,0
2023-01-29,2,85,0
2023-01-29,3,154,0
2023-01-29,4,514,0
2023-01-29,5,672,0
2023-01-29,6,511,0
2023-01-29,7,32,0
2023-01-29,8,591,0
2023-01-29,9,170,0
2023-01-29,10,241,0
2023-01-29,11,229,0
2023-01-29,12,532,0
2023-01-29,13,678,0
2023-01-29,14,359,0
2023-01-29,15,355,0
2023-01-30,1,327,0
2023-01-30,2,81,0
2023-01-30,3,152,0
2023-01-30,4,512,0
2023-01-30,5,668,0
2023-01-30,6,506,0
2023-01-30,7,32,0
2023-01-30,8,587,0
2023-01-30,9,160,0
2023-01-30,10,238,0
2023-01-30,11,224,0
2023-01-30,12,528,0
2023-01-30,13,676,0
2023-01-30,14,353,0
2023-01-30,15,345,0
2023-01-31,1,325,0
2023-01-31,2,75,0
2023-01-31,3,144,0
2023-01-31,4,510,0
2023-01-31,5,668,0
2023-01-31,6,503,0
2023-01-31,7,27,0
2023-01-31,8,581,0
2023-01-31,9,150,0
2023-01-31,10,235,0
2023-01-31,11,218,0
2023-01-31,12,521,0
2023-01-31,13,670,0
2023-01-31,14,344,0
2023-01-31,15,337,0
2023-02-01,1,315,0
2023-02-01,2,72,0
2023-02-01,3,132,0
2023-02-01,4,506,0
2023-02-01,5,654,0
2023-02-01,6,499,0
2023-02-01,7,20,0
2023-02-01,8,567,0
2023-02-01,9,145,0
2023-02-01,10,229,0
2023-02-01,11,211,0
2023-02-01,12,516,0
2023-02-01,13,667,0
2023-02-01,14,330,0
2023-02-01,15,328,0
2023-02-02,1,312,0
2023-02-02,2,59,0
2023-02-02,3,131,0
2023-02-02,4,502,0
2023-02-02,5,649,0
2023-02-02,6,489,0
2023-02-02,7,18,0
2023-02-02,8,562,0
2023-02-02,9,141,0
2023-02-02,10,226,0
2023-02-02,11,207,0
2023-02-02,12,510,0
2023-02-02,13,660,0
2023-02-02,14,325,0
2023-02-02,15,326,0
2023-02-03,1,304,0
2023-02-03,2,53,0
2023-02-03,3,126,0
2023-02-03,4,496,0
2023-02-03,5,637,0
2023-02-03,6,488,0
2023-02-03,7,15,0
2023-02-03,8,559,0
2023-02-03,9,135,0
2023-02-03,10,221,0
2023-02-03,11,202,0
2023-02-03,12,509,0
2023-02-03,13,656,0
2023-02-03,14,317,0
2023-02-03,15,316,0
2023-02-04,1,297,0
2023-02-04,2,50,0
2023-02-04,3,121,0
2023-02-04,4,496,0
2023-02-04,5,632,0
2023-02-04,6,488,0
2023-02-04,7,9,0
2023-02-04,8,558,0
2023-02-04,9,122,0
2023-02-04,10,207,0
2023-02-04,11,199,0
2023-02-04,12,506,0
2023-02-04,13,656,0
2023-02-04,14,312,0
2023-02-04,15,313,0
2023-02-05,1,289,0
2023-02-05,2,49,0
2023-02-05,3,117,0
2023-02-05,4,487,0
2023-02-05,5,624,0
2023-02-05,6,480,0
2023-02-05,7,609,600
2023-02-05,8,556,0
2023-02-05,9,119,0
2023-02-05,10,205,0
2023-02-05,11,192,0
2023-02-05,12,502,0
2023-02-05,13,650,0
2023-02-05,14,303,0
2023-02-05,15,311,0
2023-02-06,1,281,0
2023-02-06,2,639,600
2023-02-06,3,110,0
2023-02-06,4,486,0
2023-02-06,5,621,0
2023-02-06,6,480,0
2023-02-06,7,605,0
2023-02-06,8,550,0
2023-02-06,9,114,0
2023-02-06,10,204,0
2023-02-06,11,186,0
2023-02-06,12,495,0
2023-02-06,13,649,0
2023-02-06,14,298,0
2023-02-06,15,306,0
2023-02-07,1,273,0
2023-02-07,2,636,0
2023-02-07,3,106,0
2023-02-07,4,479,0
2023-02-07,5,619,0
2023-02-07,6,471,0
2023-02-07,7,602,0
2023-02-07,8,550,0
2023-02-07,9,112,0
2023-02-07,10,196,0
2023-02-07,11,182,0
2023-02-07,12,488,0
2023-02-07,13,643,0
2023-02-07,14,290,0
2023-02-07,15,301,0
2023-02-08,1,270,0
2023-02-08,2,626,0
2023-02-08,3,103,0
2023-02-08,4,476,0
2023-02-08,5,616,0
2023-02-08,6,469,0
2023-02-08,7,596,0
2023-02-08,8,548,0
2023-02-08,9,107,0
2023-02-08,10,189,0
2023-02-08,11,178,0
2023-02-08,12,486,0
2023-02-08,13,641,0
2023-02-08,14,282,0
2023-02-08,15,292,0
2023-02-09,1,268,0
2023-02-09,2,613,0
2023-02-09,3,95,0
2023-02-09,4,468,0
2023-02-09,5,609,0
2023-02-09,6,467,0
2023-02-09,7,588,0
2023-02-09,8,544,0
2023-02-09,9,103,0
2023-02-09,10,187,0
2023-02-09,11,171,0
2023-02-09,12,484,0
2023-02-09,13,636,0
2023-02-09,14,276,0
2023-02-09,15,288,0
2023-02-10,1,251,0
2023-02-10,2,608,0
2023-02-10,3,692,600
2023-02-10,4,462,0
2023-02-10,5,609,0
2023-02-10,6,464,0
2023-02-10,7,581,0
2023-02-10,8,540,0
2023-02-10,9,100,0
2023-02-10,10,177,0
2023-02-10,11,165,0
2023-02-10,12,478,0
2023-02-10,13,631,0
2023-02-10,14,268,0
2023-02-10,15,282,0
2023-02-11,1,248,0
2023-02-11,2,597,0
2023-02-11,3,689,0
2023-02-11,4,461,0
2023-02-11,5,601,0
2023-02-11,6,459,0
2023-02-11,7,579,0
2023-02-11,8,536,0
2023-02-11,9,87,0
2023-02-11,10,176,0
2023-02-11,11,153,0
2023-02-11,12,473,0
2023-02-11,13,631,0
2023-02-11,14,260,0
2023-02-11,15,280,0
2023-02-12,1,239,0
2023-02-12,2,596,0
2023-02-12,3,687,0
2023-02-12,4,459,0
2023-02-12,5,599,0
2023-02-12,6,453,0
2023-02-12,7,578,0
2023-02-12,8,502,0
2023-02-12,9,73,0
2023-02-12,10,165,0
2023-02-12,11,152,0
2023-02-12,12,472,0
2023-02-12,13,624,0
2023-02-12,14,255,0
2023-02-12,15,276,0
2023-02-13,1,226,0
2023-02-13,2,588,0
2023-02-13,3,686,0
2023-02-13,4,459,0
2023-02-13,5,595,0
2023-02-13,6,446,0
2023-02-13,7,567,0
2023-02-13,8,497,0
2023-02-13,9,67,0
2023-02-13,10,160,0
2023-02-13,11,150,0
2023-02-13,12,468,0
2023-02-13,13,621,0
2023-02-13,14,248,0
2023-02-13,15,272,0
2023-02-14,1,225,0
2023-02-14,2,584,0
2023-02-14,3,683,0
2023-02-14,4,445,0
2023-02-14,5,591,0
2023-02-14,6,443,0
2023-02-14,7,561,0
2023-02-14,8,490,0
2023-02-14,9,63,0
2023-02-14,10,157,0
2023-02-14,11,140,0
2023-02-14,12,461,0
2023-02-14,13,594,0
2023-02-14,14,240,0
2023-02-14,15,272,0
2023-02-15,1,218,0
2023-02-15,2,581,0
2023-02-15,3,683,0
2023-02-15,4,445,0
2023-02-15,5,585,0
2023-02-15,6,439,0
2023-02-15,7,556,0
2023-02-15,8,490,0
2023-02-15,9,649,600
2023-02-15,10,156,0
2023-02-15,11,132,0
2023-02-15,12,450,0
2023-02-15,13,594,0
2023-02-15,14,194,0
2023-02-15,15,263,0
2023-02-16,1,208,0
2023-02-16,2,576,0
2023-02-16,3,677,0
2023-02-16,4,440,0
2023-02-16,5,577,0
2023-02-16,6,437,0
2023-02-16,7,554,0
2023-02-16,8,482,0
2023-02-16,9,641,0
2023-02-16,10,150,0
2023-02-16,11,127,0
2023-02-16,12,441,0
2023-02-16,13,590,0
2023-02-16,14,194,0
2023-02-16,15,259,0
2023-02-17,1,201,0
2023-02-17,2,569,0
2023-02-17,3,667,0
2023-02-17,4,440,0
2023-02-17,5,577,0
2023-02-17,6,437,0
2023-02-17,7,549,0
2023-02-17,8,479,0
2023-02-17,9,640,0
2023-02-17,10,143,0
2023-02-17,11,122,0
2023-02-17,12,440,0
2023-02-17,13,584,0
2023-02-17,14,193,0
2023-02-17,15,257,0
2023-02-18,1,194,0
2023-02-18,2,566,0
2023-02-18,3,665,0
2023-02-18,4,429,0
2023-02-18,5,573,0
2023-02-18,6,437,0
2023-02-18,7,546,0
2023-02-18,8,473,0
2023-02-18,9,635,0
2023-02-18,10,136,0
2023-02-18,11,111,0
2023-02-18,12,439,0
2023-02-18,13,582,0
2023-02-18,14,185,0
2023-02-18,15,257,0
2023-02-19,1,191,0
2023-02-19,2,547,0
2023-02-19,3,658,0
2023-02-19,4,421,0
2023-02-19,5,572,0
2023-02-19,6,428,0
2023-02-19,7,544,0
2023-02-19,8,467,0
2023-02-19,9,625,0
2023-02-19,10,131,0
2023-02-19,11,104,0
2023-02-19,12,438,0
2023-02-19,13,582,0
2023-02-19,14,178,0
2023-02-19,15,251,0
2023-02-20,1,187,0
2023-02-20,2,533,0
2023-02-20,3,653,0
2023-02-20,4,420,0
2023-02-20,5,567,0
2023-02-20,6,423,0
2023-02-20,7,539,0
2023-02-20,8,464,0
2023-02-20,9,621,0
2023-02-20,10,131,0
2023-02-20,11,103,0
2023-02-20,12,438,0
2023-02-20,13,579,0
2023-02-20,14,178,0
2023-02-20,15,251,0
2023-02-21,1,183,0
2023-02-21,2,532,0
2023-02-21,3,649,0
2023-02-21,4,420,0
2023-02-21,5,563,0
2023-02-21,6,421,0
2023-02-21,7,536,0
2023-02-21,8,463,0
2023-02-21,9,617,0
2023-02-21,10,127,0
2023-02-21,11,694,600
2023-02-21,12,438,0
2023-02-21,13,579,0
2023-02-21,14,175,0
2023-02-21,15,244,0
2023-02-22,1,178,0
2023-02-22,2,530,0
2023-02-22,3,646,0
2023-02-22,4,417,0
2023-02-22,5,560,0
2023-02-22,6,413,0
2023-02-22,7,530,0
2023-02-22,8,460,0
2023-02-22,9,613,0
2023-02-22,10,122,0
2023-02-22,11,689,0
2023-02-22,12,434,0
2023-02-22,13,574,0
2023-02-22,14,129,0
2023-02-22,15,234,0
2023-02-23,1,166,0
2023-02-23,2,516,0
2023-02-23,3,639,0
2023-02-23,4,413,0
2023-02-23,5,554,0
2023-02-23,6,405,0
2023-02-23,7,526,0
2023-02-23,8,459,0
2023-02-23,9,607,0
2023-02-23,10,118,0
2023-02-23,11,687,0
2023-02-23,12,428,0
2023-02-23,13,572,0
2023-02-23,14,126,0
2023-02-23,15,233,0
2023-02-24,1,157,0
2023-02-24,2,512,0
2023-02-24,3,633,0
2023-02-24,4,408,0
2023-02-24,5,543,0
2023-02-24,6,400,0
2023-02-24,7,523,0
2023-02-24,8,457,0
2023-02-24,9,602,0
2023-02-24,10,118,0
2023-02-24,11,679,0
2023-02-24,12,424,0
2023-02-24,13,566,0
2023-02-24,14,121,0
2023-02-24,15,227,0
2023-02-25,1,155,0
2023-02-25,2,499,0
2023-02-25,3,633,0
2023-02-25,4,401,0
2023-02-25,5,533,0
2023-02-25,6,394,0
2023-02-25,7,483,0
2023-02-25,8,453,0
2023-02-25,9,598,0
2023-02-25,10,113,0
2023-02-25,11,677,0
2023-02-25,12,422,0
2023-02-25,13,557,0
2023-02-25,14,118,0
2023-02-25,15,225,0
2023-02-26,1,147,0
2023-02-26,2,486,0
2023-02-26,3,629,0
2023-02-26,4,387,0
2023-02-26,5,530,0
2023-02-26,6,392,0
2023-02-26,7,478,0
2023-02-26,8,448,0
2023-02-26,9,597,0
2023-02-26,10,108,0
2023-02-26,11,670,0
2023-02-26,12,415,0
2023-02-26,13,555,0
2023-02-26,14,115,0
2023-02-26,15,219,0
2023-02-27,1,134,0
2023-02-27,2,484,0
2023-02-27,3,623,0
2023-02-27,4,376,0
2023-02-27,5,525,0
2023-02-27,6,365,0
2023-02-27,7,475,0
2023-02-27,8,440,0
2023-02-27,9,585,0
2023-02-27,10,94,0
2023-02-27,11,670,0
2023-02-27,12,410,0
2023-02-27,13,545,0
2023-02-27,14,110,0
2023-02-27,15,213,0
2023-02-28,1,126,0
2023-02-28,2,472,0
2023-02-28,3,616,0
2023-02-28,4,374,0
2023-02-28,5,517,0
2023-02-28,6,362,0
2023-02-28,7,467,0
2023-02-28,8,438,0
2023-02-28,9,577,0
2023-02-28,10,76,0
2023-02-28,11,670,0
2023-02-28,12,405,0
2023-02-28,13,538,0
2023-02-28,14,101,0
2023-02-28,15,208,0
2023-03-01,1,117,0
2023-03-01,2,465,0
2023-03-01,3,611,0
2023-03-01,4,368,0
2023-03-01,5,515,0
2023-03-01,6,359,0
2023-03-01,7,463,0
2023-03-01,8,431,0
2023-03-01,9,574,0
2023-03-01,10,72,0
2023-03-01,11,670,0
2023-03-01,12,397,0
2023-03-01,13,529,0
2023-03-01,14,97,0
2023-03-01,15,206,0
2023-03-02,1,117,0
2023-03-02,2,461,0
2023-03-02,3,609,0
2023-03-02,4,368,0
2023-03-02,5,508,0
2023-03-02,6,349,0
2023-03-02,7,458,0
2023-03-02,8,425,0
2023-03-02,9,569,0
2023-03-02,10,35,0
2023-03-02,11,667,0
2023-03-02,12,353,0
2023-03-02,13,524,0
2023-03-02,14,91,0
2023-03-02,15,202,0
2023-03-03,1,112,0
2023-03-03,2,461,0
2023-03-03,3,605,0
2023-03-03,4,363,0
2023-03-03,5,503,0
2023-03-03,6,346,0
2023-03-03,7,456,0
2023-03-03,8,425,0
2023-03-03,9,563,0
2023-03-03,10,632,600
2023-03-03,11,664,0
2023-03-03,12,346,0
2023-03-03,13,517,0
2023-03-03,14,88,0
2023-03-03,15,202,0
2023-03-04,1,108,0
2023-03-04,2,449,0
2023-03-04,3,596,0
2023-03-04,4,362,0
2023-03-04,5,502,0
2023-03-04,6,343,0
2023-03-04,7,456,0
2023-03-04,8,419,0
2023-03-04,9,555,0
2023-03-04,10,628,0
2023-03-04,11,659,0
2023-03-04,12,338,0
2023-03-04,13,513,0
2023-03-04,14,88,0
2023-03-04,15,196,0
2023-03-05,1,105,0
2023-03-05,2,443,0
2023-03-05,3,596,0
2023-03-05,4,360,0
2023-03-05,5,502,0
2023-03-05,6,341,0
2023-03-05,7,452,0
2023-03-05,8,415,0
2023-03-05,9,555,0
2023-03-05,10,624,0
2023-03-05,11,653,0
2023-03-05,12,336,0
2023-03-05,13,513,0
2023-03-05,14,81,0
2023-03-05,15,193,0
2023-03-06,1,103,0
2023-03-06,2,436,0
2023-03-06,3,594,0
2023-03-06,4,357,0
2023-03-06,5,500,0
2023-03-06,6,341,0
2023-03-06,7,439,0
2023-03-06,8,412,0
2023-03-06,9,552,0
2023-03-06,10,620,0
2023-03-06,11,651,0
2023-03-06,12,333,0
2023-03-06,13,509,0
2023-03-06,14,79,0
2023-03-06,15,189,0
2023-03-07,1,93,0
2023-03-07,2,431,0
2023-03-07,3,582,0
2023-03-07,4,354,0
2023-03-07,5,495,0
2023-03-07,6,338,0
2023-03-07,7,431,0
2023-03-07,8,405,0
2023-03-07,9,545,0
2023-03-07,10,618,0
2023-03-07,11,641,0
2023-03-07,12,324,0
2023-03-07,13,503,0
2023-03-07,14,76,0
2023-03-07,15,187,0
2023-03-08,1,85,0
2023-03-08,2,429,0
2023-03-08,3,576,0
2023-03-08,4,351,0
2023-03-08,5,491,0
2023-03-08,6,337,0
2023-03-08,7,431,0
2023-03-08,8,403,0
2023-03-08,9,545,0
2023-03-08,10,618,0
2023-03-08,11,637,0
2023-03-08,12,323,0
2023-03-08,13,498,0
2023-03-08,14,76,0
2023-03-08,15,184,0
2023-03-09,1,77,0
2023-03-09,2,421,0
2023-03-09,3,565,0
2023-03-09,4,348,0
2023-03-09,5,489,0
2023-03-09,6,335,0
2023-03-09,7,431,0
2023-03-09,8,398,0
2023-03-09,9,538,0
2023-03-09,10,613,0
2023-03-09,11,627,0
2023-03-09,12,311,0
2023-03-09,13,493,0
2023-03-09,14,69,0
2023-03-09,15,184,0
2023-03-10,1,70,0
2023-03-10,2,420,0
2023-03-10,3,560,0
2023-03-10,4,337,0
2023-03-10,5,488,0
2023-03-10,6,330,0
2023-03-10,7,428,0
2023-03-10,8,395,0
2023-03-10,9,538,0
2023-03-10,10,603,0
2023-03-10,11,625,0
2023-03-10,12,307,0
2023-03-10,13,484,0
2023-03-10,14,63,0
2023-03-10,15,183,0
2023-03-11,1,65,0
2023-03-11,2,411,0
2023-03-11,3,556,0
2023-03-11,4,332,0
2023-03-11,5,488,0
2023-03-11,6,323,0
2023-03-11,7,419,0
2023-03-11,8,394,0
2023-03-11,9,530,0
2023-03-11,10,595,0
2023-03-11,11,621,0
2023-03-11,12,303,0
2023-03-11,13,475,0
2023-03-11,14,62,0
2023-03-11,15,173,0
2023-03-12,1,60,0
2023-03-12,2,410,0
2023-03-12,3,552,0
2023-03-12,4,329,0
2023-03-12,5,484,0
2023-03-12,6,312,0
2023-03-12,7,416,0
2023-03-12,8,394,0
2023-03-12,9,527,0
2023-03-12,10,591,0
2023-03-12,11,616,0
2023-03-12,12,300,0
2023-03-12,13,474,0
2023-03-12,14,59,0
2023-03-12,15,173,0
2023-03-13,1,54,0
2023-03-13,2,402,0
2023-03-13,3,544,0
2023-03-13,4,324,0
2023-03-13,5,481,0
2023-03-13,6,306,0
2023-03-13,7,414,0
2023-03-13,8,392,0
2023-03-13,9,519,0
2023-03-13,10,591,0
2023-03-13,11,610,0
2023-03-13,12,300,0
2023-03-13,13,473,0
2023-03-13,14,49,0
2023-03-13,15,169,0
2023-03-14,1,43,0
2023-03-14,2,396,0
2023-03-14,3,544,0
2023-03-14,4,321,0
2023-03-14,5,480,0
2023-03-14,6,303,0
2023-03-14,7,410,0
2023-03-14,8,380,0
2023-03-14,9,518,0
2023-03-14,10,585,0
2023-03-14,11,599,0
2023-03-14,12,299,0
2023-03-14,13,473,0
2023-03-14,14,43,0
2023-03-14,15,163,0
2023-03-15,1,36,0
2023-03-15,2,385,0
2023-03-15,3,540,0
2023-03-15,4,319,0
2023-03-15,5,478,0
2023-03-15,6,296,0
2023-03-15,7,402,0
2023-03-15,8,375,0
2023-03-15,9,515,0
2023-03-15,10,585,0
2023-03-15,11,592,0
2023-03-15,12,293,0
2023-03-15,13,462,0
2023-03-15,14,41,0
2023-03-15,15,152,0
2023-03-16,1,33,0
2023-03-16,2,385,0
2023-03-16,3,537,0
2023-03-16,4,313,0
2023-03-16,5,478,0
2023-03-16,6,291,0
2023-03-16,7,399,0
2023-03-16,8,361,0
2023-03-16,9,503,0
2023-03-16,10,584,0
2023-03-16,11,584,0
2023-03-16,12,293,0
2023-03-16,13,458,0
2023-03-16,14,37,0
2023-03-16,15,147,0
2023-03-17,1,23,0
2023-03-17,2,366,0
2023-03-17,3,533,0
2023-03-17,4,305,0
2023-03-17,5,474,0
2023-03-17,6,288,0
2023-03-17,7,393,0
2023-03-17,8,354,0
2023-03-17,9,497,0
2023-03-17,10,579,0
2023-03-17,11,580,0
2023-03-17,12,283,0
2023-03-17,13,453,0
2023-03-17,14,36,0
2023-03-17,15,140,0
2023-03-18,1,18,0
2023-03-18,2,358,0
2023-03-18,3,530,0
2023-03-18,4,303,0
2023-03-18,5,468,0
2023-03-18,6,283,0
2023-03-18,7,393,0
2023-03-18,8,351,0
2023-03-18,9,496,0
2023-03-18,10,579,0
2023-03-18,11,577,0
2023-03-18,12,280,0
2023-03-18,13,449,0
2023-03-18,14,33,0
2023-03-18,15,140,0
2023-03-19,1,602,600
2023-03-19,2,348,0
2023-03-19,3,529,0
2023-03-19,4,299,0
2023-03-19,5,459,0
2023-03-19,6,282,0
2023-03-19,7,387,0
2023-03-19,8,335,0
2023-03-19,9,496,0
2023-03-19,10,576,0
2023-03-19,11,574,0
2023-03-19,12,264,0
2023-03-19,13,442,0
2023-03-19,14,29,0
2023-03-19,15,139,0
2023-03-20,1,595,0
2023-03-20,2,339,0
2023-03-20,3,527,0
2023-03-20,4,295,0
2023-03-20,5,455,0
2023-03-20,6,275,0
2023-03-20,7,379,0
2023-03-20,8,329,0
2023-03-20,9,484,0
2023-03-20,10,572,0
2023-03-20,11,566,0
2023-03-20,12,262,0
2023-03-20,13,428,0
2023-03-20,14,26,0
2023-03-20,15,134,0
2023-03-21,1,584,0
2023-03-21,2,332,0
2023-03-21,3,522,0
2023-03-21,4,292,0
2023-03-21,5,451,0
2023-03-21,6,271,0
2023-03-21,7,373,0
2023-03-21,8,320,0
2023-03-21,9,480,0
2023-03-21,10,568,0
2023-03-21,11,561,0
2023-03-21,12,259,0
2023-03-21,13,423,0
2023-03-21,14,22,0
2023-03-21,15,131,0
2023-03-22,1,581,0
2023-03-22,2,318,0
2023-03-22,3,517,0
2023-03-22,4,282,0
2023-03-22,5,445,0
2023-03-22,6,264,0
2023-03-22,7,370,0
2023-03-22,8,312,0
2023-03-22,9,480,0
2023-03-22,10,559,0
2023-03-22,11,556,0
2023-03-22,12,255,0
2023-03-22,13,412,0
2023-03-22,14,15,0
2023-03-22,15,131,0
2023-03-23,1,573,0
2023-03-23,2,269,0
2023-03-23,3,512,0
2023-03-23,4,281,0
2023-03-23,5,431,0
2023-03-23,6,262,0
2023-03-23,7,367,0
2023-03-23,8,310,0
2023-03-23,9,472,0
2023-03-23,10,550,0
2023-03-23,11,554,0
2023-03-23,12,249,0
2023-03-23,13,410,0
2023-03-23,14,10,0
2023-03-23,15,131,0
2023-03-24,1,569,0
2023-03-24,2,267,0
2023-03-24,3,503,0
2023-03-24,4,273,0
2023-03-24,5,429,0
2023-03-24,6,254,0
2023-03-24,7,367,0
2023-03-24,8,301,0
2023-03-24,9,469,0
2023-03-24,10,550,0
2023-03-24,11,552,0
2023-03-24,12,248,0
2023-03-24,13,410,0
2023-03-24,14,8,0
2023-03-24,15,129,0
2023-03-25,1,559,0
2023-03-25,2,260,0
2023-03-25,3,503,0
2023-03-25,4,270,0
2023-03-25,5,424,0
2023-03-25,6,249,0
2023-03-25,7,363,0
2023-03-25,8,299,0
2023-03-25,9,463,0
2023-03-25,10,547,0
2023-03-25,11,550,0
2023-03-25,12,245,0
2023-03-25,13,402,0
2023-03-25,14,6,0
2023-03-25,15,129,0
2023-03-26,1,540,0
2023-03-26,2,252,0
2023-03-26,3,494,0
2023-03-26,4,267,0
2023-03-26,5,414,0
2023-03-26,6,246,0
2023-03-26,7,357,0
2023-03-26,8,288,0
2023-03-26,9,456,0
2023-03-26,10,541,0
2023-03-26,11,548,0
2023-03-26,12,237,0
2023-03-26,13,389,0
2023-03-26,14,3,0
2023-03-26,15,128,0
2023-03-27,1,532,0
2023-03-27,2,252,0
2023-03-27,3,486,0
2023-03-27,4,266,0
2023-03-27,5,401,0
2023-03-27,6,240,0
2023-03-27,7,350,0
2023-03-27,8,280,0
2023-03-27,9,447,0
2023-03-27,10,533,0
2023-03-27,11,539,0
2023-03-27,12,229,0
2023-03-27,13,383,0
2023-03-27,14,1,0
2023-03-27,15,124,0
2023-03-28,1,518,0
2023-03-28,2,240,0
2023-03-28,3,484,0
2023-03-28,4,262,0
2023-03-28,5,397,0
2023-03-28,6,236,0
2023-03-28,7,348,0
2023-03-28,8,276,0
2023-03-28,9,441,0
2023-03-28,10,529,0
2023-03-28,11,533,0
2023-03-28,12,227,0
2023-03-28,13,378,0
2023-03-28,14,1,0
2023-03-28,15,111,0
2023-03-29,1,513,0
2023-03-29,2,239,0
2023-03-29,3,480,0
2023-03-29,4,253,0
2023-03-29,5,393,0
2023-03-29,6,228,0
2023-03-29,7,339,0
2023-03-29,8,270,0
2023-03-29,9,439,0
2023-03-29,10,526,0
2023-03-29,11,530,0
2023-03-29,12,224,0
2023-03-29,13,378,0
2023-03-29,14,1,0
2023-03-29,15,106,0
2023-03-30,1,511,0
2023-03-30,2,230,0
2023-03-30,3,471,0
2023-03-30,4,247,0
2023-03-30,5,383,0
2023-03-30,6,226,0
2023-03-30,7,334,0
2023-03-30,8,265,0
2023-03-30,9,433,0
2023-03-30,10,521,0
2023-03-30,11,523,0
2023-03-30,12,224,0
2023-03-30,13,351,0
2023-03-30,14,1,0
2023-03-30,15,102,0
2023-03-31,1,511,0
2023-03-31,2,217,0
2023-03-31,3,466,0
2023-03-31,4,242,0
2023-03-31,5,378,0
2023-03-31,6,218,0
2023-03-31,7,333,0
2023-03-31,8,262,0
2023-03-31,9,429,0
2023-03-31,10,515,0
2023-03-31,11,517,0
2023-03-31,12,224,0
2023-03-31,13,349,0
2023-03-31,14,0,0
2023-03-31,15,694,600
2023-04-01,1,507,0
2023-04-01,2,212,0
2023-04-01,3,461,0
2023-04-01,4,234,0
2023-04-01,5,376,0
2023-04-01,6,211,0
2023-04-01,7,330,0
2023-04-01,8,260,0
2023-04-01,9,415,0
2023-04-01,10,515,0
2023-04-01,11,515,0
2023-04-01,12,223,0
2023-04-01,13,345,0
2023-04-01,14,0,0
2023-04-01,15,694,0
2023-04-02,1,503,0
2023-04-02,2,206,0
2023-04-02,3,451,0
2023-04-02,4,234,0
2023-04-02,5,374,0
2023-04-02,6,208,0
2023-04-02,7,330,0
2023-04-02,8,254,0
2023-04-02,9,412,0
2023-04-02,10,512,0
2023-04-02,11,506,0
2023-04-02,12,217,0
2023-04-02,13,345,0
2023-04-02,14,0,0
2023-04-02,15,688,0
2023-04-03,1,501,0
2023-04-03,2,203,0
2023-04-03,3,448,0
2023-04-03,4,232,0
2023-04-03,5,371,0
2023-04-03,6,206,0
2023-04-03,7,326,0
2023-04-03,8,245,0
2023-04-03,9,379,0
2023-04-03,10,510,0
2023-04-03,11,504,0
2023-04-03,12,214,0
2023-04-03,13,344,0
2023-04-03,14,0,0
2023-04-03,15,688,0
2023-04-04,1,488,0
2023-04-04,2,194,0
2023-04-04,3,439,0
2023-04-04,4,226,0
2023-04-04,5,359,0
2023-04-04,6,201,0
2023-04-04,7,323,0
2023-04-04,8,245,0
2023-04-04,9,373,0
2023-04-04,10,501,0
2023-04-04,11,499,0
2023-04-04,12,211,0
2023-04-04,13,340,0
2023-04-04,14,0,0
2023-04-04,15,680,0
2023-04-05,1,485,0
2023-04-05,2,181,0
2023-04-05,3,436,0
2023-04-05,4,181,0
2023-04-05,5,353,0
2023-04-05,6,199,0
2023-04-05,7,316,0
2023-04-05,8,245,0
2023-04-05,9,366,0
2023-04-05,10,497,0
2023-04-05,11,492,0
2023-04-05,12,202,0
2023-04-05,13,332,0
2023-04-05,14,0,0
2023-04-05,15,677,0
2023-04-06,1,481,0
2023-04-06,2,171,0
2023-04-06,3,434,0
2023-04-06,4,179,0
2023-04-06,5,321,0
2023-04-06,6,199,0
2023-04-06,7,312,0
2023-04-06,8,239,0
2023-04-06,9,362,0
2023-04-06,10,490,0
2023-04-06,11,492,0
2023-04-06,12,202,0
2023-04-06,13,330,0
2023-04-06,14,0,0
2023-04-06,15,676,0
2023-04-07,1,480,0
2023-04-07,2,161,0
2023-04-07,3,429,0
2023-04-07,4,176,0
2023-04-07,5,308,0
2023-04-07,6,193,0
2023-04-07,7,305,0
2023-04-07,8,219,0
2023-04-07,9,358,0
2023-04-07,10,486,0
2023-04-07,11,483,0
2023-04-07,12,200,0
2023-04-07,13,325,0
2023-04-07,14,0,0
2023-04-07,15,676,0
2023-04-08,1,473,0
2023-04-08,2,147,0
2023-04-08,3,421,0
2023-04-08,4,165,0
2023-04-08,5,294,0
2023-04-08,6,186,0
2023-04-08,7,269,0
2023-04-08,8,212,0
2023-04-08,9,353,0
2023-04-08,10,483,0
2023-04-08,11,473,0
2023-04-08,12,191,0
2023-04-08,13,320,0
2023-04-08,14,595,600
2023-04-08,15,671,0
2023-04-09,1,468,0
2023-04-09,2,131,0
2023-04-09,3,417,0
2023-04-09,4,162,0
2023-04-09,5,288,0
2023-04-09,6,169,0
2023-04-09,7,263,0
2023-04-09,8,202,0
2023-04-09,9,351,0
2023-04-09,10,474,0
2023-04-09,11,459,0
2023-04-09,12,185,0
2023-04-09,13,314,0
2023-04-09,14,591,0
2023-04-09,15,668,0
2023-04-10,1,461,0
2023-04-10,2,125,0
2023-04-10,3,410,0
2023-04-10,4,154,0
2023-04-10,5,274,0
2023-04-10,6,161,0
2023-04-10,7,254,0
2023-04-10,8,200,0
2023-04-10,9,348,0
2023-04-10,10,467,0
2023-04-10,11,449,0
2023-04-10,12,183,0
2023-04-10,13,310,0
2023-04-10,14,579,0
2023-04-10,15,667,0
2023-04-11,1,451,0
2023-04-11,2,121,0
2023-04-11,3,406,0
2023-04-11,4,147,0
2023-04-11,5,266,0
2023-04-11,6,148,0
2023-04-11,7,247,0
2023-04-11,8,193,0
2023-04-11,9,344,0
2023-04-11,10,460,0
2023-04-11,11,444,0
2023-04-11,12,181,0
2023-04-11,13,298,0
2023-04-11,14,574,0
2023-04-11,15,662,0
2023-04-12,1,445,0
2023-04-12,2,111,0
2023-04-12,3,406,0
2023-04-12,4,145,0
2023-04-12,5,259,0
2023-04-12,6,146,0
2023-04-12,7,244,0
2023-04-12,8,182,0
2023-04-12,9,344,0
2023-04-12,10,457,0
2023-04-12,11,441,0
2023-04-12,12,180,0
2023-04-12,13,296,0
2023-04-12,14,572,0
2023-04-12,15,660,0
2023-04-13,1,441,0
2023-04-13,2,108,0
2023-04-13,3,406,0
2023-04-13,4,145,0
2023-04-13,5,254,0
2023-04-13,6,144,0
2023-04-13,7,243,0
2023-04-13,8,177,0
2023-04-13,9,342,0
2023-04-13,10,448,0
2023-04-13,11,440,0
2023-04-13,12,176,0
2023-04-13,13,295,0
2023-04-13,14,567,0
2023-04-13,15,658,0
2023-04-14,1,440,0
2023-04-14,2,99,0
2023-04-14,3,398,0
2023-04-14,4,144,0
2023-04-14,5,250,0
2023-04-14,6,138,0
2023-04-14,7,239,0
2023-04-14,8,167,0
2023-04-14,9,333,0
2023-04-14,10,447,0
2023-04-14,11,429,0
2023-04-14,12,173,0
2023-04-14,13,294,0
2023-04-14,14,566,0
2023-04-14,15,653,0
2023-04-15,1,436,0
2023-04-15,2,92,0
2023-04-15,3,389,0
2023-04-15,4,144,0
2023-04-15,5,246,0
2023-04-15,6,137,0
2023-04-15,7,227,0
2023-04-15,8,162,0
2023-04-15,9,333,0
2023-04-15,10,443,0
2023-04-15,11,424,0
2023-04-15,12,173,0
2023-04-15,13,292,0
2023-04-15,14,565,0
2023-04-15,15,644,0
2023-04-16,1,429,0
2023-04-16,2,88,0
2023-04-16,3,387,0
2023-04-16,4,126,0
2023-04-16,5,241,0
2023-04-16,6,134,0
2023-04-16,7,225,0
2023-04-16,8,157,0
2023-04-16,9,325,0
2023-04-16,10,443,0
2023-04-16,11,423,0
2023-04-16,12,173,0
2023-04-16,13,289,0
2023-04-16,14,563,0
2023-04-16,15,643,0
2023-04-17,1,426,0
2023-04-17,2,86,0
2023-04-17,3,382,0
2023-04-17,4,123,0
2023-04-17,5,238,0
2023-04-17,6,131,0
2023-04-17,7,223,0
2023-04-17,8,156,0
2023-04-17,9,323,0
2023-04-17,10,437,0
2023-04-17,11,422,0
2023-04-17,12,172,0
2023-04-17,13,282,0
2023-04-17,14,556,0
2023-04-17,15,639,0
2023-04-18,1,411,0
2023-04-18,2,76,0
2023-04-18,3,381,0
2023-04-18,4,117,0
2023-04-18,5,234,0
2023-04-18,6,117,0
2023-04-18,7,219,0
2023-04-18,8,148,0
2023-04-18,9,319,0
2023-04-18,10,430,0
2023-04-18,11,414,0
2023-04-18,12,168,0
2023-04-18,13,278,0
2023-04-18,14,554,0
2023-04-18,15,631,0
2023-04-19,1,401,0
2023-04-19,2,76,0
2023-04-19,3,372,0
2023-04-19,4,108,0
2023-04-19,5,226,0
2023-04-19,6,116,0
2023-04-19,7,215,0
2023-04-19,8,140,0
2023-04-19,9,316,0
2023-04-19,10,422,0
2023-04-19,11,412,0
2023-04-19,12,166,0
2023-04-19,13,243,0
2023-04-19,14,551,0
2023-04-19,15,627,0
2023-04-20,1,397,0
2023-04-20,2,71,0
2023-04-20,3,365,0
2023-04-20,4,100,0
2023-04-20,5,215,0
2023-04-20,6,114,0
2023-04-20,7,213,0
2023-04-20,8,137,0
2023-04-20,9,313,0
2023-04-20,10,415,0
2023-04-20,11,408,0
2023-04-20,12,163,0
2023-04-20,13,240,0
2023-04-20,14,548,0
2023-04-20,15,626,0
2023-04-21,1,393,0
2023-04-21,2,62,0
2023-04-21,3,360,0
2023-04-21,4,700,600
2023-04-21,5,209,0
2023-04-21,6,110,0
2023-04-21,7,213,0
2023-04-21,8,134,0
2023-04-21,9,310,0
2023-04-21,10,409,0
2023-04-21,11,402,0
2023-04-21,12,159,0
2023-04-21,13,240,0
2023-04-21,14,538,0
2023-04-21,15,623,0
2023-04-22,1,389,0
2023-04-22,2,651,600
2023-04-22,3,355,0
2023-04-22,4,697,0
2023-04-22,5,207,0
2023-04-22,6,106,0
2023-04-22,7,209,0
2023-04-22,8,131,0
2023-04-22,9,305,0
2023-04-22,10,404,0
2023-04-22,11,394,0
2023-04-22,12,156,0
2023-04-22,13,236,0
2023-04-22,14,517,0
2023-04-22,15,612,0
2023-04-23,1,382,0
2023-04-23,2,635,0
2023-04-23,3,352,0
2023-04-23,4,693,0
2023-04-23,5,202,0
2023-04-23,6,100,0
2023-04-23,7,202,0
2023-04-23,8,128,0
2023-04-23,9,293,0
2023-04-23,10,402,0
2023-04-23,11,388,0
2023-04-23,12,139,0
2023-04-23,13,233,0
2023-04-23,14,504,0
2023-04-23,15,610,0
2023-04-24,1,376,0
2023-04-24,2,629,0
2023-04-24,3,349,0
2023-04-24,4,690,0
2023-04-24,5,192,0
2023-04-24,6,99,0
2023-04-24,7,198,0
2023-04-24,8,125,0
2023-04-24,9,287,0
2023-04-24,10,398,0
2023-04-24,11,381,0
2023-04-24,12,139,0
2023-04-24,13,226,0
2023-04-24,14,500,0
2023-04-24,15,601,0
2023-04-25,1,361,0
2023-04-25,2,620,0
2023-04-25,3,344,0
2023-04-25,4,687,0
2023-04-25,5,190,0
2023-04-25,6,91,0
2023-04-25,7,188,0
2023-04-25,8,722,600
2023-04-25,9,281,0
2023-04-25,10,395,0
2023-04-25,11,375,0
2023-04-25,12,138,0
2023-04-25,13,179,0
2023-04-25,14,498,0
2023-04-25,15,597,0
2023-04-26,1,314,0
2023-04-26,2,611,0
2023-04-26,3,343,0
2023-04-26,4,683,0
2023-04-26,5,186,0
2023-04-26,6,84,0
2023-04-26,7,180,0
2023-04-26,8,711,0
2023-04-26,9,278,0
2023-04-26,10,387,0
2023-04-26,11,369,0
2023-04-26,12,129,0
2023-04-26,13,176,0
2023-04-26,14,494,0
2023-04-26,15,596,0
2023-04-27,1,308,0
2023-04-27,2,605,0
2023-04-27,3,333,0
2023-04-27,4,680,0
2023-04-27,5,182,0
2023-04-27,6,73,0
2023-04-27,7,177,0
2023-04-27,8,708,0
2023-04-27,9,275,0
2023-04-27,10,384,0
2023-04-27,11,362,0
2023-04-27,12,128,0
2023-04-27,13,175,0
2023-04-27,14,486,0
2023-04-27,15,589,0
2023-04-28,1,299,0
2023-04-28,2,602,0
2023-04-28,3,326,0
2023-04-28,4,678,0
2023-04-28,5,170,0
2023-04-28,6,73,0
2023-04-28,7,173,0
2023-04-28,8,696,0
2023-04-28,9,268,0
2023-04-28,10,378,0
2023-04-28,11,355,0
2023-04-28,12,125,0
2023-04-28,13,175,0
2023-04-28,14,482,0
2023-04-28,15,585,0
2023-04-29,1,291,0
2023-04-29,2,592,0
2023-04-29,3,322,0
2023-04-29,4,676,0
2023-04-29,5,169,0
2023-04-29,6,70,0
2023-04-29,7,160,0
2023-04-29,8,692,0
2023-04-29,9,263,0
2023-04-29,10,377,0
2023-04-29,11,355,0
2023-04-29,12,119,0
2023-04-29,13,171,0
2023-04-29,14,479,0
2023-04-29,15,582,0
2023-04-30,1,285,0
2023-04-30,2,581,0
2023-04-30,3,320,0
2023-04-30,4,671,0
2023-04-30,5,166,0
2023-04-30,6,63,0
2023-04-30,7,152,0
2023-04-30,8,686,0
2023-04-30,9,257,0
2023-04-30,10,375,0
2023-04-30,11,355,0
2023-04-30,12,108,0
2023-04-30,13,163,0
2023-04-30,14,473,0
2023-04-30,15,577,0
2023-05-01,1,280,0
2023-05-01,2,579,0
2023-05-01,3,316,0
2023-05-01,4,670,0
2023-05-01,5,166,0
2023-05-01,6,61,0
2023-05-01,7,149,0
2023-05-01,8,686,0
2023-05-01,9,253,0
2023-05-01,10,367,0
2023-05-01,11,352,0
2023-05-01,12,105,0
2023-05-01,13,163,0
2023-05-01,14,470,0
2023-05-01,15,571,0
2023-05-02,1,263,0
2023-05-02,2,579,0
2023-05-02,3,306,0
2023-05-02,4,669,0
2023-05-02,5,162,0
2023-05-02,6,54,0
2023-05-02,7,144,0
2023-05-02,8,680,0
2023-05-02,9,245,0
2023-05-02,10,366,0
2023-05-02,11,345,0
2023-05-02,12,105,0
2023-05-02,13,157,0
2023-05-02,14,463,0
2023-05-02,15,570,0
2023-05-03,1,259,0
2023-05-03,2,567,0
2023-05-03,3,296,0
2023-05-03,4,662,0
2023-05-03,5,159,0
2023-05-03,6,52,0
2023-05-03,7,141,0
2023-05-03,8,675,0
2023-05-03,9,238,0
2023-05-03,10,363,0
2023-05-03,11,340,0
2023-05-03,12,699,600
2023-05-03,13,154,0
2023-05-03,14,461,0
2023-05-03,15,567,0
2023-05-04,1,249,0
2023-05-04,2,559,0
2023-05-04,3,291,0
2023-05-04,4,657,0
2023-05-04,5,154,0
2023-05-04,6,52,0
2023-05-04,7,132,0
2023-05-04,8,670,0
2023-05-04,9,237,0
2023-05-04,10,361,0
2023-05-04,11,339,0
2023-05-04,12,691,0
2023-05-04,13,151,0
2023-05-04,14,458,0
2023-05-04,15,567,0
2023-05-05,1,244,0
2023-05-05,2,554,0
2023-05-05,3,290,0
2023-05-05,4,641,0
2023-05-05,5,151,0
2023-05-05,6,48,0
2023-05-05,7,127,0
2023-05-05,8,666,0
2023-05-05,9,234,0
2023-05-05,10,356,0
2023-05-05,11,335,0
2023-05-05,12,686,0
2023-05-05,13,150,0
2023-05-05,14,449,0
2023-05-05,15,567,0
2023-05-06,1,239,0
2023-05-06,2,552,0
2023-05-06,3,282,0
2023-05-06,4,641,0
2023-05-06,5,148,0
2023-05-06,6,39,0
2023-05-06,7,123,0
2023-05-06,8,657,0
2023-05-06,9,232,0
2023-05-06,10,353,0
2023-05-06,11,335,0
2023-05-06,12,678,0
2023-05-06,13,139,0
2023-05-06,14,422,0
2023-05-06,15,561,0
2023-05-07,1,235,0
2023-05-07,2,545,0
2023-05-07,3,276,0
2023-05-07,4,634,0
2023-05-07,5,139,0
2023-05-07,6,38,0
2023-05-07,7,122,0
2023-05-07,8,651,0
2023-05-07,9,230,0
2023-05-07,10,353,0
2023-05-07,11,332,0
2023-05-07,12,675,0
2023-05-07,13,136,0
2023-05-07,14,419,0
2023-05-07,15,558,0
2023-05-08,1,189,0
2023-05-08,2,498,0
2023-05-08,3,270,0
2023-05-08,4,623,0
2023-05-08,5,130,0
2023-05-08,6,32,0
2023-05-08,7,119,0
2023-05-08,8,638,0
2023-05-08,9,228,0
2023-05-08,10,345,0
2023-05-08,11,328,0
2023-05-08,12,671,0
2023-05-08,13,136,0
2023-05-08,14,411,0
2023-05-08,15,552,0
2023-05-09,1,183,0
2023-05-09,2,493,0
2023-05-09,3,269,0
2023-05-09,4,623,0
2023-05-09,5,126,0
2023-05-09,6,26,0
2023-05-09,7,110,0
2023-05-09,8,630,0
2023-05-09,9,225,0
2023-05-09,10,335,0
2023-05-09,11,327,0
2023-05-09,12,667,0
2023-05-09,13,133,0
2023-05-09,14,407,0
2023-05-09,15,545,0
2023-05-10,1,175,0
2023-05-10,2,490,0
2023-05-10,3,263,0
2023-05-10,4,622,0
2023-05-10,5,122,0
2023-05-10,6,13,0
2023-05-10,7,110,0
2023-05-10,8,627,0
2023-05-10,9,222,0
2023-05-10,10,331,0
2023-05-10,11,278,0
2023-05-10,12,660,0
2023-05-10,13,117,0
2023-05-10,14,393,0
2023-05-10,15,545,0
2023-05-11,1,165,0
2023-05-11,2,482,0
2023-05-11,3,262,0
2023-05-11,4,609,0
2023-05-11,5,117,0
2023-05-11,6,606,600
2023-05-11,7,95,0
2023-05-11,8,624,0
2023-05-11,9,217,0
2023-05-11,10,321,0
2023-05-11,11,271,0
2023-05-11,12,660,0
2023-05-11,13,116,0
2023-05-11,14,390,0
2023-05-11,15,543,0
2023-05-12,1,159,0
2023-05-12,2,475,0
2023-05-12,3,256,0
2023-05-12,4,602,0
2023-05-12,5,115,0
2023-05-12,6,599,0
2023-05-12,7,93,0
2023-05-12,8,620,0
2023-05-12,9,211,0
2023-05-12,10,317,0
2023-05-12,11,268,0
2023-05-12,12,657,0
2023-05-12,13,116,0
2023-05-12,14,387,0
2023-05-12,15,542,0
2023-05-13,1,149,0
2023-05-13,2,462,0
2023-05-13,3,252,0
2023-05-13,4,592,0
2023-05-13,5,103,0
2023-05-13,6,591,0
2023-05-13,7,84,0
2023-05-13,8,608,0
2023-05-13,9,211,0
2023-05-13,10,309,0
2023-05-13,11,261,0
2023-05-13,12,650,0
2023-05-13,13,109,0
2023-05-13,14,336,0
2023-05-13,15,534,0
2023-05-14,1,136,0
2023-05-14,2,452,0
2023-05-14,3,245,0
2023-05-14,4,590,0
2023-05-14,5,99,0
2023-05-14,6,587,0
2023-05-14,7,73,0
2023-05-14,8,603,0
2023-05-14,9,201,0
2023-05-14,10,309,0
2023-05-14,11,258,0
2023-05-14,12,645,0
2023-05-14,13,106,0
2023-05-14,14,336,0
2023-05-14,15,525,0
2023-05-15,1,131,0
2023-05-15,2,448,0
2023-05-15,3,243,0
2023-05-15,4,581,0
2023-05-15,5,95,0
2023-05-15,6,576,0
2023-05-15,7,66,0
2023-05-15,8,600,0
2023-05-15,9,200,0
2023-05-15,10,305,0
2023-05-15,11,252,0
2023-05-15,12,641,0
2023-05-15,13,104,0
2023-05-15,14,328,0
2023-05-15,15,525,0
2023-05-16,1,119,0
2023-05-16,2,441,0
2023-05-16,3,243,0
2023-05-16,4,580,0
2023-05-16,5,89,0
2023-05-16,6,570,0
2023-05-16,7,64,0
2023-05-16,8,588,0
2023-05-16,9,197,0
2023-05-16,10,298,0
2023-05-16,11,252,0
2023-05-16,12,640,0
2023-05-16,13,700,600
2023-05-16,14,324,0
2023-05-16,15,520,0
2023-05-17,1,115,0
2023-05-17,2,433,0
2023-05-17,3,239,0
2023-05-17,4,577,0
2023-05-17,5,48,0
2023-05-17,6,567,0
2023-05-17,7,56,0
2023-05-17,8,580,0
2023-05-17,9,193,0
2023-05-17,10,294,0
2023-05-17,11,244,0
2023-05-17,12,639,0
2023-05-17,13,696,0
2023-05-17,14,321,0
2023-05-17,15,518,0
2023-05-18,1,104,0
2023-05-18,2,423,0
2023-05-18,3,236,0
2023-05-18,4,575,0
2023-05-18,5,645,600
2023-05-18,6,548,0
2023-05-18,7,53,0
2023-05-18,8,570,0
2023-05-18,9,187,0
2023-05-18,10,293,0
2023-05-18,11,236,0
2023-05-18,12,628,0
2023-05-18,13,693,0
2023-05-18,14,317,0
2023-05-18,15,510,0
2023-05-19,1,97,0
2023-05-19,2,421,0
2023-05-19,3,236,0
2023-05-19,4,575,0
2023-05-19,5,644,0
2023-05-19,6,542,0
2023-05-19,7,53,0
2023-05-19,8,567,0
2023-05-19,9,183,0
2023-05-19,10,275,0
2023-05-19,11,234,0
2023-05-19,12,622,0
2023-05-19,13,657,0
2023-05-19,14,311,0
2023-05-19,15,510,0
2023-05-20,1,90,0
2023-05-20,2,419,0
2023-05-20,3,227,0
2023-05-20,4,571,0
2023-05-20,5,644,0
2023-05-20,6,542,0
2023-05-20,7,47,0
2023-05-20,8,555,0
2023-05-20,9,182,0
2023-05-20,10,269,0
2023-05-20,11,231,0
2023-05-20,12,613,0
2023-05-20,13,647,0
2023-05-20,14,307,0
2023-05-20,15,509,0
2023-05-21,1,81,0
2023-05-21,2,416,0
2023-05-21,3,221,0
2023-05-21,4,568,0
2023-05-21,5,641,0
2023-05-21,6,540,0
2023-05-21,7,47,0
2023-05-21,8,551,0
2023-05-21,9,179,0
2023-05-21,10,265,0
2023-05-21,11,228,0
2023-05-21,12,610,0
2023-05-21,13,647,0
2023-05-21,14,305,0
2023-05-21,15,507,0
2023-05-22,1,77,0
2023-05-22,2,416,0
2023-05-22,3,215,0
2023-05-22,4,564,0
2023-05-22,5,636,0
2023-05-22,6,538,0
2023-05-22,7,46,0
2023-05-22,8,551,0
2023-05-22,9,172,0
2023-05-22,10,263,0
2023-05-22,11,226,0
2023-05-22,12,610,0
2023-05-22,13,609,0
2023-05-22,14,302,0
2023-05-22,15,503,0
2023-05-23,1,69,0
2023-05-23,2,411,0
2023-05-23,3,206,0
2023-05-23,4,562,0
2023-05-23,5,631,0
2023-05-23,6,537,0
2023-05-23,7,42,0
2023-05-23,8,548,0
2023-05-23,9,165,0
2023-05-23,10,255,0
2023-05-23,11,224,0
2023-05-23,12,606,0
2023-05-23,13,609,0
2023-05-23,14,295,0
2023-05-23,15,500,0
2023-05-24,1,59,0
2023-05-24,2,407,0
2023-05-24,3,199,0
2023-05-24,4,553,0
2023-05-24,5,627,0
2023-05-24,6,534,0
2023-05-24,7,33,0
2023-05-24,8,546,0
2023-05-24,9,160,0
2023-05-24,10,252,0
2023-05-24,11,216,0
2023-05-24,12,600,0
2023-05-24,13,609,0
2023-05-24,14,287,0
2023-05-24,15,492,0
2023-05-25,1,51,0
2023-05-25,2,398,0
2023-05-25,3,195,0
2023-05-25,4,550,0
2023-05-25,5,620,0
2023-05-25,6,531,0
2023-05-25,7,25,0
2023-05-25,8,542,0
2023-05-25,9,157,0
2023-05-25,10,245,0
2023-05-25,11,210,0
2023-05-25,12,595,0
2023-05-25,13,604,0
2023-05-25,14,282,0
2023-05-25,15,487,0
2023-05-26,1,48,0
2023-05-26,2,393,0
2023-05-26,3,192,0
2023-05-26,4,542,0
2023-05-26,5,609,0
2023-05-26,6,525,0
2023-05-26,7,18,0
2023-05-26,8,542,0
2023-05-26,9,153,0
2023-05-26,10,242,0
2023-05-26,11,210,0
2023-05-26,12,593,0
2023-05-26,13,593,0
2023-05-26,14,275,0
2023-05-26,15,479,0
2023-05-27,1,41,0
2023-05-27,2,386,0
2023-05-27,3,189,0
2023-05-27,4,539,0
2023-05-27,5,606,0
2023-05-27,6,520,0
2023-05-27,7,13,0
2023-05-27,8,534,0
2023-05-27,9,153,0
2023-05-27,10,237,0
2023-05-27,11,206,0
2023-05-27,12,552,0
2023-05-27,13,586,0
2023-05-27,14,268,0
2023-05-27,15,472,0
2023-05-28,1,38,0
2023-05-28,2,383,0
2023-05-28,3,178,0
2023-05-28,4,537,0
2023-05-28,5,600,0
2023-05-28,6,513,0
2023-05-28,7,1,0
2023-05-28,8,525,0
2023-05-28,9,139,0
2023-05-28,10,234,0
2023-05-28,11,203,0
2023-05-28,12,544,0
2023-05-28,13,583,0
2023-05-28,14,264,0
2023-05-28,15,469,0
2023-05-29,1,30,0
2023-05-29,2,378,0
2023-05-29,3,176,0
2023-05-29,4,536,0
2023-05-29,5,599,0
2023-05-29,6,510,0
2023-05-29,7,0,0
2023-05-29,8,519,0
2023-05-29,9,137,0
2023-05-29,10,216,0
2023-05-29,11,196,0
2023-05-29,12,544,0
2023-05-29,13,583,0
2023-05-29,14,264,0
2023-05-29,15,467,0
2023-05-30,1,27,0
2023-05-30,2,371,0
2023-05-30,3,170,0
2023-05-30,4,532,0
2023-05-30,5,597,0
2023-05-30,6,498,0
2023-05-30,7,0,0
2023-05-30,8,506,0
2023-05-30,9,130,0
2023-05-30,10,211,0
2023-05-30,11,189,0
2023-05-30,12,532,0
2023-05-30,13,573,0
2023-05-30,14,261,0
2023-05-30,15,459,0
2023-05-31,1,13,0
2023-05-31,2,368,0
2023-05-31,3,169,0
2023-05-31,4,514,0
2023-05-31,5,593,0
2023-05-31,6,494,0
2023-05-31,7,597,600
2023-05-31,8,503,0
2023-05-31,9,124,0
2023-05-31,10,206,0
2023-05-31,11,187,0
2023-05-31,12,529,0
2023-05-31,13,568,0
2023-05-31,14,253,0
2023-05-31,15,451,0
2023-06-01,1,11,0
2023-06-01,2,358,0
2023-06-01,3,167,0
2023-06-01,4,512,0
2023-06-01,5,588,0
2023-06-01,6,481,0
2023-06-01,7,593,0
2023-06-01,8,495,0
2023-06-01,9,121,0
2023-06-01,10,202,0
2023-06-01,11,185,0
2023-06-01,12,528,0
2023-06-01,13,564,0
2023-06-01,14,251,0
2023-06-01,15,448,0
2023-06-02,1,11,0
2023-06-02,2,352,0
2023-06-02,3,162,0
2023-06-02,4,503,0
2023-06-02,5,587,0
2023-06-02,6,481,0
2023-06-02,7,593,0
2023-06-02,8,490,0
2023-06-02,9,119,0
2023-06-02,10,196,0
2023-06-02,11,185,0
2023-06-02,12,521,0
2023-06-02,13,563,0
2023-06-02,14,245,0
2023-06-02,15,446,0
2023-06-03,1,610,600
2023-06-03,2,350,0
2023-06-03,3,159,0
2023-06-03,4,503,0
2023-06-03,5,587,0
2023-06-03,6,481,0
2023-06-03,7,591,0
2023-06-03,8,484,0
2023-06-03,9,119,0
2023-06-03,10,195,0
2023-06-03,11,180,0
2023-06-03,12,521,0
2023-06-03,13,558,0
2023-06-03,14,243,0
2023-06-03,15,445,0
2023-06-04,1,603,0
2023-06-04,2,348,0
2023-06-04,3,159,0
2023-06-04,4,500,0
2023-06-04,5,581,0
2023-06-04,6,481,0
2023-06-04,7,589,0
2023-06-04,8,484,0
2023-06-04,9,118,0
2023-06-04,10,195,0
2023-06-04,11,177,0
2023-06-04,12,515,0
2023-06-04,13,555,0
2023-06-04,14,242,0
2023-06-04,15,441,0
2023-06-05,1,591,0
2023-06-05,2,344,0
2023-06-05,3,159,0
2023-06-05,4,495,0
2023-06-05,5,581,0
2023-06-05,6,479,0
2023-06-05,7,565,0
2023-06-05,8,476,0
2023-06-05,9,118,0
2023-06-05,10,193,0
2023-06-05,11,177,0
2023-06-05,12,510,0
2023-06-05,13,549,0
2023-06-05,14,238,0
2023-06-05,15,431,0
2023-06-06,1,585,0
2023-06-06,2,341,0
2023-06-06,3,157,0
2023-06-06,4,493,0
2023-06-06,5,579,0
2023-06-06,6,474,0
2023-06-06,7,564,0
2023-06-06,8,475,0
2023-06-06,9,116,0
2023-06-06,10,192,0
2023-06-06,11,177,0
2023-06-06,12,509,0
2023-06-06,13,549,0
2023-06-06,14,238,0
2023-06-06,15,429,0
2023-06-07,1,585,0
2023-06-07,2,338,0
2023-06-07,3,156,0
2023-06-07,4,482,0
2023-06-07,5,574,0
2023-06-07,6,471,0
2023-06-07,7,560,0
2023-06-07,8,473,0
2023-06-07,9,113,0
2023-06-07,10,186,0
2023-06-07,11,169,0
2023-06-07,12,507,0
2023-06-07,13,547,0
2023-06-07,14,218,0
2023-06-07,15,424,0
2023-06-08,1,583,0
2023-06-08,2,338,0
2023-06-08,3,153,0
2023-06-08,4,480,0
2023-06-08,5,571,0
2023-06-08,6,460,0
2023-06-08,7,552,0
2023-06-08,8,466,0
2023-06-08,9,112,0
2023-06-08,10,178,0
2023-06-08,11,165,0
2023-06-08,12,504,0
2023-06-08,13,539,0
2023-06-08,14,212,0
2023-06-08,15,423,0
2023-06-09,1,579,0
2023-06-09,2,335,0
2023-06-09,3,146,0
2023-06-09,4,477,0
2023-06-09,5,566,0
2023-06-09,6,455,0
2023-06-09,7,550,0
2023-06-09,8,464,0
2023-06-09,9,109,0
2023-06-09,10,172,0
2023-06-09,11,164,0
2023-06-09,12,498,0
2023-06-09,13,536,0
2023-06-09,14,209,0
2023-06-09,15,418,0
2023-06-10,1,569,0
2023-06-10,2,323,0
2023-06-10,3,139,0
2023-06-10,4,472,0
2023-06-10,5,559,0
2023-06-10,6,454,0
2023-06-10,7,543,0
2023-06-10,8,461,0
2023-06-10,9,106,0
2023-06-10,10,172,0
2023-06-10,11,158,0
2023-06-10,12,489,0
2023-06-10,13,528,0
2023-06-10,14,197,0
2023-06-10,15,414,0
2023-06-11,1,561,0
2023-06-11,2,320,0
2023-06-11,3,135,0
2023-06-11,4,472,0
2023-06-11,5,559,0
2023-06-11,6,451,0
2023-06-11,7,538,0
2023-06-11,8,461,0
2023-06-11,9,706,600
2023-06-11,10,171,0
2023-06-11,11,156,0
2023-06-11,12,488,0
2023-06-11,13,524,0
2023-06-11,14,195,0
2023-06-11,15,407,0
2023-06-12,1,560,0
2023-06-12,2,311,0
2023-06-12,3,131,0
2023-06-12,4,469,0
2023-06-12,5,553,0
2023-06-12,6,446,0
2023-06-12,7,538,0
2023-06-12,8,451,0
2023-06-12,9,705,0
2023-06-12,10,169,0
2023-06-12,11,151,0
2023-06-12,12,483,0
2023-06-12,13,519,0
2023-06-12,14,192,0
2023-06-12,15,407,0
2023-06-13,1,551,0
2023-06-13,2,305,0
2023-06-13,3,119,0
2023-06-13,4,466,0
2023-06-13,5,553,0
2023-06-13,6,446,0
2023-06-13,7,535,0
2023-06-13,8,439,0
2023-06-13,9,696,0
2023-06-13,10,167,0
2023-06-13,11,143,0
2023-06-13,12,483,0
2023-06-13,13,507,0
2023-06-13,14,192,0
2023-06-13,15,407,0
2023-06-14,1,548,0
2023-06-14,2,305,0
2023-06-14,3,118,0
2023-06-14,4,466,0
2023-06-14,5,553,0
2023-06-14,6,441,0
2023-06-14,7,535,0
2023-06-14,8,435,0
2023-06-14,9,696,0
2023-06-14,10,162,0
2023-06-14,11,139,0
2023-06-14,12,483,0
2023-06-14,13,505,0
2023-06-14,14,189,0
2023-06-14,15,403,0
2023-06-15,1,544,0
2023-06-15,2,305,0
2023-06-15,3,116,0
2023-06-15,4,466,0
2023-06-15,5,550,0
2023-06-15,6,438,0
2023-06-15,7,534,0
2023-06-15,8,434,0
2023-06-15,9,696,0
2023-06-15,10,162,0
2023-06-15,11,139,0
2023-06-15,12,482,0
2023-06-15,13,504,0
2023-06-15,14,186,0
2023-06-15,15,402,0
2023-06-16,1,532,0
2023-06-16,2,302,0
2023-06-16,3,109,0
2023-06-16,4,466,0
2023-06-16,5,549,0
2023-06-16,6,438,0
2023-06-16,7,528,0
2023-06-16,8,431,0
2023-06-16,9,673,0
2023-06-16,10,160,0
2023-06-16,11,136,0
2023-06-16,12,475,0
2023-06-16,13,504,0
2023-06-16,14,186,0
2023-06-16,15,398,0
2023-06-17,1,532,0
2023-06-17,2,291,0
2023-06-17,3,102,0
2023-06-17,4,464,0
2023-06-17,5,548,0
2023-06-17,6,428,0
2023-06-17,7,516,0
2023-06-17,8,428,0
2023-06-17,9,668,0
2023-06-17,10,152,0
2023-06-17,11,131,0
2023-06-17,12,468,0
2023-06-17,13,497,0
2023-06-17,14,180,0
2023-06-17,15,393,0
2023-06-18,1,527,0
2023-06-18,2,272,0
2023-06-18,3,102,0
2023-06-18,4,461,0
2023-06-18,5,548,0
2023-06-18,6,423,0
2023-06-18,7,511,0
2023-06-18,8,423,0
2023-06-18,9,665,0
2023-06-18,10,149,0
2023-06-18,11,128,0
2023-06-18,12,465,0
2023-06-18,13,497,0
2023-06-18,14,174,0
2023-06-18,15,389,0
2023-06-19,1,520,0
2023-06-19,2,269,0
2023-06-19,3,696,600
2023-06-19,4,456,0
2023-06-19,5,546,0
2023-06-19,6,423,0
2023-06-19,7,508,0
2023-06-19,8,420,0
2023-06-19,9,663,0
2023-06-19,10,145,0
2023-06-19,11,128,0
2023-06-19,12,462,0
2023-06-19,13,497,0
2023-06-19,14,171,0
2023-06-19,15,385,0
2023-06-20,1,519,0
2023-06-20,2,262,0
2023-06-20,3,695,0
2023-06-20,4,452,0
2023-06-20,5,545,0
2023-06-20,6,421,0
2023-06-20,7,506,0
2023-06-20,8,410,0
2023-06-20,9,663,0
2023-06-20,10,137,0
2023-06-20,11,725,600
2023-06-20,12,462,0
2023-06-20,13,493,0
2023-06-20,14,171,0
2023-06-20,15,383,0
2023-06-21,1,514,0
2023-06-21,2,257,0
2023-06-21,3,692,0
2023-06-21,4,452,0
2023-06-21,5,544,0
2023-06-21,6,418,0
2023-06-21,7,504,0
2023-06-21,8,401,0
2023-06-21,9,660,0
2023-06-21,10,131,0
2023-06-21,11,725,0
2023-06-21,12,459,0
2023-06-21,13,490,0
2023-06-21,14,171,0
2023-06-21,15,379,0
2023-06-22,1,508,0
2023-06-22,2,254,0
2023-06-22,3,692,0
2023-06-22,4,452,0
2023-06-22,5,539,0
2023-06-22,6,415,0
2023-06-22,7,500,0
2023-06-22,8,399,0
2023-06-22,9,660,0
2023-06-22,10,131,0
2023-06-22,11,721,0
2023-06-22,12,447,0
2023-06-22,13,490,0
2023-06-22,14,168,0
2023-06-22,15,377,0
2023-06-23,1,503,0
2023-06-23,2,248,0
2023-06-23,3,692,0
2023-06-23,4,449,0
2023-06-23,5,529,0
2023-06-23,6,406,0
2023-06-23,7,494,0
2023-06-23,8,396,0
2023-06-23,9,659,0
2023-06-23,10,128,0
2023-06-23,11,717,0
2023-06-23,12,445,0
2023-06-23,13,487,0
2023-06-23,14,168,0
2023-06-23,15,375,0
2023-06-24,1,496,0
2023-06-24,2,243,0
2023-06-24,3,692,0
2023-06-24,4,449,0
2023-06-24,5,526,0
2023-06-24,6,403,0
2023-06-24,7,494,0
2023-06-24,8,392,0
2023-06-24,9,657,0
2023-06-24,10,122,0
2023-06-24,11,717,0
2023-06-24,12,438,0
2023-06-24,13,484,0
2023-06-24,14,166,0
2023-06-24,15,372,0
2023-06-25,1,492,0
2023-06-25,2,237,0
2023-06-25,3,689,0
2023-06-25,4,449,0
2023-06-25,5,524,0
2023-06-25,6,401,0
2023-06-25,7,494,0
2023-06-25,8,386,0
2023-06-25,9,653,0
2023-06-25,10,120,0
2023-06-25,11,715,0
2023-06-25,12,435,0
2023-06-25,13,478,0
2023-06-25,14,160,0
2023-06-25,15,370,0
2023-06-26,1,492,0
2023-06-26,2,225,0
2023-06-26,3,689,0
2023-06-26,4,444,0
2023-06-26,5,515,0
2023-06-26,6,398,0
2023-06-26,7,492,0
2023-06-26,8,384,0
2023-06-26,9,650,0
2023-06-26,10,118,0
2023-06-26,11,710,0
2023-06-26,12,432,0
2023-06-26,13,478,0
2023-06-26,14,158,0
2023-06-26,15,368,0
2023-06-27,1,488,0
2023-06-27,2,211,0
2023-06-27,3,685,0
2023-06-27,4,440,0
2023-06-27,5,512,0
2023-06-27,6,398,0
2023-06-27,7,488,0
2023-06-27,8,381,0
2023-06-27,9,638,0
2023-06-27,10,117,0
2023-06-27,11,706,0
2023-06-27,12,425,0
2023-06-27,13,478,0
2023-06-27,14,140,0
2023-06-27,15,364,0
2023-06-28,1,487,0
2023-06-28,2,202,0
2023-06-28,3,675,0
2023-06-28,4,437,0
2023-06-28,5,504,0
2023-06-28,6,398,0
2023-06-28,7,485,0
2023-06-28,8,376,0
2023-06-28,9,633,0
2023-06-28,10,109,0
2023-06-28,11,706,0
2023-06-28,12,425,0
2023-06-28,13,478,0
2023-06-28,14,139,0
2023-06-28,15,358,0
2023-06-29,1,482,0
2023-06-29,2,191,0
2023-06-29,3,671,0
2023-06-29,4,435,0
2023-06-29,5,502,0
2023-06-29,6,390,0
2023-06-29,7,481,0
2023-06-29,8,376,0
2023-06-29,9,628,0
2023-06-29,10,107,0
2023-06-29,11,701,0
2023-06-29,12,419,0
2023-06-29,13,477,0
2023-06-29,14,133,0
2023-06-29,15,353,0
2023-06-30,1,481,0
2023-06-30,2,191,0
2023-06-30,3,666,0
2023-06-30,4,434,0
2023-06-30,5,494,0
2023-06-30,6,390,0
2023-06-30,7,479,0
2023-06-30,8,375,0
2023-06-30,9,628,0
2023-06-30,10,105,0
2023-06-30,11,701,0
2023-06-30,12,419,0
2023-06-30,13,472,0
2023-06-30,14,130,0
2023-06-30,15,353,0
2023-07-01,1,474,0
2023-07-01,2,189,0
2023-07-01,3,663,0
2023-07-01,4,432,0
2023-07-01,5,492,0
2023-07-01,6,383,0
2023-07-01,7,473,0
2023-07-01,8,363,0
2023-07-01,9,619,0
2023-07-01,10,98,0
2023-07-01,11,694,0
2023-07-01,12,419,0
2023-07-01,13,466,0
2023-07-01,14,128,0
2023-07-01,15,353,0
2023-07-02,1,468,0
2023-07-02,2,189,0
2023-07-02,3,656,0
2023-07-02,4,421,0
2023-07-02,5,491,0
2023-07-02,6,374,0
2023-07-02,7,471,0
2023-07-02,8,358,0
2023-07-02,9,618,0
2023-07-02,10,696,600
2023-07-02,11,689,0
2023-07-02,12,413,0
2023-07-02,13,464,0
2023-07-02,14,125,0
2023-07-02,15,330,0
2023-07-03,1,460,0
2023-07-03,2,184,0
2023-07-03,3,656,0
2023-07-03,4,421,0
2023-07-03,5,488,0
2023-07-03,6,366,0
2023-07-03,7,467,0
2023-07-03,8,356,0
2023-07-03,9,618,0
2023-07-03,10,696,0
2023-07-03,11,687,0
2023-07-03,12,409,0
2023-07-03,13,461,0
2023-07-03,14,118,0
2023-07-03,15,328,0
2023-07-04,1,460,0
2023-07-04,2,166,0
2023-07-04,3,650,0
2023-07-04,4,417,0
2023-07-04,5,487,0
2023-07-04,6,366,0
2023-07-04,7,466,0
2023-07-04,8,351,0
2023-07-04,9,612,0
2023-07-04,10,694,0
2023-07-04,11,684,0
2023-07-04,12,400,0
2023-07-04,13,456,0
2023-07-04,14,109,0
2023-07-04,15,328,0
2023-07-05,1,456,0
2023-07-05,2,163,0
2023-07-05,3,644,0
2023-07-05,4,413,0
2023-07-05,5,482,0
2023-07-05,6,364,0
2023-07-05,7,458,0
2023-07-05,8,350,0
2023-07-05,9,611,0
2023-07-05,10,691,0
2023-07-05,11,638,0
2023-07-05,12,394,0
2023-07-05,13,456,0
2023-07-05,14,102,0
2023-07-05,15,328,0
2023-07-06,1,453,0
2023-07-06,2,158,0
2023-07-06,3,633,0
2023-07-06,4,408,0
2023-07-06,5,480,0
2023-07-06,6,361,0
2023-07-06,7,453,0
2023-07-06,8,347,0
2023-07-06,9,606,0
2023-07-06,10,691,0
2023-07-06,11,631,0
2023-07-06,12,392,0
2023-07-06,13,456,0
2023-07-06,14,95,0
2023-07-06,15,326,0
2023-07-07,1,442,0
2023-07-07,2,157,0
2023-07-07,3,629,0
2023-07-07,4,402,0
2023-07-07,5,476,0
2023-07-07,6,351,0
2023-07-07,7,451,0
2023-07-07,8,343,0
2023-07-07,9,600,0
2023-07-07,10,691,0
2023-07-07,11,631,0
2023-07-07,12,350,0
2023-07-07,13,451,0
2023-07-07,14,93,0
2023-07-07,15,316,0
2023-07-08,1,442,0
2023-07-08,2,155,0
2023-07-08,3,629,0
2023-07-08,4,400,0
2023-07-08,5,474,0
2023-07-08,6,351,0
2023-07-08,7,450,0
2023-07-08,8,343,0
2023-07-08,9,597,0
2023-07-08,10,689,0
2023-07-08,11,626,0
2023-07-08,12,347,0
2023-07-08,13,451,0
2023-07-08,14,93,0
2023-07-08,15,313,0
2023-07-09,1,440,0
2023-07-09,2,144,0
2023-07-09,3,624,0
2023-07-09,4,385,0
2023-07-09,5,474,0
2023-07-09,6,349,0
2023-07-09,7,447,0
2023-07-09,8,341,0
2023-07-09,9,595,0
2023-07-09,10,680,0
2023-07-09,11,622,0
2023-07-09,12,346,0
2023-07-09,13,450,0
2023-07-09,14,78,0
2023-07-09,15,304,0
2023-07-10,1,437,0
2023-07-10,2,142,0
2023-07-10,3,614,0
2023-07-10,4,383,0
2023-07-10,5,467,0
2023-07-10,6,344,0
2023-07-10,7,441,0
2023-07-10,8,334,0
2023-07-10,9,594,0
2023-07-10,10,676,0
2023-07-10,11,616,0
2023-07-10,12,345,0
2023-07-10,13,439,0
2023-07-10,14,72,0
2023-07-10,15,301,0
2023-07-11,1,435,0
2023-07-11,2,138,0
2023-07-11,3,610,0
2023-07-11,4,379,0
2023-07-11,5,465,0
2023-07-11,6,338,0
2023-07-11,7,437,0
2023-07-11,8,334,0
2023-07-11,9,587,0
2023-07-11,10,673,0
2023-07-11,11,613,0
2023-07-11,12,337,0
2023-07-11,13,438,0
2023-07-11,14,71,0
2023-07-11,15,296,0
2023-07-12,1,418,0
2023-07-12,2,135,0
2023-07-12,3,607,0
2023-07-12,4,370,0
2023-07-12,5,462,0
2023-07-12,6,334,0
2023-07-12,7,433,0
2023-07-12,8,330,0
2023-07-12,9,584,0
2023-07-12,10,672,0
2023-07-12,11,612,0
2023-07-12,12,334,0
2023-07-12,13,435,0
2023-07-12,14,71,0
2023-07-12,15,290,0
2023-07-13,1,415,0
2023-07-13,2,126,0
2023-07-13,3,607,0
2023-07-13,4,370,0
2023-07-13,5,462,0
2023-07-13,6,334,0
2023-07-13,7,433,0
2023-07-13,8,330,0
2023-07-13,9,584,0
2023-07-13,10,670,0
2023-07-13,11,611,0
2023-07-13,12,331,0
2023-07-13,13,433,0
2023-07-13,14,71,0
2023-07-13,15,289,0
2023-07-14,1,409,0
2023-07-14,2,121,0
2023-07-14,3,605,0
2023-07-14,4,365,0
2023-07-14,5,462,0
2023-07-14,6,332,0
2023-07-14,7,424,0
2023-07-14,8,329,0
2023-07-14,9,584,0
2023-07-14,10,665,0
2023-07-14,11,611,0
2023-07-14,12,329,0
2023-07-14,13,432,0
2023-07-14,14,67,0
2023-07-14,15,285,0
2023-07-15,1,408,0
2023-07-15,2,121,0
2023-07-15,3,605,0
2023-07-15,4,363,0
2023-07-15,5,461,0
2023-07-15,6,328,0
2023-07-15,7,424,0
2023-07-15,8,323,0
2023-07-15,9,582,0
2023-07-15,10,658,0
2023-07-15,11,610,0
2023-07-15,12,327,0
2023-07-15,13,430,0
2023-07-15,14,66,0
2023-07-15,15,280,0
2023-07-16,1,408,0
2023-07-16,2,121,0
2023-07-16,3,603,0
2023-07-16,4,362,0
2023-07-16,5,461,0
2023-07-16,6,326,0
2023-07-16,7,422,0
2023-07-16,8,320,0
2023-07-16,9,576,0
2023-07-16,10,656,0
2023-07-16,11,609,0
2023-07-16,12,326,0
2023-07-16,13,427,0
2023-07-16,14,65,0
2023-07-16,15,280,0
2023-07-17,1,393,0
2023-07-17,2,114,0
2023-07-17,3,602,0
2023-07-17,4,362,0
2023-07-17,5,458,0
2023-07-17,6,322,0
2023-07-17,7,420,0
2023-07-17,8,314,0
2023-07-17,9,570,0
2023-07-17,10,656,0
2023-07-17,11,598,0
2023-07-17,12,318,0
2023-07-17,13,418,0
2023-07-17,14,61,0
2023-07-17,15,277,0
2023-07-18,1,385,0
2023-07-18,2,111,0
2023-07-18,3,595,0
2023-07-18,4,356,0
2023-07-18,5,455,0
2023-07-18,6,318,0
2023-07-18,7,416,0
2023-07-18,8,304,0
2023-07-18,9,568,0
2023-07-18,10,650,0
2023-07-18,11,595,0
2023-07-18,12,314,0
2023-07-18,13,411,0
2023-07-18,14,57,0
2023-07-18,15,275,0
2023-07-19,1,379,0
2023-07-19,2,100,0
2023-07-19,3,595,0
2023-07-19,4,354,0
2023-07-19,5,452,0
2023-07-19,6,314,0
2023-07-19,7,416,0
2023-07-19,8,301,0
2023-07-19,9,567,0
2023-07-19,10,649,0
2023-07-19,11,591,0
2023-07-19,12,309,0
2023-07-19,13,411,0
2023-07-19,14,57,0
2023-07-19,15,263,0
2023-07-20,1,377,0
2023-07-20,2,100,0
2023-07-20,3,593,0
2023-07-20,4,351,0
2023-07-20,5,452,0
2023-07-20,6,311,0
2023-07-20,7,412,0
2023-07-20,8,299,0
2023-07-20,9,561,0
2023-07-20,10,649,0
2023-07-20,11,587,0
2023-07-20,12,309,0
2023-07-20,13,408,0
2023-07-20,14,53,0
2023-07-20,15,261,0
2023-07-21,1,371,0
2023-07-21,2,97,0
2023-07-21,3,590,0
2023-07-21,4,350,0
2023-07-21,5,447,0
2023-07-21,6,307,0
2023-07-21,7,410,0
2023-07-21,8,298,0
2023-07-21,9,561,0
2023-07-21,10,646,0
2023-07-21,11,586,0
2023-07-21,12,309,0
2023-07-21,13,403,0
2023-07-21,14,48,0
2023-07-21,15,260,0
2023-07-22,1,362,0
2023-07-22,2,92,0
2023-07-22,3,587,0
2023-07-22,4,343,0
2023-07-22,5,441,0
2023-07-22,6,298,0
2023-07-22,7,410,0
2023-07-22,8,294,0
2023-07-22,9,552,0
2023-07-22,10,643,0
2023-07-22,11,583,0
2023-07-22,12,308,0
2023-07-22,13,403,0
2023-07-22,14,48,0
2023-07-22,15,258,0
2023-07-23,1,357,0
2023-07-23,2,684,600
2023-07-23,3,584,0
2023-07-23,4,336,0
2023-07-23,5,441,0
2023-07-23,6,291,0
2023-07-23,7,410,0
2023-07-23,8,285,0
2023-07-23,9,551,0
2023-07-23,10,640,0
2023-07-23,11,575,0
2023-07-23,12,305,0
2023-07-23,13,393,0
2023-07-23,14,48,0
2023-07-23,15,249,0
2023-07-24,1,355,0
2023-07-24,2,672,0
2023-07-24,3,582,0
2023-07-24,4,335,0
2023-07-24,5,440,0
2023-07-24,6,291,0
2023-07-24,7,399,0
2023-07-24,8,283,0
2023-07-24,9,551,0
2023-07-24,10,637,0
2023-07-24,11,575,0
2023-07-24,12,299,0
2023-07-24,13,389,0
2023-07-24,14,48,0
2023-07-24,15,241,0
2023-07-25,1,352,0
2023-07-25,2,664,0
2023-07-25,3,576,0
2023-07-25,4,331,0
2023-07-25,5,433,0
2023-07-25,6,288,0
2023-07-25,7,399,0
2023-07-25,8,282,0
2023-07-25,9,548,0
2023-07-25,10,625,0
2023-07-25,11,575,0
2023-07-25,12,294,0
2023-07-25,13,382,0
2023-07-25,14,45,0
2023-07-25,15,239,0
2023-07-26,1,351,0
2023-07-26,2,660,0
2023-07-26,3,565,0
2023-07-26,4,322,0
2023-07-26,5,433,0
2023-07-26,6,288,0
2023-07-26,7,397,0
2023-07-26,8,279,0
2023-07-26,9,542,0
2023-07-26,10,625,0
2023-07-26,11,572,0
2023-07-26,12,288,0
2023-07-26,13,377,0
2023-07-26,14,42,0
2023-07-26,15,239,0
2023-07-27,1,346,0
2023-07-27,2,657,0
2023-07-27,3,558,0
2023-07-27,4,306,0
2023-07-27,5,427,0
2023-07-27,6,287,0
2023-07-27,7,397,0
2023-07-27,8,273,0
2023-07-27,9,529,0
2023-07-27,10,620,0
2023-07-27,11,570,0
2023-07-27,12,278,0
2023-07-27,13,371,0
2023-07-27,14,37,0
2023-07-27,15,236,0
2023-07-28,1,340,0
2023-07-28,2,648,0
2023-07-28,3,557,0
2023-07-28,4,304,0
2023-07-28,5,427,0
2023-07-28,6,279,0
2023-07-28,7,391,0
2023-07-28,8,272,0
2023-07-28,9,528,0
2023-07-28,10,619,0
2023-07-28,11,567,0
2023-07-28,12,272,0
2023-07-28,13,366,0
2023-07-28,14,35,0
2023-07-28,15,232,0
2023-07-29,1,334,0
2023-07-29,2,635,0
2023-07-29,3,554,0
2023-07-29,4,304,0
2023-07-29,5,426,0
2023-07-29,6,277,0
2023-07-29,7,390,0
2023-07-29,8,266,0
2023-07-29,9,526,0
2023-07-29,10,618,0
2023-07-29,11,555,0
2023-07-29,12,268,0
2023-07-29,13,363,0
2023-07-29,14,34,0
2023-07-29,15,229,0
2023-07-30,1,329,0
2023-07-30,2,633,0
2023-07-30,3,552,0
2023-07-30,4,287,0
2023-07-30,5,421,0
2023-07-30,6,271,0
2023-07-30,7,389,0
2023-07-30,8,262,0
2023-07-30,9,523,0
2023-07-30,10,612,0
2023-07-30,11,550,0
2023-07-30,12,263,0
2023-07-30,13,363,0
2023-07-30,14,31,0
2023-07-30,15,227,0
2023-07-31,1,328,0
2023-07-31,2,629,0
2023-07-31,3,551,0
2023-07-31,4,287,0
2023-07-31,5,418,0
2023-07-31,6,222,0
2023-07-31,7,385,0
2023-07-31,8,261,0
2023-07-31,9,518,0
2023-07-31,10,610,0
2023-07-31,11,548,0
2023-07-31,12,263,0
2023-07-31,13,361,0
2023-07-31,14,26,0
2023-07-31,15,218,0
2023-08-01,1,323,0
2023-08-01,2,621,0
2023-08-01,3,544,0
2023-08-01,4,287,0
2023-08-01,5,415,0
2023-08-01,6,220,0
2023-08-01,7,379,0
2023-08-01,8,259,0
2023-08-01,9,518,0
2023-08-01,10,602,0
2023-08-01,11,544,0
2023-08-01,12,261,0
2023-08-01,13,357,0
2023-08-01,14,22,0
2023-08-01,15,203,0
2023-08-02,1,319,0
2023-08-02,2,609,0
2023-08-02,3,538,0
2023-08-02,4,277,0
2023-08-02,5,411,0
2023-08-02,6,217,0
2023-08-02,7,378,0
2023-08-02,8,256,0
2023-08-02,9,514,0
2023-08-02,10,598,0
2023-08-02,11,542,0
2023-08-02,12,258,0
2023-08-02,13,357,0
2023-08-02,14,22,0
2023-08-02,15,200,0
2023-08-03,1,316,0
2023-08-03,2,609,0
2023-08-03,3,535,0
2023-08-03,4,273,0
2023-08-03,5,408,0
2023-08-03,6,217,0
2023-08-03,7,376,0
2023-08-03,8,252,0
2023-08-03,9,512,0
2023-08-03,10,597,0
2023-08-03,11,542,0
2023-08-03,12,256,0
2023-08-03,13,357,0
2023-08-03,14,16,0
2023-08-03,15,200,0
2023-08-04,1,308,0
2023-08-04,2,598,0
2023-08-04,3,528,0
2023-08-04,4,273,0
2023-08-04,5,405,0
2023-08-04,6,217,0
2023-08-04,7,376,0
2023-08-04,8,251,0
2023-08-04,9,512,0
2023-08-04,10,597,0
2023-08-04,11,540,0
2023-08-04,12,253,0
2023-08-04,13,353,0
2023-08-04,14,13,0
2023-08-04,15,200,0
2023-08-05,1,307,0
2023-08-05,2,594,0
2023-08-05,3,528,0
2023-08-05,4,272,0
2023-08-05,5,401,0
2023-08-05,6,217,0
2023-08-05,7,376,0
2023-08-05,8,247,0
2023-08-05,9,506,0
2023-08-05,10,593,0
2023-08-05,11,538,0
2023-08-05,12,253,0
2023-08-05,13,353,0
2023-08-05,14,6,0
2023-08-05,15,195,0
2023-08-06,1,300,0
2023-08-06,2,583,0
2023-08-06,3,481,0
2023-08-06,4,270,0
2023-08-06,5,393,0
2023-08-06,6,211,0
2023-08-06,7,373,0
2023-08-06,8,240,0
2023-08-06,9,498,0
2023-08-06,10,589,0
2023-08-06,11,537,0
2023-08-06,12,248,0
2023-08-06,13,342,0
2023-08-06,14,4,0
2023-08-06,15,192,0
2023-08-07,1,291,0
2023-08-07,2,580,0
2023-08-07,3,479,0
2023-08-07,4,270,0
2023-08-07,5,386,0
2023-08-07,6,209,0
2023-08-07,7,368,0
2023-08-07,8,239,0
2023-08-07,9,496,0
2023-08-07,10,584,0
2023-08-07,11,528,0
2023-08-07,12,240,0
2023-08-07,13,339,0
2023-08-07,14,0,0
2023-08-07,15,185,0
2023-08-08,1,287,0
2023-08-08,2,579,0
2023-08-08,3,476,0
2023-08-08,4,268,0
2023-08-08,5,384,0
2023-08-08,6,202,0
2023-08-08,7,361,0
2023-08-08,8,237,0
2023-08-08,9,496,0
2023-08-08,10,579,0
2023-08-08,11,525,0
2023-08-08,12,238,0
2023-08-08,13,335,0
2023-08-08,14,0,0
2023-08-08,15,185,0
2023-08-09,1,279,0
2023-08-09,2,574,0
2023-08-09,3,473,0
2023-08-09,4,261,0
2023-08-09,5,381,0
2023-08-09,6,202,0
2023-08-09,7,359,0
2023-08-09,8,228,0
2023-08-09,9,491,0
2023-08-09,10,574,0
2023-08-09,11,514,0
2023-08-09,12,236,0
2023-08-09,13,334,0
2023-08-09,14,0,0
2023-08-09,15,173,0
2023-08-10,1,268,0
2023-08-10,2,568,0
2023-08-10,3,472,0
2023-08-10,4,255,0
2023-08-10,5,378,0
2023-08-10,6,199,0
2023-08-10,7,355,0
2023-08-10,8,228,0
2023-08-10,9,489,0
2023-08-10,10,572,0
2023-08-10,11,511,0
2023-08-10,12,235,0
2023-08-10,13,334,0
2023-08-10,14,0,0
2023-08-10,15,173,0
2023-08-11,1,257,0
2023-08-11,2,567,0
2023-08-11,3,466,0
2023-08-11,4,251,0
2023-08-11,5,377,0
2023-08-11,6,196,0
2023-08-11,7,350,0
2023-08-11,8,227,0
2023-08-11,9,478,0
2023-08-11,10,572,0
2023-08-11,11,509,0
2023-08-11,12,233,0
2023-08-11,13,331,0
2023-08-11,14,592,600
2023-08-11,15,164,0
2023-08-12,1,252,0
2023-08-12,2,561,0
2023-08-12,3,460,0
2023-08-12,4,249,0
2023-08-12,5,374,0
2023-08-12,6,191,0
2023-08-12,7,347,0
2023-08-12,8,223,0
2023-08-12,9,475,0
2023-08-12,10,567,0
2023-08-12,11,506,0
2023-08-12,12,225,0
2023-08-12,13,328,0
2023-08-12,14,585,0
2023-08-12,15,164,0
2023-08-13,1,251,0
2023-08-13,2,554,0
2023-08-13,3,457,0
2023-08-13,4,225,0
2023-08-13,5,369,0
2023-08-13,6,188,0
2023-08-13,7,346,0
2023-08-13,8,223,0
2023-08-13,9,473,0
2023-08-13,10,566,0
2023-08-13,11,503,0
2023-08-13,12,220,0
2023-08-13,13,323,0
2023-08-13,14,582,0
2023-08-13,15,155,0
2023-08-14,1,240,0
2023-08-14,2,549,0
2023-08-14,3,453,0
2023-08-14,4,215,0
2023-08-14,5,369,0
2023-08-14,6,188,0
2023-08-14,7,342,0
2023-08-14,8,220,0
2023-08-14,9,467,0
2023-08-14,10,558,0
2023-08-14,11,503,0
2023-08-14,12,215,0
2023-08-14,13,317,0
2023-08-14,14,577,0
2023-08-14,15,149,0
2023-08-15,1,211,0
2023-08-15,2,507,0
2023-08-15,3,450,0
2023-08-15,4,207,0
2023-08-15,5,368,0
2023-08-15,6,186,0
2023-08-15,7,338,0
2023-08-15,8,216,0
2023-08-15,9,464,0
2023-08-15,10,553,0
2023-08-15,11,499,0
2023-08-15,12,210,0
2023-08-15,13,317,0
2023-08-15,14,571,0
2023-08-15,15,148,0
2023-08-16,1,204,0
2023-08-16,2,503,0
2023-08-16,3,447,0
2023-08-16,4,203,0
2023-08-16,5,365,0
2023-08-16,6,181,0
2023-08-16,7,334,0
2023-08-16,8,215,0
2023-08-16,9,457,0
2023-08-16,10,546,0
2023-08-16,11,499,0
2023-08-16,12,204,0
2023-08-16,13,314,0
2023-08-16,14,567,0
2023-08-16,15,148,0
2023-08-17,1,199,0
2023-08-17,2,498,0
2023-08-17,3,440,0
2023-08-17,4,202,0
2023-08-17,5,360,0
2023-08-17,6,178,0
2023-08-17,7,328,0
2023-08-17,8,214,0
2023-08-17,9,450,0
2023-08-17,10,537,0
2023-08-17,11,490,0
2023-08-17,12,201,0
2023-08-17,13,314,0
2023-08-17,14,564,0
2023-08-17,15,146,0
2023-08-18,1,197,0
2023-08-18,2,493,0
2023-08-18,3,440,0
2023-08-18,4,196,0
2023-08-18,5,356,0
2023-08-18,6,178,0
2023-08-18,7,324,0
2023-08-18,8,207,0
2023-08-18,9,448,0
2023-08-18,10,533,0
2023-08-18,11,487,0
2023-08-18,12,197,0
2023-08-18,13,310,0
2023-08-18,14,559,0
2023-08-18,15,140,0
2023-08-19,1,189,0
2023-08-19,2,487,0
2023-08-19,3,437,0
2023-08-19,4,195,0
2023-08-19,5,351,0
2023-08-19,6,172,0
2023-08-19,7,317,0
2023-08-19,8,204,0
2023-08-19,9,444,0
2023-08-19,10,523,0
2023-08-19,11,482,0
2023-08-19,12,197,0
2023-08-19,13,310,0
2023-08-19,14,559,0
2023-08-19,15,136,0
2023-08-20,1,162,0
2023-08-20,2,477,0
2023-08-20,3,435,0
2023-08-20,4,190,0
2023-08-20,5,351,0
2023-08-20,6,171,0
2023-08-20,7,312,0
2023-08-20,8,199,0
2023-08-20,9,441,0
2023-08-20,10,517,0
2023-08-20,11,478,0
2023-08-20,12,197,0
2023-08-20,13,304,0
2023-08-20,14,552,0
2023-08-20,15,131,0
2023-08-21,1,155,0
2023-08-21,2,469,0
2023-08-21,3,431,0
2023-08-21,4,188,0
2023-08-21,5,349,0
2023-08-21,6,169,0
2023-08-21,7,308,0
2023-08-21,8,191,0
2023-08-21,9,421,0
2023-08-21,10,513,0
2023-08-21,11,477,0
2023-08-21,12,192,0
2023-08-21,13,299,0
2023-08-21,14,549,0
2023-08-21,15,130,0
2023-08-22,1,151,0
2023-08-22,2,462,0
2023-08-22,3,427,0
2023-08-22,4,182,0
2023-08-22,5,343,0
2023-08-22,6,165,0
2023-08-22,7,306,0
2023-08-22,8,186,0
2023-08-22,9,415,0
2023-08-22,10,506,0
2023-08-22,11,477,0
2023-08-22,12,186,0
2023-08-22,13,291,0
2023-08-22,14,548,0
2023-08-22,15,129,0
2023-08-23,1,144,0
2023-08-23,2,456,0
2023-08-23,3,427,0
2023-08-23,4,182,0
2023-08-23,5,338,0
2023-08-23,6,162,0
2023-08-23,7,304,0
2023-08-23,8,186,0
2023-08-23,9,412,0
2023-08-23,10,499,0
2023-08-23,11,477,0
2023-08-23,12,183,0
2023-08-23,13,290,0
2023-08-23,14,545,0
2023-08-23,15,129,0
2023-08-24,1,142,0
2023-08-24,2,456,0
2023-08-24,3,420,0
2023-08-24,4,182,0
2023-08-24,5,336,0
2023-08-24,6,162,0
2023-08-24,7,300,0
2023-08-24,8,181,0
2023-08-24,9,409,0
2023-08-24,10,496,0
2023-08-24,11,477,0
2023-08-24,12,183,0
2023-08-24,13,284,0
2023-08-24,14,542,0
2023-08-24,15,126,0
2023-08-25,1,126,0
2023-08-25,2,442,0
2023-08-25,3,418,0
2023-08-25,4,178,0
2023-08-25,5,334,0
2023-08-25,6,155,0
2023-08-25,7,292,0
2023-08-25,8,176,0
2023-08-25,9,405,0
2023-08-25,10,462,0
2023-08-25,11,473,0
2023-08-25,12,178,0
2023-08-25,13,284,0
2023-08-25,14,534,0
2023-08-25,15,117,0
2023-08-26,1,123,0
2023-08-26,2,442,0
2023-08-26,3,415,0
2023-08-26,4,173,0
2023-08-26,5,333,0
2023-08-26,6,154,0
2023-08-26,7,287,0
2023-08-26,8,174,0
2023-08-26,9,403,0
2023-08-26,10,462,0
2023-08-26,11,472,0
2023-08-26,12,178,0
2023-08-26,13,284,0
2023-08-26,14,532,0
2023-08-26,15,115,0
2023-08-27,1,121,0
2023-08-27,2,430,0
2023-08-27,3,410,0
2023-08-27,4,173,0
2023-08-27,5,319,0
2023-08-27,6,147,0
2023-08-27,7,287,0
2023-08-27,8,169,0
2023-08-27,9,402,0
2023-08-27,10,458,0
2023-08-27,11,466,0
2023-08-27,12,176,0
2023-08-27,13,279,0
2023-08-27,14,528,0
2023-08-27,15,114,0
2023-08-28,1,115,0
2023-08-28,2,417,0
2023-08-28,3,404,0
2023-08-28,4,166,0
2023-08-28,5,311,0
2023-08-28,6,147,0
2023-08-28,7,284,0
2023-08-28,8,163,0
2023-08-28,9,397,0
2023-08-28,10,455,0
2023-08-28,11,466,0
2023-08-28,12,171,0
2023-08-28,13,272,0
2023-08-28,14,517,0
2023-08-28,15,111,0
2023-08-29,1,112,0
2023-08-29,2,415,0
2023-08-29,3,401,0
2023-08-29,4,165,0
2023-08-29,5,305,0
2023-08-29,6,141,0
2023-08-29,7,280,0
2023-08-29,8,162,0
2023-08-29,9,388,0
2023-08-29,10,417,0
2023-08-29,11,465,0
2023-08-29,12,164,0
2023-08-29,13,266,0
2023-08-29,14,516,0
2023-08-29,15,709,600
2023-08-30,1,103,0
2023-08-30,2,407,0
2023-08-30,3,391,0
2023-08-30,4,161,0
2023-08-30,5,304,0
2023-08-30,6,136,0
2023-08-30,7,280,0
2023-08-30,8,159,0
2023-08-30,9,385,0
2023-08-30,10,417,0
2023-08-30,11,465,0
2023-08-30,12,152,0
2023-08-30,13,261,0
2023-08-30,14,514,0
2023-08-30,15,709,0
2023-08-31,1,103,0
2023-08-31,2,402,0
2023-08-31,3,383,0
2023-08-31,4,158,0
2023-08-31,5,304,0
2023-08-31,6,136,0
2023-08-31,7,277,0
2023-08-31,8,156,0
2023-08-31,9,384,0
2023-08-31,10,417,0
2023-08-31,11,465,0
2023-08-31,12,148,0
2023-08-31,13,260,0
2023-08-31,14,510,0
2023-08-31,15,707,0
2023-09-01,1,103,0
2023-09-01,2,399,0
2023-09-01,3,379,0
2023-09-01,4,152,0
2023-09-01,5,302,0
2023-09-01,6,130,0
2023-09-01,7,275,0
2023-09-01,8,149,0
2023-09-01,9,380,0
2023-09-01,10,412,0
2023-09-01,11,458,0
2023-09-01,12,143,0
2023-09-01,13,258,0
2023-09-01,14,501,0
2023-09-01,15,700,0
2023-09-02,1,100,0
2023-09-02,2,386,0
2023-09-02,3,376,0
2023-09-02,4,150,0
2023-09-02,5,298,0
2023-09-02,6,127,0
2023-09-02,7,272,0
2023-09-02,8,147,0
2023-09-02,9,379,0
2023-09-02,10,399,0
2023-09-02,11,453,0
2023-09-02,12,143,0
2023-09-02,13,256,0
2023-09-02,14,500,0
2023-09-02,15,690,0
2023-09-03,1,83,0
2023-09-03,2,375,0
2023-09-03,3,370,0
2023-09-03,4,145,0
2023-09-03,5,293,0
2023-09-03,6,121,0
2023-09-03,7,265,0
2023-09-03,8,146,0
2023-09-03,9,370,0
2023-09-03,10,388,0
2023-09-03,11,444,0
2023-09-03,12,135,0
2023-09-03,13,250,0
2023-09-03,14,495,0
2023-09-03,15,682,0
2023-09-04,1,74,0
2023-09-04,2,373,0
2023-09-04,3,365,0
2023-09-04,4,142,0
2023-09-04,5,289,0
2023-09-04,6,120,0
2023-09-04,7,258,0
2023-09-04,8,142,0
2023-09-04,9,363,0
2023-09-04,10,385,0
2023-09-04,11,429,0
2023-09-04,12,131,0
2023-09-04,13,246,0
2023-09-04,14,491,0
2023-09-04,15,674,0
2023-09-05,1,68,0
2023-09-05,2,360,0
2023-09-05,3,355,0
2023-09-05,4,139,0
2023-09-05,5,287,0
2023-09-05,6,117,0
2023-09-05,7,256,0
2023-09-05,8,136,0
2023-09-05,9,354,0
2023-09-05,10,378,0
2023-09-05,11,422,0
2023-09-05,12,124,0
2023-09-05,13,240,0
2023-09-05,14,476,0
2023-09-05,15,673,0
2023-09-06,1,67,0
2023-09-06,2,358,0
2023-09-06,3,348,0
2023-09-06,4,138,0
2023-09-06,5,287,0
2023-09-06,6,113,0
2023-09-06,7,252,0
2023-09-06,8,134,0
2023-09-06,9,344,0
2023-09-06,10,378,0
2023-09-06,11,419,0
2023-09-06,12,119,0
2023-09-06,13,236,0
2023-09-06,14,475,0
2023-09-06,15,667,0
2023-09-07,1,43,0
2023-09-07,2,350,0
2023-09-07,3,346,0
2023-09-07,4,132,0
2023-09-07,5,280,0
2023-09-07,6,111,0
2023-09-07,7,246,0
2023-09-07,8,132,0
2023-09-07,9,336,0
2023-09-07,10,375,0
2023-09-07,11,416,0
2023-09-07,12,108,0
2023-09-07,13,231,0
2023-09-07,14,469,0
2023-09-07,15,659,0
2023-09-08,1,35,0
2023-09-08,2,347,0
2023-09-08,3,342,0
2023-09-08,4,128,0
2023-09-08,5,273,0
2023-09-08,6,107,0
2023-09-08,7,234,0
2023-09-08,8,731,600
2023-09-08,9,324,0
2023-09-08,10,369,0
2023-09-08,11,413,0
2023-09-08,12,100,0
2023-09-08,13,231,0
2023-09-08,14,465,0
2023-09-08,15,648,0
2023-09-09,1,33,0
2023-09-09,2,343,0
2023-09-09,3,334,0
2023-09-09,4,126,0
2023-09-09,5,261,0
2023-09-09,6,101,0
2023-09-09,7,226,0
2023-09-09,8,722,0
2023-09-09,9,324,0
2023-09-09,10,365,0
2023-09-09,11,410,0
2023-09-09,12,94,0
2023-09-09,13,220,0
2023-09-09,14,461,0
2023-09-09,15,645,0
2023-09-10,1,25,0
2023-09-10,2,340,0
2023-09-10,3,331,0
2023-09-10,4,115,0
2023-09-10,5,247,0
2023-09-10,6,97,0
2023-09-10,7,220,0
2023-09-10,8,716,0
2023-09-10,9,315,0
2023-09-10,10,362,0
2023-09-10,11,406,0
2023-09-10,12,692,600
2023-09-10,13,216,0
2023-09-10,14,453,0
2023-09-10,15,640,0
2023-09-11,1,21,0
2023-09-11,2,337,0
2023-09-11,3,326,0
2023-09-11,4,111,0
2023-09-11,5,246,0
2023-09-11,6,97,0
2023-09-11,7,214,0
2023-09-11,8,713,0
2023-09-11,9,266,0
2023-09-11,10,354,0
2023-09-11,11,401,0
2023-09-11,12,685,0
2023-09-11,13,209,0
2023-09-11,14,447,0
2023-09-11,15,638,0
2023-09-12,1,16,0
2023-09-12,2,324,0
2023-09-12,3,322,0
2023-09-12,4,108,0
2023-09-12,5,242,0
2023-09-12,6,91,0
2023-09-12,7,203,0
2023-09-12,8,708,0
2023-09-12,9,258,0
2023-09-12,10,349,0
2023-09-12,11,388,0
2023-09-12,12,681,0
2023-09-12,13,203,0
2023-09-12,14,445,0
2023-09-12,15,635,0
2023-09-13,1,613,600
2023-09-13,2,320,0
2023-09-13,3,316,0
2023-09-13,4,706,600
2023-09-13,5,235,0
2023-09-13,6,74,0
2023-09-13,7,201,0
2023-09-13,8,696,0
2023-09-13,9,257,0
2023-09-13,10,346,0
2023-09-13,11,387,0
2023-09-13,12,669,0
2023-09-13,13,202,0
2023-09-13,14,437,0
2023-09-13,15,629,0
2023-09-14,1,607,0
2023-09-14,2,315,0
2023-09-14,3,313,0
2023-09-14,4,661,0
2023-09-14,5,234,0
2023-09-14,6,60,0
2023-09-14,7,198,0
2023-09-14,8,691,0
2023-09-14,9,254,0
2023-09-14,10,338,0
2023-09-14,11,386,0
2023-09-14,12,666,0
2023-09-14,13,201,0
2023-09-14,14,435,0
2023-09-14,15,621,0
2023-09-15,1,594,0
2023-09-15,2,311,0
2023-09-15,3,309,0
2023-09-15,4,658,0
2023-09-15,5,225,0
2023-09-15,6,53,0
2023-09-15,7,196,0
2023-09-15,8,690,0
2023-09-15,9,244,0
2023-09-15,10,338,0
2023-09-15,11,371,0
2023-09-15,12,662,0
2023-09-15,13,198,0
2023-09-15,14,431,0
2023-09-15,15,618,0
2023-09-16,1,590,0
2023-09-16,2,303,0
2023-09-16,3,302,0
2023-09-16,4,655,0
2023-09-16,5,221,0
2023-09-16,6,46,0
2023-09-16,7,184,0
2023-09-16,8,678,0
2023-09-16,9,229,0
2023-09-16,10,338,0
2023-09-16,11,371,0
2023-09-16,12,662,0
2023-09-16,13,194,0
2023-09-16,14,387,0
2023-09-16,15,617,0
2023-09-17,1,585,0
2023-09-17,2,295,0
2023-09-17,3,286,0
2023-09-17,4,641,0
2023-09-17,5,218,0
2023-09-17,6,41,0
2023-09-17,7,182,0
2023-09-17,8,672,0
2023-09-17,9,229,0
2023-09-17,10,333,0
2023-09-17,11,367,0
2023-09-17,12,655,0
2023-09-17,13,192,0
2023-09-17,14,384,0
2023-09-17,15,617,0
2023-09-18,1,571,0
2023-09-18,2,293,0
2023-09-18,3,283,0
2023-09-18,4,635,0
2023-09-18,5,206,0
2023-09-18,6,29,0
2023-09-18,7,171,0
2023-09-18,8,663,0
2023-09-18,9,221,0
2023-09-18,10,323,0
2023-09-18,11,358,0
2023-09-18,12,651,0
2023-09-18,13,184,0
2023-09-18,14,383,0
2023-09-18,15,608,0
2023-09-19,1,568,0
2023-09-19,2,291,0
2023-09-19,3,283,0
2023-09-19,4,633,0
2023-09-19,5,204,0
2023-09-19,6,25,0
2023-09-19,7,169,0
2023-09-19,8,662,0
2023-09-19,9,215,0
2023-09-19,10,320,0
2023-09-19,11,356,0
2023-09-19,12,647,0
2023-09-19,13,184,0
2023-09-19,14,381,0
2023-09-19,15,603,0
2023-09-20,1,554,0
2023-09-20,2,285,0
2023-09-20,3,281,0
2023-09-20,4,631,0
2023-09-20,5,198,0
2023-09-20,6,23,0
2023-09-20,7,169,0
2023-09-20,8,654,0
2023-09-20,9,215,0
2023-09-20,10,309,0
2023-09-20,11,356,0
2023-09-20,12,641,0
2023-09-20,13,178,0
2023-09-20,14,378,0
2023-09-20,15,597,0
2023-09-21,1,553,0
2023-09-21,2,273,0
2023-09-21,3,279,0
2023-09-21,4,622,0
2023-09-21,5,197,0
2023-09-21,6,15,0
2023-09-21,7,160,0
2023-09-21,8,651,0
2023-09-21,9,212,0
2023-09-21,10,308,0
2023-09-21,11,349,0
2023-09-21,12,629,0
2023-09-21,13,177,0
2023-09-21,14,375,0
2023-09-21,15,596,0
2023-09-22,1,553,0
2023-09-22,2,266,0
2023-09-22,3,271,0
2023-09-22,4,621,0
2023-09-22,5,186,0
2023-09-22,6,8,0
2023-09-22,7,159,0
2023-09-22,8,641,0
2023-09-22,9,212,0
2023-09-22,10,306,0
2023-09-22,11,345,0
2023-09-22,12,618,0
2023-09-22,13,177,0
2023-09-22,14,368,0
2023-09-22,15,589,0
2023-09-23,1,547,0
2023-09-23,2,260,0
2023-09-23,3,269,0
2023-09-23,4,616,0
2023-09-23,5,186,0
2023-09-23,6,5,0
2023-09-23,7,157,0
2023-09-23,8,637,0
2023-09-23,9,207,0
2023-09-23,10,301,0
2023-09-23,11,341,0
2023-09-23,12,618,0
2023-09-23,13,175,0
2023-09-23,14,368,0
2023-09-23,15,585,0
2023-09-24,1,535,0
2023-09-24,2,252,0
2023-09-24,3,264,0
2023-09-24,4,613,0
2023-09-24,5,185,0
2023-09-24,6,3,0
2023-09-24,7,153,0
2023-09-24,8,601,0
2023-09-24,9,198,0
2023-09-24,10,298,0
2023-09-24,11,328,0
2023-09-24,12,611,0
2023-09-24,13,167,0
2023-09-24,14,367,0
2023-09-24,15,581,0
2023-09-25,1,532,0
2023-09-25,2,248,0
2023-09-25,3,255,0
2023-09-25,4,613,0
2023-09-25,5,182,0
2023-09-25,6,1,0
2023-09-25,7,150,0
2023-09-25,8,600,0
2023-09-25,9,188,0
2023-09-25,10,292,0
2023-09-25,11,317,0
2023-09-25,12,608,0
2023-09-25,13,160,0
2023-09-25,14,361,0
2023-09-25,15,581,0
2023-09-26,1,526,0
2023-09-26,2,237,0
2023-09-26,3,245,0
2023-09-26,4,611,0
2023-09-26,5,179,0
2023-09-26,6,594,600
2023-09-26,7,149,0
2023-09-26,8,598,0
2023-09-26,9,188,0
2023-09-26,10,287,0
2023-09-26,11,316,0
2023-09-26,12,606,0
2023-09-26,13,158,0
2023-09-26,14,361,0
2023-09-26,15,578,0
2023-09-27,1,523,0
2023-09-27,2,235,0
2023-09-27,3,245,0
2023-09-27,4,608,0
2023-09-27,5,169,0
2023-09-27,6,587,0
2023-09-27,7,145,0
2023-09-27,8,598,0
2023-09-27,9,187,0
2023-09-27,10,282,0
2023-09-27,11,311,0
2023-09-27,12,602,0
2023-09-27,13,150,0
2023-09-27,14,357,0
2023-09-27,15,568,0
2023-09-28,1,521,0
2023-09-28,2,230,0
2023-09-28,3,244,0
2023-09-28,4,607,0
2023-09-28,5,160,0
2023-09-28,6,581,0
2023-09-28,7,143,0
2023-09-28,8,593,0
2023-09-28,9,187,0
2023-09-28,10,276,0
2023-09-28,11,306,0
2023-09-28,12,601,0
2023-09-28,13,148,0
2023-09-28,14,352,0
2023-09-28,15,559,0
2023-09-29,1,517,0
2023-09-29,2,213,0
2023-09-29,3,232,0
2023-09-29,4,606,0
2023-09-29,5,154,0
2023-09-29,6,577,0
2023-09-29,7,142,0
2023-09-29,8,591,0
2023-09-29,9,187,0
2023-09-29,10,265,0
2023-09-29,11,303,0
2023-09-29,12,594,0
2023-09-29,13,145,0
2023-09-29,14,351,0
2023-09-29,15,557,0
2023-09-30,1,506,0
2023-09-30,2,209,0
2023-09-30,3,226,0
2023-09-30,4,599,0
2023-09-30,5,147,0
2023-09-30,6,570,0
2023-09-30,7,139,0
2023-09-30,8,582,0
2023-09-30,9,181,0
2023-09-30,10,261,0
2023-09-30,11,292,0
2023-09-30,12,588,0
2023-09-30,13,136,0
2023-09-30,14,345,0
2023-09-30,15,553,0
2023-10-01,1,500,0
2023-10-01,2,197,0
2023-10-01,3,221,0
2023-10-01,4,590,0
2023-10-01,5,139,0
2023-10-01,6,566,0
2023-10-01,7,136,0
2023-10-01,8,580,0
2023-10-01,9,177,0
2023-10-01,10,258,0
2023-10-01,11,291,0
2023-10-01,12,582,0
2023-10-01,13,129,0
2023-10-01,14,337,0
2023-10-01,15,548,0
2023-10-02,1,478,0
2023-10-02,2,187,0
2023-10-02,3,212,0
2023-10-02,4,580,0
2023-10-02,5,138,0
2023-10-02,6,562,0
2023-10-02,7,131,0
2023-10-02,8,578,0
2023-10-02,9,170,0
2023-10-02,10,250,0
2023-10-02,11,286,0
2023-10-02,12,575,0
2023-10-02,13,119,0
2023-10-02,14,315,0
2023-10-02,15,546,0
2023-10-03,1,471,0
2023-10-03,2,180,0
2023-10-03,3,208,0
2023-10-03,4,580,0
2023-10-03,5,129,0
2023-10-03,6,557,0
2023-10-03,7,121,0
2023-10-03,8,575,0
2023-10-03,9,165,0
2023-10-03,10,247,0
2023-10-03,11,279,0
2023-10-03,12,567,0
2023-10-03,13,116,0
2023-10-03,14,310,0
2023-10-03,15,538,0
2023-10-04,1,458,0
2023-10-04,2,167,0
2023-10-04,3,202,0
2023-10-04,4,570,0
2023-10-04,5,128,0
2023-10-04,6,543,0
2023-10-04,7,118,0
2023-10-04,8,564,0
2023-10-04,9,157,0
2023-10-04,10,241,0
2023-10-04,11,271,0
2023-10-04,12,561,0
2023-10-04,13,110,0
2023-10-04,14,301,0
2023-10-04,15,536,0
2023-10-05,1,449,0
2023-10-05,2,163,0
2023-10-05,3,199,0
2023-10-05,4,567,0
2023-10-05,5,127,0
2023-10-05,6,540,0
2023-10-05,7,118,0
2023-10-05,8,550,0
2023-10-05,9,155,0
2023-10-05,10,233,0
2023-10-05,11,264,0
2023-10-05,12,554,0
2023-10-05,13,102,0
2023-10-05,14,289,0
2023-10-05,15,527,0
2023-10-06,1,444,0
2023-10-06,2,148,0
2023-10-06,3,191,0
2023-10-06,4,561,0
2023-10-06,5,122,0
2023-10-06,6,539,0
2023-10-06,7,100,0
2023-10-06,8,546,0
2023-10-06,9,144,0
2023-10-06,10,230,0
2023-10-06,11,251,0
2023-10-06,12,503,0
2023-10-06,13,92,0
2023-10-06,14,280,0
2023-10-06,15,524,0
2023-10-07,1,441,0
2023-10-07,2,137,0
2023-10-07,3,187,0
2023-10-07,4,548,0
2023-10-07,5,118,0
2023-10-07,6,535,0
2023-10-07,7,89,0
2023-10-07,8,537,0
2023-10-07,9,143,0
2023-10-07,10,227,0
2023-10-07,11,248,0
2023-10-07,12,501,0
2023-10-07,13,89,0
2023-10-07,14,280,0
2023-10-07,15,511,0
2023-10-08,1,435,0
2023-10-08,2,122,0
2023-10-08,3,180,0
2023-10-08,4,547,0
2023-10-08,5,118,0
2023-10-08,6,528,0
2023-10-08,7,87,0
2023-10-08,8,534,0
2023-10-08,9,139,0
2023-10-08,10,224,0
2023-10-08,11,247,0
2023-10-08,12,497,0
2023-10-08,13,681,600
2023-10-08,14,277,0
2023-10-08,15,508,0
2023-10-09,1,423,0
2023-10-09,2,115,0
2023-10-09,3,179,0
2023-10-09,4,540,0
2023-10-09,5,110,0
2023-10-09,6,514,0
2023-10-09,7,87,0
2023-10-09,8,532,0
2023-10-09,9,131,0
2023-10-09,10,219,0
2023-10-09,11,246,0
2023-10-09,12,493,0
2023-10-09,13,680,0
2023-10-09,14,276,0
2023-10-09,15,505,0
2023-10-10,1,414,0
2023-10-10,2,115,0
2023-10-10,3,174,0
2023-10-10,4,538,0
2023-10-10,5,108,0
2023-10-10,6,509,0
2023-10-10,7,78,0
2023-10-10,8,523,0
2023-10-10,9,127,0
2023-10-10,10,213,0
2023-10-10,11,240,0
2023-10-10,12,490,0
2023-10-10,13,677,0
2023-10-10,14,250,0
2023-10-10,15,500,0
2023-10-11,1,410,0
2023-10-11,2,114,0
2023-10-11,3,163,0
2023-10-11,4,532,0
2023-10-11,5,103,0
2023-10-11,6,507,0
2023-10-11,7,71,0
2023-10-11,8,521,0
2023-10-11,9,121,0
2023-10-11,10,209,0
2023-10-11,11,232,0
2023-10-11,12,485,0
2023-10-11,13,677,0
2023-10-11,14,247,0
2023-10-11,15,497,0
2023-10-12,1,401,0
2023-10-12,2,98,0
2023-10-12,3,162,0
2023-10-12,4,528,0
2023-10-12,5,697,600
2023-10-12,6,499,0
2023-10-12,7,62,0
2023-10-12,8,518,0
2023-10-12,9,118,0
2023-10-12,10,209,0
2023-10-12,11,223,0
2023-10-12,12,482,0
2023-10-12,13,677,0
2023-10-12,14,244,0
2023-10-12,15,483,0
2023-10-13,1,399,0
2023-10-13,2,86,0
2023-10-13,3,159,0
2023-10-13,4,526,0
2023-10-13,5,696,0
2023-10-13,6,497,0
2023-10-13,7,62,0
2023-10-13,8,515,0
2023-10-13,9,118,0
2023-10-13,10,205,0
2023-10-13,11,220,0
2023-10-13,12,475,0
2023-10-13,13,672,0
2023-10-13,14,238,0
2023-10-13,15,477,0
2023-10-14,1,390,0
2023-10-14,2,78,0
2023-10-14,3,148,0
2023-10-14,4,521,0
2023-10-14,5,686,0
2023-10-14,6,492,0
2023-10-14,7,59,0
2023-10-14,8,513,0
2023-10-14,9,116,0
2023-10-14,10,197,0
2023-10-14,11,212,0
2023-10-14,12,471,0
2023-10-14,13,671,0
2023-10-14,14,232,0
2023-10-14,15,463,0
2023-10-15,1,381,0
2023-10-15,2,67,0
2023-10-15,3,140,0
2023-10-15,4,515,0
2023-10-15,5,678,0
2023-10-15,6,488,0
2023-10-15,7,53,0
2023-10-15,8,510,0
2023-10-15,9,104,0
2023-10-15,10,194,0
2023-10-15,11,197,0
2023-10-15,12,465,0
2023-10-15,13,666,0
2023-10-15,14,232,0
2023-10-15,15,457,0
2023-10-16,1,375,0
2023-10-16,2,56,0
2023-10-16,3,139,0
2023-10-16,4,513,0
2023-10-16,5,671,0
2023-10-16,6,482,0
2023-10-16,7,51,0
2023-10-16,8,508,0
2023-10-16,9,95,0
2023-10-16,10,187,0
2023-10-16,11,196,0
2023-10-16,12,453,0
2023-10-16,13,659,0
2023-10-16,14,229,0
2023-10-16,15,451,0
2023-10-17,1,360,0
2023-10-17,2,48,0
2023-10-17,3,134,0
2023-10-17,4,508,0
2023-10-17,5,664,0
2023-10-17,6,480,0
2023-10-17,7,43,0
2023-10-17,8,506,0
2023-10-17,9,92,0
2023-10-17,10,179,0
2023-10-17,11,188,0
2023-10-17,12,453,0
2023-10-17,13,651,0
2023-10-17,14,227,0
2023-10-17,15,450,0
2023-10-18,1,348,0
2023-10-18,2,45,0
2023-10-18,3,131,0
2023-10-18,4,506,0
2023-10-18,5,664,0
2023-10-18,6,480,0
2023-10-18,7,39,0
2023-10-18,8,503,0
2023-10-18,9,92,0
2023-10-18,10,178,0
2023-10-18,11,185,0
2023-10-18,12,444,0
2023-10-18,13,646,0
2023-10-18,14,223,0
2023-10-18,15,449,0
2023-10-19,1,339,0
2023-10-19,2,40,0
2023-10-19,3,127,0
2023-10-19,4,502,0
2023-10-19,5,657,0
2023-10-19,6,477,0
2023-10-19,7,30,0
2023-10-19,8,496,0
2023-10-19,9,86,0
2023-10-19,10,176,0
2023-10-19,11,176,0
2023-10-19,12,436,0
2023-10-19,13,646,0
2023-10-19,14,220,0
2023-10-19,15,449,0
2023-10-20,1,334,0
2023-10-20,2,639,600
2023-10-20,3,117,0
2023-10-20,4,500,0
2023-10-20,5,652,0
2023-10-20,6,473,0
2023-10-20,7,23,0
2023-10-20,8,489,0
2023-10-20,9,684,600
2023-10-20,10,137,0
2023-10-20,11,169,0
2023-10-20,12,430,0
2023-10-20,13,643,0
2023-10-20,14,213,0
2023-10-20,15,446,0
2023-10-21,1,328,0
2023-10-21,2,628,0
2023-10-21,3,117,0
2023-10-21,4,491,0
2023-10-21,5,649,0
2023-10-21,6,464,0
2023-10-21,7,23,0
2023-10-21,8,478,0
2023-10-21,9,676,0
2023-10-21,10,82,0
2023-10-21,11,161,0
2023-10-21,12,424,0
2023-10-21,13,641,0
2023-10-21,14,202,0
2023-10-21,15,442,0
2023-10-22,1,319,0
2023-10-22,2,623,0
2023-10-22,3,109,0
2023-10-22,4,487,0
2023-10-22,5,642,0
2023-10-22,6,457,0
2023-10-22,7,12,0
2023-10-22,8,474,0
2023-10-22,9,641,0
2023-10-22,10,77,0
2023-10-22,11,157,0
2023-10-22,12,412,0
2023-10-22,13,631,0
2023-10-22,14,202,0
2023-10-22,15,438,0
2023-10-23,1,318,0
2023-10-23,2,620,0
2023-10-23,3,109,0
2023-10-23,4,475,0
2023-10-23,5,642,0
2023-10-23,6,421,0
2023-10-23,7,1,0
2023-10-23,8,469,0
2023-10-23,9,641,0
2023-10-23,10,70,0
2023-10-23,11,153,0
2023-10-23,12,409,0
2023-10-23,13,625,0
2023-10-23,14,197,0
2023-10-23,15,435,0
2023-10-24,1,312,0
2023-10-24,2,611,0
2023-10-24,3,700,600
2023-10-24,4,468,0
2023-10-24,5,642,0
2023-10-24,6,410,0
2023-10-24,7,1,0
2023-10-24,8,462,0
2023-10-24,9,637,0
2023-10-24,10,38,0
2023-10-24,11,149,0
2023-10-24,12,401,0
2023-10-24,13,613,0
2023-10-24,14,193,0
2023-10-24,15,435,0
2023-10-25,1,301,0
2023-10-25,2,601,0
2023-10-25,3,693,0
2023-10-25,4,463,0
2023-10-25,5,639,0
2023-10-25,6,407,0
2023-10-25,7,1,0
2023-10-25,8,455,0
2023-10-25,9,632,0
2023-10-25,10,29,0
2023-10-25,11,145,0
2023-10-25,12,397,0
2023-10-25,13,613,0
2023-10-25,14,191,0
2023-10-25,15,434,0
2023-10-26,1,300,0
2023-10-26,2,593,0
2023-10-26,3,693,0
2023-10-26,4,459,0
2023-10-26,5,636,0
2023-10-26,6,401,0
2023-10-26,7,600,600
2023-10-26,8,454,0
2023-10-26,9,631,0
2023-10-26,10,23,0
2023-10-26,11,145,0
2023-10-26,12,388,0
2023-10-26,13,611,0
2023-10-26,14,189,0
2023-10-26,15,432,0
2023-10-27,1,294,0
2023-10-27,2,587,0
2023-10-27,3,689,0
2023-10-27,4,455,0
2023-10-27,5,631,0
2023-10-27,6,396,0
2023-10-27,7,592,0
2023-10-27,8,452,0
2023-10-27,9,626,0
2023-10-27,10,20,0
2023-10-27,11,139,0
2023-10-27,12,383,0
2023-10-27,13,606,0
2023-10-27,14,188,0
2023-10-27,15,430,0
2023-10-28,1,289,0
2023-10-28,2,581,0
2023-10-28,3,680,0
2023-10-28,4,442,0
2023-10-28,5,629,0
2023-10-28,6,385,0
2023-10-28,7,590,0
2023-10-28,8,451,0
2023-10-28,9,619,0
2023-10-28,10,15,0
2023-10-28,11,123,0
2023-10-28,12,376,0
2023-10-28,13,604,0
2023-10-28,14,182,0
2023-10-28,15,421,0
2023-10-29,1,283,0
2023-10-29,2,570,0
2023-10-29,3,676,0
2023-10-29,4,442,0
2023-10-29,5,629,0
2023-10-29,6,385,0
2023-10-29,7,585,0
2023-10-29,8,450,0
2023-10-29,9,614,0
2023-10-29,10,8,0
2023-10-29,11,118,0
2023-10-29,12,375,0
2023-10-29,13,601,0
2023-10-29,14,181,0
2023-10-29,15,391,0
2023-10-30,1,280,0
2023-10-30,2,556,0
2023-10-30,3,670,0
2023-10-30,4,438,0
2023-10-30,5,614,0
2023-10-30,6,384,0
2023-10-30,7,581,0
2023-10-30,8,412,0
2023-10-30,9,605,0
2023-10-30,10,3,0
2023-10-30,11,109,0
2023-10-30,12,369,0
2023-10-30,13,596,0
2023-10-30,14,178,0
2023-10-30,15,387,0
2023-10-31,1,275,0
2023-10-31,2,551,0
2023-10-31,3,666,0
2023-10-31,4,431,0
2023-10-31,5,606,0
2023-10-31,6,373,0
2023-10-31,7,579,0
2023-10-31,8,410,0
2023-10-31,9,603,0
2023-10-31,10,1,0
2023-10-31,11,708,600
2023-10-31,12,366,0
2023-10-31,13,590,0
2023-10-31,14,169,0
2023-10-31,15,378,0
2023-11-01,1,175,0
2023-11-01,2,478,0
2023-11-01,3,659,0
2023-11-01,4,431,0
2023-11-01,5,603,0
2023-11-01,6,365,0
2023-11-01,7,573,0
2023-11-01,8,406,0
2023-11-01,9,601,0
2023-11-01,10,0,0
2023-11-01,11,696,0
2023-11-01,12,365,0
2023-11-01,13,563,0
2023-11-01,14,162,0
2023-11-01,15,370,0
2023-11-02,1,67,0
2023-11-02,2,429,0
2023-11-02,3,653,0
2023-11-02,4,431,0
2023-11-02,5,601,0
2023-11-02,6,357,0
2023-11-02,7,566,0
2023-11-02,8,384,0
2023-11-02,9,601,0
2023-11-02,10,0,0
2023-11-02,11,692,0
2023-11-02,12,365,0
2023-11-02,13,561,0
2023-11-02,14,157,0
2023-11-02,15,361,0
2023-11-03,1,11,0
2023-11-03,2,342,0
2023-11-03,3,648,0
2023-11-03,4,428,0
2023-11-03,5,600,0
2023-11-03,6,348,0
2023-11-03,7,551,0
2023-11-03,8,371,0
2023-11-03,9,598,0
2023-11-03,10,587,600
2023-11-03,11,692,0
2023-11-03,12,357,0
2023-11-03,13,558,0
2023-11-03,14,151,0
2023-11-03,15,354,0
2023-11-04,1,0,0
2023-11-04,2,274,0
2023-11-04,3,644,0
2023-11-04,4,425,0
2023-11-04,5,596,0
2023-11-04,6,346,0
2023-11-04,7,548,0
2023-11-04,8,364,0
2023-11-04,9,591,0
2023-11-04,10,587,0
2023-11-04,11,687,0
2023-11-04,12,355,0
2023-11-04,13,552,0
2023-11-04,14,147,0
2023-11-04,15,353,0
2023-11-05,1,0,0
2023-11-05,2,179,0
2023-11-05,3,641,0
2023-11-05,4,422,0
2023-11-05,5,583,0
2023-11-05,6,337,0
2023-11-05,7,547,0
2023-11-05,8,364,0
2023-11-05,9,582,0
2023-11-05,10,581,0
2023-11-05,11,680,0
2023-11-05,12,348,0
2023-11-05,13,537,0
2023-11-05,14,139,0
2023-11-05,15,346,0
2023-11-06,1,0,0
2023-11-06,2,89,0
2023-11-06,3,639,0
2023-11-06,4,420,0
2023-11-06,5,578,0
2023-11-06,6,327,0
2023-11-06,7,547,0
2023-11-06,8,364,0
2023-11-06,9,579,0
2023-11-06,10,572,0
2023-11-06,11,680,0
2023-11-06,12,342,0
2023-11-06,13,534,0
2023-11-06,14,136,0
2023-11-06,15,336,0
2023-11-07,1,0,0
2023-11-07,2,0,0
2023-11-07,3,630,0
2023-11-07,4,417,0
2023-11-07,5,571,0
2023-11-07,6,322,0
2023-11-07,7,534,0
2023-11-07,8,360,0
2023-11-07,9,576,0
2023-11-07,10,562,0
2023-11-07,11,671,0
2023-11-07,12,334,0
2023-11-07,13,524,0
2023-11-07,14,134,0
2023-11-07,15,333,0
2023-11-08,1,0,0
2023-11-08,2,0,0
2023-11-08,3,621,0
2023-11-08,4,412,0
2023-11-08,5,560,0
2023-11-08,6,318,0
2023-11-08,7,527,0
2023-11-08,8,348,0
2023-11-08,9,573,0
2023-11-08,10,560,0
2023-11-08,11,669,0
2023-11-08,12,322,0
2023-11-08,13,520,0
2023-11-08,14,130,0
2023-11-08,15,322,0
2023-11-09,1,0,0
2023-11-09,2,0,0
2023-11-09,3,614,0
2023-11-09,4,409,0
2023-11-09,5,557,0
2023-11-09,6,310,0
2023-11-09,7,522,0
2023-11-09,8,344,0
2023-11-09,9,562,0
2023-11-09,10,548,0
2023-11-09,11,669,0
2023-11-09,12,321,0
2023-11-09,13,514,0
2023-11-09,14,129,0
2023-11-09,15,316,0
2023-11-10,1,0,0
2023-11-10,2,0,0
2023-11-10,3,603,0
2023-11-10,4,399,0
2023-11-10,5,553,0
2023-11-10,6,306,0
2023-11-10,7,514,0
2023-11-10,8,342,0
2023-11-10,9,554,0
2023-11-10,10,547,0
2023-11-10,11,662,0
2023-11-10,12,318,0
2023-11-10,13,514,0
2023-11-10,14,126,0
2023-11-10,15,309,0
2023-11-11,1,0,0
2023-11-11,2,0,0
2023-11-11,3,587,0
2023-11-11,4,397,0
2023-11-11,5,552,0
2023-11-11,6,306,0
2023-11-11,7,501,0
2023-11-11,8,339,0
2023-11-11,9,554,0
2023-11-11,10,543,0
2023-11-11,11,651,0
2023-11-11,12,306,0
2023-11-11,13,510,0
2023-11-11,14,122,0
2023-11-11,15,305,0
2023-11-12,1,0,0
2023-11-12,2,0,0
2023-11-12,3,581,0
2023-11-12,4,397,0
2023-11-12,5,548,0
2023-11-12,6,302,0
2023-11-12,7,491,0
2023-11-12,8,335,0
2023-11-12,9,548,0
2023-11-12,10,533,0
2023-11-12,11,643,0
2023-11-12,12,299,0
2023-11-12,13,504,0
2023-11-12,14,119,0
2023-11-12,15,299,0
2023-11-13,1,0,0
2023-11-13,2,0,0
2023-11-13,3,570,0
2023-11-13,4,396,0
2023-11-13,5,548,0
2023-11-13,6,299,0
2023-11-13,7,483,0
2023-11-13,8,332,0
2023-11-13,9,540,0
2023-11-13,10,523,0
2023-11-13,11,639,0
2023-11-13,12,285,0
2023-11-13,13,502,0
2023-11-13,14,116,0
2023-11-13,15,295,0
2023-11-14,1,0,0
2023-11-14,2,0,0
2023-11-14,3,565,0
2023-11-14,4,392,0
2023-11-14,5,541,0
2023-11-14,6,294,0
2023-11-14,7,483,0
2023-11-14,8,326,0
2023-11-14,9,537,0
2023-11-14,10,514,0
2023-11-14,11,636,0
2023-11-14,12,281,0
2023-11-14,13,496,0
2023-11-14,14,111,0
2023-11-14,15,290,0
2023-11-15,1,0,0
2023-11-15,2,0,0
2023-11-15,3,560,0
2023-11-15,4,389,0
2023-11-15,5,531,0
2023-11-15,6,289,0
2023-11-15,7,479,0
2023-11-15,8,319,0
2023-11-15,9,527,0
2023-11-15,10,513,0
2023-11-15,11,632,0
2023-11-15,12,280,0
2023-11-15,13,487,0
2023-11-15,14,104,0
2023-11-15,15,285,0
2023-11-16,1,0,0
2023-11-16,2,0,0
2023-11-16,3,556,0
2023-11-16,4,386,0
2023-11-16,5,525,0
2023-11-16,6,284,0
2023-11-16,7,477,0
2023-11-16,8,317,0
2023-11-16,9,521,0
2023-11-16,10,506,0
2023-11-16,11,627,0
2023-11-16,12,272,0
2023-11-16,13,479,0
2023-11-16,14,99,0
2023-11-16,15,277,0
2023-11-17,1,0,0
2023-11-17,2,0,0
2023-11-17,3,556,0
2023-11-17,4,380,0
2023-11-17,5,521,0
2023-11-17,6,282,0
2023-11-17,7,474,0
2023-11-17,8,314,0
2023-11-17,9,518,0
2023-11-17,10,504,0
2023-11-17,11,621,0
2023-11-17,12,266,0
2023-11-17,13,476,0
2023-11-17,14,97,0
2023-11-17,15,274,0
2023-11-18,1,0,0
2023-11-18,2,0,0
2023-11-18,3,550,0
2023-11-18,4,378,0
2023-11-18,5,521,0
2023-11-18,6,277,0
2023-11-18,7,473,0
2023-11-18,8,314,0
2023-11-18,9,512,0
2023-11-18,10,495,0
2023-11-18,11,617,0
2023-11-18,12,257,0
2023-11-18,13,473,0
2023-11-18,14,90,0
2023-11-18,15,271,0
2023-11-19,1,0,0
2023-11-19,2,0,0
2023-11-19,3,543,0
2023-11-19,4,378,0
2023-11-19,5,516,0
2023-11-19,6,277,0
2023-11-19,7,472,0
2023-11-19,8,307,0
2023-11-19,9,507,0
2023-11-19,10,488,0
2023-11-19,11,615,0
2023-11-19,12,254,0
2023-11-19,13,464,0
2023-11-19,14,84,0
2023-11-19,15,271,0
2023-11-20,1,0,0
2023-11-20,2,514,600
2023-11-20,3,543,0
2023-11-20,4,376,0
2023-11-20,5,509,0
2023-11-20,6,273,0
2023-11-20,7,469,0
2023-11-20,8,300,0
2023-11-20,9,504,0
2023-11-20,10,481,0
2023-11-20,11,582,0
2023-11-20,12,245,0
2023-11-20,13,463,0
2023-11-20,14,78,0
2023-11-20,15,262,0
2023-11-21,1,0,0
2023-11-21,2,409,0
2023-11-21,3,533,0
2023-11-21,4,368,0
2023-11-21,5,495,0
2023-11-21,6,262,0
2023-11-21,7,465,0
2023-11-21,8,297,0
2023-11-21,9,501,0
2023-11-21,10,464,0
2023-11-21,11,575,0
2023-11-21,12,240,0
2023-11-21,13,456,0
2023-11-21,14,73,0
2023-11-21,15,255,0
2023-11-22,1,0,0
2023-11-22,2,325,0
2023-11-22,3,531,0
2023-11-22,4,361,0
2023-11-22,5,483,0
2023-11-22,6,232,0
2023-11-22,7,462,0
2023-11-22,8,295,0
2023-11-22,9,491,0
2023-11-22,10,463,0
2023-11-22,11,566,0
2023-11-22,12,235,0
2023-11-22,13,453,0
2023-11-22,14,70,0
2023-11-22,15,255,0
2023-11-23,1,524,600
2023-11-23,2,243,0
2023-11-23,3,527,0
2023-11-23,4,355,0
2023-11-23,5,477,0
2023-11-23,6,221,0
2023-11-23,7,462,0
2023-11-23,8,288,0
2023-11-23,9,485,0
2023-11-23,10,461,0
2023-11-23,11,557,0
2023-11-23,12,235,0
2023-11-23,13,440,0
2023-11-23,14,62,0
2023-11-23,15,245,0
2023-11-24,1,451,0
2023-11-24,2,173,0
2023-11-24,3,526,0
2023-11-24,4,353,0
2023-11-24,5,471,0
2023-11-24,6,215,0
2023-11-24,7,457,0
2023-11-24,8,281,0
2023-11-24,9,480,0
2023-11-24,10,461,0
2023-11-24,11,556,0
2023-11-24,12,229,0
2023-11-24,13,433,0
2023-11-24,14,59,0
2023-11-24,15,238,0
2023-11-25,1,416,0
2023-11-25,2,90,0
2023-11-25,3,517,0
2023-11-25,4,349,0
2023-11-25,5,466,0
2023-11-25,6,215,0
2023-11-25,7,451,0
2023-11-25,8,281,0
2023-11-25,9,475,0
2023-11-25,10,460,0
2023-11-25,11,551,0
2023-11-25,12,226,0
2023-11-25,13,431,0
2023-11-25,14,53,0
2023-11-25,15,207,0
2023-11-26,1,319,0
2023-11-26,2,13,0
2023-11-26,3,511,0
2023-11-26,4,335,0
2023-11-26,5,466,0
2023-11-26,6,211,0
2023-11-26,7,445,0
2023-11-26,8,276,0
2023-11-26,9,473,0
2023-11-26,10,460,0
2023-11-26,11,544,0
2023-11-26,12,226,0
2023-11-26,13,419,0
2023-11-26,14,50,0
2023-11-26,15,202,0
2023-11-27,1,261,0
2023-11-27,2,0,0
2023-11-27,3,511,0
2023-11-27,4,328,0
2023-11-27,5,466,0
2023-11-27,6,208,0
2023-11-27,7,445,0
2023-11-27,8,267,0
2023-11-27,9,465,0
2023-11-27,10,455,0
2023-11-27,11,541,0
2023-11-27,12,225,0
2023-11-27,13,408,0
2023-11-27,14,47,0
2023-11-27,15,196,0
2023-11-28,1,132,0
2023-11-28,2,0,0
2023-11-28,3,507,0
2023-11-28,4,324,0
2023-11-28,5,461,0
2023-11-28,6,206,0
2023-11-28,7,441,0
2023-11-28,8,258,0
2023-11-28,9,460,0
2023-11-28,10,451,0
2023-11-28,11,531,0
2023-11-28,12,221,0
2023-11-28,13,408,0
2023-11-28,14,37,0
2023-11-28,15,194,0
2023-11-29,1,50,0
2023-11-29,2,0,0
2023-11-29,3,505,0
2023-11-29,4,321,0
2023-11-29,5,460,0
2023-11-29,6,199,0
2023-11-29,7,437,0
2023-11-29,8,252,0
2023-11-29,9,452,0
2023-11-29,10,440,0
2023-11-29,11,530,0
2023-11-29,12,217,0
2023-11-29,13,400,0
2023-11-29,14,34,0
2023-11-29,15,194,0
2023-11-30,1,0,0
2023-11-30,2,0,0
2023-11-30,3,503,0
2023-11-30,4,315,0
2023-11-30,5,448,0
2023-11-30,6,188,0
2023-11-30,7,437,0
2023-11-30,8,251,0
2023-11-30,9,439,0
2023-11-30,10,436,0
2023-11-30,11,528,0
2023-11-30,12,211,0
2023-11-30,13,393,0
2023-11-30,14,30,0
2023-11-30,15,194,0
2023-12-01,1,0,0
2023-12-01,2,0,0
2023-12-01,3,500,0
2023-12-01,4,310,0
2023-12-01,5,443,0
2023-12-01,6,188,0
2023-12-01,7,430,0
2023-12-01,8,245,0
2023-12-01,9,433,0
2023-12-01,10,431,0
2023-12-01,11,513,0
2023-12-01,12,209,0
2023-12-01,13,388,0
2023-12-01,14,26,0
2023-12-01,15,190,0
2023-12-02,1,0,0
2023-12-02,2,0,0
2023-12-02,3,491,0
2023-12-02,4,308,0
2023-12-02,5,436,0
2023-12-02,6,187,0
2023-12-02,7,419,0
2023-12-02,8,240,0
2023-12-02,9,381,0
2023-12-02,10,427,0
2023-12-02,11,510,0
2023-12-02,12,203,0
2023-12-02,13,384,0
2023-12-02,14,25,0
2023-12-02,15,186,0
2023-12-03,1,0,0
2023-12-03,2,0,0
2023-12-03,3,479,0
2023-12-03,4,301,0
2023-12-03,5,430,0
2023-12-03,6,176,0
2023-12-03,7,414,0
2023-12-03,8,231,0
2023-12-03,9,375,0
2023-12-03,10,425,0
2023-12-03,11,507,0
2023-12-03,12,201,0
2023-12-03,13,381,0
2023-12-03,14,19,0
2023-12-03,15,185,0
2023-12-04,1,0,0
2023-12-04,2,0,0
2023-12-04,3,476,0
2023-12-04,4,289,0
2023-12-04,5,423,0
2023-12-04,6,168,0
2023-12-04,7,403,0
2023-12-04,8,223,0
2023-12-04,9,367,0
2023-12-04,10,423,0
2023-12-04,11,502,0
2023-12-04,12,200,0
2023-12-04,13,372,0
2023-12-04,14,10,0
2023-12-04,15,181,0
2023-12-05,1,0,0
2023-12-05,2,0,0
2023-12-05,3,457,0
2023-12-05,4,280,0
2023-12-05,5,417,0
2023-12-05,6,146,0
2023-12-05,7,397,0
2023-12-05,8,218,0
2023-12-05,9,366,0
2023-12-05,10,414,0
2023-12-05,11,499,0
2023-12-05,12,198,0
2023-12-05,13,356,0
2023-12-05,14,4,0
2023-12-05,15,179,0
2023-12-06,1,0,0
2023-12-06,2,0,0
2023-12-06,3,447,0
2023-12-06,4,273,0
2023-12-06,5,413,0
2023-12-06,6,139,0
2023-12-06,7,393,0
2023-12-06,8,214,0
2023-12-06,9,361,0
2023-12-06,10,413,0
2023-12-06,11,492,0
2023-12-06,12,194,0
2023-12-06,13,350,0
2023-12-06,14,2,0
2023-12-06,15,168,0
2023-12-07,1,0,0
2023-12-07,2,0,0
2023-12-07,3,447,0
2023-12-07,4,273,0
2023-12-07,5,407,0
2023-12-07,6,136,0
2023-12-07,7,392,0
2023-12-07,8,210,0
2023-12-07,9,358,0
2023-12-07,10,410,0
2023-12-07,11,487,0
2023-12-07,12,193,0
2023-12-07,13,341,0
2023-12-07,14,2,0
2023-12-07,15,164,0
2023-12-08,1,0,0
2023-12-08,2,0,0
2023-12-08,3,444,0
2023-12-08,4,262,0
2023-12-08,5,404,0
2023-12-08,6,84,0
2023-12-08,7,387,0
2023-12-08,8,206,0
2023-12-08,9,352,0
2023-12-08,10,407,0
2023-12-08,11,476,0
2023-12-08,12,191,0
2023-12-08,13,335,0
2023-12-08,14,2,0
2023-12-08,15,159,0
2023-12-09,1,0,0
2023-12-09,2,575,600
2023-12-09,3,439,0
2023-12-09,4,261,0
2023-12-09,5,403,0
2023-12-09,6,79,0
2023-12-09,7,379,0
2023-12-09,8,205,0
2023-12-09,9,350,0
2023-12-09,10,406,0
2023-12-09,11,470,0
2023-12-09,12,187,0
2023-12-09,13,325,0
2023-12-09,14,1,0
2023-12-09,15,158,0
2023-12-10,1,0,0
2023-12-10,2,518,0
2023-12-10,3,428,0
2023-12-10,4,252,0
2023-12-10,5,389,0
2023-12-10,6,79,0
2023-12-10,7,379,0
2023-12-10,8,196,0
2023-12-10,9,341,0
2023-12-10,10,403,0
2023-12-10,11,468,0
2023-12-10,12,187,0
2023-12-10,13,317,0
2023-12-10,14,0,0
2023-12-10,15,155,0
2023-12-11,1,0,0
2023-12-11,2,443,0
2023-12-11,3,421,0
2023-12-11,4,247,0
2023-12-11,5,386,0
2023-12-11,6,74,0
2023-12-11,7,376,0
2023-12-11,8,193,0
2023-12-11,9,337,0
2023-12-11,10,395,0
2023-12-11,11,467,0
2023-12-11,12,183,0
2023-12-11,13,309,0
2023-12-11,14,0,0
2023-12-11,15,152,0
2023-12-12,1,0,0
2023-12-12,2,346,0
2023-12-12,3,410,0
2023-12-12,4,238,0
2023-12-12,5,380,0
2023-12-12,6,66,0
2023-12-12,7,370,0
2023-12-12,8,192,0
2023-12-12,9,335,0
2023-12-12,10,390,0
2023-12-12,11,460,0
2023-12-12,12,173,0
2023-12-12,13,304,0
2023-12-12,14,0,0
2023-12-12,15,148,0
2023-12-13,1,0,0
2023-12-13,2,268,0
2023-12-13,3,405,0
2023-12-13,4,236,0
2023-12-13,5,377,0
2023-12-13,6,33,0
2023-12-13,7,369,0
2023-12-13,8,192,0
2023-12-13,9,326,0
2023-12-13,10,387,0
2023-12-13,11,450,0
2023-12-13,12,168,0
2023-12-13,13,296,0
2023-12-13,14,0,0
2023-12-13,15,143,0
2023-12-14,1,0,0
2023-12-14,2,192,0
2023-12-14,3,403,0
2023-12-14,4,227,0
2023-12-14,5,368,0
2023-12-14,6,23,0
2023-12-14,7,365,0
2023-12-14,8,184,0
2023-12-14,9,325,0
2023-12-14,10,385,0
2023-12-14,11,443,0
2023-12-14,12,159,0
2023-12-14,13,287,0
2023-12-14,14,0,0
2023-12-14,15,140,0
2023-12-15,1,0,0
2023-12-15,2,140,0
2023-12-15,3,391,0
2023-12-15,4,222,0
2023-12-15,5,365,0
2023-12-15,6,21,0
2023-12-15,7,357,0
2023-12-15,8,180,0
2023-12-15,9,318,0
2023-12-15,10,379,0
2023-12-15,11,442,0
2023-12-15,12,149,0
2023-12-15,13,279,0
2023-12-15,14,0,0
2023-12-15,15,127,0
2023-12-16,1,0,0
2023-12-16,2,75,0
2023-12-16,3,385,0
2023-12-16,4,217,0
2023-12-16,5,355,0
2023-12-16,6,21,0
2023-12-16,7,352,0
2023-12-16,8,175,0
2023-12-16,9,315,0
2023-12-16,10,379,0
2023-12-16,11,438,0
2023-12-16,12,142,0
2023-12-16,13,277,0
2023-12-16,14,0,0
2023-12-16,15,119,0
2023-12-17,1,0,0
2023-12-17,2,1,0
2023-12-17,3,381,0
2023-12-17,4,216,0
2023-12-17,5,355,0
2023-12-17,6,18,0
2023-12-17,7,346,0
2023-12-17,8,169,0
2023-12-17,9,312,0
2023-12-17,10,374,0
2023-12-17,11,433,0
2023-12-17,12,133,0
2023-12-17,13,270,0
2023-12-17,14,0,0
2023-12-17,15,117,0
2023-12-18,1,0,0
2023-12-18,2,0,0
2023-12-18,3,380,0
2023-12-18,4,208,0
2023-12-18,5,353,0
2023-12-18,6,15,0
2023-12-18,7,330,0
2023-12-18,8,165,0
2023-12-18,9,303,0
2023-12-18,10,370,0
2023-12-18,11,433,0
2023-12-18,12,128,0
2023-12-18,13,261,0
2023-12-18,14,0,0
2023-12-18,15,114,0
2023-12-19,1,508,600
2023-12-19,2,0,0
2023-12-19,3,375,0
2023-12-19,4,202,0
2023-12-19,5,350,0
2023-12-19,6,12,0
2023-12-19,7,323,0
2023-12-19,8,165,0
2023-12-19,9,294,0
2023-12-19,10,368,0
2023-12-19,11,428,0
2023-12-19,12,123,0
2023-12-19,13,253,0
2023-12-19,14,594,600
2023-12-19,15,114,0
2023-12-20,1,455,0
2023-12-20,2,0,0
2023-12-20,3,371,0
2023-12-20,4,194,0
2023-12-20,5,347,0
2023-12-20,6,9,0
2023-12-20,7,310,0
2023-12-20,8,161,0
2023-12-20,9,284,0
2023-12-20,10,366,0
2023-12-20,11,428,0
2023-12-20,12,119,0
2023-12-20,13,246,0
2023-12-20,14,588,0
2023-12-20,15,103,0
2023-12-21,1,368,0
2023-12-21,2,0,0
2023-12-21,3,366,0
2023-12-21,4,190,0
2023-12-21,5,341,0
2023-12-21,6,2,0
2023-12-21,7,307,0
2023-12-21,8,159,0
2023-12-21,9,275,0
2023-12-21,10,363,0
2023-12-21,11,423,0
2023-12-21,12,116,0
2023-12-21,13,246,0
2023-12-21,14,583,0
2023-12-21,15,92,0
2023-12-22,1,317,0
2023-12-22,2,0,0
2023-12-22,3,366,0
2023-12-22,4,185,0
2023-12-22,5,341,0
2023-12-22,6,1,0
2023-12-22,7,304,0
2023-12-22,8,154,0
2023-12-22,9,272,0
2023-12-22,10,360,0
2023-12-22,11,420,0
2023-12-22,12,115,0
2023-12-22,13,242,0
2023-12-22,14,578,0
2023-12-22,15,84,0
2023-12-23,1,241,0
2023-12-23,2,0,0
2023-12-23,3,363,0
2023-12-23,4,182,0
2023-12-23,5,334,0
2023-12-23,6,1,0
2023-12-23,7,299,0
2023-12-23,8,150,0
2023-12-23,9,260,0
2023-12-23,10,358,0
2023-12-23,11,415,0
2023-12-23,12,107,0
2023-12-23,13,241,0
2023-12-23,14,568,0
2023-12-23,15,79,0
2023-12-24,1,212,0
2023-12-24,2,0,0
2023-12-24,3,363,0
2023-12-24,4,178,0
2023-12-24,5,332,0
2023-12-24,6,1,0
2023-12-24,7,294,0
2023-12-24,8,148,0
2023-12-24,9,255,0
2023-12-24,10,355,0
2023-12-24,11,412,0
2023-12-24,12,103,0
2023-12-24,13,237,0
2023-12-24,14,564,0
2023-12-24,15,78,0
2023-12-25,1,132,0
2023-12-25,2,0,0
2023-12-25,3,358,0
2023-12-25,4,172,0
2023-12-25,5,322,0
2023-12-25,6,0,0
2023-12-25,7,287,0
2023-12-25,8,143,0
2023-12-25,9,248,0
2023-12-25,10,355,0
2023-12-25,11,403,0
2023-12-25,12,702,600
2023-12-25,13,236,0
2023-12-25,14,558,0
2023-12-25,15,71,0
2023-12-26,1,52,0
2023-12-26,2,0,0
2023-12-26,3,356,0
2023-12-26,4,169,0
2023-12-26,5,322,0
2023-12-26,6,0,0
2023-12-26,7,286,0
2023-12-26,8,142,0
2023-12-26,9,241,0
2023-12-26,10,353,0
2023-12-26,11,402,0
2023-12-26,12,701,0
2023-12-26,13,234,0
2023-12-26,14,552,0
2023-12-26,15,65,0
2023-12-27,1,0,0
2023-12-27,2,0,0
2023-12-27,3,354,0
2023-12-27,4,165,0
2023-12-27,5,320,0
2023-12-27,6,0,0
2023-12-27,7,286,0
2023-12-27,8,139,0
2023-12-27,9,237,0
2023-12-27,10,349,0
2023-12-27,11,395,0
2023-12-27,12,700,0
2023-12-27,13,232,0
2023-12-27,14,549,0
2023-12-27,15,664,600
2023-12-28,1,0,0
2023-12-28,2,0,0
2023-12-28,3,346,0
2023-12-28,4,161,0
2023-12-28,5,317,0
2023-12-28,6,0,0
2023-12-28,7,282,0
2023-12-28,8,134,0
2023-12-28,9,228,0
2023-12-28,10,348,0
2023-12-28,11,389,0
2023-12-28,12,688,0
2023-12-28,13,231,0
2023-12-28,14,543,0
2023-12-28,15,658,0
2023-12-29,1,0,0
2023-12-29,2,548,600
2023-12-29,3,335,0
2023-12-29,4,158,0
2023-12-29,5,310,0
2023-12-29,6,0,0
2023-12-29,7,278,0
2023-12-29,8,130,0
2023-12-29,9,227,0
2023-12-29,10,339,0
2023-12-29,11,380,0
2023-12-29,12,685,0
2023-12-29,13,226,0
2023-12-29,14,539,0
2023-12-29,15,655,0
2023-12-30,1,0,0
2023-12-30,2,429,0
2023-12-30,3,331,0
2023-12-30,4,156,0
2023-12-30,5,308,0
2023-12-30,6,0,0
2023-12-30,7,278,0
2023-12-30,8,122,0
2023-12-30,9,221,0
2023-12-30,10,339,0
2023-12-30,11,371,0
2023-12-30,12,681,0
2023-12-30,13,223,0
2023-12-30,14,533,0
2023-12-30,15,651,0
2023-12-31,1,0,0
2023-12-31,2,332,0
2023-12-31,3,327,0
2023-12-31,4,145,0
2023-12-31,5,306,0
2023-12-31,6,0,0
2023-12-31,7,269,0
2023-12-31,8,722,600
2023-12-31,9,214,0
2023-12-31,10,332,0
2023-12-31,11,366,0
2023-12-31,12,675,0
2023-12-31,13,223,0
2023-12-31,14,531,0
2023-12-31,15,644,0
2024-01-01,1,0,0
2024-01-01,2,329,0
2024-01-01,3,324,0
2024-01-01,4,144,0
2024-01-01,5,302,0
2024-01-01,6,0,0
2024-01-01,7,262,0
2024-01-01,8,718,0
2024-01-01,9,211,0
2024-01-01,10,332,0
2024-01-01,11,353,0
2024-01-01,12,669,0
2024-01-01,13,218,0
2024-01-01,14,527,0
2024-01-01,15,633,0
2024-01-02,1,0,0
2024-01-02,2,320,0
2024-01-02,3,323,0
2024-01-02,4,132,0
2024-01-02,5,298,0
2024-01-02,6,0,0
2024-01-02,7,259,0
2024-01-02,8,707,0
2024-01-02,9,210,0
2024-01-02,10,326,0
2024-01-02,11,353,0
2024-01-02,12,667,0
2024-01-02,13,215,0
2024-01-02,14,527,0
2024-01-02,15,632,0
2024-01-03,1,0,0
2024-01-03,2,302,0
2024-01-03,3,309,0
2024-01-03,4,132,0
2024-01-03,5,298,0
2024-01-03,6,0,0
2024-01-03,7,249,0
2024-01-03,8,702,0
2024-01-03,9,199,0
2024-01-03,10,316,0
2024-01-03,11,350,0
2024-01-03,12,656,0
2024-01-03,13,205,0
2024-01-03,14,522,0
2024-01-03,15,623,0
2024-01-04,1,0,0
2024-01-04,2,295,0
2024-01-04,3,305,0
2024-01-04,4,127,0
2024-01-04,5,290,0
2024-01-04,6,596,600
2024-01-04,7,241,0
2024-01-04,8,701,0
2024-01-04,9,198,0
2024-01-04,10,309,0
2024-01-04,11,345,0
2024-01-04,12,650,0
2024-01-04,13,196,0
2024-01-04,14,515,0
2024-01-04,15,617,0
2024-01-05,1,0,0
2024-01-05,2,292,0
2024-01-05,3,298,0
2024-01-05,4,127,0
2024-01-05,5,288,0
2024-01-05,6,589,0
2024-01-05,7,228,0
2024-01-05,8,696,0
2024-01-05,9,194,0
2024-01-05,10,303,0
2024-01-05,11,343,0
2024-01-05,12,638,0
2024-01-05,13,195,0
2024-01-05,14,511,0
2024-01-05,15,604,0
2024-01-06,1,0,0
2024-01-06,2,285,0
2024-01-06,3,293,0
2024-01-06,4,127,0
2024-01-06,5,288,0
2024-01-06,6,586,0
2024-01-06,7,225,0
2024-01-06,8,689,0
2024-01-06,9,193,0
2024-01-06,10,299,0
2024-01-06,11,341,0
2024-01-06,12,630,0
2024-01-06,13,195,0
2024-01-06,14,508,0
2024-01-06,15,600,0
2024-01-07,1,0,0
2024-01-07,2,270,0
2024-01-07,3,292,0
2024-01-07,4,118,0
2024-01-07,5,273,0
2024-01-07,6,583,0
2024-01-07,7,217,0
2024-01-07,8,686,0
2024-01-07,9,177,0
2024-01-07,10,298,0
2024-01-07,11,341,0
2024-01-07,12,626,0
2024-01-07,13,183,0
2024-01-07,14,503,0
2024-01-07,15,598,0
2024-01-08,1,0,0
2024-01-08,2,265,0
2024-01-08,3,279,0
2024-01-08,4,110,0
2024-01-08,5,271,0
2024-01-08,6,577,0
2024-01-08,7,215,0
2024-01-08,8,660,0
2024-01-08,9,169,0
2024-01-08,10,291,0
2024-01-08,11,333,0
2024-01-08,12,622,0
2024-01-08,13,180,0
2024-01-08,14,497,0
2024-01-08,15,587,0
2024-01-09,1,0,0
2024-01-09,2,256,0
2024-01-09,3,274,0
2024-01-09,4,102,0
2024-01-09,5,263,0
2024-01-09,6,575,0
2024-01-09,7,213,0
2024-01-09,8,657,0
2024-01-09,9,163,0
2024-01-09,10,289,0
2024-01-09,11,331,0
2024-01-09,12,616,0
2024-01-09,13,171,0
2024-01-09,14,487,0
2024-01-09,15,582,0
2024-01-10,1,0,0
2024-01-10,2,237,0
2024-01-10,3,255,0
2024-01-10,4,688,600
2024-01-10,5,263,0
2024-01-10,6,568,0
2024-01-10,7,209,0
2024-01-10,8,650,0
2024-01-10,9,159,0
2024-01-10,10,279,0
2024-01-10,11,323,0
2024-01-10,12,607,0
2024-01-10,13,166,0
2024-01-10,14,486,0
2024-01-10,15,581,0
2024-01-11,1,0,0
2024-01-11,2,231,0
2024-01-11,3,249,0
2024-01-11,4,684,0
2024-01-11,5,251,0
2024-01-11,6,566,0
2024-01-11,7,206,0
2024-01-11,8,650,0
2024-01-11,9,157,0
2024-01-11,10,278,0
2024-01-11,11,316,0
2024-01-11,12,603,0
2024-01-11,13,161,0
2024-01-11,14,485,0
2024-01-11,15,577,0
2024-01-12,1,0,0
2024-01-12,2,230,0
2024-01-12,3,237,0
2024-01-12,4,683,0
2024-01-12,5,247,0
2024-01-12,6,563,0
2024-01-12,7,202,0
2024-01-12,8,642,0
2024-01-12,9,157,0
2024-01-12,10,276,0
2024-01-12,11,311,0
2024-01-12,12,599,0
2024-01-12,13,153,0
2024-01-12,14,485,0
2024-01-12,15,572,0
2024-01-13,1,0,0
2024-01-13,2,223,0
2024-01-13,3,236,0
2024-01-13,4,675,0
2024-01-13,5,234,0
2024-01-13,6,552,0
2024-01-13,7,199,0
2024-01-13,8,638,0
2024-01-13,9,149,0
2024-01-13,10,274,0
2024-01-13,11,305,0
2024-01-13,12,592,0
2024-01-13,13,140,0
2024-01-13,14,482,0
2024-01-13,15,567,0
2024-01-14,1,0,0
2024-01-14,2,217,0
2024-01-14,3,231,0
2024-01-14,4,672,0
2024-01-14,5,234,0
2024-01-14,6,551,0
2024-01-14,7,197,0
2024-01-14,8,633,0
2024-01-14,9,149,0
2024-01-14,10,271,0
2024-01-14,11,299,0
2024-01-14,12,592,0
2024-01-14,13,137,0
2024-01-14,14,474,0
2024-01-14,15,566,0
2024-01-15,1,597,600
2024-01-15,2,210,0
2024-01-15,3,219,0
2024-01-15,4,670,0
2024-01-15,5,230,0
2024-01-15,6,549,0
2024-01-15,7,196,0
2024-01-15,8,632,0
2024-01-15,9,143,0
2024-01-15,10,260,0
2024-01-15,11,293,0
2024-01-15,12,586,0
2024-01-15,13,133,0
2024-01-15,14,468,0
2024-01-15,15,563,0
2024-01-16,1,590,0
2024-01-16,2,206,0
2024-01-16,3,219,0
2024-01-16,4,657,0
2024-01-16,5,225,0
2024-01-16,6,548,0
2024-01-16,7,194,0
2024-01-16,8,632,0
2024-01-16,9,140,0
2024-01-16,10,251,0
2024-01-16,11,283,0
2024-01-16,12,581,0
2024-01-16,13,130,0
2024-01-16,14,464,0
2024-01-16,15,559,0
2024-01-17,1,586,0
2024-01-17,2,198,0
2024-01-17,3,210,0
2024-01-17,4,656,0
2024-01-17,5,219,0
2024-01-17,6,547,0
2024-01-17,7,177,0
2024-01-17,8,620,0
2024-01-17,9,130,0
2024-01-17,10,251,0
2024-01-17,11,274,0
2024-01-17,12,581,0
2024-01-17,13,125,0
2024-01-17,14,457,0
2024-01-17,15,535,0
2024-01-18,1,570,0
2024-01-18,2,186,0
2024-01-18,3,208,0
2024-01-18,4,653,0
2024-01-18,5,206,0
2024-01-18,6,542,0
2024-01-18,7,177,0
2024-01-18,8,614,0
2024-01-18,9,129,0
2024-01-18,10,249,0
2024-01-18,11,268,0
2024-01-18,12,578,0
2024-01-18,13,121,0
2024-01-18,14,457,0
2024-01-18,15,529,0
2024-01-19,1,564,0
2024-01-19,2,167,0
2024-01-19,3,202,0
2024-01-19,4,640,0
2024-01-19,5,198,0
2024-01-19,6,531,0
2024-01-19,7,164,0
2024-01-19,8,609,0
2024-01-19,9,123,0
2024-01-19,10,247,0
2024-01-19,11,260,0
2024-01-19,12,572,0
2024-01-19,13,112,0
2024-01-19,14,453,0
2024-01-19,15,527,0
2024-01-20,1,562,0
2024-01-20,2,160,0
2024-01-20,3,200,0
2024-01-20,4,634,0
2024-01-20,5,187,0
2024-01-20,6,517,0
2024-01-20,7,161,0
2024-01-20,8,608,0
2024-01-20,9,118,0
2024-01-20,10,241,0
2024-01-20,11,260,0
2024-01-20,12,569,0
2024-01-20,13,106,0
2024-01-20,14,453,0
2024-01-20,15,524,0
2024-01-21,1,556,0
2024-01-21,2,153,0
2024-01-21,3,194,0
2024-01-21,4,631,0
2024-01-21,5,183,0
2024-01-21,6,503,0
2024-01-21,7,154,0
2024-01-21,8,606,0
2024-01-21,9,112,0
2024-01-21,10,241,0
2024-01-21,11,246,0
2024-01-21,12,569,0
2024-01-21,13,96,0
2024-01-21,14,441,0
2024-01-21,15,521,0
2024-01-22,1,545,0
2024-01-22,2,149,0
2024-01-22,3,192,0
2024-01-22,4,626,0
2024-01-22,5,178,0
2024-01-22,6,497,0
2024-01-22,7,151,0
2024-01-22,8,597,0
2024-01-22,9,108,0
2024-01-22,10,239,0
2024-01-22,11,238,0
2024-01-22,12,562,0
2024-01-22,13,90,0
2024-01-22,14,438,0
2024-01-22,15,484,0
2024-01-23,1,530,0
2024-01-23,2,134,0
2024-01-23,3,187,0
2024-01-23,4,618,0
2024-01-23,5,172,0
2024-01-23,6,495,0
2024-01-23,7,137,0
2024-01-23,8,589,0
2024-01-23,9,103,0
2024-01-23,10,228,0
2024-01-23,11,233,0
2024-01-23,12,556,0
2024-01-23,13,679,600
2024-01-23,14,431,0
2024-01-23,15,474,0
2024-01-24,1,529,0
2024-01-24,2,131,0
2024-01-24,3,175,0
2024-01-24,4,613,0
2024-01-24,5,172,0
2024-01-24,6,489,0
2024-01-24,7,125,0
2024-01-24,8,579,0
2024-01-24,9,102,0
2024-01-24,10,220,0
2024-01-24,11,227,0
2024-01-24,12,556,0
2024-01-24,13,665,0
2024-01-24,14,424,0
2024-01-24,15,469,0
2024-01-25,1,522,0
2024-01-25,2,119,0
2024-01-25,3,172,0
2024-01-25,4,604,0
2024-01-25,5,163,0
2024-01-25,6,489,0
2024-01-25,7,116,0
2024-01-25,8,566,0
2024-01-25,9,95,0
2024-01-25,10,218,0
2024-01-25,11,221,0
2024-01-25,12,552,0
2024-01-25,13,652,0
2024-01-25,14,419,0
2024-01-25,15,465,0
2024-01-26,1,516,0
2024-01-26,2,114,0
2024-01-26,3,162,0
2024-01-26,4,603,0
2024-01-26,5,153,0
2024-01-26,6,486,0
2024-01-26,7,108,0
2024-01-26,8,560,0
2024-01-26,9,88,0
2024-01-26,10,212,0
2024-01-26,11,220,0
2024-01-26,12,552,0
2024-01-26,13,649,0
2024-01-26,14,410,0
2024-01-26,15,464,0
2024-01-27,1,515,0
2024-01-27,2,113,0
2024-01-27,3,162,0
2024-01-27,4,599,0
2024-01-27,5,145,0
2024-01-27,6,481,0
2024-01-27,7,108,0
2024-01-27,8,559,0
2024-01-27,9,688,600
2024-01-27,10,212,0
2024-01-27,11,214,0
2024-01-27,12,552,0
2024-01-27,13,639,0
2024-01-27,14,402,0
2024-01-27,15,462,0
2024-01-28,1,511,0
2024-01-28,2,107,0
2024-01-28,3,160,0
2024-01-28,4,599,0
2024-01-28,5,144,0
2024-01-28,6,478,0
2024-01-28,7,102,0
2024-01-28,8,556,0
2024-01-28,9,684,0
2024-01-28,10,206,0
2024-01-28,11,205,0
2024-01-28,12,548,0
2024-01-28,13,636,0
2024-01-28,14,400,0
2024-01-28,15,455,0
2024-01-29,1,499,0
2024-01-29,2,101,0
2024-01-29,3,150,0
2024-01-29,4,597,0
2024-01-29,5,141,0
2024-01-29,6,474,0
2024-01-29,7,91,0
2024-01-29,8,549,0
2024-01-29,9,681,0
2024-01-29,10,199,0
2024-01-29,11,199,0
2024-01-29,12,543,0
2024-01-29,13,635,0
2024-01-29,14,392,0
2024-01-29,15,452,0
2024-01-30,1,485,0
2024-01-30,2,97,0
2024-01-30,3,144,0
2024-01-30,4,591,0
2024-01-30,5,140,0
2024-01-30,6,470,0
2024-01-30,7,89,0
2024-01-30,8,542,0
2024-01-30,9,679,0
2024-01-30,10,196,0
2024-01-30,11,199,0
2024-01-30,12,543,0
2024-01-30,13,629,0
2024-01-30,14,389,0
2024-01-30,15,442,0
2024-01-31,1,476,0
2024-01-31,2,88,0
2024-01-31,3,130,0
2024-01-31,4,584,0
2024-01-31,5,137,0
2024-01-31,6,466,0
2024-01-31,7,80,0
2024-01-31,8,541,0
2024-01-31,9,674,0
2024-01-31,10,194,0
2024-01-31,11,195,0
2024-01-31,12,538,0
2024-01-31,13,618,0
2024-01-31,14,385,0
2024-01-31,15,436,0
